run_id,architecture,seed,bank,condition_id,accuracy,macro_f1,mae,pearson,raw_mae,raw_pearson,worst_condition_mae,worst_condition_macro_f1,actual_missing_ratio,samples_with_new_masking,raw_sign_conflict_rate,mean_projection_magnitude,argmax_agreement_with_published,per_class_f1,confusion
smoke_B2_seed42,three_modality_masked_mean_concat_mlp,42,select,select:0:0.10:random:independent:0,0.40625,0.4056747849851298,1.0176463663917035,-0.008086875492618988,1.0378457189071923,0.14270222307230154,,,0.04436033070471958,31,0.5625,0.07936749647557735,1.0,"{""Negative"": 0.4827586206896552, ""Neutral"": 0.46153846153846156, ""Positive"": 0.2727272727272727}","[[7, 2, 3], [1, 3, 1], [9, 3, 3]]"
smoke_B2_seed42,three_modality_masked_mean_concat_mlp,42,select,select:0:0.10:random:independent:1,0.46875,0.45545314900153605,1.0190475507512688,0.04988312173722879,1.0416583565529436,0.16831508560657008,,,0.04436033070471958,31,0.53125,0.07280048139579594,1.0,"{""Negative"": 0.5806451612903226, ""Neutral"": 0.5, ""Positive"": 0.2857142857142857}","[[9, 1, 2], [1, 3, 1], [9, 3, 3]]"
smoke_B2_seed42,three_modality_masked_mean_concat_mlp,42,select,select:0:0.10:random:independent:2,0.40625,0.3433441558441559,1.0135398886103184,0.10144020979417206,1.0387802819022909,0.17965138204602546,,,0.04436033070471958,31,0.53125,0.0701921035071835,1.0,"{""Negative"": 0.5625, ""Neutral"": 0.18181818181818182, ""Positive"": 0.2857142857142857}","[[9, 1, 2], [3, 1, 1], [8, 4, 3]]"
smoke_B2_seed42,three_modality_masked_mean_concat_mlp,42,select,select:0:0.30:random:independent:0,0.375,0.3568627450980392,1.019197406554222,0.09543623449764548,1.0405808167997748,0.1027906164398188,,,0.10717100743425986,31,0.5,0.06606615905202926,1.0,"{""Negative"": 0.47058823529411764, ""Neutral"": 0.4, ""Positive"": 0.2}","[[8, 2, 2], [2, 2, 1], [12, 1, 2]]"
smoke_B2_seed42,three_modality_masked_mean_concat_mlp,42,select,select:0:0.30:random:independent:1,0.4375,0.42686202686202684,1.0066030946962536,0.11436077063481583,1.032849614857696,0.2248564888651818,,,0.10717100743425986,31,0.59375,0.08271158370207995,1.0,"{""Negative"": 0.5333333333333333, ""Neutral"": 0.46153846153846156, ""Positive"": 0.2857142857142857}","[[8, 2, 2], [1, 3, 1], [9, 3, 3]]"
smoke_B2_seed42,three_modality_masked_mean_concat_mlp,42,select,select:0:0.30:random:independent:2,0.40625,0.4232649071358749,1.0108257163930685,0.11936473910917136,1.0301600971724838,0.19570928715725083,,,0.10717100743425986,31,0.59375,0.06948416145667433,1.0,"{""Negative"": 0.45161290322580644, ""Neutral"": 0.5454545454545454, ""Positive"": 0.2727272727272727}","[[7, 2, 3], [1, 3, 1], [11, 1, 3]]"
smoke_B2_seed42,three_modality_masked_mean_concat_mlp,42,select,select:0:0.50:random:independent:0,0.4375,0.41904761904761906,1.0021608201257886,0.2963083915825609,1.0496857557445765,0.13061829032932146,,,0.175823338481251,31,0.59375,0.09605288830474018,1.0,"{""Negative"": 0.5714285714285714, ""Neutral"": 0.4, ""Positive"": 0.2857142857142857}","[[8, 2, 2], [1, 3, 1], [7, 5, 3]]"
smoke_B2_seed42,three_modality_masked_mean_concat_mlp,42,select,select:0:0.50:random:independent:1,0.375,0.3444444444444444,1.0098618925761431,0.14912034701947263,1.0402927830582485,0.13676508122284692,,,0.175823338481251,31,0.59375,0.08941772830989211,1.0,"{""Negative"": 0.5, ""Neutral"": 0.3333333333333333, ""Positive"": 0.2}","[[8, 2, 2], [2, 2, 1], [10, 3, 2]]"
smoke_B2_seed42,three_modality_masked_mean_concat_mlp,42,select,select:0:0.50:random:independent:2,0.40625,0.3696969696969697,1.0222534708552062,0.038898010679919326,1.0528576323995367,0.03145481069481072,,,0.175823338481251,31,0.5,0.07590920553263276,1.0,"{""Negative"": 0.5454545454545454, ""Neutral"": 0.36363636363636365, ""Positive"": 0.2}","[[9, 1, 2], [2, 2, 1], [10, 3, 2]]"
smoke_B2_seed42,three_modality_masked_mean_concat_mlp,42,select,select:1:0.10:random:independent:0,0.4375,0.42686202686202684,1.01143957156986,0.12856886921943378,1.0377193638123572,0.16409014020462323,,,0.04436033070471958,31,0.53125,0.06697787064015864,1.0,"{""Negative"": 0.5333333333333333, ""Neutral"": 0.46153846153846156, ""Positive"": 0.2857142857142857}","[[8, 2, 2], [1, 3, 1], [9, 3, 3]]"
smoke_B2_seed42,three_modality_masked_mean_concat_mlp,42,select,select:1:0.10:random:independent:1,0.40625,0.4004329004329004,1.0143308394525201,0.07391323037055406,1.0344451752025634,0.18784936563477087,,,0.04436033070471958,31,0.5625,0.07163743580579757,1.0,"{""Negative"": 0.5, ""Neutral"": 0.42857142857142855, ""Positive"": 0.2727272727272727}","[[7, 2, 3], [1, 3, 1], [8, 4, 3]]"
smoke_B2_seed42,three_modality_masked_mean_concat_mlp,42,select,select:1:0.10:random:independent:2,0.4375,0.42686202686202684,1.0131699525624513,0.08197905246945614,1.0348290742840618,0.18621436904289157,,,0.04436033070471958,31,0.625,0.07209695975147187,1.0,"{""Negative"": 0.5333333333333333, ""Neutral"": 0.46153846153846156, ""Positive"": 0.2857142857142857}","[[8, 2, 2], [1, 3, 1], [9, 3, 3]]"
smoke_B2_seed42,three_modality_masked_mean_concat_mlp,42,select,select:1:0.30:random:independent:0,0.46875,0.44285714285714284,1.0024434328079224,0.28366046081319146,1.0377804236486554,0.184668272699155,,,0.10717100743425986,31,0.53125,0.07839036690592766,1.0,"{""Negative"": 0.6, ""Neutral"": 0.42857142857142855, ""Positive"": 0.3}","[[9, 2, 1], [1, 3, 1], [8, 4, 3]]"
smoke_B2_seed42,three_modality_masked_mean_concat_mlp,42,select,select:1:0.30:random:independent:1,0.40625,0.4056747849851298,1.0157524260099977,0.03907818280129553,1.0355159868486226,0.15557638506316596,,,0.10717100743425986,31,0.5625,0.0720987363550812,1.0,"{""Negative"": 0.4827586206896552, ""Neutral"": 0.46153846153846156, ""Positive"": 0.2727272727272727}","[[7, 2, 3], [1, 3, 1], [9, 3, 3]]"
smoke_B2_seed42,three_modality_masked_mean_concat_mlp,42,select,select:1:0.30:random:independent:2,0.46875,0.44285714285714284,1.0120427114889026,0.10247038855330735,1.0386140109039843,0.14038186769685887,,,0.10717100743425986,31,0.53125,0.06824328242391348,1.0,"{""Negative"": 0.6, ""Neutral"": 0.42857142857142855, ""Positive"": 0.3}","[[9, 2, 1], [1, 3, 1], [8, 4, 3]]"
smoke_B2_seed42,three_modality_masked_mean_concat_mlp,42,select,select:1:0.50:random:independent:0,0.40625,0.38730158730158726,1.015545075187832,0.07390466303110937,1.0531274385284632,0.06913053185148564,,,0.175823338481251,31,0.59375,0.09182630635984242,1.0,"{""Negative"": 0.5333333333333333, ""Neutral"": 0.42857142857142855, ""Positive"": 0.2}","[[8, 2, 2], [1, 3, 1], [9, 4, 2]]"
smoke_B2_seed42,three_modality_masked_mean_concat_mlp,42,select,select:1:0.50:random:independent:1,0.4375,0.4238095238095238,1.009271175082028,0.18541899492998548,1.029426640830934,0.20752679512598807,,,0.175823338481251,31,0.625,0.08066049915626644,1.0,"{""Negative"": 0.5714285714285714, ""Neutral"": 0.5, ""Positive"": 0.2}","[[8, 2, 2], [0, 4, 1], [8, 5, 2]]"
smoke_B2_seed42,three_modality_masked_mean_concat_mlp,42,select,select:1:0.50:random:independent:2,0.4375,0.42686202686202684,1.0158906455088408,0.03919189634628183,1.0445964594837278,0.1469714189897815,,,0.175823338481251,31,0.53125,0.08260913285315036,1.0,"{""Negative"": 0.5333333333333333, ""Neutral"": 0.46153846153846156, ""Positive"": 0.2857142857142857}","[[8, 2, 2], [1, 3, 1], [9, 3, 3]]"
smoke_B2_seed42,three_modality_masked_mean_concat_mlp,42,select,select:2:0.10:random:independent:0,0.4375,0.42686202686202684,1.0150638091780246,0.06003928442197758,1.0378012245055288,0.16738698571052033,,,0.04436033070471958,31,0.59375,0.07244655175618828,1.0,"{""Negative"": 0.5333333333333333, ""Neutral"": 0.46153846153846156, ""Positive"": 0.2857142857142857}","[[8, 2, 2], [1, 3, 1], [9, 3, 3]]"
smoke_B2_seed42,three_modality_masked_mean_concat_mlp,42,select,select:2:0.10:random:independent:1,0.4375,0.42686202686202684,1.0134893359024078,0.07980954606457703,1.0359332673251629,0.17944529504682966,,,0.04436033070471958,31,0.625,0.07270439441166818,1.0,"{""Negative"": 0.5333333333333333, ""Neutral"": 0.46153846153846156, ""Positive"": 0.2857142857142857}","[[8, 2, 2], [1, 3, 1], [9, 3, 3]]"
smoke_B2_seed42,three_modality_masked_mean_concat_mlp,42,select,select:2:0.10:random:independent:2,0.4375,0.42686202686202684,1.013968009914458,0.07144708100716553,1.0371282899286598,0.17330954089882483,,,0.04436033070471958,31,0.59375,0.07215620402731002,1.0,"{""Negative"": 0.5333333333333333, ""Neutral"": 0.46153846153846156, ""Positive"": 0.2857142857142857}","[[8, 2, 2], [1, 3, 1], [9, 3, 3]]"
smoke_B2_seed42,three_modality_masked_mean_concat_mlp,42,select,select:2:0.30:random:independent:0,0.40625,0.4056747849851298,1.0134987483669073,0.08589880818302262,1.0369931494351476,0.1823768476985826,,,0.10341794370876965,31,0.53125,0.07170518812611698,1.0,"{""Negative"": 0.4827586206896552, ""Neutral"": 0.46153846153846156, ""Positive"": 0.2727272727272727}","[[7, 2, 3], [1, 3, 1], [9, 3, 3]]"
smoke_B2_seed42,three_modality_masked_mean_concat_mlp,42,select,select:2:0.30:random:independent:1,0.40625,0.3925558312655087,1.0170690660703927,0.059811705804322046,1.0368105415254831,0.16768762003195806,,,0.10655826233622065,31,0.625,0.07633268653266131,1.0,"{""Negative"": 0.5161290322580645, ""Neutral"": 0.46153846153846156, ""Positive"": 0.2}","[[8, 2, 2], [1, 3, 1], [10, 3, 2]]"
smoke_B2_seed42,three_modality_masked_mean_concat_mlp,42,select,select:2:0.30:random:independent:2,0.375,0.3728937728937729,1.0195880092956124,0.037154167608930276,1.0369632178917527,0.1766237708504494,,,0.10655826233622065,31,0.59375,0.07568724721223116,1.0,"{""Negative"": 0.4666666666666667, ""Neutral"": 0.46153846153846156, ""Positive"": 0.19047619047619047}","[[7, 2, 3], [1, 3, 1], [10, 3, 2]]"
smoke_B2_seed42,three_modality_masked_mean_concat_mlp,42,select,select:2:0.50:random:independent:0,0.375,0.3672687465790914,1.010688839554414,0.1993276579695099,1.0351123185828328,0.19594549958768281,,,0.17189155743549936,31,0.625,0.07953752682097256,1.0,"{""Negative"": 0.4827586206896552, ""Neutral"": 0.42857142857142855, ""Positive"": 0.19047619047619047}","[[7, 2, 3], [1, 3, 1], [9, 4, 2]]"
smoke_B2_seed42,three_modality_masked_mean_concat_mlp,42,select,select:2:0.50:random:independent:1,0.4375,0.4220032840722496,1.007127181806788,0.18597480549614268,1.0328052265103906,0.18753049974237285,,,0.1706660672394209,31,0.625,0.07657599623799324,1.0,"{""Negative"": 0.5517241379310345, ""Neutral"": 0.42857142857142855, ""Positive"": 0.2857142857142857}","[[8, 2, 2], [1, 3, 1], [8, 4, 3]]"
smoke_B2_seed42,three_modality_masked_mean_concat_mlp,42,select,select:2:0.50:random:independent:2,0.40625,0.4004329004329004,1.0077775920085608,0.18251968530264837,1.0350363745819777,0.18190642324308154,,,0.175823338481251,31,0.625,0.07518878311403096,1.0,"{""Negative"": 0.5, ""Neutral"": 0.42857142857142855, ""Positive"": 0.2727272727272727}","[[7, 2, 3], [1, 3, 1], [8, 4, 3]]"
smoke_B2_seed42,three_modality_masked_mean_concat_mlp,42,select,select:01:0.10:random:independent:0,0.40625,0.38730158730158726,1.0133209171578288,0.16054680712466876,1.0404390189796686,0.17392867071405269,,,0.08095922350094244,31,0.65625,0.09123541537523269,1.0,"{""Negative"": 0.5333333333333333, ""Neutral"": 0.42857142857142855, ""Positive"": 0.2}","[[8, 2, 2], [1, 3, 1], [9, 4, 2]]"
smoke_B2_seed42,three_modality_masked_mean_concat_mlp,42,select,select:01:0.10:random:independent:1,0.40625,0.4004329004329004,1.0018964361146092,0.2760106358697262,1.0337110627442598,0.20939011912129488,,,0.08095922350094244,31,0.65625,0.07978624088540673,1.0,"{""Negative"": 0.5, ""Neutral"": 0.42857142857142855, ""Positive"": 0.2727272727272727}","[[7, 2, 3], [1, 3, 1], [8, 4, 3]]"
smoke_B2_seed42,three_modality_masked_mean_concat_mlp,42,select,select:01:0.10:random:independent:2,0.40625,0.41313131313131307,1.023568328597024,0.0408931486222886,1.0413040113635361,0.18505407701820437,,,0.08095922350094244,31,0.53125,0.06888338707573712,1.0,"{""Negative"": 0.4666666666666667, ""Neutral"": 0.5, ""Positive"": 0.2727272727272727}","[[7, 2, 3], [1, 3, 1], [10, 2, 3]]"
smoke_B2_seed42,three_modality_masked_mean_concat_mlp,42,select,select:01:0.30:random:independent:0,0.375,0.35281385281385286,1.0081393032610415,0.16586700607100552,1.0449674552073702,0.16513130260251346,,,0.20658057696002297,31,0.625,0.09424404287729413,1.0,"{""Negative"": 0.5, ""Neutral"": 0.2857142857142857, ""Positive"": 0.2727272727272727}","[[7, 2, 3], [2, 2, 1], [7, 5, 3]]"
smoke_B2_seed42,three_modality_masked_mean_concat_mlp,42,select,select:01:0.30:random:independent:1,0.4375,0.3833067517278044,1.0204644405748695,0.06596143595223034,1.0566334095783532,0.08886389620735759,,,0.20658057696002297,31,0.53125,0.07705237733386457,1.0,"{""Negative"": 0.6060606060606061, ""Neutral"": 0.3333333333333333, ""Positive"": 0.21052631578947367}","[[10, 1, 1], [2, 2, 1], [9, 4, 2]]"
smoke_B2_seed42,three_modality_masked_mean_concat_mlp,42,select,select:01:0.30:random:independent:2,0.46875,0.42808634489449426,0.9965665176913142,0.448778071110658,1.0463070480618626,0.14428616396505625,,,0.20658057696002297,31,0.625,0.09531733638159931,1.0,"{""Negative"": 0.6451612903225806, ""Neutral"": 0.42857142857142855, ""Positive"": 0.21052631578947367}","[[10, 1, 1], [1, 3, 1], [8, 5, 2]]"
smoke_B2_seed42,three_modality_masked_mean_concat_mlp,42,select,select:01:0.50:random:independent:0,0.4375,0.42686202686202684,1.0009807451438157,0.3168588195220218,1.040409384877421,0.18329139069918704,,,0.3438852390540053,31,0.59375,0.0970073919745162,1.0,"{""Negative"": 0.5333333333333333, ""Neutral"": 0.46153846153846156, ""Positive"": 0.2857142857142857}","[[8, 2, 2], [1, 3, 1], [9, 3, 3]]"
smoke_B2_seed42,three_modality_masked_mean_concat_mlp,42,select,select:01:0.50:random:independent:1,0.3125,0.3162117452440033,1.0284876228332518,-0.11419417411999885,1.0446915454231203,0.07140839572429401,,,0.3438852390540053,31,0.59375,0.0983449694469571,1.0,"{""Negative"": 0.3870967741935484, ""Neutral"": 0.46153846153846156, ""Positive"": 0.1}","[[6, 3, 3], [1, 3, 1], [12, 2, 1]]"
smoke_B2_seed42,three_modality_masked_mean_concat_mlp,42,select,select:01:0.50:random:independent:2,0.4375,0.43492063492063493,1.0057562299877405,0.1300461333777589,1.0536611857824028,0.07714145896705489,,,0.3438852390540053,31,0.65625,0.11094352120384574,1.0,"{""Negative"": 0.5333333333333333, ""Neutral"": 0.5714285714285714, ""Positive"": 0.2}","[[8, 2, 2], [0, 4, 1], [10, 3, 2]]"
smoke_B2_seed42,three_modality_masked_mean_concat_mlp,42,select,select:02:0.10:random:independent:0,0.4375,0.43394777265745005,1.0182426603913308,0.06921814064116608,1.0387522759847343,0.16972146647878403,,,0.08095922350094244,31,0.5625,0.07267911208346486,1.0,"{""Negative"": 0.5161290322580645, ""Neutral"": 0.5, ""Positive"": 0.2857142857142857}","[[8, 2, 2], [1, 3, 1], [10, 2, 3]]"
smoke_B2_seed42,three_modality_masked_mean_concat_mlp,42,select,select:02:0.10:random:independent:1,0.40625,0.3755799755799756,1.005274739709124,0.24788470958681388,1.0368902131449431,0.20943522418036448,,,0.08095922350094244,31,0.5625,0.08027084444835782,1.0,"{""Negative"": 0.5333333333333333, ""Neutral"": 0.3076923076923077, ""Positive"": 0.2857142857142857}","[[8, 2, 2], [2, 2, 1], [8, 4, 3]]"
smoke_B2_seed42,three_modality_masked_mean_concat_mlp,42,select,select:02:0.10:random:independent:2,0.40625,0.41313131313131307,1.020337583274953,-0.0005946365689952098,1.0420774571830407,0.12797096113636705,,,0.08095922350094244,31,0.5,0.0729932297784835,1.0,"{""Negative"": 0.4666666666666667, ""Neutral"": 0.5, ""Positive"": 0.2727272727272727}","[[7, 2, 3], [1, 3, 1], [10, 2, 3]]"
smoke_B2_seed42,three_modality_masked_mean_concat_mlp,42,select,select:02:0.30:random:independent:0,0.40625,0.41488779419813904,1.008937082793191,0.10495555502060538,1.0231023118831217,0.16848850947579871,,,0.2041295965678661,31,0.625,0.08239358349256218,1.0,"{""Negative"": 0.4827586206896552, ""Neutral"": 0.5714285714285714, ""Positive"": 0.19047619047619047}","[[7, 2, 3], [0, 4, 1], [10, 3, 2]]"
smoke_B2_seed42,three_modality_masked_mean_concat_mlp,42,select,select:02:0.30:random:independent:1,0.40625,0.4056747849851298,1.026379557972029,-0.007212252962810285,1.0516772787086666,0.07921850725728039,,,0.20535508676394454,31,0.59375,0.0857761577937752,1.0,"{""Negative"": 0.4827586206896552, ""Neutral"": 0.46153846153846156, ""Positive"": 0.2727272727272727}","[[7, 2, 3], [1, 3, 1], [9, 3, 3]]"
smoke_B2_seed42,three_modality_masked_mean_concat_mlp,42,select,select:02:0.30:random:independent:2,0.46875,0.46565656565656566,1.001481786962971,0.22652674533195763,1.0403524190187454,0.16873338123949996,,,0.20535508676394454,31,0.59375,0.0749863624278456,1.0,"{""Negative"": 0.5333333333333333, ""Neutral"": 0.5, ""Positive"": 0.36363636363636365}","[[8, 2, 2], [1, 3, 1], [9, 2, 4]]"
smoke_B2_seed42,three_modality_masked_mean_concat_mlp,42,select,select:02:0.50:random:independent:0,0.40625,0.3951159951159951,1.0172452175863087,0.04154396357251374,1.045387306716293,0.11758057952921452,,,0.340489609969038,31,0.5625,0.09277571940980851,1.0,"{""Negative"": 0.5333333333333333, ""Neutral"": 0.46153846153846156, ""Positive"": 0.19047619047619047}","[[8, 1, 3], [1, 3, 1], [9, 4, 2]]"
smoke_B2_seed42,three_modality_masked_mean_concat_mlp,42,select,select:02:0.50:random:independent:1,0.375,0.3444444444444444,0.9962472258750349,0.3425409305495821,1.0250607848865911,0.2502305045801606,,,0.3424044384004105,31,0.625,0.09063619248252361,1.0,"{""Negative"": 0.5, ""Neutral"": 0.3333333333333333, ""Positive"": 0.2}","[[8, 2, 2], [2, 2, 1], [10, 3, 2]]"
smoke_B2_seed42,three_modality_masked_mean_concat_mlp,42,select,select:02:0.50:random:independent:2,0.40625,0.35896192093136065,0.9949491935126483,0.3530670749340167,1.0267434294801205,0.1959895001919188,,,0.34100023088407067,31,0.625,0.09235417901091278,1.0,"{""Negative"": 0.5806451612903226, ""Neutral"": 0.2857142857142857, ""Positive"": 0.21052631578947367}","[[9, 2, 1], [2, 2, 1], [8, 5, 2]]"
smoke_B2_seed42,three_modality_masked_mean_concat_mlp,42,select,select:12:0.10:random:independent:0,0.46875,0.4473945409429281,1.0084670669801534,0.16510656814192862,1.0364145941566676,0.1815705050363342,,,0.08052519572316466,31,0.59375,0.06786806846521795,1.0,"{""Negative"": 0.5806451612903226, ""Neutral"": 0.46153846153846156, ""Positive"": 0.3}","[[9, 2, 1], [1, 3, 1], [9, 3, 3]]"
smoke_B2_seed42,three_modality_masked_mean_concat_mlp,42,select,select:12:0.10:random:independent:1,0.46875,0.4473945409429281,1.010322900309041,0.1341569066619619,1.0384499385254458,0.16459339052740843,,,0.08095922350094244,31,0.53125,0.06919268273171036,1.0,"{""Negative"": 0.5806451612903226, ""Neutral"": 0.46153846153846156, ""Positive"": 0.3}","[[9, 2, 1], [1, 3, 1], [9, 3, 3]]"
smoke_B2_seed42,three_modality_masked_mean_concat_mlp,42,select,select:12:0.10:random:independent:2,0.4375,0.42686202686202684,1.0135905052408576,0.08174155794994999,1.033629113342613,0.18985307239778082,,,0.08052519572316466,31,0.5625,0.0705840787217021,1.0,"{""Negative"": 0.5333333333333333, ""Neutral"": 0.46153846153846156, ""Positive"": 0.2857142857142857}","[[8, 2, 2], [1, 3, 1], [9, 3, 3]]"
smoke_B2_seed42,three_modality_masked_mean_concat_mlp,42,select,select:12:0.30:random:independent:0,0.40625,0.39999999999999997,1.015993558928743,0.11036304758567124,1.0450894702225924,0.13287147146217596,,,0.20152542990119945,31,0.53125,0.06931738479249179,1.0,"{""Negative"": 0.5, ""Neutral"": 0.5, ""Positive"": 0.2}","[[8, 2, 2], [1, 3, 1], [11, 2, 2]]"
smoke_B2_seed42,three_modality_masked_mean_concat_mlp,42,select,select:12:0.30:random:independent:1,0.40625,0.3783922171018945,1.0156504669100046,0.09510046966054919,1.033838344621472,0.1986235560957079,,,0.20152542990119945,31,0.59375,0.07509037660751491,1.0,"{""Negative"": 0.5161290322580645, ""Neutral"": 0.3333333333333333, ""Positive"": 0.2857142857142857}","[[8, 2, 2], [2, 2, 1], [9, 3, 3]]"
smoke_B2_seed42,three_modality_masked_mean_concat_mlp,42,select,select:12:0.30:random:independent:2,0.40625,0.41313131313131307,1.015811871811375,0.04522888106697667,1.0387363946065307,0.15628467350426353,,,0.20361897565283343,31,0.5625,0.07643859100081027,1.0,"{""Negative"": 0.4666666666666667, ""Neutral"": 0.5, ""Positive"": 0.2727272727272727}","[[7, 2, 3], [1, 3, 1], [10, 2, 3]]"
smoke_B2_seed42,three_modality_masked_mean_concat_mlp,42,select,select:12:0.50:random:independent:0,0.5,0.5102483723173378,1.0144192157313228,-0.030210349747974007,1.0373098449781537,0.13210920540607848,,,0.3438852390540053,31,0.5625,0.07370888109505176,1.0,"{""Negative"": 0.5517241379310345, ""Neutral"": 0.6153846153846154, ""Positive"": 0.36363636363636365}","[[8, 2, 2], [0, 4, 1], [9, 2, 4]]"
smoke_B2_seed42,three_modality_masked_mean_concat_mlp,42,select,select:12:0.50:random:independent:1,0.46875,0.4594356261022927,1.0153338995296508,0.006038660466339469,1.0481205994728953,0.08176141633684322,,,0.34082151356380924,31,0.59375,0.08359309895485639,1.0,"{""Negative"": 0.5925925925925926, ""Neutral"": 0.5, ""Positive"": 0.2857142857142857}","[[8, 2, 2], [0, 4, 1], [7, 5, 3]]"
smoke_B2_seed42,three_modality_masked_mean_concat_mlp,42,select,select:12:0.50:random:independent:2,0.4375,0.41038961038961036,1.0083112648095935,0.2195520266606674,1.0340104857459664,0.15541457375392562,,,0.34143425866184846,31,0.46875,0.07425679888762533,1.0,"{""Negative"": 0.5454545454545454, ""Neutral"": 0.4, ""Positive"": 0.2857142857142857}","[[9, 1, 2], [2, 2, 1], [10, 2, 3]]"
smoke_B2_seed42,three_modality_masked_mean_concat_mlp,42,select,select:012:0.10:random:independent:0,0.4375,0.42686202686202684,1.0070951761022209,0.18889961474561157,1.0318211417179555,0.18546773769056885,,,0.11755811629716528,31,0.59375,0.0686538816664368,1.0,"{""Negative"": 0.5333333333333333, ""Neutral"": 0.46153846153846156, ""Positive"": 0.2857142857142857}","[[8, 2, 2], [1, 3, 1], [9, 3, 3]]"
smoke_B2_seed42,three_modality_masked_mean_concat_mlp,42,select,select:012:0.10:random:independent:1,0.4375,0.40395021645021645,1.0072045739613473,0.23850507908610583,1.037002286175266,0.20955354298013898,,,0.11694537119912607,31,0.5,0.07325609743781387,1.0,"{""Negative"": 0.5625, ""Neutral"": 0.36363636363636365, ""Positive"": 0.2857142857142857}","[[9, 1, 2], [2, 2, 1], [9, 3, 3]]"
smoke_B2_seed42,three_modality_masked_mean_concat_mlp,42,select,select:012:0.10:random:independent:2,0.40625,0.3783922171018945,1.0027927284933627,0.24571096323933606,1.0347558504436165,0.2050374948864419,,,0.11712408851938752,31,0.59375,0.0872012335512787,1.0,"{""Negative"": 0.5161290322580645, ""Neutral"": 0.3333333333333333, ""Positive"": 0.2857142857142857}","[[8, 2, 2], [2, 2, 1], [9, 3, 3]]"
smoke_B2_seed42,three_modality_masked_mean_concat_mlp,42,select,select:012:0.30:random:independent:0,0.375,0.36133156966490293,1.0072936709251255,0.17326672550791195,1.0480603848118335,0.07880713943476175,,,0.3033859798191194,31,0.71875,0.08720931300744414,1.0,"{""Negative"": 0.5185185185185185, ""Neutral"": 0.375, ""Positive"": 0.19047619047619047}","[[7, 2, 3], [1, 3, 1], [7, 6, 2]]"
smoke_B2_seed42,three_modality_masked_mean_concat_mlp,42,select,select:012:0.30:random:independent:1,0.40625,0.38730158730158726,1.023239781614393,-0.0007726897747650914,1.0479447345715016,0.10172118788282554,,,0.3035391660936292,31,0.59375,0.0857418069448322,1.0,"{""Negative"": 0.5333333333333333, ""Neutral"": 0.42857142857142855, ""Positive"": 0.2}","[[8, 2, 2], [1, 3, 1], [9, 4, 2]]"
smoke_B2_seed42,three_modality_masked_mean_concat_mlp,42,select,select:012:0.30:random:independent:2,0.40625,0.3839080459770115,1.0058458336967975,0.30944602171164576,1.029919049469754,0.25172433828386176,,,0.3041519111916684,31,0.6875,0.09991897974945604,1.0,"{""Negative"": 0.5517241379310345, ""Neutral"": 0.4, ""Positive"": 0.2}","[[8, 2, 2], [1, 3, 1], [8, 5, 2]]"
smoke_B2_seed42,three_modality_masked_mean_concat_mlp,42,select,select:012:0.50:random:independent:0,0.4375,0.4220032840722496,1.0075107315894216,0.19419022489732987,1.039132886333391,0.13575059474853154,,,0.507938765443753,31,0.71875,0.10361861875727772,1.0,"{""Negative"": 0.5517241379310345, ""Neutral"": 0.42857142857142855, ""Positive"": 0.2857142857142857}","[[8, 2, 2], [1, 3, 1], [8, 4, 3]]"
smoke_B2_seed42,three_modality_masked_mean_concat_mlp,42,select,select:012:0.50:random:independent:1,0.46875,0.4490842490842491,1.0102791900280863,0.12517725704723542,1.0465709161944687,0.09202171026690466,,,0.5060239370123805,31,0.625,0.09824835655130446,1.0,"{""Negative"": 0.6, ""Neutral"": 0.46153846153846156, ""Positive"": 0.2857142857142857}","[[9, 1, 2], [1, 3, 1], [8, 4, 3]]"
smoke_B2_seed42,three_modality_masked_mean_concat_mlp,42,select,select:012:0.50:random:independent:2,0.46875,0.4602643733078515,1.0147942029342056,0.04903225765958139,1.0554377195658162,0.09248027089702095,,,0.5101089043326419,31,0.59375,0.08904410921987146,1.0,"{""Negative"": 0.5714285714285714, ""Neutral"": 0.46153846153846156, ""Positive"": 0.34782608695652173}","[[8, 2, 2], [0, 3, 2], [8, 3, 4]]"
smoke_B2_seed42,three_modality_masked_mean_concat_mlp,42,clean,clean:clean,0.4375,0.42686202686202684,1.0142549343343825,0.06910753857653844,1.0369209363125265,0.1726036929718002,,,0.007761437908496732,0,0.59375,0.07234076096229256,1.0,"{""Negative"": 0.5333333333333333, ""Neutral"": 0.46153846153846156, ""Positive"": 0.2857142857142857}","[[8, 2, 2], [1, 3, 1], [9, 3, 3]]"
smoke_M1_seed42,bigru_binary_mask_gate_time_pool,42,select,select:0:0.10:random:independent:0,0.375,0.1818181818181818,1.0189564593708142,0.16977766144143108,1.0220594184938818,0.009991634939808279,,,0.04436033070471958,31,0.375,0.012759243783913554,1.0,"{""Negative"": 0.5454545454545454, ""Neutral"": 0.0, ""Positive"": 0.0}","[[12, 0, 0], [5, 0, 0], [15, 0, 0]]"
smoke_M1_seed42,bigru_binary_mask_gate_time_pool,42,select,select:0:0.10:random:independent:1,0.375,0.1818181818181818,1.0200854039497673,0.11230807381899167,1.02173529722495,-0.008893592580002378,,,0.04436033070471958,31,0.375,0.012478502822015436,1.0,"{""Negative"": 0.5454545454545454, ""Neutral"": 0.0, ""Positive"": 0.0}","[[12, 0, 0], [5, 0, 0], [15, 0, 0]]"
smoke_M1_seed42,bigru_binary_mask_gate_time_pool,42,select,select:0:0.10:random:independent:2,0.375,0.1818181818181818,1.017985093068704,0.1824021923694563,1.020652670180425,0.02853508069442607,,,0.04436033070471958,31,0.375,0.012656826822459697,1.0,"{""Negative"": 0.5454545454545454, ""Neutral"": 0.0, ""Positive"": 0.0}","[[12, 0, 0], [5, 0, 0], [15, 0, 0]]"
smoke_M1_seed42,bigru_binary_mask_gate_time_pool,42,select,select:0:0.30:random:independent:0,0.375,0.18604651162790697,1.019645173695311,0.1403727943043487,1.0235487657482736,-0.08550081114743824,,,0.10717100743425986,31,0.46875,0.01913779079196975,1.0,"{""Negative"": 0.5581395348837209, ""Neutral"": 0.0, ""Positive"": 0.0}","[[12, 0, 0], [5, 0, 0], [14, 1, 0]]"
smoke_M1_seed42,bigru_binary_mask_gate_time_pool,42,select,select:0:0.30:random:independent:1,0.375,0.18604651162790697,1.0226770694240928,0.1300587130858288,1.0258089846465737,-0.07026248260680323,,,0.10717100743425986,31,0.34375,0.01681906374357641,1.0,"{""Negative"": 0.5581395348837209, ""Neutral"": 0.0, ""Positive"": 0.0}","[[12, 0, 0], [5, 0, 0], [14, 1, 0]]"
smoke_M1_seed42,bigru_binary_mask_gate_time_pool,42,select,select:0:0.30:random:independent:2,0.375,0.18604651162790697,1.0232087509939447,0.051057032907196626,1.0279641080414876,-0.16796744795457122,,,0.10717100743425986,31,0.40625,0.017474131489545106,1.0,"{""Negative"": 0.5581395348837209, ""Neutral"": 0.0, ""Positive"": 0.0}","[[12, 0, 0], [5, 0, 0], [14, 1, 0]]"
smoke_M1_seed42,bigru_binary_mask_gate_time_pool,42,select,select:0:0.50:random:independent:0,0.375,0.18604651162790697,1.019629091394879,0.23188800935693799,1.0248623137013055,-0.07313164589722984,,,0.175823338481251,31,0.46875,0.025137717618886384,1.0,"{""Negative"": 0.5581395348837209, ""Neutral"": 0.0, ""Positive"": 0.0}","[[12, 0, 0], [5, 0, 0], [14, 1, 0]]"
smoke_M1_seed42,bigru_binary_mask_gate_time_pool,42,select,select:0:0.50:random:independent:1,0.375,0.18604651162790697,1.0216204827990383,0.10180791891154407,1.0288286700379103,-0.19260694280786766,,,0.175823338481251,31,0.40625,0.02242921043038368,1.0,"{""Negative"": 0.5581395348837209, ""Neutral"": 0.0, ""Positive"": 0.0}","[[12, 0, 0], [5, 0, 0], [14, 1, 0]]"
smoke_M1_seed42,bigru_binary_mask_gate_time_pool,42,select,select:0:0.50:random:independent:2,0.375,0.18604651162790697,1.0191703567028045,0.19384584449634162,1.0256732929847203,-0.13332456199197332,,,0.175823338481251,31,0.46875,0.019132261879090222,1.0,"{""Negative"": 0.5581395348837209, ""Neutral"": 0.0, ""Positive"": 0.0}","[[12, 0, 0], [5, 0, 0], [14, 1, 0]]"
smoke_M1_seed42,bigru_binary_mask_gate_time_pool,42,select,select:1:0.10:random:independent:0,0.375,0.1818181818181818,1.0224484578410165,0.09278868874874507,1.0235684770159423,0.039978528604312884,,,0.04436033070471958,31,0.34375,0.00848126108776778,1.0,"{""Negative"": 0.5454545454545454, ""Neutral"": 0.0, ""Positive"": 0.0}","[[12, 0, 0], [5, 0, 0], [15, 0, 0]]"
smoke_M1_seed42,bigru_binary_mask_gate_time_pool,42,select,select:1:0.10:random:independent:1,0.375,0.1818181818181818,1.0222733974223956,0.12457146466457984,1.0238090762868524,0.02783215289976393,,,0.04436033070471958,31,0.3125,0.009427138424478471,1.0,"{""Negative"": 0.5454545454545454, ""Neutral"": 0.0, ""Positive"": 0.0}","[[12, 0, 0], [5, 0, 0], [15, 0, 0]]"
smoke_M1_seed42,bigru_binary_mask_gate_time_pool,42,select,select:1:0.10:random:independent:2,0.375,0.1818181818181818,1.0230126407060771,0.05021844308542184,1.0249298645649105,-0.01465593871392476,,,0.04436033070471958,31,0.28125,0.009925631330162287,1.0,"{""Negative"": 0.5454545454545454, ""Neutral"": 0.0, ""Positive"": 0.0}","[[12, 0, 0], [5, 0, 0], [15, 0, 0]]"
smoke_M1_seed42,bigru_binary_mask_gate_time_pool,42,select,select:1:0.30:random:independent:0,0.375,0.1818181818181818,1.022099958626926,0.15298122318918228,1.0208619638578966,0.059725534880300746,,,0.10717100743425986,31,0.25,0.010264947005175055,1.0,"{""Negative"": 0.5454545454545454, ""Neutral"": 0.0, ""Positive"": 0.0}","[[12, 0, 0], [5, 0, 0], [15, 0, 0]]"
smoke_M1_seed42,bigru_binary_mask_gate_time_pool,42,select,select:1:0.30:random:independent:1,0.375,0.1818181818181818,1.021614893276058,0.11389330902105568,1.021780252107419,0.04725419178325929,,,0.10717100743425986,31,0.21875,0.006413762785866857,1.0,"{""Negative"": 0.5454545454545454, ""Neutral"": 0.0, ""Positive"": 0.0}","[[12, 0, 0], [5, 0, 0], [15, 0, 0]]"
smoke_M1_seed42,bigru_binary_mask_gate_time_pool,42,select,select:1:0.30:random:independent:2,0.375,0.1818181818181818,1.0234547655034811,0.059519454162351416,1.0244995395187289,-0.01961790163495174,,,0.10717100743425986,31,0.21875,0.006987765526771546,1.0,"{""Negative"": 0.5454545454545454, ""Neutral"": 0.0, ""Positive"": 0.0}","[[12, 0, 0], [5, 0, 0], [15, 0, 0]]"
smoke_M1_seed42,bigru_binary_mask_gate_time_pool,42,select,select:1:0.50:random:independent:0,0.375,0.18604651162790697,1.0217937423149124,0.13954878951233235,1.0223945751786232,-0.004446055355488911,,,0.175823338481251,31,0.21875,0.007303529916517436,1.0,"{""Negative"": 0.5581395348837209, ""Neutral"": 0.0, ""Positive"": 0.0}","[[12, 0, 0], [5, 0, 0], [14, 1, 0]]"
smoke_M1_seed42,bigru_binary_mask_gate_time_pool,42,select,select:1:0.50:random:independent:1,0.375,0.1818181818181818,1.0218347600894049,0.15480727266937874,1.021366574219428,0.10980151485348899,,,0.175823338481251,31,0.25,0.007751976415142417,1.0,"{""Negative"": 0.5454545454545454, ""Neutral"": 0.0, ""Positive"": 0.0}","[[12, 0, 0], [5, 0, 0], [15, 0, 0]]"
smoke_M1_seed42,bigru_binary_mask_gate_time_pool,42,select,select:1:0.50:random:independent:2,0.375,0.18604651162790697,1.0230343824315815,0.06684152179130222,1.0242234074976295,-0.04010642838176473,,,0.175823338481251,31,0.25,0.007450682904943825,1.0,"{""Negative"": 0.5581395348837209, ""Neutral"": 0.0, ""Positive"": 0.0}","[[12, 0, 0], [5, 0, 0], [14, 1, 0]]"
smoke_M1_seed42,bigru_binary_mask_gate_time_pool,42,select,select:2:0.10:random:independent:0,0.375,0.1818181818181818,1.0228362896649168,0.056214827838987604,1.0239475878188387,0.012071212151307924,,,0.04436033070471958,31,0.34375,0.009070132975652814,1.0,"{""Negative"": 0.5454545454545454, ""Neutral"": 0.0, ""Positive"": 0.0}","[[12, 0, 0], [5, 0, 0], [15, 0, 0]]"
smoke_M1_seed42,bigru_binary_mask_gate_time_pool,42,select,select:2:0.10:random:independent:1,0.375,0.1818181818181818,1.0212517104916274,0.1337520071185115,1.0219544717110693,0.07040316793849001,,,0.04436033070471958,31,0.3125,0.008490543283522129,1.0,"{""Negative"": 0.5454545454545454, ""Neutral"": 0.0, ""Positive"": 0.0}","[[12, 0, 0], [5, 0, 0], [15, 0, 0]]"
smoke_M1_seed42,bigru_binary_mask_gate_time_pool,42,select,select:2:0.10:random:independent:2,0.375,0.1818181818181818,1.0212243484143166,0.10379242004408769,1.0224963376531377,0.04553156089532221,,,0.04436033070471958,31,0.28125,0.009634934471733868,1.0,"{""Negative"": 0.5454545454545454, ""Neutral"": 0.0, ""Positive"": 0.0}","[[12, 0, 0], [5, 0, 0], [15, 0, 0]]"
smoke_M1_seed42,bigru_binary_mask_gate_time_pool,42,select,select:2:0.30:random:independent:0,0.375,0.1818181818181818,1.023341131481342,0.03850247130995273,1.0226118683349341,0.050600814558969955,,,0.10341794370876965,31,0.28125,0.009570905579067767,1.0,"{""Negative"": 0.5454545454545454, ""Neutral"": 0.0, ""Positive"": 0.0}","[[12, 0, 0], [5, 0, 0], [15, 0, 0]]"
smoke_M1_seed42,bigru_binary_mask_gate_time_pool,42,select,select:2:0.30:random:independent:1,0.375,0.1818181818181818,1.0226138998564331,0.032907783174393,1.021956233191304,0.051677020783335345,,,0.10655826233622065,31,0.34375,0.00958151696268469,1.0,"{""Negative"": 0.5454545454545454, ""Neutral"": 0.0, ""Positive"": 0.0}","[[12, 0, 0], [5, 0, 0], [15, 0, 0]]"
smoke_M1_seed42,bigru_binary_mask_gate_time_pool,42,select,select:2:0.30:random:independent:2,0.375,0.1818181818181818,1.022400418190658,0.0693083881046462,1.0233349789632484,0.0410654287969327,,,0.10655826233622065,31,0.25,0.008001564927957953,1.0,"{""Negative"": 0.5454545454545454, ""Neutral"": 0.0, ""Positive"": 0.0}","[[12, 0, 0], [5, 0, 0], [15, 0, 0]]"
smoke_M1_seed42,bigru_binary_mask_gate_time_pool,42,select,select:2:0.50:random:independent:0,0.375,0.1818181818181818,1.0215963674392552,0.07249940677526329,1.020804536063224,0.08899600014315241,,,0.17189155743549936,31,0.28125,0.008959589515626431,1.0,"{""Negative"": 0.5454545454545454, ""Neutral"": 0.0, ""Positive"": 0.0}","[[12, 0, 0], [5, 0, 0], [15, 0, 0]]"
smoke_M1_seed42,bigru_binary_mask_gate_time_pool,42,select,select:2:0.50:random:independent:1,0.375,0.1818181818181818,1.0209964752748608,0.09690281824484527,1.0202488617505878,0.0986284896341492,,,0.1706660672394209,31,0.25,0.009496331024542452,1.0,"{""Negative"": 0.5454545454545454, ""Neutral"": 0.0, ""Positive"": 0.0}","[[12, 0, 0], [5, 0, 0], [15, 0, 0]]"
smoke_M1_seed42,bigru_binary_mask_gate_time_pool,42,select,select:2:0.50:random:independent:2,0.375,0.1818181818181818,1.0217727007959039,0.08747318295379333,1.022081672679633,0.0770307141441081,,,0.175823338481251,31,0.21875,0.008732776020094753,1.0,"{""Negative"": 0.5454545454545454, ""Neutral"": 0.0, ""Positive"": 0.0}","[[12, 0, 0], [5, 0, 0], [15, 0, 0]]"
smoke_M1_seed42,bigru_binary_mask_gate_time_pool,42,select,select:01:0.10:random:independent:0,0.375,0.1818181818181818,1.024173607933335,-0.04570153705855877,1.028075467213057,-0.10756441323397851,,,0.08095922350094244,31,0.3125,0.009228770092129707,1.0,"{""Negative"": 0.5454545454545454, ""Neutral"": 0.0, ""Positive"": 0.0}","[[12, 0, 0], [5, 0, 0], [15, 0, 0]]"
smoke_M1_seed42,bigru_binary_mask_gate_time_pool,42,select,select:01:0.10:random:independent:1,0.375,0.1818181818181818,1.0211441026873886,0.0578120368519577,1.0242963068885729,-0.03346328685540193,,,0.08095922350094244,31,0.3125,0.009269870870746672,1.0,"{""Negative"": 0.5454545454545454, ""Neutral"": 0.0, ""Positive"": 0.0}","[[12, 0, 0], [5, 0, 0], [15, 0, 0]]"
smoke_M1_seed42,bigru_binary_mask_gate_time_pool,42,select,select:01:0.10:random:independent:2,0.375,0.1818181818181818,1.0192988181000575,0.1005046967325717,1.021934382733889,-0.006586884249306057,,,0.08095922350094244,31,0.3125,0.013171827357262375,1.0,"{""Negative"": 0.5454545454545454, ""Neutral"": 0.0, ""Positive"": 0.0}","[[12, 0, 0], [5, 0, 0], [15, 0, 0]]"
smoke_M1_seed42,bigru_binary_mask_gate_time_pool,42,select,select:01:0.30:random:independent:0,0.375,0.18604651162790697,1.021389652689174,0.13589487002199196,1.023397539393045,-0.09514482874023505,,,0.20658057696002297,31,0.375,0.014803640078939497,1.0,"{""Negative"": 0.5581395348837209, ""Neutral"": 0.0, ""Positive"": 0.0}","[[12, 0, 0], [5, 0, 0], [14, 1, 0]]"
smoke_M1_seed42,bigru_binary_mask_gate_time_pool,42,select,select:01:0.30:random:independent:1,0.375,0.1818181818181818,1.0219873011281715,0.030314114787477073,1.026767727569677,-0.12061218524628055,,,0.20658057696002297,31,0.34375,0.012698234874010086,1.0,"{""Negative"": 0.5454545454545454, ""Neutral"": 0.0, ""Positive"": 0.0}","[[12, 0, 0], [5, 0, 0], [15, 0, 0]]"
smoke_M1_seed42,bigru_binary_mask_gate_time_pool,42,select,select:01:0.30:random:independent:2,0.375,0.18604651162790697,1.0212676250481978,0.1339083701615577,1.0240366043290123,-0.07562233978123142,,,0.20658057696002297,31,0.34375,0.015868300741538405,1.0,"{""Negative"": 0.5581395348837209, ""Neutral"": 0.0, ""Positive"": 0.0}","[[12, 0, 0], [5, 0, 0], [14, 1, 0]]"
smoke_M1_seed42,bigru_binary_mask_gate_time_pool,42,select,select:01:0.50:random:independent:0,0.375,0.18604651162790697,1.0196300587533043,0.11427924423315723,1.0271068282891065,-0.21089869017687493,,,0.3438852390540053,31,0.5625,0.02302183225695044,1.0,"{""Negative"": 0.5581395348837209, ""Neutral"": 0.0, ""Positive"": 0.0}","[[12, 0, 0], [5, 0, 0], [14, 1, 0]]"
smoke_M1_seed42,bigru_binary_mask_gate_time_pool,42,select,select:01:0.50:random:independent:1,0.375,0.18604651162790697,1.020267352493666,0.12715996868816065,1.0271838071057573,-0.10816722119318117,,,0.3438852390540053,31,0.53125,0.022371841679513456,1.0,"{""Negative"": 0.5581395348837209, ""Neutral"": 0.0, ""Positive"": 0.0}","[[12, 0, 0], [5, 0, 0], [14, 1, 0]]"
smoke_M1_seed42,bigru_binary_mask_gate_time_pool,42,select,select:01:0.50:random:independent:2,0.375,0.18604651162790697,1.0190029127566143,0.158341901274393,1.0209463543142192,-0.052760369572120706,,,0.3438852390540053,31,0.5625,0.023044294418673963,1.0,"{""Negative"": 0.5581395348837209, ""Neutral"": 0.0, ""Positive"": 0.0}","[[12, 0, 0], [5, 0, 0], [14, 1, 0]]"
smoke_M1_seed42,bigru_binary_mask_gate_time_pool,42,select,select:02:0.10:random:independent:0,0.375,0.1818181818181818,1.022349808492139,0.0013256397797463482,1.0239355948287994,-0.07708687449557514,,,0.08095922350094244,31,0.375,0.014049625320732593,1.0,"{""Negative"": 0.5454545454545454, ""Neutral"": 0.0, ""Positive"": 0.0}","[[12, 0, 0], [5, 0, 0], [15, 0, 0]]"
smoke_M1_seed42,bigru_binary_mask_gate_time_pool,42,select,select:02:0.10:random:independent:1,0.375,0.1818181818181818,1.0216210284270346,0.09187057189936522,1.023400665144436,-0.02923641737519997,,,0.08095922350094244,31,0.25,0.010451244814880193,1.0,"{""Negative"": 0.5454545454545454, ""Neutral"": 0.0, ""Positive"": 0.0}","[[12, 0, 0], [5, 0, 0], [15, 0, 0]]"
smoke_M1_seed42,bigru_binary_mask_gate_time_pool,42,select,select:02:0.10:random:independent:2,0.375,0.18604651162790697,1.0204217517325653,0.17550322293324283,1.0279901691246778,-0.05503430286401797,,,0.08095922350094244,31,0.4375,0.012306642147339881,1.0,"{""Negative"": 0.5581395348837209, ""Neutral"": 0.0, ""Positive"": 0.0}","[[12, 0, 0], [5, 0, 0], [14, 1, 0]]"
smoke_M1_seed42,bigru_binary_mask_gate_time_pool,42,select,select:02:0.30:random:independent:0,0.375,0.1818181818181818,1.0224570961648598,0.02137734172273066,1.0269076902768575,-0.09240208661881005,,,0.2041295965678661,31,0.4375,0.014843833299633116,1.0,"{""Negative"": 0.5454545454545454, ""Neutral"": 0.0, ""Positive"": 0.0}","[[12, 0, 0], [5, 0, 0], [15, 0, 0]]"
smoke_M1_seed42,bigru_binary_mask_gate_time_pool,42,select,select:02:0.30:random:independent:1,0.375,0.1818181818181818,1.0218219740888104,0.10465482918236059,1.0289899047929794,-0.08431295668123935,,,0.20535508676394454,31,0.375,0.012657436722330748,1.0,"{""Negative"": 0.5454545454545454, ""Neutral"": 0.0, ""Positive"": 0.0}","[[12, 0, 0], [5, 0, 0], [15, 0, 0]]"
smoke_M1_seed42,bigru_binary_mask_gate_time_pool,42,select,select:02:0.30:random:independent:2,0.375,0.1818181818181818,1.022525348002091,0.07883752206022271,1.027125691063702,-0.08074986177813633,,,0.20535508676394454,31,0.375,0.014369713206216694,1.0,"{""Negative"": 0.5454545454545454, ""Neutral"": 0.0, ""Positive"": 0.0}","[[12, 0, 0], [5, 0, 0], [15, 0, 0]]"
smoke_M1_seed42,bigru_binary_mask_gate_time_pool,42,select,select:02:0.50:random:independent:0,0.375,0.1818181818181818,1.022624505715631,-0.10296914445749733,1.023090539383702,-0.1270188487109036,,,0.340489609969038,31,0.4375,0.018763248068094256,1.0,"{""Negative"": 0.5454545454545454, ""Neutral"": 0.0, ""Positive"": 0.0}","[[12, 0, 0], [5, 0, 0], [15, 0, 0]]"
smoke_M1_seed42,bigru_binary_mask_gate_time_pool,42,select,select:02:0.50:random:independent:1,0.375,0.1818181818181818,1.0225699961567298,-0.08986563702443899,1.0253774003940634,-0.14846505022723616,,,0.3424044384004105,31,0.46875,0.019268056340981277,1.0,"{""Negative"": 0.5454545454545454, ""Neutral"": 0.0, ""Positive"": 0.0}","[[12, 0, 0], [5, 0, 0], [15, 0, 0]]"
smoke_M1_seed42,bigru_binary_mask_gate_time_pool,42,select,select:02:0.50:random:independent:2,0.375,0.1818181818181818,1.0214373532429337,0.08008720458529982,1.028822586638853,-0.14213204723362688,,,0.34100023088407067,31,0.4375,0.01634532744511962,1.0,"{""Negative"": 0.5454545454545454, ""Neutral"": 0.0, ""Positive"": 0.0}","[[12, 0, 0], [5, 0, 0], [15, 0, 0]]"
smoke_M1_seed42,bigru_binary_mask_gate_time_pool,42,select,select:12:0.10:random:independent:0,0.375,0.1818181818181818,1.0211861282693222,0.0864971406550013,1.0220680949278176,0.03940977235890805,,,0.08052519572316466,31,0.3125,0.00748597323615104,1.0,"{""Negative"": 0.5454545454545454, ""Neutral"": 0.0, ""Positive"": 0.0}","[[12, 0, 0], [5, 0, 0], [15, 0, 0]]"
smoke_M1_seed42,bigru_binary_mask_gate_time_pool,42,select,select:12:0.10:random:independent:1,0.375,0.1818181818181818,1.0222501602891834,0.12692993717065731,1.0231157408561558,0.03604059614642823,,,0.08095922350094244,31,0.28125,0.010124724347889424,1.0,"{""Negative"": 0.5454545454545454, ""Neutral"": 0.0, ""Positive"": 0.0}","[[12, 0, 0], [5, 0, 0], [15, 0, 0]]"
smoke_M1_seed42,bigru_binary_mask_gate_time_pool,42,select,select:12:0.10:random:independent:2,0.375,0.1818181818181818,1.0224027761194856,0.10328285552484738,1.023750735737849,0.040710124033801295,,,0.08052519572316466,31,0.28125,0.009266757570486516,1.0,"{""Negative"": 0.5454545454545454, ""Neutral"": 0.0, ""Positive"": 0.0}","[[12, 0, 0], [5, 0, 0], [15, 0, 0]]"
smoke_M1_seed42,bigru_binary_mask_gate_time_pool,42,select,select:12:0.30:random:independent:0,0.375,0.1818181818181818,1.0208259686637668,0.16061563956965694,1.020734978839755,0.11451826097845344,,,0.20152542990119945,31,0.21875,0.0048140621300786736,1.0,"{""Negative"": 0.5454545454545454, ""Neutral"": 0.0, ""Positive"": 0.0}","[[12, 0, 0], [5, 0, 0], [15, 0, 0]]"
smoke_M1_seed42,bigru_binary_mask_gate_time_pool,42,select,select:12:0.30:random:independent:1,0.375,0.1818181818181818,1.0199414906727151,0.13461660964968283,1.0176075604977086,0.09666547837056642,,,0.20152542990119945,31,0.21875,0.009513999430835248,1.0,"{""Negative"": 0.5454545454545454, ""Neutral"": 0.0, ""Positive"": 0.0}","[[12, 0, 0], [5, 0, 0], [15, 0, 0]]"
smoke_M1_seed42,bigru_binary_mask_gate_time_pool,42,select,select:12:0.30:random:independent:2,0.375,0.1818181818181818,1.0223792640026659,0.04940582841551861,1.0236212122254074,-0.018848854209810882,,,0.20361897565283343,31,0.1875,0.006202299528941512,1.0,"{""Negative"": 0.5454545454545454, ""Neutral"": 0.0, ""Positive"": 0.0}","[[12, 0, 0], [5, 0, 0], [15, 0, 0]]"
smoke_M1_seed42,bigru_binary_mask_gate_time_pool,42,select,select:12:0.50:random:independent:0,0.375,0.1818181818181818,1.0219687737673522,0.04070979571731187,1.0206571638118476,0.028079461068513493,,,0.3438852390540053,31,0.21875,0.005863697596266867,1.0,"{""Negative"": 0.5454545454545454, ""Neutral"": 0.0, ""Positive"": 0.0}","[[12, 0, 0], [5, 0, 0], [15, 0, 0]]"
smoke_M1_seed42,bigru_binary_mask_gate_time_pool,42,select,select:12:0.50:random:independent:1,0.375,0.1818181818181818,1.0208491406150162,0.07100519629725034,1.0179852144792676,0.07696620118610796,,,0.34082151356380924,31,0.1875,0.0066607877697795635,1.0,"{""Negative"": 0.5454545454545454, ""Neutral"": 0.0, ""Positive"": 0.0}","[[12, 0, 0], [5, 0, 0], [15, 0, 0]]"
smoke_M1_seed42,bigru_binary_mask_gate_time_pool,42,select,select:12:0.50:random:independent:2,0.375,0.1818181818181818,1.0217240139927715,0.09064768059854907,1.0187846195185557,0.11825329441871764,,,0.34143425866184846,31,0.1875,0.0065569447206333285,1.0,"{""Negative"": 0.5454545454545454, ""Neutral"": 0.0, ""Positive"": 0.0}","[[12, 0, 0], [5, 0, 0], [15, 0, 0]]"
smoke_M1_seed42,bigru_binary_mask_gate_time_pool,42,select,select:012:0.10:random:independent:0,0.375,0.18604651162790697,1.0187079338992016,0.21820906545393878,1.0237634411314502,0.06853197886253959,,,0.11755811629716528,31,0.375,0.010816335096210241,1.0,"{""Negative"": 0.5581395348837209, ""Neutral"": 0.0, ""Positive"": 0.0}","[[12, 0, 0], [5, 0, 0], [14, 1, 0]]"
smoke_M1_seed42,bigru_binary_mask_gate_time_pool,42,select,select:012:0.10:random:independent:1,0.375,0.18604651162790697,1.0157424107469617,0.21938857848107604,1.0189411952742375,0.03306933686618243,,,0.11694537119912607,31,0.4375,0.01144511946393177,1.0,"{""Negative"": 0.5581395348837209, ""Neutral"": 0.0, ""Positive"": 0.0}","[[12, 0, 0], [5, 0, 0], [14, 1, 0]]"
smoke_M1_seed42,bigru_binary_mask_gate_time_pool,42,select,select:012:0.10:random:independent:2,0.375,0.1818181818181818,1.018504260182008,0.19480954087223024,1.0190309535246342,0.09335045302564278,,,0.11712408851938752,31,0.40625,0.010789157600700856,1.0,"{""Negative"": 0.5454545454545454, ""Neutral"": 0.0, ""Positive"": 0.0}","[[12, 0, 0], [5, 0, 0], [15, 0, 0]]"
smoke_M1_seed42,bigru_binary_mask_gate_time_pool,42,select,select:012:0.30:random:independent:0,0.375,0.1818181818181818,1.0235650793183595,-0.013582059323795375,1.0257748402655125,-0.0969579006404922,,,0.3033859798191194,31,0.3125,0.013727748703211546,1.0,"{""Negative"": 0.5454545454545454, ""Neutral"": 0.0, ""Positive"": 0.0}","[[12, 0, 0], [5, 0, 0], [15, 0, 0]]"
smoke_M1_seed42,bigru_binary_mask_gate_time_pool,42,select,select:012:0.30:random:independent:1,0.375,0.1818181818181818,1.0285326023057104,-0.24960398963033895,1.0371575788594782,-0.30582022977744805,,,0.3035391660936292,31,0.46875,0.013803468223661184,1.0,"{""Negative"": 0.5454545454545454, ""Neutral"": 0.0, ""Positive"": 0.0}","[[12, 0, 0], [5, 0, 0], [15, 0, 0]]"
smoke_M1_seed42,bigru_binary_mask_gate_time_pool,42,select,select:012:0.30:random:independent:2,0.375,0.1818181818181818,1.0241284326290712,0.008512944193619138,1.025507858430501,-0.060177435840863866,,,0.3041519111916684,31,0.3125,0.00933457875577733,1.0,"{""Negative"": 0.5454545454545454, ""Neutral"": 0.0, ""Positive"": 0.0}","[[12, 0, 0], [5, 0, 0], [15, 0, 0]]"
smoke_M1_seed42,bigru_binary_mask_gate_time_pool,42,select,select:012:0.50:random:independent:0,0.375,0.1818181818181818,1.0261694982288405,-0.29910849519014515,1.0304492919240147,-0.2810312394957418,,,0.507938765443753,31,0.4375,0.017348944982327523,1.0,"{""Negative"": 0.5454545454545454, ""Neutral"": 0.0, ""Positive"": 0.0}","[[12, 0, 0], [5, 0, 0], [15, 0, 0]]"
smoke_M1_seed42,bigru_binary_mask_gate_time_pool,42,select,select:012:0.50:random:independent:1,0.375,0.1818181818181818,1.025540737562254,-0.12917928323123581,1.0304966067778878,-0.11225741550283479,,,0.5060239370123805,31,0.4375,0.01591469500428066,1.0,"{""Negative"": 0.5454545454545454, ""Neutral"": 0.0, ""Positive"": 0.0}","[[12, 0, 0], [5, 0, 0], [15, 0, 0]]"
smoke_M1_seed42,bigru_binary_mask_gate_time_pool,42,select,select:012:0.50:random:independent:2,0.375,0.1818181818181818,1.0286512195810675,-0.23680346445484837,1.0253363600349985,-0.10271179970814868,,,0.5101089043326419,31,0.5,0.01799562680879608,1.0,"{""Negative"": 0.5454545454545454, ""Neutral"": 0.0, ""Positive"": 0.0}","[[12, 0, 0], [5, 0, 0], [15, 0, 0]]"
smoke_M1_seed42,bigru_binary_mask_gate_time_pool,42,clean,clean:clean,0.375,0.1818181818181818,1.021753111917712,0.10195893287303599,1.0236273363698274,0.018408011620419853,,,0.007761437908496732,0,0.34375,0.010126854060404002,1.0,"{""Negative"": 0.5454545454545454, ""Neutral"": 0.0, ""Positive"": 0.0}","[[12, 0, 0], [5, 0, 0], [15, 0, 0]]"
p0_B0_seed42,training_prior,42,select,select:0:0.10:random:independent:0,0.4642857142857143,0.21138211382113822,0.780846992835075,,0.780846992835075,,,,0.056182048502401064,724,0.0,0.0,1.0,"{""Negative"": 0.0, ""Neutral"": 0.0, ""Positive"": 0.6341463414634146}","[[0, 0, 206], [0, 0, 184], [0, 0, 338]]"
p0_B0_seed42,training_prior,42,select,select:0:0.10:random:independent:1,0.4642857142857143,0.21138211382113822,0.780846992835075,,0.780846992835075,,,,0.056182048502401064,724,0.0,0.0,1.0,"{""Negative"": 0.0, ""Neutral"": 0.0, ""Positive"": 0.6341463414634146}","[[0, 0, 206], [0, 0, 184], [0, 0, 338]]"
p0_B0_seed42,training_prior,42,select,select:0:0.10:random:independent:2,0.4642857142857143,0.21138211382113822,0.780846992835075,,0.780846992835075,,,,0.056182048502401064,724,0.0,0.0,1.0,"{""Negative"": 0.0, ""Neutral"": 0.0, ""Positive"": 0.6341463414634146}","[[0, 0, 206], [0, 0, 184], [0, 0, 338]]"
p0_B0_seed42,training_prior,42,select,select:0:0.30:random:independent:0,0.4642857142857143,0.21138211382113822,0.780846992835075,,0.780846992835075,,,,0.12130579873272207,724,0.0,0.0,1.0,"{""Negative"": 0.0, ""Neutral"": 0.0, ""Positive"": 0.6341463414634146}","[[0, 0, 206], [0, 0, 184], [0, 0, 338]]"
p0_B0_seed42,training_prior,42,select,select:0:0.30:random:independent:1,0.4642857142857143,0.21138211382113822,0.780846992835075,,0.780846992835075,,,,0.12130579873272207,724,0.0,0.0,1.0,"{""Negative"": 0.0, ""Neutral"": 0.0, ""Positive"": 0.6341463414634146}","[[0, 0, 206], [0, 0, 184], [0, 0, 338]]"
p0_B0_seed42,training_prior,42,select,select:0:0.30:random:independent:2,0.4642857142857143,0.21138211382113822,0.780846992835075,,0.780846992835075,,,,0.12130579873272207,724,0.0,0.0,1.0,"{""Negative"": 0.0, ""Neutral"": 0.0, ""Positive"": 0.6341463414634146}","[[0, 0, 206], [0, 0, 184], [0, 0, 338]]"
p0_B0_seed42,training_prior,42,select,select:0:0.50:random:independent:0,0.4642857142857143,0.21138211382113822,0.780846992835075,,0.780846992835075,,,,0.1909987908537763,724,0.0,0.0,1.0,"{""Negative"": 0.0, ""Neutral"": 0.0, ""Positive"": 0.6341463414634146}","[[0, 0, 206], [0, 0, 184], [0, 0, 338]]"
p0_B0_seed42,training_prior,42,select,select:0:0.50:random:independent:1,0.4642857142857143,0.21138211382113822,0.780846992835075,,0.780846992835075,,,,0.1909987908537763,724,0.0,0.0,1.0,"{""Negative"": 0.0, ""Neutral"": 0.0, ""Positive"": 0.6341463414634146}","[[0, 0, 206], [0, 0, 184], [0, 0, 338]]"
p0_B0_seed42,training_prior,42,select,select:0:0.50:random:independent:2,0.4642857142857143,0.21138211382113822,0.780846992835075,,0.780846992835075,,,,0.1909987908537763,724,0.0,0.0,1.0,"{""Negative"": 0.0, ""Neutral"": 0.0, ""Positive"": 0.6341463414634146}","[[0, 0, 206], [0, 0, 184], [0, 0, 338]]"
p0_B0_seed42,training_prior,42,select,select:1:0.10:random:independent:0,0.4642857142857143,0.21138211382113822,0.780846992835075,,0.780846992835075,,,,0.056143892214244775,724,0.0,0.0,1.0,"{""Negative"": 0.0, ""Neutral"": 0.0, ""Positive"": 0.6341463414634146}","[[0, 0, 206], [0, 0, 184], [0, 0, 338]]"
p0_B0_seed42,training_prior,42,select,select:1:0.10:random:independent:1,0.4642857142857143,0.21138211382113822,0.780846992835075,,0.780846992835075,,,,0.056143892214244775,724,0.0,0.0,1.0,"{""Negative"": 0.0, ""Neutral"": 0.0, ""Positive"": 0.6341463414634146}","[[0, 0, 206], [0, 0, 184], [0, 0, 338]]"
p0_B0_seed42,training_prior,42,select,select:1:0.10:random:independent:2,0.4642857142857143,0.21138211382113822,0.780846992835075,,0.780846992835075,,,,0.056143892214244775,724,0.0,0.0,1.0,"{""Negative"": 0.0, ""Neutral"": 0.0, ""Positive"": 0.6341463414634146}","[[0, 0, 206], [0, 0, 184], [0, 0, 338]]"
p0_B0_seed42,training_prior,42,select,select:1:0.30:random:independent:0,0.4642857142857143,0.21138211382113822,0.780846992835075,,0.780846992835075,,,,0.12118179079621412,724,0.0,0.0,1.0,"{""Negative"": 0.0, ""Neutral"": 0.0, ""Positive"": 0.6341463414634146}","[[0, 0, 206], [0, 0, 184], [0, 0, 338]]"
p0_B0_seed42,training_prior,42,select,select:1:0.30:random:independent:1,0.4642857142857143,0.21138211382113822,0.780846992835075,,0.780846992835075,,,,0.12118179079621412,724,0.0,0.0,1.0,"{""Negative"": 0.0, ""Neutral"": 0.0, ""Positive"": 0.6341463414634146}","[[0, 0, 206], [0, 0, 184], [0, 0, 338]]"
p0_B0_seed42,training_prior,42,select,select:1:0.30:random:independent:2,0.4642857142857143,0.21138211382113822,0.780846992835075,,0.780846992835075,,,,0.12118179079621412,724,0.0,0.0,1.0,"{""Negative"": 0.0, ""Neutral"": 0.0, ""Positive"": 0.6341463414634146}","[[0, 0, 206], [0, 0, 184], [0, 0, 338]]"
p0_B0_seed42,training_prior,42,select,select:1:0.50:random:independent:0,0.4642857142857143,0.21138211382113822,0.780846992835075,,0.780846992835075,,,,0.19077939219687765,724,0.0,0.0,1.0,"{""Negative"": 0.0, ""Neutral"": 0.0, ""Positive"": 0.6341463414634146}","[[0, 0, 206], [0, 0, 184], [0, 0, 338]]"
p0_B0_seed42,training_prior,42,select,select:1:0.50:random:independent:1,0.4642857142857143,0.21138211382113822,0.780846992835075,,0.780846992835075,,,,0.19077939219687765,724,0.0,0.0,1.0,"{""Negative"": 0.0, ""Neutral"": 0.0, ""Positive"": 0.6341463414634146}","[[0, 0, 206], [0, 0, 184], [0, 0, 338]]"
p0_B0_seed42,training_prior,42,select,select:1:0.50:random:independent:2,0.4642857142857143,0.21138211382113822,0.780846992835075,,0.780846992835075,,,,0.19077939219687765,724,0.0,0.0,1.0,"{""Negative"": 0.0, ""Neutral"": 0.0, ""Positive"": 0.6341463414634146}","[[0, 0, 206], [0, 0, 184], [0, 0, 338]]"
p0_B0_seed42,training_prior,42,select,select:2:0.10:random:independent:0,0.4642857142857143,0.21138211382113822,0.780846992835075,,0.780846992835075,,,,0.05471828184470957,703,0.0,0.0,1.0,"{""Negative"": 0.0, ""Neutral"": 0.0, ""Positive"": 0.6341463414634146}","[[0, 0, 206], [0, 0, 184], [0, 0, 338]]"
p0_B0_seed42,training_prior,42,select,select:2:0.10:random:independent:1,0.4642857142857143,0.21138211382113822,0.780846992835075,,0.780846992835075,,,,0.054688334898890016,703,0.0,0.0,1.0,"{""Negative"": 0.0, ""Neutral"": 0.0, ""Positive"": 0.6341463414634146}","[[0, 0, 206], [0, 0, 184], [0, 0, 338]]"
p0_B0_seed42,training_prior,42,select,select:2:0.10:random:independent:2,0.4642857142857143,0.21138211382113822,0.780846992835075,,0.780846992835075,,,,0.05481930502759008,703,0.0,0.0,1.0,"{""Negative"": 0.0, ""Neutral"": 0.0, ""Positive"": 0.6341463414634146}","[[0, 0, 206], [0, 0, 184], [0, 0, 338]]"
p0_B0_seed42,training_prior,42,select,select:2:0.30:random:independent:0,0.4642857142857143,0.21138211382113822,0.780846992835075,,0.780846992835075,,,,0.11537182825966232,703,0.0,0.0,1.0,"{""Negative"": 0.0, ""Neutral"": 0.0, ""Positive"": 0.6341463414634146}","[[0, 0, 206], [0, 0, 184], [0, 0, 338]]"
p0_B0_seed42,training_prior,42,select,select:2:0.30:random:independent:1,0.4642857142857143,0.21138211382113822,0.780846992835075,,0.780846992835075,,,,0.11628030776814742,703,0.0,0.0,1.0,"{""Negative"": 0.0, ""Neutral"": 0.0, ""Positive"": 0.6341463414634146}","[[0, 0, 206], [0, 0, 184], [0, 0, 338]]"
p0_B0_seed42,training_prior,42,select,select:2:0.30:random:independent:2,0.4642857142857143,0.21138211382113822,0.780846992835075,,0.780846992835075,,,,0.11578318848929205,703,0.0,0.0,1.0,"{""Negative"": 0.0, ""Neutral"": 0.0, ""Positive"": 0.6341463414634146}","[[0, 0, 206], [0, 0, 184], [0, 0, 338]]"
p0_B0_seed42,training_prior,42,select,select:2:0.50:random:independent:0,0.4642857142857143,0.21138211382113822,0.780846992835075,,0.780846992835075,,,,0.18051985710310411,703,0.0,0.0,1.0,"{""Negative"": 0.0, ""Neutral"": 0.0, ""Positive"": 0.6341463414634146}","[[0, 0, 206], [0, 0, 184], [0, 0, 338]]"
p0_B0_seed42,training_prior,42,select,select:2:0.50:random:independent:1,0.4642857142857143,0.21138211382113822,0.780846992835075,,0.780846992835075,,,,0.18035659556840442,703,0.0,0.0,1.0,"{""Negative"": 0.0, ""Neutral"": 0.0, ""Positive"": 0.6341463414634146}","[[0, 0, 206], [0, 0, 184], [0, 0, 338]]"
p0_B0_seed42,training_prior,42,select,select:2:0.50:random:independent:2,0.4642857142857143,0.21138211382113822,0.780846992835075,,0.780846992835075,,,,0.18067481495681129,703,0.0,0.0,1.0,"{""Negative"": 0.0, ""Neutral"": 0.0, ""Positive"": 0.6341463414634146}","[[0, 0, 206], [0, 0, 184], [0, 0, 338]]"
p0_B0_seed42,training_prior,42,select,select:01:0.10:random:independent:0,0.4642857142857143,0.21138211382113822,0.780846992835075,,0.780846992835075,,,,0.09164042378228397,724,0.0,0.0,1.0,"{""Negative"": 0.0, ""Neutral"": 0.0, ""Positive"": 0.6341463414634146}","[[0, 0, 206], [0, 0, 184], [0, 0, 338]]"
p0_B0_seed42,training_prior,42,select,select:01:0.10:random:independent:1,0.4642857142857143,0.21138211382113822,0.780846992835075,,0.780846992835075,,,,0.09164042378228397,724,0.0,0.0,1.0,"{""Negative"": 0.0, ""Neutral"": 0.0, ""Positive"": 0.6341463414634146}","[[0, 0, 206], [0, 0, 184], [0, 0, 338]]"
p0_B0_seed42,training_prior,42,select,select:01:0.10:random:independent:2,0.4642857142857143,0.21138211382113822,0.780846992835075,,0.780846992835075,,,,0.09164042378228397,724,0.0,0.0,1.0,"{""Negative"": 0.0, ""Neutral"": 0.0, ""Positive"": 0.6341463414634146}","[[0, 0, 206], [0, 0, 184], [0, 0, 338]]"
p0_B0_seed42,training_prior,42,select,select:01:0.30:random:independent:0,0.4642857142857143,0.21138211382113822,0.780846992835075,,0.780846992835075,,,,0.22180207259457435,724,0.0,0.0,1.0,"{""Negative"": 0.0, ""Neutral"": 0.0, ""Positive"": 0.6341463414634146}","[[0, 0, 206], [0, 0, 184], [0, 0, 338]]"
p0_B0_seed42,training_prior,42,select,select:01:0.30:random:independent:1,0.4642857142857143,0.21138211382113822,0.780846992835075,,0.780846992835075,,,,0.22180207259457435,724,0.0,0.0,1.0,"{""Negative"": 0.0, ""Neutral"": 0.0, ""Positive"": 0.6341463414634146}","[[0, 0, 206], [0, 0, 184], [0, 0, 338]]"
p0_B0_seed42,training_prior,42,select,select:01:0.30:random:independent:2,0.4642857142857143,0.21138211382113822,0.780846992835075,,0.780846992835075,,,,0.22180207259457435,724,0.0,0.0,1.0,"{""Negative"": 0.0, ""Neutral"": 0.0, ""Positive"": 0.6341463414634146}","[[0, 0, 206], [0, 0, 184], [0, 0, 338]]"
p0_B0_seed42,training_prior,42,select,select:01:0.50:random:independent:0,0.4642857142857143,0.21138211382113822,0.780846992835075,,0.780846992835075,,,,0.36109266611629226,724,0.0,0.0,1.0,"{""Negative"": 0.0, ""Neutral"": 0.0, ""Positive"": 0.6341463414634146}","[[0, 0, 206], [0, 0, 184], [0, 0, 338]]"
p0_B0_seed42,training_prior,42,select,select:01:0.50:random:independent:1,0.4642857142857143,0.21138211382113822,0.780846992835075,,0.780846992835075,,,,0.36109266611629226,724,0.0,0.0,1.0,"{""Negative"": 0.0, ""Neutral"": 0.0, ""Positive"": 0.6341463414634146}","[[0, 0, 206], [0, 0, 184], [0, 0, 338]]"
p0_B0_seed42,training_prior,42,select,select:01:0.50:random:independent:2,0.4642857142857143,0.21138211382113822,0.780846992835075,,0.780846992835075,,,,0.36109266611629226,724,0.0,0.0,1.0,"{""Negative"": 0.0, ""Neutral"": 0.0, ""Positive"": 0.6341463414634146}","[[0, 0, 206], [0, 0, 184], [0, 0, 338]]"
p0_B0_seed42,training_prior,42,select,select:02:0.10:random:independent:0,0.4642857142857143,0.21138211382113822,0.780846992835075,,0.780846992835075,,,,0.09025892452344063,724,0.0,0.0,1.0,"{""Negative"": 0.0, ""Neutral"": 0.0, ""Positive"": 0.6341463414634146}","[[0, 0, 206], [0, 0, 184], [0, 0, 338]]"
p0_B0_seed42,training_prior,42,select,select:02:0.10:random:independent:1,0.4642857142857143,0.21138211382113822,0.780846992835075,,0.780846992835075,,,,0.09020706469477802,724,0.0,0.0,1.0,"{""Negative"": 0.0, ""Neutral"": 0.0, ""Positive"": 0.6341463414634146}","[[0, 0, 206], [0, 0, 184], [0, 0, 338]]"
p0_B0_seed42,training_prior,42,select,select:02:0.10:random:independent:2,0.4642857142857143,0.21138211382113822,0.780846992835075,,0.780846992835075,,,,0.09022829257477709,724,0.0,0.0,1.0,"{""Negative"": 0.0, ""Neutral"": 0.0, ""Positive"": 0.6341463414634146}","[[0, 0, 206], [0, 0, 184], [0, 0, 338]]"
p0_B0_seed42,training_prior,42,select,select:02:0.30:random:independent:0,0.4642857142857143,0.21138211382113822,0.780846992835075,,0.780846992835075,,,,0.21662896826569322,724,0.0,0.0,1.0,"{""Negative"": 0.0, ""Neutral"": 0.0, ""Positive"": 0.6341463414634146}","[[0, 0, 206], [0, 0, 184], [0, 0, 338]]"
p0_B0_seed42,training_prior,42,select,select:02:0.30:random:independent:1,0.4642857142857143,0.21138211382113822,0.780846992835075,,0.780846992835075,,,,0.2163273861362854,724,0.0,0.0,1.0,"{""Negative"": 0.0, ""Neutral"": 0.0, ""Positive"": 0.6341463414634146}","[[0, 0, 206], [0, 0, 184], [0, 0, 338]]"
p0_B0_seed42,training_prior,42,select,select:02:0.30:random:independent:2,0.4642857142857143,0.21138211382113822,0.780846992835075,,0.780846992835075,,,,0.21614375377087763,724,0.0,0.0,1.0,"{""Negative"": 0.0, ""Neutral"": 0.0, ""Positive"": 0.6341463414634146}","[[0, 0, 206], [0, 0, 184], [0, 0, 338]]"
p0_B0_seed42,training_prior,42,select,select:02:0.50:random:independent:0,0.4642857142857143,0.21138211382113822,0.780846992835075,,0.780846992835075,,,,0.3507859006961929,724,0.0,0.0,1.0,"{""Negative"": 0.0, ""Neutral"": 0.0, ""Positive"": 0.6341463414634146}","[[0, 0, 206], [0, 0, 184], [0, 0, 338]]"
p0_B0_seed42,training_prior,42,select,select:02:0.50:random:independent:1,0.4642857142857143,0.21138211382113822,0.780846992835075,,0.780846992835075,,,,0.35119532701886813,724,0.0,0.0,1.0,"{""Negative"": 0.0, ""Neutral"": 0.0, ""Positive"": 0.6341463414634146}","[[0, 0, 206], [0, 0, 184], [0, 0, 338]]"
p0_B0_seed42,training_prior,42,select,select:02:0.50:random:independent:2,0.4642857142857143,0.21138211382113822,0.780846992835075,,0.780846992835075,,,,0.35125174458983455,724,0.0,0.0,1.0,"{""Negative"": 0.0, ""Neutral"": 0.0, ""Positive"": 0.6341463414634146}","[[0, 0, 206], [0, 0, 184], [0, 0, 338]]"
p0_B0_seed42,training_prior,42,select,select:12:0.10:random:independent:0,0.4642857142857143,0.21138211382113822,0.780846992835075,,0.780846992835075,,,,0.09011852407557222,724,0.0,0.0,1.0,"{""Negative"": 0.0, ""Neutral"": 0.0, ""Positive"": 0.6341463414634146}","[[0, 0, 206], [0, 0, 184], [0, 0, 338]]"
p0_B0_seed42,training_prior,42,select,select:12:0.10:random:independent:1,0.4642857142857143,0.21138211382113822,0.780846992835075,,0.780846992835075,,,,0.09019592878213162,724,0.0,0.0,1.0,"{""Negative"": 0.0, ""Neutral"": 0.0, ""Positive"": 0.6341463414634146}","[[0, 0, 206], [0, 0, 184], [0, 0, 338]]"
p0_B0_seed42,training_prior,42,select,select:12:0.10:random:independent:2,0.4642857142857143,0.21138211382113822,0.780846992835075,,0.780846992835075,,,,0.09018448391793114,724,0.0,0.0,1.0,"{""Negative"": 0.0, ""Neutral"": 0.0, ""Positive"": 0.6341463414634146}","[[0, 0, 206], [0, 0, 184], [0, 0, 338]]"
p0_B0_seed42,training_prior,42,select,select:12:0.30:random:independent:0,0.4642857142857143,0.21138211382113822,0.780846992835075,,0.780846992835075,,,,0.21577850944764493,724,0.0,0.0,1.0,"{""Negative"": 0.0, ""Neutral"": 0.0, ""Positive"": 0.6341463414634146}","[[0, 0, 206], [0, 0, 184], [0, 0, 338]]"
p0_B0_seed42,training_prior,42,select,select:12:0.30:random:independent:1,0.4642857142857143,0.21138211382113822,0.780846992835075,,0.780846992835075,,,,0.2160189805783876,724,0.0,0.0,1.0,"{""Negative"": 0.0, ""Neutral"": 0.0, ""Positive"": 0.6341463414634146}","[[0, 0, 206], [0, 0, 184], [0, 0, 338]]"
p0_B0_seed42,training_prior,42,select,select:12:0.30:random:independent:2,0.4642857142857143,0.21138211382113822,0.780846992835075,,0.780846992835075,,,,0.21623765565574107,724,0.0,0.0,1.0,"{""Negative"": 0.0, ""Neutral"": 0.0, ""Positive"": 0.6341463414634146}","[[0, 0, 206], [0, 0, 184], [0, 0, 338]]"
p0_B0_seed42,training_prior,42,select,select:12:0.50:random:independent:0,0.4642857142857143,0.21138211382113822,0.780846992835075,,0.780846992835075,,,,0.3507132531656354,724,0.0,0.0,1.0,"{""Negative"": 0.0, ""Neutral"": 0.0, ""Positive"": 0.6341463414634146}","[[0, 0, 206], [0, 0, 184], [0, 0, 338]]"
p0_B0_seed42,training_prior,42,select,select:12:0.50:random:independent:1,0.4642857142857143,0.21138211382113822,0.780846992835075,,0.780846992835075,,,,0.3507343430875613,724,0.0,0.0,1.0,"{""Negative"": 0.0, ""Neutral"": 0.0, ""Positive"": 0.6341463414634146}","[[0, 0, 206], [0, 0, 184], [0, 0, 338]]"
p0_B0_seed42,training_prior,42,select,select:12:0.50:random:independent:2,0.4642857142857143,0.21138211382113822,0.780846992835075,,0.780846992835075,,,,0.3509549248224926,724,0.0,0.0,1.0,"{""Negative"": 0.0, ""Neutral"": 0.0, ""Positive"": 0.6341463414634146}","[[0, 0, 206], [0, 0, 184], [0, 0, 338]]"
p0_B0_seed42,training_prior,42,select,select:012:0.10:random:independent:0,0.4642857142857143,0.21138211382113822,0.780846992835075,,0.780846992835075,,,,0.12558993973665408,724,0.0,0.0,1.0,"{""Negative"": 0.0, ""Neutral"": 0.0, ""Positive"": 0.6341463414634146}","[[0, 0, 206], [0, 0, 184], [0, 0, 338]]"
p0_B0_seed42,training_prior,42,select,select:012:0.10:random:independent:1,0.4642857142857143,0.21138211382113822,0.780846992835075,,0.780846992835075,,,,0.12571082327220762,724,0.0,0.0,1.0,"{""Negative"": 0.0, ""Neutral"": 0.0, ""Positive"": 0.6341463414634146}","[[0, 0, 206], [0, 0, 184], [0, 0, 338]]"
p0_B0_seed42,training_prior,42,select,select:012:0.10:random:independent:2,0.4642857142857143,0.21138211382113822,0.780846992835075,,0.780846992835075,,,,0.1256004676726215,724,0.0,0.0,1.0,"{""Negative"": 0.0, ""Neutral"": 0.0, ""Positive"": 0.6341463414634146}","[[0, 0, 206], [0, 0, 184], [0, 0, 338]]"
p0_B0_seed42,training_prior,42,select,select:012:0.30:random:independent:0,0.4642857142857143,0.21138211382113822,0.780846992835075,,0.780846992835075,,,,0.3162180586060894,724,0.0,0.0,1.0,"{""Negative"": 0.0, ""Neutral"": 0.0, ""Positive"": 0.6341463414634146}","[[0, 0, 206], [0, 0, 184], [0, 0, 338]]"
p0_B0_seed42,training_prior,42,select,select:012:0.30:random:independent:1,0.4642857142857143,0.21138211382113822,0.780846992835075,,0.780846992835075,,,,0.3167463590511638,724,0.0,0.0,1.0,"{""Negative"": 0.0, ""Neutral"": 0.0, ""Positive"": 0.6341463414634146}","[[0, 0, 206], [0, 0, 184], [0, 0, 338]]"
p0_B0_seed42,training_prior,42,select,select:012:0.30:random:independent:2,0.4642857142857143,0.21138211382113822,0.780846992835075,,0.780846992835075,,,,0.31705028085974835,724,0.0,0.0,1.0,"{""Negative"": 0.0, ""Neutral"": 0.0, ""Positive"": 0.6341463414634146}","[[0, 0, 206], [0, 0, 184], [0, 0, 338]]"
p0_B0_seed42,training_prior,42,select,select:012:0.50:random:independent:0,0.4642857142857143,0.21138211382113822,0.780846992835075,,0.780846992835075,,,,0.5214278455584954,724,0.0,0.0,1.0,"{""Negative"": 0.0, ""Neutral"": 0.0, ""Positive"": 0.6341463414634146}","[[0, 0, 206], [0, 0, 184], [0, 0, 338]]"
p0_B0_seed42,training_prior,42,select,select:012:0.50:random:independent:1,0.4642857142857143,0.21138211382113822,0.780846992835075,,0.780846992835075,,,,0.5211035116402414,724,0.0,0.0,1.0,"{""Negative"": 0.0, ""Neutral"": 0.0, ""Positive"": 0.6341463414634146}","[[0, 0, 206], [0, 0, 184], [0, 0, 338]]"
p0_B0_seed42,training_prior,42,select,select:012:0.50:random:independent:2,0.4642857142857143,0.21138211382113822,0.780846992835075,,0.780846992835075,,,,0.5211950835022432,724,0.0,0.0,1.0,"{""Negative"": 0.0, ""Neutral"": 0.0, ""Positive"": 0.6341463414634146}","[[0, 0, 206], [0, 0, 184], [0, 0, 338]]"
p0_B0_seed42,training_prior,42,clean,clean:clean,0.4642857142857143,0.21138211382113822,0.780846992835075,,0.780846992835075,,,,0.020685516934361863,0,0.0,0.0,1.0,"{""Negative"": 0.0, ""Neutral"": 0.0, ""Positive"": 0.6341463414634146}","[[0, 0, 206], [0, 0, 184], [0, 0, 338]]"
p0_B2_seed42,three_modality_masked_mean_concat_mlp,42,select,select:0:0.10:random:independent:0,0.5728021978021978,0.5153251557340894,0.6536339119525237,0.5129563974529427,0.664370967607413,0.5105360071804445,,,0.056182048502401064,724,0.1662087912087912,0.025384134911655726,1.0,"{""Negative"": 0.5721271393643031, ""Neutral"": 0.3054545454545455, ""Positive"": 0.6683937823834197}","[[117, 19, 70], [36, 42, 106], [50, 30, 258]]"
p0_B2_seed42,three_modality_masked_mean_concat_mlp,42,select,select:0:0.10:random:independent:1,0.5673076923076923,0.5094446669794036,0.6525356275742198,0.5145813563887561,0.6600324273477871,0.5165722984632746,,,0.056182048502401064,724,0.1813186813186813,0.026813911228979026,1.0,"{""Negative"": 0.5686274509803921, ""Neutral"": 0.2939068100358423, ""Positive"": 0.6657997399219766}","[[116, 20, 70], [38, 41, 105], [48, 34, 256]]"
p0_B2_seed42,three_modality_masked_mean_concat_mlp,42,select,select:0:0.10:random:independent:2,0.5741758241758241,0.5216538557830086,0.6505215068638079,0.515658101109424,0.6599552646627301,0.5151215475715368,,,0.056182048502401064,724,0.17032967032967034,0.026339561039774303,1.0,"{""Negative"": 0.5623471882640587, ""Neutral"": 0.3333333333333333, ""Positive"": 0.6692810457516339}","[[115, 20, 71], [37, 47, 100], [51, 31, 256]]"
p0_B2_seed42,three_modality_masked_mean_concat_mlp,42,select,select:0:0.30:random:independent:0,0.5865384615384616,0.5349755169077745,0.6547146861680588,0.5131649578968233,0.6654540758764187,0.5085561304517437,,,0.12130579873272207,724,0.1936813186813187,0.028156223084491033,1.0,"{""Negative"": 0.5960591133004927, ""Neutral"": 0.3254237288135593, ""Positive"": 0.6834437086092715}","[[121, 27, 58], [35, 48, 101], [44, 36, 258]]"
p0_B2_seed42,three_modality_masked_mean_concat_mlp,42,select,select:0:0.30:random:independent:1,0.5631868131868132,0.5084438215400354,0.6538979844353029,0.525905827973952,0.6598441495846671,0.5262369773180037,,,0.12130579873272207,724,0.18543956043956045,0.02877454657331109,1.0,"{""Negative"": 0.56575682382134, ""Neutral"": 0.29553264604810997, ""Positive"": 0.6640419947506562}","[[114, 27, 65], [35, 43, 106], [48, 37, 253]]"
p0_B2_seed42,three_modality_masked_mean_concat_mlp,42,select,select:0:0.30:random:independent:2,0.5782967032967034,0.5226973421084431,0.6583048879223865,0.48850555448875227,0.6704474592857718,0.48713860675559445,,,0.12130579873272207,724,0.17445054945054944,0.02797261473737084,1.0,"{""Negative"": 0.551219512195122, ""Neutral"": 0.33451957295373663, ""Positive"": 0.6823529411764706}","[[113, 26, 67], [38, 47, 99], [53, 24, 261]]"
p0_B2_seed42,three_modality_masked_mean_concat_mlp,42,select,select:0:0.50:random:independent:0,0.5590659340659341,0.5171826091914068,0.6784527138881303,0.48527379920529556,0.6893792750395753,0.484685396396752,,,0.1909987908537763,724,0.20054945054945056,0.03198242325990737,1.0,"{""Negative"": 0.5613207547169812, ""Neutral"": 0.34098360655737703, ""Positive"": 0.6492434662998624}","[[119, 28, 59], [38, 52, 94], [61, 41, 236]]"
p0_B2_seed42,three_modality_masked_mean_concat_mlp,42,select,select:0:0.50:random:independent:1,0.5398351648351648,0.5000057814398098,0.6994549346456078,0.4316694135067057,0.7072292782601665,0.43597066014793323,,,0.1909987908537763,724,0.21565934065934067,0.03486280070785638,1.0,"{""Negative"": 0.529126213592233, ""Neutral"": 0.33974358974358976, ""Positive"": 0.6311475409836066}","[[109, 27, 70], [38, 53, 93], [59, 48, 231]]"
p0_B2_seed42,three_modality_masked_mean_concat_mlp,42,select,select:0:0.50:random:independent:2,0.5563186813186813,0.5043484534731771,0.6885754337881375,0.4560432085298258,0.6954331257441951,0.4635573697952467,,,0.1909987908537763,724,0.19917582417582416,0.029544532126941525,1.0,"{""Negative"": 0.5346534653465347, ""Neutral"": 0.31438127090301005, ""Positive"": 0.6640106241699867}","[[108, 35, 63], [35, 47, 102], [55, 33, 250]]"
p0_B2_seed42,three_modality_masked_mean_concat_mlp,42,select,select:1:0.10:random:independent:0,0.5810439560439561,0.5230258496782216,0.6437353245913082,0.5321447515656784,0.6543306542028274,0.5270190555418273,,,0.056143892214244775,724,0.1662087912087912,0.02565795261104192,1.0,"{""Negative"": 0.5905707196029777, ""Neutral"": 0.30324909747292417, ""Positive"": 0.6752577319587629}","[[119, 21, 66], [32, 42, 110], [46, 30, 262]]"
p0_B2_seed42,three_modality_masked_mean_concat_mlp,42,select,select:1:0.10:random:independent:1,0.5810439560439561,0.5230258496782216,0.6430258141192352,0.5323034525809498,0.6539776110100549,0.5269420907498756,,,0.056143892214244775,724,0.17032967032967034,0.025776802362165934,1.0,"{""Negative"": 0.5905707196029777, ""Neutral"": 0.30324909747292417, ""Positive"": 0.6752577319587629}","[[119, 22, 65], [31, 42, 111], [47, 29, 262]]"
p0_B2_seed42,three_modality_masked_mean_concat_mlp,42,select,select:1:0.10:random:independent:2,0.5755494505494505,0.5175128603745289,0.6425673984373581,0.5331194245622165,0.6527738063698533,0.5288619092223719,,,0.056143892214244775,724,0.1717032967032967,0.02660972478854787,1.0,"{""Negative"": 0.5885286783042394, ""Neutral"": 0.2939068100358423, ""Positive"": 0.6701030927835051}","[[118, 22, 66], [31, 41, 112], [46, 32, 260]]"
p0_B2_seed42,three_modality_masked_mean_concat_mlp,42,select,select:1:0.30:random:independent:0,0.5728021978021978,0.5151561462878137,0.644963662715993,0.5326970966713013,0.6536284799349832,0.5300189965762507,,,0.12118179079621412,724,0.1717032967032967,0.027416894424518386,1.0,"{""Negative"": 0.5819070904645477, ""Neutral"": 0.296028880866426, ""Positive"": 0.6675324675324675}","[[119, 21, 66], [34, 41, 109], [50, 31, 257]]"
p0_B2_seed42,three_modality_masked_mean_concat_mlp,42,select,select:1:0.30:random:independent:1,0.5769230769230769,0.5190778790891134,0.6441491833635903,0.5302159038665628,0.6548922197575998,0.5259226406841659,,,0.12118179079621412,724,0.17445054945054944,0.027098817451715797,1.0,"{""Negative"": 0.5812807881773399, ""Neutral"": 0.30324909747292417, ""Positive"": 0.6727037516170763}","[[118, 22, 66], [33, 42, 109], [49, 29, 260]]"
p0_B2_seed42,three_modality_masked_mean_concat_mlp,42,select,select:1:0.30:random:independent:2,0.570054945054945,0.5105571264611024,0.647034127403853,0.5291147150956885,0.65643309871922,0.5261690620744194,,,0.12118179079621412,724,0.17857142857142858,0.026716133866663817,1.0,"{""Negative"": 0.575682382133995, ""Neutral"": 0.2867383512544803, ""Positive"": 0.6692506459948321}","[[116, 22, 68], [35, 40, 109], [46, 33, 259]]"
p0_B2_seed42,three_modality_masked_mean_concat_mlp,42,select,select:1:0.50:random:independent:0,0.5714285714285714,0.5137051990278544,0.6414170360865338,0.5380229092591801,0.6554532630502113,0.5289023455575361,,,0.19077939219687765,724,0.17307692307692307,0.027514099123001425,1.0,"{""Negative"": 0.587378640776699, ""Neutral"": 0.2888086642599278, ""Positive"": 0.6649282920469362}","[[121, 17, 68], [38, 40, 106], [47, 36, 255]]"
p0_B2_seed42,three_modality_masked_mean_concat_mlp,42,select,select:1:0.50:random:independent:1,0.5741758241758241,0.5146621343148318,0.6433423551936481,0.5333554129951287,0.6537862852942403,0.5312717066965246,,,0.19077939219687765,724,0.17582417582417584,0.02664390723218957,1.0,"{""Negative"": 0.5931372549019608, ""Neutral"": 0.2815884476534296, ""Positive"": 0.669260700389105}","[[121, 19, 66], [36, 39, 109], [45, 35, 258]]"
p0_B2_seed42,three_modality_masked_mean_concat_mlp,42,select,select:1:0.50:random:independent:2,0.5769230769230769,0.5189165178089872,0.6458871862004419,0.531961109944974,0.656614497150448,0.5282165731343649,,,0.19077939219687765,724,0.17994505494505494,0.028639828628579993,1.0,"{""Negative"": 0.572139303482587, ""Neutral"": 0.30935251798561153, ""Positive"": 0.6752577319587629}","[[115, 22, 69], [34, 43, 107], [47, 29, 262]]"
p0_B2_seed42,three_modality_masked_mean_concat_mlp,42,select,select:2:0.10:random:independent:0,0.5782967032967034,0.5210339365317939,0.6427492745416996,0.5315545492694421,0.6539725557245969,0.5275805049791853,,,0.05471828184470957,703,0.16895604395604397,0.026343762566665044,1.0,"{""Negative"": 0.5891089108910891, ""Neutral"": 0.302158273381295, ""Positive"": 0.6718346253229974}","[[119, 21, 66], [32, 42, 110], [47, 31, 260]]"
p0_B2_seed42,three_modality_masked_mean_concat_mlp,42,select,select:2:0.10:random:independent:1,0.5810439560439561,0.5219474352449945,0.6437854988930317,0.5317054352079382,0.6543180623071289,0.527503107701174,,,0.054688334898890016,703,0.16758241758241757,0.025863058135200005,1.0,"{""Negative"": 0.5935162094763092, ""Neutral"": 0.2971014492753623, ""Positive"": 0.675224646983312}","[[119, 21, 66], [31, 41, 112], [45, 30, 263]]"
p0_B2_seed42,three_modality_masked_mean_concat_mlp,42,select,select:2:0.10:random:independent:2,0.5769230769230769,0.5183724275682057,0.6438413776469427,0.5314303131920299,0.6540852423736846,0.528404466719435,,,0.05481930502759008,703,0.1662087912087912,0.02595115600799794,1.0,"{""Negative"": 0.5870646766169154, ""Neutral"": 0.2971014492753623, ""Positive"": 0.6709511568123393}","[[118, 21, 67], [31, 41, 112], [47, 30, 261]]"
p0_B2_seed42,three_modality_masked_mean_concat_mlp,42,select,select:2:0.30:random:independent:0,0.5741758241758241,0.5167010309278349,0.6432618384582656,0.5312276381440741,0.6535385810606346,0.5275394508976446,,,0.11537182825966232,703,0.1717032967032967,0.02659941114558132,1.0,"{""Negative"": 0.58, ""Neutral"": 0.3, ""Positive"": 0.6701030927835051}","[[116, 22, 68], [32, 42, 110], [46, 32, 260]]"
p0_B2_seed42,three_modality_masked_mean_concat_mlp,42,select,select:2:0.30:random:independent:1,0.5741758241758241,0.5161914644940678,0.642846618987882,0.5338737760501676,0.6533248415933206,0.5300222271302464,,,0.11628030776814742,703,0.16758241758241757,0.02565488893099866,1.0,"{""Negative"": 0.5841584158415841, ""Neutral"": 0.296028880866426, ""Positive"": 0.6683870967741935}","[[118, 21, 67], [32, 41, 111], [48, 31, 259]]"
p0_B2_seed42,three_modality_masked_mean_concat_mlp,42,select,select:2:0.30:random:independent:2,0.5810439560439561,0.5250022950520788,0.643527320221435,0.5327340538016503,0.6546032052579244,0.5279842212359148,,,0.11578318848929205,703,0.16758241758241757,0.026170685169559258,1.0,"{""Negative"": 0.594059405940594, ""Neutral"": 0.30824372759856633, ""Positive"": 0.6727037516170763}","[[120, 20, 66], [32, 43, 109], [46, 32, 260]]"
p0_B2_seed42,three_modality_masked_mean_concat_mlp,42,select,select:2:0.50:random:independent:0,0.5851648351648352,0.531089517038501,0.6426460408060515,0.5362133493926201,0.6540316396167727,0.5326001867811405,,,0.18051985710310411,703,0.17032967032967034,0.02690023328779818,1.0,"{""Negative"": 0.5876543209876544, ""Neutral"": 0.32857142857142857, ""Positive"": 0.6770428015564203}","[[119, 20, 67], [33, 46, 105], [47, 30, 261]]"
p0_B2_seed42,three_modality_masked_mean_concat_mlp,42,select,select:2:0.50:random:independent:1,0.5728021978021978,0.5204558584060408,0.6458535915116033,0.5310567889769203,0.6562331774179916,0.528571582437796,,,0.18035659556840442,703,0.17307692307692307,0.02724179258194271,1.0,"{""Negative"": 0.5812807881773399, ""Neutral"": 0.31690140845070425, ""Positive"": 0.6631853785900783}","[[118, 21, 67], [32, 45, 107], [50, 34, 254]]"
p0_B2_seed42,three_modality_masked_mean_concat_mlp,42,select,select:2:0.50:random:independent:2,0.5714285714285714,0.5174391062818172,0.647865405090841,0.5236286722534548,0.6563116788894838,0.5220380271831182,,,0.18067481495681129,703,0.1717032967032967,0.025988904015924578,1.0,"{""Negative"": 0.5778894472361809, ""Neutral"": 0.3120567375886525, ""Positive"": 0.6623711340206185}","[[115, 20, 71], [30, 44, 110], [47, 34, 257]]"
p0_B2_seed42,three_modality_masked_mean_concat_mlp,42,select,select:01:0.10:random:independent:0,0.5796703296703297,0.5228344266990738,0.6470141780388715,0.5220365572624237,0.6593501108422221,0.5146936558827523,,,0.09164042378228397,724,0.17582417582417584,0.025619436017301055,1.0,"{""Negative"": 0.5678391959798995, ""Neutral"": 0.3237410071942446, ""Positive"": 0.676923076923077}","[[113, 19, 74], [35, 45, 104], [44, 30, 264]]"
p0_B2_seed42,three_modality_masked_mean_concat_mlp,42,select,select:01:0.10:random:independent:1,0.5604395604395604,0.5024123802176561,0.6494132387196133,0.5196577660652463,0.6573926548647521,0.5193017787962959,,,0.09164042378228397,724,0.17307692307692307,0.02654625301704957,1.0,"{""Negative"": 0.5503685503685504, ""Neutral"": 0.2971014492753623, ""Positive"": 0.6597671410090556}","[[112, 23, 71], [34, 41, 109], [55, 28, 255]]"
p0_B2_seed42,three_modality_masked_mean_concat_mlp,42,select,select:01:0.10:random:independent:2,0.5604395604395604,0.5047352702732645,0.6555579033002095,0.510364612168111,0.6629747662509045,0.507676097974955,,,0.09164042378228397,724,0.16483516483516483,0.025241478056026685,1.0,"{""Negative"": 0.5847665847665847, ""Neutral"": 0.2826086956521739, ""Positive"": 0.6468305304010349}","[[119, 18, 69], [29, 39, 116], [53, 35, 250]]"
p0_B2_seed42,three_modality_masked_mean_concat_mlp,42,select,select:01:0.30:random:independent:0,0.570054945054945,0.5082069670177304,0.6455213110038048,0.5264099564229346,0.656085749284702,0.5214723089479583,,,0.22180207259457435,724,0.16483516483516483,0.02694714087836526,1.0,"{""Negative"": 0.5628140703517588, ""Neutral"": 0.2857142857142857, ""Positive"": 0.6760925449871465}","[[112, 20, 74], [41, 40, 103], [39, 36, 263]]"
p0_B2_seed42,three_modality_masked_mean_concat_mlp,42,select,select:01:0.30:random:independent:1,0.5673076923076923,0.5135712617849789,0.6608834279483491,0.4892047747059647,0.6714292665237336,0.48499425107846766,,,0.22180207259457435,724,0.17582417582417584,0.030131186453089282,1.0,"{""Negative"": 0.5658536585365853, ""Neutral"": 0.3142857142857143, ""Positive"": 0.660574412532637}","[[116, 19, 71], [36, 44, 104], [52, 33, 253]]"
p0_B2_seed42,three_modality_masked_mean_concat_mlp,42,select,select:01:0.30:random:independent:2,0.5508241758241759,0.4976765633411728,0.6704575467969281,0.477506635863659,0.6776466250910864,0.4851956520136016,,,0.22180207259457435,724,0.20054945054945056,0.03096035802293118,1.0,"{""Negative"": 0.5547445255474452, ""Neutral"": 0.28668941979522183, ""Positive"": 0.651595744680851}","[[114, 29, 63], [36, 42, 106], [55, 38, 245]]"
p0_B2_seed42,three_modality_masked_mean_concat_mlp,42,select,select:01:0.50:random:independent:0,0.5618131868131868,0.5146418304313042,0.6794176971010454,0.46075855770153135,0.689302702761859,0.4627224568791814,,,0.36109266611629226,724,0.21016483516483517,0.03796809858930308,1.0,"{""Negative"": 0.5552825552825553, ""Neutral"": 0.3246753246753247, ""Positive"": 0.6639676113360324}","[[113, 32, 61], [38, 50, 96], [50, 42, 246]]"
p0_B2_seed42,three_modality_masked_mean_concat_mlp,42,select,select:01:0.50:random:independent:1,0.5439560439560439,0.4971248986574657,0.6874775223259088,0.44498173778778505,0.6982911960835886,0.4451542524686187,,,0.36109266611629226,724,0.2087912087912088,0.03485355215507385,1.0,"{""Negative"": 0.5382716049382716, ""Neutral"": 0.3164983164983165, ""Positive"": 0.636604774535809}","[[109, 22, 75], [36, 47, 101], [54, 44, 240]]"
p0_B2_seed42,three_modality_masked_mean_concat_mlp,42,select,select:01:0.50:random:independent:2,0.5343406593406593,0.48908053265694357,0.7008115955210732,0.4280284359979662,0.7107186600524973,0.43480003896416936,,,0.36109266611629226,724,0.22115384615384615,0.03620052853738377,1.0,"{""Negative"": 0.5156626506024097, ""Neutral"": 0.32, ""Positive"": 0.631578947368421}","[[107, 24, 75], [42, 48, 94], [60, 44, 234]]"
p0_B2_seed42,three_modality_masked_mean_concat_mlp,42,select,select:02:0.10:random:independent:0,0.5714285714285714,0.5168552112567388,0.652620887125177,0.522283654676609,0.6630726401786228,0.5181520953868578,,,0.09025892452344063,724,0.17445054945054944,0.026612277523256265,1.0,"{""Negative"": 0.5707317073170731, ""Neutral"": 0.31316725978647686, ""Positive"": 0.6666666666666666}","[[117, 21, 68], [36, 44, 104], [51, 32, 255]]"
p0_B2_seed42,three_modality_masked_mean_concat_mlp,42,select,select:02:0.10:random:independent:1,0.5796703296703297,0.5226486113746557,0.6501557484160331,0.5196896833498305,0.6608634243289438,0.5181659309631444,,,0.09020706469477802,724,0.1662087912087912,0.028630622336055553,1.0,"{""Negative"": 0.5764411027568922, ""Neutral"": 0.3154121863799283, ""Positive"": 0.6760925449871465}","[[115, 21, 70], [33, 44, 107], [45, 30, 263]]"
p0_B2_seed42,three_modality_masked_mean_concat_mlp,42,select,select:02:0.10:random:independent:2,0.5865384615384616,0.5316001133394278,0.6439019588201911,0.5247560263272261,0.6555612002202607,0.5170212267106559,,,0.09022829257477709,724,0.16346153846153846,0.026199719544377296,1.0,"{""Negative"": 0.5931372549019608, ""Neutral"": 0.3237410071942446, ""Positive"": 0.6779220779220779}","[[121, 19, 66], [34, 45, 105], [47, 30, 261]]"
p0_B2_seed42,three_modality_masked_mean_concat_mlp,42,select,select:02:0.30:random:independent:0,0.5837912087912088,0.5316812694815827,0.6548474438867153,0.5128197985035137,0.6671981682826938,0.5063426511450297,,,0.21662896826569322,724,0.18543956043956045,0.029811758616894155,1.0,"{""Negative"": 0.5893719806763285, ""Neutral"": 0.32752613240418116, ""Positive"": 0.6781456953642384}","[[122, 19, 65], [41, 47, 96], [45, 37, 256]]"
p0_B2_seed42,three_modality_masked_mean_concat_mlp,42,select,select:02:0.30:random:independent:1,0.5906593406593407,0.5374395752817022,0.6685620430014045,0.4916945273929211,0.6811471836191121,0.4904233300570217,,,0.2163273861362854,724,0.17994505494505494,0.02810888601791237,1.0,"{""Negative"": 0.6067961165048543, ""Neutral"": 0.323943661971831, ""Positive"": 0.6815789473684211}","[[125, 20, 61], [36, 46, 102], [45, 34, 259]]"
p0_B2_seed42,three_modality_masked_mean_concat_mlp,42,select,select:02:0.30:random:independent:2,0.5576923076923077,0.5022509277330762,0.6604675460838519,0.5072103743318259,0.6694412697260115,0.5084293476844189,,,0.21614375377087763,724,0.16758241758241757,0.02579922430390021,1.0,"{""Negative"": 0.5637254901960784, ""Neutral"": 0.28771929824561404, ""Positive"": 0.6553079947575361}","[[115, 26, 65], [33, 41, 110], [54, 34, 250]]"
p0_B2_seed42,three_modality_masked_mean_concat_mlp,42,select,select:02:0.50:random:independent:0,0.5535714285714286,0.5052098613311428,0.6966308270642473,0.4336587818727805,0.7073331236644842,0.4360133668118058,,,0.3507859006961929,724,0.21016483516483517,0.036657669380536446,1.0,"{""Negative"": 0.5480769230769231, ""Neutral"": 0.31438127090301005, ""Positive"": 0.6531713900134952}","[[114, 30, 62], [38, 47, 99], [58, 38, 242]]"
p0_B2_seed42,three_modality_masked_mean_concat_mlp,42,select,select:02:0.50:random:independent:1,0.5535714285714286,0.5004924401476125,0.689827784837283,0.44609624277412135,0.6976538418157661,0.45099300081157684,,,0.35119532701886813,724,0.20467032967032966,0.03277267909264499,1.0,"{""Negative"": 0.5369458128078818, ""Neutral"": 0.30405405405405406, ""Positive"": 0.6604774535809018}","[[109, 30, 67], [39, 45, 100], [52, 37, 249]]"
p0_B2_seed42,three_modality_masked_mean_concat_mlp,42,select,select:02:0.50:random:independent:2,0.5631868131868132,0.5139211141790675,0.6953614113990094,0.44825980384153846,0.6998786567659169,0.45883651448598706,,,0.35125174458983455,724,0.1978021978021978,0.030438190679661522,1.0,"{""Negative"": 0.5536159600997507, ""Neutral"": 0.3223684210526316, ""Positive"": 0.6657789613848203}","[[111, 29, 66], [38, 49, 97], [46, 42, 250]]"
p0_B2_seed42,three_modality_masked_mean_concat_mlp,42,select,select:12:0.10:random:independent:0,0.5796703296703297,0.5213486382110193,0.6440796213016159,0.5290295499996458,0.6538627235945519,0.525819429083663,,,0.09011852407557222,724,0.1717032967032967,0.025832750107446213,1.0,"{""Negative"": 0.5955334987593052, ""Neutral"": 0.2949640287769784, ""Positive"": 0.6735483870967742}","[[120, 21, 65], [32, 41, 111], [45, 32, 261]]"
p0_B2_seed42,three_modality_masked_mean_concat_mlp,42,select,select:12:0.10:random:independent:1,0.5728021978021978,0.5121430031510216,0.6459829924510976,0.5291117137561303,0.6548372768530888,0.5271857962798758,,,0.09019592878213162,724,0.16758241758241757,0.02390266148390678,1.0,"{""Negative"": 0.5728395061728395, ""Neutral"": 0.2909090909090909, ""Positive"": 0.6726804123711341}","[[116, 23, 67], [34, 40, 110], [49, 28, 261]]"
p0_B2_seed42,three_modality_masked_mean_concat_mlp,42,select,select:12:0.10:random:independent:2,0.5796703296703297,0.5205598011538606,0.6439909109302439,0.5317546281015902,0.6543665157150027,0.5275158462175025,,,0.09018448391793114,724,0.16346153846153846,0.02572827084274901,1.0,"{""Negative"": 0.5891089108910891, ""Neutral"": 0.29818181818181816, ""Positive"": 0.6743886743886743}","[[119, 21, 66], [32, 41, 111], [47, 29, 262]]"
p0_B2_seed42,three_modality_masked_mean_concat_mlp,42,select,select:12:0.30:random:independent:0,0.5769230769230769,0.5149191521468749,0.6433585232661566,0.5359600368671055,0.6539811959930255,0.5278151861612941,,,0.21577850944764493,724,0.17857142857142858,0.027920237528868432,1.0,"{""Negative"": 0.5841584158415841, ""Neutral"": 0.28363636363636363, ""Positive"": 0.676962676962677}","[[118, 23, 65], [34, 39, 111], [46, 29, 263]]"
p0_B2_seed42,three_modality_masked_mean_concat_mlp,42,select,select:12:0.30:random:independent:1,0.5810439560439561,0.524268787333122,0.6433201450152138,0.5294565727503536,0.6555682568821114,0.5235017261558983,,,0.2160189805783876,724,0.17307692307692307,0.02695676381585526,1.0,"{""Negative"": 0.5829145728643216, ""Neutral"": 0.3120567375886525, ""Positive"": 0.6778350515463918}","[[116, 22, 68], [33, 44, 107], [43, 32, 263]]"
p0_B2_seed42,three_modality_masked_mean_concat_mlp,42,select,select:12:0.30:random:independent:2,0.5769230769230769,0.5176863021205471,0.6446896246853111,0.5278524447949346,0.655664129039416,0.5207333962512468,,,0.21623765565574107,724,0.17032967032967034,0.026905866085828005,1.0,"{""Negative"": 0.5916870415647921, ""Neutral"": 0.28776978417266186, ""Positive"": 0.6736020806241872}","[[121, 22, 63], [35, 40, 109], [47, 32, 259]]"
p0_B2_seed42,three_modality_masked_mean_concat_mlp,42,select,select:12:0.50:random:independent:0,0.5741758241758241,0.5169193654760664,0.645601519911024,0.5304029202565467,0.6569515116011294,0.5240765851111676,,,0.3507132531656354,724,0.1717032967032967,0.027417765805182546,1.0,"{""Negative"": 0.5777777777777777, ""Neutral"": 0.3054545454545455, ""Positive"": 0.6675257731958762}","[[117, 17, 72], [35, 42, 107], [47, 32, 259]]"
p0_B2_seed42,three_modality_masked_mean_concat_mlp,42,select,select:12:0.50:random:independent:1,0.5824175824175825,0.5261683390798847,0.6492901849048723,0.5255968511664951,0.6606456941085775,0.5219811721207286,,,0.3507343430875613,724,0.17582417582417584,0.02586633228716942,1.0,"{""Negative"": 0.5951219512195122, ""Neutral"": 0.30714285714285716, ""Positive"": 0.6762402088772846}","[[122, 18, 66], [38, 43, 103], [44, 35, 259]]"
p0_B2_seed42,three_modality_masked_mean_concat_mlp,42,select,select:12:0.50:random:independent:2,0.570054945054945,0.5110573496191866,0.6460527787603766,0.528561400481057,0.6558768771240836,0.5254324631638048,,,0.3509549248224926,724,0.17445054945054944,0.0245072676951168,1.0,"{""Negative"": 0.5785536159600998, ""Neutral"": 0.2888086642599278, ""Positive"": 0.6658097686375322}","[[116, 19, 71], [34, 40, 110], [45, 34, 259]]"
p0_B2_seed42,three_modality_masked_mean_concat_mlp,42,select,select:012:0.10:random:independent:0,0.5755494505494505,0.5235884350293448,0.6469418235643306,0.5229377828062314,0.6579993259120773,0.5192081713859044,,,0.12558993973665408,724,0.17445054945054944,0.02851596683475834,1.0,"{""Negative"": 0.5835411471321695, ""Neutral"": 0.3205574912891986, ""Positive"": 0.6666666666666666}","[[117, 20, 69], [33, 46, 105], [45, 37, 256]]"
p0_B2_seed42,three_modality_masked_mean_concat_mlp,42,select,select:012:0.10:random:independent:1,0.5755494505494505,0.5164168396182167,0.6494932194230157,0.5173746096416483,0.6627379304442841,0.5065675111053015,,,0.12571082327220762,724,0.17032967032967034,0.02753314685188643,1.0,"{""Negative"": 0.5776699029126213, ""Neutral"": 0.2971014492753623, ""Positive"": 0.6744791666666666}","[[119, 21, 66], [38, 41, 105], [49, 30, 259]]"
p0_B2_seed42,three_modality_masked_mean_concat_mlp,42,select,select:012:0.10:random:independent:2,0.5782967032967034,0.5223079667397461,0.6525775551848113,0.5157619661020362,0.6624808574535443,0.5142464805071375,,,0.1256004676726215,724,0.19093406593406592,0.028004286561906334,1.0,"{""Negative"": 0.5806451612903226, ""Neutral"": 0.31095406360424027, ""Positive"": 0.6753246753246753}","[[117, 24, 65], [33, 44, 107], [47, 31, 260]]"
p0_B2_seed42,three_modality_masked_mean_concat_mlp,42,select,select:012:0.30:random:independent:0,0.5631868131868132,0.50876637730086,0.6754492500747625,0.48343923999829785,0.6866720636006813,0.48042767372596984,,,0.3162180586060894,724,0.18269230769230768,0.028466241827795467,1.0,"{""Negative"": 0.5721153846153846, ""Neutral"": 0.2937062937062937, ""Positive"": 0.6604774535809018}","[[119, 24, 63], [38, 42, 104], [53, 36, 249]]"
p0_B2_seed42,three_modality_masked_mean_concat_mlp,42,select,select:012:0.30:random:independent:1,0.554945054945055,0.4968652641047606,0.6726553640035319,0.4816568148097556,0.6824831692399559,0.47897095528198574,,,0.3167463590511638,724,0.16758241758241757,0.025461242869185222,1.0,"{""Negative"": 0.5523809523809524, ""Neutral"": 0.2846715328467153, ""Positive"": 0.6535433070866141}","[[116, 16, 74], [44, 39, 101], [54, 35, 249]]"
p0_B2_seed42,three_modality_masked_mean_concat_mlp,42,select,select:012:0.30:random:independent:2,0.5892857142857143,0.5383501566753993,0.6568495487123482,0.5081591172151909,0.6691384280233511,0.5043487176705779,,,0.31705028085974835,724,0.18681318681318682,0.02828463740820413,1.0,"{""Negative"": 0.5922330097087378, ""Neutral"": 0.3402777777777778, ""Positive"": 0.6825396825396826}","[[122, 20, 64], [39, 49, 96], [45, 35, 258]]"
p0_B2_seed42,three_modality_masked_mean_concat_mlp,42,select,select:012:0.50:random:independent:0,0.5494505494505495,0.49574546598741187,0.687870914433299,0.4581168928723523,0.6964473121103595,0.46099479874048094,,,0.5214278455584954,724,0.21016483516483517,0.03254852178868029,1.0,"{""Negative"": 0.5550239234449761, ""Neutral"": 0.27986348122866894, ""Positive"": 0.6523489932885906}","[[116, 30, 60], [39, 41, 104], [57, 38, 243]]"
p0_B2_seed42,three_modality_masked_mean_concat_mlp,42,select,select:012:0.50:random:independent:1,0.5357142857142857,0.47989388153035145,0.6899600716584086,0.45663966643809983,0.6941208931883531,0.4651364357387011,,,0.5211035116402414,724,0.19505494505494506,0.029446578418095032,1.0,"{""Negative"": 0.5307125307125307, ""Neutral"": 0.26440677966101694, ""Positive"": 0.6445623342175066}","[[108, 33, 65], [37, 39, 108], [56, 39, 243]]"
p0_B2_seed42,three_modality_masked_mean_concat_mlp,42,select,select:012:0.50:random:independent:2,0.5604395604395604,0.5094428195462403,0.6831398282779769,0.48162505139108336,0.6967231515324214,0.47701861627512054,,,0.5211950835022432,724,0.20604395604395603,0.028002339298515526,1.0,"{""Negative"": 0.5536992840095465, ""Neutral"": 0.30976430976430974, ""Positive"": 0.6648648648648648}","[[116, 24, 66], [48, 46, 90], [49, 43, 246]]"
p0_B2_seed42,three_modality_masked_mean_concat_mlp,42,clean,clean:clean,0.5755494505494505,0.517909391877884,0.6434926644826411,0.5317674778277062,0.6539816339295562,0.5280162812993041,,,0.020685516934361863,0,0.1662087912087912,0.02563715589092328,1.0,"{""Negative"": 0.5905707196029777, ""Neutral"": 0.2939068100358423, ""Positive"": 0.6692506459948321}","[[119, 22, 65], [31, 41, 112], [47, 32, 259]]"
p0_M1_seed42,bigru_binary_mask_gate_time_pool,42,select,select:0:0.10:random:independent:0,0.5824175824175825,0.530184350027692,0.6587584216466809,0.5014621736033417,0.6665898778649805,0.4989514096566582,,,0.056182048502401064,724,0.16895604395604397,0.014913105396107658,1.0,"{""Negative"": 0.5757575757575758, ""Neutral"": 0.3333333333333333, ""Positive"": 0.6814621409921671}","[[114, 26, 66], [34, 49, 101], [42, 35, 261]]"
p0_M1_seed42,bigru_binary_mask_gate_time_pool,42,select,select:0:0.10:random:independent:1,0.5769230769230769,0.5280598976060676,0.6594244812556675,0.4983911720101165,0.6651865863650628,0.5003562929745448,,,0.056182048502401064,724,0.18269230769230768,0.015864961047003884,1.0,"{""Negative"": 0.5655526992287918, ""Neutral"": 0.3432343234323432, ""Positive"": 0.675392670157068}","[[110, 30, 66], [30, 52, 102], [43, 37, 258]]"
p0_M1_seed42,bigru_binary_mask_gate_time_pool,42,select,select:0:0.10:random:independent:2,0.5714285714285714,0.5278058406172149,0.6573889022604695,0.4983803661475093,0.6649378577533823,0.49849298529647834,,,0.056182048502401064,724,0.20192307692307693,0.017650032010813662,1.0,"{""Negative"": 0.5743589743589743, ""Neutral"": 0.3450479233226837, ""Positive"": 0.6640106241699867}","[[112, 28, 66], [31, 54, 99], [41, 47, 250]]"
p0_M1_seed42,bigru_binary_mask_gate_time_pool,42,select,select:0:0.30:random:independent:0,0.5741758241758241,0.4983955149580998,0.6813790454700426,0.47163450696726206,0.6854503608185921,0.47062781141556514,,,0.12130579873272207,724,0.12637362637362637,0.009498325760834493,1.0,"{""Negative"": 0.5669291338582677, ""Neutral"": 0.24521072796934865, ""Positive"": 0.683046683046683}","[[108, 18, 80], [34, 32, 118], [33, 27, 278]]"
p0_M1_seed42,bigru_binary_mask_gate_time_pool,42,select,select:0:0.30:random:independent:1,0.5673076923076923,0.49317511407078557,0.6761359027228676,0.48789711008880154,0.6794645019530595,0.48891859128301857,,,0.12130579873272207,724,0.13598901098901098,0.010509539108092967,1.0,"{""Negative"": 0.544, ""Neutral"": 0.25660377358490566, ""Positive"": 0.678921568627451}","[[102, 23, 81], [30, 34, 120], [37, 24, 277]]"
p0_M1_seed42,bigru_binary_mask_gate_time_pool,42,select,select:0:0.30:random:independent:2,0.5645604395604396,0.4959637956500114,0.6828164449380322,0.45149837224068706,0.687625653581223,0.4545243645202194,,,0.12130579873272207,724,0.12912087912087913,0.011589993244524187,1.0,"{""Negative"": 0.5463917525773195, ""Neutral"": 0.2706766917293233, ""Positive"": 0.6708229426433915}","[[106, 22, 78], [31, 36, 117], [45, 24, 269]]"
p0_M1_seed42,bigru_binary_mask_gate_time_pool,42,select,select:0:0.50:random:independent:0,0.5425824175824175,0.4526506899055918,0.7027004928552352,0.4186554210743843,0.705355217352837,0.42019035323253484,,,0.1909987908537763,724,0.10714285714285714,0.00780577283748886,1.0,"{""Negative"": 0.5291005291005291, ""Neutral"": 0.17647058823529413, ""Positive"": 0.6523809523809524}","[[100, 14, 92], [27, 21, 136], [45, 19, 274]]"
p0_M1_seed42,bigru_binary_mask_gate_time_pool,42,select,select:0:0.50:random:independent:1,0.5384615384615384,0.4513660208095363,0.7186164796095628,0.37684173346866295,0.7214531066858179,0.3781549090942217,,,0.1909987908537763,724,0.10851648351648352,0.008918274905770034,1.0,"{""Negative"": 0.5117493472584856, ""Neutral"": 0.19246861924686193, ""Positive"": 0.6498800959232613}","[[98, 10, 98], [34, 23, 127], [45, 22, 271]]"
p0_M1_seed42,bigru_binary_mask_gate_time_pool,42,select,select:0:0.50:random:independent:2,0.5274725274725275,0.43274010974893046,0.7119744567072162,0.4032152454813138,0.7129992798513191,0.4086008691107148,,,0.1909987908537763,724,0.10027472527472528,0.007086525173902838,1.0,"{""Negative"": 0.4715447154471545, ""Neutral"": 0.17573221757322174, ""Positive"": 0.6509433962264151}","[[87, 17, 102], [31, 21, 132], [45, 17, 276]]"
p0_M1_seed42,bigru_binary_mask_gate_time_pool,42,select,select:1:0.10:random:independent:0,0.5796703296703297,0.5441540650685042,0.6463899901015828,0.5220826125116197,0.6541396306807196,0.5214943530413367,,,0.056143892214244775,724,0.21565934065934067,0.020786450678986178,1.0,"{""Negative"": 0.581151832460733, ""Neutral"": 0.3855421686746988, ""Positive"": 0.6657681940700808}","[[111, 31, 64], [27, 64, 93], [38, 53, 247]]"
p0_M1_seed42,bigru_binary_mask_gate_time_pool,42,select,select:1:0.10:random:independent:1,0.5851648351648352,0.5489338731443995,0.6471534581667938,0.5221145039873795,0.655274362021873,0.5215868162136255,,,0.056143892214244775,724,0.2087912087912088,0.01983126534334087,1.0,"{""Negative"": 0.5897435897435898, ""Neutral"": 0.38769230769230767, ""Positive"": 0.6693657219973009}","[[115, 30, 61], [27, 63, 94], [42, 48, 248]]"
p0_M1_seed42,bigru_binary_mask_gate_time_pool,42,select,select:1:0.10:random:independent:2,0.5837912087912088,0.5454177575863354,0.6460193873589675,0.523134203019148,0.6539802359529658,0.5221523798179617,,,0.056143892214244775,724,0.2184065934065934,0.020351136323785064,1.0,"{""Negative"": 0.5848563968668408, ""Neutral"": 0.37575757575757573, ""Positive"": 0.6756393001345895}","[[112, 34, 60], [28, 62, 94], [37, 50, 251]]"
p0_M1_seed42,bigru_binary_mask_gate_time_pool,42,select,select:1:0.30:random:independent:0,0.5851648351648352,0.5496809567892451,0.6485960330320092,0.5274745917366567,0.6562930600267354,0.5258847535830568,,,0.12118179079621412,724,0.2239010989010989,0.020637274085722124,1.0,"{""Negative"": 0.5918367346938775, ""Neutral"": 0.38323353293413176, ""Positive"": 0.673972602739726}","[[116, 33, 57], [31, 64, 89], [39, 53, 246]]"
p0_M1_seed42,bigru_binary_mask_gate_time_pool,42,select,select:1:0.30:random:independent:1,0.5961538461538461,0.5603428196546758,0.6438007262553078,0.5321911353639579,0.6537383347186823,0.5297626669283382,,,0.12118179079621412,724,0.2184065934065934,0.021149922100430006,1.0,"{""Negative"": 0.6010362694300518, ""Neutral"": 0.39520958083832336, ""Positive"": 0.6847826086956522}","[[116, 33, 57], [29, 66, 89], [35, 51, 252]]"
p0_M1_seed42,bigru_binary_mask_gate_time_pool,42,select,select:1:0.30:random:independent:2,0.5989010989010989,0.5651152520077409,0.6461412724113071,0.5292750861731597,0.6550650922376867,0.5278551288799657,,,0.12118179079621412,724,0.2184065934065934,0.02167311599097409,1.0,"{""Negative"": 0.5979381443298969, ""Neutral"": 0.4144144144144144, ""Positive"": 0.6829931972789116}","[[116, 32, 58], [27, 69, 88], [39, 48, 251]]"
p0_M1_seed42,bigru_binary_mask_gate_time_pool,42,select,select:1:0.50:random:independent:0,0.5989010989010989,0.567415976532729,0.6432169792395863,0.5365615243894659,0.6536302394028958,0.5329191208771266,,,0.19077939219687765,724,0.23214285714285715,0.023826479744804754,1.0,"{""Negative"": 0.6066838046272494, ""Neutral"": 0.41040462427745666, ""Positive"": 0.6851595006934813}","[[118, 37, 51], [28, 71, 85], [37, 54, 247]]"
p0_M1_seed42,bigru_binary_mask_gate_time_pool,42,select,select:1:0.50:random:independent:1,0.5934065934065934,0.5589804338068274,0.6465380398615211,0.5338177537679653,0.655568641620678,0.5318221781629442,,,0.19077939219687765,724,0.21978021978021978,0.021645300099155402,1.0,"{""Negative"": 0.59846547314578, ""Neutral"": 0.3952802359882006, ""Positive"": 0.6831955922865014}","[[117, 36, 53], [30, 67, 87], [38, 52, 248]]"
p0_M1_seed42,bigru_binary_mask_gate_time_pool,42,select,select:1:0.50:random:independent:2,0.5947802197802198,0.5601146403408028,0.6435606495652143,0.5410560230900435,0.6513677139889326,0.5388822217696374,,,0.19077939219687765,724,0.22802197802197802,0.022043593916362455,1.0,"{""Negative"": 0.6066838046272494, ""Neutral"": 0.3905325443786982, ""Positive"": 0.6831275720164609}","[[118, 34, 54], [30, 66, 88], [35, 54, 249]]"
p0_M1_seed42,bigru_binary_mask_gate_time_pool,42,select,select:2:0.10:random:independent:0,0.5961538461538461,0.5587083523017506,0.6448637606617023,0.5243256462660703,0.6543292298984642,0.5219154791861977,,,0.05471828184470957,703,0.20741758241758243,0.019591928288054006,1.0,"{""Negative"": 0.599483204134367, ""Neutral"": 0.39384615384615385, ""Positive"": 0.6827956989247311}","[[116, 30, 60], [28, 64, 92], [37, 47, 254]]"
p0_M1_seed42,bigru_binary_mask_gate_time_pool,42,select,select:2:0.10:random:independent:1,0.5975274725274725,0.5604560296662037,0.6443644640790482,0.5220388918763404,0.6545823119314653,0.5197546139424359,,,0.054688334898890016,703,0.21016483516483517,0.019701137550772876,1.0,"{""Negative"": 0.5974025974025974, ""Neutral"": 0.4012345679012346, ""Positive"": 0.6827309236947792}","[[115, 29, 62], [27, 65, 92], [37, 46, 255]]"
p0_M1_seed42,bigru_binary_mask_gate_time_pool,42,select,select:2:0.10:random:independent:2,0.5906593406593407,0.5524614391374559,0.645319007879512,0.5242082247855712,0.6542214484537369,0.521792216270212,,,0.05481930502759008,703,0.2087912087912088,0.019289237588513027,1.0,"{""Negative"": 0.5948717948717949, ""Neutral"": 0.38509316770186336, ""Positive"": 0.6774193548387096}","[[116, 29, 61], [29, 62, 93], [39, 47, 252]]"
p0_M1_seed42,bigru_binary_mask_gate_time_pool,42,select,select:2:0.30:random:independent:0,0.5934065934065934,0.5526351733929097,0.6454509239388855,0.5282766858197188,0.653998741092017,0.5250243703329173,,,0.11537182825966232,703,0.19505494505494506,0.017062641083866688,1.0,"{""Negative"": 0.596401028277635, ""Neutral"": 0.379746835443038, ""Positive"": 0.681757656458056}","[[116, 28, 62], [29, 60, 95], [38, 44, 256]]"
p0_M1_seed42,bigru_binary_mask_gate_time_pool,42,select,select:2:0.30:random:independent:1,0.5975274725274725,0.5594068882898761,0.6434451637507713,0.5301760401110841,0.6531066832715994,0.5272095524327014,,,0.11628030776814742,703,0.20741758241758243,0.01831407023996606,1.0,"{""Negative"": 0.5984251968503937, ""Neutral"": 0.39628482972136225, ""Positive"": 0.6835106382978723}","[[114, 29, 63], [26, 64, 94], [35, 46, 257]]"
p0_M1_seed42,bigru_binary_mask_gate_time_pool,42,select,select:2:0.30:random:independent:2,0.5892857142857143,0.5487802200177224,0.6451610455593728,0.527127165009804,0.6536593852963831,0.5243576093399477,,,0.11578318848929205,703,0.19917582417582416,0.017964227329743104,1.0,"{""Negative"": 0.5979381443298969, ""Neutral"": 0.3710691823899371, ""Positive"": 0.6773333333333333}","[[116, 29, 61], [28, 59, 97], [38, 46, 254]]"
p0_M1_seed42,bigru_binary_mask_gate_time_pool,42,select,select:2:0.50:random:independent:0,0.5851648351648352,0.5454225106145532,0.6456341594290192,0.5335120508112129,0.6533262407519742,0.5316776273297604,,,0.18051985710310411,703,0.20604395604395603,0.018197056688990566,1.0,"{""Negative"": 0.5891472868217055, ""Neutral"": 0.3715170278637771, ""Positive"": 0.675603217158177}","[[114, 32, 60], [28, 60, 96], [39, 47, 252]]"
p0_M1_seed42,bigru_binary_mask_gate_time_pool,42,select,select:2:0.50:random:independent:1,0.5934065934065934,0.5535062643956422,0.6452120394696246,0.5308037425190756,0.653308615124283,0.5288912005401634,,,0.18035659556840442,703,0.20467032967032966,0.01866711376023653,1.0,"{""Negative"": 0.5916230366492147, ""Neutral"": 0.3862928348909657, ""Positive"": 0.6826029216467463}","[[113, 31, 62], [26, 62, 96], [37, 44, 257]]"
p0_M1_seed42,bigru_binary_mask_gate_time_pool,42,select,select:2:0.50:random:independent:2,0.592032967032967,0.5533810986023403,0.6464295995367751,0.5280496601439054,0.6538750475149725,0.5267965014129791,,,0.18067481495681129,703,0.20467032967032966,0.018485223531608398,1.0,"{""Negative"": 0.5968586387434555, ""Neutral"": 0.38509316770186336, ""Positive"": 0.6781914893617021}","[[114, 31, 61], [24, 62, 98], [38, 45, 255]]"
p0_M1_seed42,bigru_binary_mask_gate_time_pool,42,select,select:01:0.10:random:independent:0,0.5714285714285714,0.5166654182800706,0.6582862176466282,0.5028286184901455,0.6630208706739102,0.5057020394263025,,,0.09164042378228397,724,0.17307692307692307,0.014660721555917145,1.0,"{""Negative"": 0.5647668393782384, ""Neutral"": 0.3108108108108108, ""Positive"": 0.6744186046511628}","[[109, 27, 70], [33, 46, 105], [38, 39, 261]]"
p0_M1_seed42,bigru_binary_mask_gate_time_pool,42,select,select:01:0.10:random:independent:1,0.5837912087912088,0.5329924388007167,0.6556168804001022,0.5110687689976381,0.6618965007927637,0.5091632992709759,,,0.09164042378228397,724,0.17445054945054944,0.01401950134203493,1.0,"{""Negative"": 0.5774278215223098, ""Neutral"": 0.3411371237458194, ""Positive"": 0.6804123711340206}","[[110, 29, 67], [26, 51, 107], [39, 35, 264]]"
p0_M1_seed42,bigru_binary_mask_gate_time_pool,42,select,select:01:0.10:random:independent:2,0.5741758241758241,0.5303660671788945,0.6577856614957799,0.5028046659500134,0.6635523410821027,0.5039261991098598,,,0.09164042378228397,724,0.18818681318681318,0.016644477803775898,1.0,"{""Negative"": 0.59375, ""Neutral"": 0.33766233766233766, ""Positive"": 0.6596858638743456}","[[114, 26, 66], [24, 52, 108], [40, 46, 252]]"
p0_M1_seed42,bigru_binary_mask_gate_time_pool,42,select,select:01:0.30:random:independent:0,0.5631868131868132,0.4908271144278607,0.6713449079008383,0.4924041881046073,0.6742078211045937,0.49249578491360707,,,0.22180207259457435,724,0.1304945054945055,0.010547980256796211,1.0,"{""Negative"": 0.5520833333333334, ""Neutral"": 0.2462686567164179, ""Positive"": 0.6741293532338308}","[[106, 17, 83], [39, 33, 112], [33, 34, 271]]"
p0_M1_seed42,bigru_binary_mask_gate_time_pool,42,select,select:01:0.30:random:independent:1,0.5714285714285714,0.49824647221063795,0.6740614371895299,0.4722221971722613,0.6783925884628443,0.47534026122076406,,,0.22180207259457435,724,0.12637362637362637,0.012317223793980512,1.0,"{""Negative"": 0.5585106382978723, ""Neutral"": 0.2556390977443609, ""Positive"": 0.6805896805896806}","[[105, 24, 77], [28, 34, 122], [37, 24, 277]]"
p0_M1_seed42,bigru_binary_mask_gate_time_pool,42,select,select:01:0.30:random:independent:2,0.5631868131868132,0.49536227315942744,0.6806148140878222,0.46196680533736884,0.6829157439674568,0.4683725711881071,,,0.22180207259457435,724,0.14697802197802198,0.010826777371420309,1.0,"{""Negative"": 0.5435356200527705, ""Neutral"": 0.27007299270072993, ""Positive"": 0.6724782067247821}","[[103, 27, 76], [28, 37, 119], [42, 26, 270]]"
p0_M1_seed42,bigru_binary_mask_gate_time_pool,42,select,select:01:0.50:random:independent:0,0.5357142857142857,0.43784886834325903,0.6967926363830138,0.43800305785486776,0.7000310454302683,0.4369870337516279,,,0.36109266611629226,724,0.11263736263736264,0.007780221227171657,1.0,"{""Negative"": 0.4861878453038674, ""Neutral"": 0.1646090534979424, ""Positive"": 0.6627497062279671}","[[88, 20, 98], [31, 20, 133], [37, 19, 282]]"
p0_M1_seed42,bigru_binary_mask_gate_time_pool,42,select,select:01:0.50:random:independent:1,0.5494505494505495,0.46303151818941296,0.6951279131482592,0.4293796123767955,0.6984064292653904,0.42872271416323376,,,0.36109266611629226,724,0.1043956043956044,0.008112630485423974,1.0,"{""Negative"": 0.49066666666666664, ""Neutral"": 0.22857142857142856, ""Positive"": 0.6698564593301436}","[[92, 17, 97], [35, 28, 121], [42, 16, 280]]"
p0_M1_seed42,bigru_binary_mask_gate_time_pool,42,select,select:01:0.50:random:independent:2,0.5288461538461539,0.44078346836922283,0.7087796764682325,0.4159756537729831,0.7108199458676748,0.41552399049172284,,,0.36109266611629226,724,0.1304945054945055,0.008623403135138553,1.0,"{""Negative"": 0.47956403269754766, ""Neutral"": 0.19123505976095617, ""Positive"": 0.6515513126491647}","[[88, 20, 98], [31, 24, 129], [42, 23, 273]]"
p0_M1_seed42,bigru_binary_mask_gate_time_pool,42,select,select:02:0.10:random:independent:0,0.5824175824175825,0.5311123179352965,0.6604754111713761,0.5039676626698739,0.666625776149046,0.5043440368260239,,,0.09025892452344063,724,0.1717032967032967,0.01431321794610921,1.0,"{""Negative"": 0.5854922279792746, ""Neutral"": 0.32996632996632996, ""Positive"": 0.6778783958602846}","[[113, 27, 66], [28, 49, 107], [39, 37, 262]]"
p0_M1_seed42,bigru_binary_mask_gate_time_pool,42,select,select:02:0.10:random:independent:1,0.5851648351648352,0.5331526254857913,0.6611921622968636,0.49895803536165534,0.6680277863589044,0.50077491083197,,,0.09020706469477802,724,0.17307692307692307,0.01609574355554286,1.0,"{""Negative"": 0.5661375661375662, ""Neutral"": 0.34782608695652173, ""Positive"": 0.6854942233632862}","[[107, 28, 71], [29, 52, 103], [36, 35, 267]]"
p0_M1_seed42,bigru_binary_mask_gate_time_pool,42,select,select:02:0.10:random:independent:2,0.5975274725274725,0.5529533334343447,0.6530245201546822,0.512923735278235,0.6605152677601347,0.5117568668485288,,,0.09022829257477709,724,0.18543956043956045,0.01624316221232434,1.0,"{""Negative"": 0.6005221932114883, ""Neutral"": 0.37254901960784315, ""Positive"": 0.6857887874837028}","[[115, 26, 65], [26, 57, 101], [36, 39, 263]]"
p0_M1_seed42,bigru_binary_mask_gate_time_pool,42,select,select:02:0.30:random:independent:0,0.5645604395604396,0.48542507814412855,0.6739630975372516,0.4878610802202925,0.6788424647075462,0.48770163228131014,,,0.21662896826569322,724,0.11950549450549451,0.010744718847792227,1.0,"{""Negative"": 0.5372340425531915, ""Neutral"": 0.23938223938223938, ""Positive"": 0.679658952496955}","[[101, 19, 86], [35, 31, 118], [34, 25, 279]]"
p0_M1_seed42,bigru_binary_mask_gate_time_pool,42,select,select:02:0.30:random:independent:1,0.5714285714285714,0.496978765761233,0.6877991589029084,0.4548592106427683,0.6913118046084112,0.4569855772326003,,,0.2163273861362854,724,0.11538461538461539,0.00982221369525561,1.0,"{""Negative"": 0.5504087193460491, ""Neutral"": 0.26666666666666666, ""Positive"": 0.6738609112709832}","[[101, 15, 90], [25, 34, 125], [35, 22, 281]]"
p0_M1_seed42,bigru_binary_mask_gate_time_pool,42,select,select:02:0.30:random:independent:2,0.5467032967032966,0.4639490312447827,0.6789771677162375,0.4842560245683931,0.6811767679864316,0.4864628828000641,,,0.21614375377087763,724,0.11538461538461539,0.009968431060818525,1.0,"{""Negative"": 0.5268817204301075, ""Neutral"": 0.2047244094488189, ""Positive"": 0.6602409638554216}","[[98, 21, 87], [27, 26, 131], [41, 23, 274]]"
p0_M1_seed42,bigru_binary_mask_gate_time_pool,42,select,select:02:0.50:random:independent:0,0.5398351648351648,0.4329010069265389,0.7190209141714725,0.38061845847486875,0.7207582348568754,0.37965095315166186,,,0.3507859006961929,724,0.09065934065934066,0.005134810896872819,1.0,"{""Negative"": 0.4623955431754875, ""Neutral"": 0.17040358744394618, ""Positive"": 0.665903890160183}","[[83, 11, 112], [32, 19, 133], [38, 9, 291]]"
p0_M1_seed42,bigru_binary_mask_gate_time_pool,42,select,select:02:0.50:random:independent:1,0.5357142857142857,0.42488304377111435,0.7111681389104206,0.3839915823014998,0.7135995700853047,0.3839586880151169,,,0.35119532701886813,724,0.08928571428571429,0.006404270060737054,1.0,"{""Negative"": 0.47126436781609193, ""Neutral"": 0.14349775784753363, ""Positive"": 0.6598870056497175}","[[82, 13, 111], [24, 16, 144], [36, 10, 292]]"
p0_M1_seed42,bigru_binary_mask_gate_time_pool,42,select,select:02:0.50:random:independent:2,0.5425824175824175,0.44187609585037996,0.7145493204089557,0.39528493327639946,0.715759464227441,0.3993006274139556,,,0.35125174458983455,724,0.0989010989010989,0.006705147434754686,1.0,"{""Negative"": 0.480225988700565, ""Neutral"": 0.1810344827586207, ""Positive"": 0.664367816091954}","[[85, 13, 108], [28, 21, 135], [35, 14, 289]]"
p0_M1_seed42,bigru_binary_mask_gate_time_pool,42,select,select:12:0.10:random:independent:0,0.5961538461538461,0.5581052822506218,0.6432545446785187,0.5277156491768404,0.6537421864385788,0.5236897577585483,,,0.09011852407557222,724,0.21153846153846154,0.020320206939658293,1.0,"{""Negative"": 0.6041666666666666, ""Neutral"": 0.38650306748466257, ""Positive"": 0.6836461126005362}","[[116, 32, 58], [26, 63, 95], [36, 47, 255]]"
p0_M1_seed42,bigru_binary_mask_gate_time_pool,42,select,select:12:0.10:random:independent:1,0.5947802197802198,0.5584675131453236,0.6438712844505088,0.5265008593923346,0.6530686786224308,0.5244430237996835,,,0.09019592878213162,724,0.21703296703296704,0.02077080315532429,1.0,"{""Negative"": 0.59375, ""Neutral"": 0.3987915407854985, ""Positive"": 0.6828609986504723}","[[114, 33, 59], [27, 66, 91], [37, 48, 253]]"
p0_M1_seed42,bigru_binary_mask_gate_time_pool,42,select,select:12:0.10:random:independent:2,0.5961538461538461,0.5589441680976033,0.6446178615894291,0.5246846202932381,0.654182909926461,0.5233158425451236,,,0.09018448391793114,724,0.21565934065934067,0.020096229236270042,1.0,"{""Negative"": 0.5958549222797928, ""Neutral"": 0.39634146341463417, ""Positive"": 0.6846361185983828}","[[115, 33, 58], [27, 65, 92], [38, 46, 254]]"
p0_M1_seed42,bigru_binary_mask_gate_time_pool,42,select,select:12:0.30:random:independent:0,0.5906593406593407,0.5535913761958933,0.6446576457369213,0.5394069915685562,0.652563167858746,0.5379194223579209,,,0.21577850944764493,724,0.21703296703296704,0.019885819883079643,1.0,"{""Negative"": 0.5876288659793815, ""Neutral"": 0.38922155688622756, ""Positive"": 0.6839237057220708}","[[114, 38, 54], [28, 65, 91], [40, 47, 251]]"
p0_M1_seed42,bigru_binary_mask_gate_time_pool,42,select,select:12:0.30:random:independent:1,0.5961538461538461,0.5572185806855618,0.6426152422806473,0.5400971011057255,0.6509760967404633,0.5382531770170761,,,0.2160189805783876,724,0.20467032967032966,0.01926989525698207,1.0,"{""Negative"": 0.59375, ""Neutral"": 0.3878787878787879, ""Positive"": 0.6900269541778976}","[[114, 38, 54], [26, 64, 94], [38, 44, 256]]"
p0_M1_seed42,bigru_binary_mask_gate_time_pool,42,select,select:12:0.30:random:independent:2,0.5975274725274725,0.5586094050380039,0.6418726571689513,0.53605890557217,0.6509748908107752,0.53380825888127,,,0.21623765565574107,724,0.2087912087912088,0.018775438669364857,1.0,"{""Negative"": 0.609375, ""Neutral"": 0.37920489296636084, ""Positive"": 0.687248322147651}","[[117, 33, 56], [27, 62, 95], [34, 48, 256]]"
p0_M1_seed42,bigru_binary_mask_gate_time_pool,42,select,select:12:0.50:random:independent:0,0.592032967032967,0.5567512455801994,0.6428105249111469,0.5429916618539234,0.6512665229869986,0.5399235825593879,,,0.3507132531656354,724,0.22527472527472528,0.02095435474479755,1.0,"{""Negative"": 0.5989583333333334, ""Neutral"": 0.38823529411764707, ""Positive"": 0.6830601092896175}","[[115, 38, 53], [27, 66, 91], [36, 52, 250]]"
p0_M1_seed42,bigru_binary_mask_gate_time_pool,42,select,select:12:0.50:random:independent:1,0.5879120879120879,0.550886450739517,0.6456677254064234,0.5401631379962062,0.6529669121910746,0.5375799554463694,,,0.3507343430875613,724,0.2184065934065934,0.019897381311753292,1.0,"{""Negative"": 0.5958549222797928, ""Neutral"": 0.3783783783783784, ""Positive"": 0.6784260515603799}","[[115, 34, 57], [29, 63, 92], [36, 52, 250]]"
p0_M1_seed42,bigru_binary_mask_gate_time_pool,42,select,select:12:0.50:random:independent:2,0.592032967032967,0.5600987812530868,0.6426949055458818,0.542823836123656,0.6502915354046438,0.5431318434285473,,,0.3509549248224926,724,0.23076923076923078,0.021582669424052747,1.0,"{""Negative"": 0.5968586387434555, ""Neutral"": 0.4057971014492754, ""Positive"": 0.6776406035665294}","[[114, 37, 55], [25, 70, 89], [37, 54, 247]]"
p0_M1_seed42,bigru_binary_mask_gate_time_pool,42,select,select:012:0.10:random:independent:0,0.5851648351648352,0.5300638117779477,0.6555483773695898,0.5061562972259936,0.6614177966091249,0.5086022978322197,,,0.12558993973665408,724,0.16758241758241757,0.014886035010799931,1.0,"{""Negative"": 0.5766233766233766, ""Neutral"": 0.3254237288135593, ""Positive"": 0.6881443298969072}","[[111, 28, 67], [32, 48, 104], [36, 35, 267]]"
p0_M1_seed42,bigru_binary_mask_gate_time_pool,42,select,select:012:0.10:random:independent:1,0.5824175824175825,0.5349523781582309,0.6587548241071404,0.4979363887634164,0.6666580890202997,0.4966803426584934,,,0.12571082327220762,724,0.18269230769230768,0.01618698897998739,1.0,"{""Negative"": 0.5692307692307692, ""Neutral"": 0.3576158940397351, ""Positive"": 0.6780104712041884}","[[111, 29, 66], [29, 54, 101], [44, 35, 259]]"
p0_M1_seed42,bigru_binary_mask_gate_time_pool,42,select,select:012:0.10:random:independent:2,0.5934065934065934,0.5491150754893915,0.6567036101439252,0.5067425269001472,0.6643638511822856,0.5067431871123816,,,0.1256004676726215,724,0.18269230769230768,0.015738914427652465,1.0,"{""Negative"": 0.596401028277635, ""Neutral"": 0.37209302325581395, ""Positive"": 0.6788511749347258}","[[116, 22, 68], [28, 56, 100], [39, 39, 260]]"
p0_M1_seed42,bigru_binary_mask_gate_time_pool,42,select,select:012:0.30:random:independent:0,0.5618131868131868,0.4940473202063105,0.6792421172969371,0.47942632743414415,0.6845996769754072,0.47918953757077476,,,0.3162180586060894,724,0.12912087912087913,0.010714359758020592,1.0,"{""Negative"": 0.5308310991957105, ""Neutral"": 0.2846441947565543, ""Positive"": 0.6666666666666666}","[[99, 21, 86], [26, 38, 120], [42, 24, 272]]"
p0_M1_seed42,bigru_binary_mask_gate_time_pool,42,select,select:012:0.30:random:independent:1,0.554945054945055,0.48293981995313845,0.6745933278642431,0.4855477470036225,0.6785490526971254,0.48549854501370093,,,0.3167463590511638,724,0.13324175824175824,0.010540799727651116,1.0,"{""Negative"": 0.528, ""Neutral"": 0.25660377358490566, ""Positive"": 0.6642156862745098}","[[99, 22, 85], [28, 34, 122], [42, 25, 271]]"
p0_M1_seed42,bigru_binary_mask_gate_time_pool,42,select,select:012:0.30:random:independent:2,0.5810439560439561,0.5134948733636935,0.6707015100649835,0.49376430218327305,0.6741260784923785,0.49621292901652503,,,0.31705028085974835,724,0.13736263736263737,0.01129647532012109,1.0,"{""Negative"": 0.5646437994722955, ""Neutral"": 0.291044776119403, ""Positive"": 0.6847960444993819}","[[107, 20, 79], [30, 39, 115], [36, 25, 277]]"
p0_M1_seed42,bigru_binary_mask_gate_time_pool,42,select,select:012:0.50:random:independent:0,0.5521978021978022,0.45801285970275113,0.6957579121255572,0.4529432603100053,0.6983048677582622,0.4515944688689994,,,0.5214278455584954,724,0.11126373626373626,0.007275115632994488,1.0,"{""Negative"": 0.5027932960893855, ""Neutral"": 0.192, ""Positive"": 0.6792452830188679}","[[90, 25, 91], [29, 24, 131], [33, 17, 288]]"
p0_M1_seed42,bigru_binary_mask_gate_time_pool,42,select,select:012:0.50:random:independent:1,0.5439560439560439,0.4639494487188626,0.6967544330099782,0.45789878362176056,0.700040411930736,0.45941271759173696,,,0.5211035116402414,724,0.12225274725274725,0.009208623236139397,1.0,"{""Negative"": 0.4735376044568245, ""Neutral"": 0.2548262548262548, ""Positive"": 0.6634844868735084}","[[85, 23, 98], [27, 33, 124], [41, 19, 278]]"
p0_M1_seed42,bigru_binary_mask_gate_time_pool,42,select,select:012:0.50:random:independent:2,0.5563186813186813,0.47706834239177826,0.6972302633661491,0.4544044103747606,0.699845733463887,0.4586297461965084,,,0.5211950835022432,724,0.12362637362637363,0.00995962965590777,1.0,"{""Negative"": 0.5203252032520326, ""Neutral"": 0.23938223938223938, ""Positive"": 0.6714975845410628}","[[96, 21, 89], [30, 31, 123], [37, 23, 278]]"
p0_M1_seed42,bigru_binary_mask_gate_time_pool,42,clean,clean:clean,0.5851648351648352,0.5473716125373519,0.6469999732371543,0.5204766726326606,0.6548981696704996,0.5199545528349327,,,0.020685516934361863,0,0.2129120879120879,0.019752804837949,1.0,"{""Negative"": 0.5876288659793815, ""Neutral"": 0.38153846153846155, ""Positive"": 0.6729475100942126}","[[114, 30, 62], [29, 62, 93], [39, 49, 250]]"
p0_M1_CEMSE_seed42,bigru_binary_mask_gate_time_pool,42,select,select:0:0.10:random:independent:0,0.5810439560439561,0.5267445608567823,0.6695558009404075,0.48917408465979306,0.677775213500014,0.4864229279567979,,,0.056182048502401064,724,0.19642857142857142,0.01774521157721078,1.0,"{""Negative"": 0.5678391959798995, ""Neutral"": 0.32653061224489793, ""Positive"": 0.6858638743455497}","[[113, 28, 65], [37, 48, 99], [42, 34, 262]]"
p0_M1_CEMSE_seed42,bigru_binary_mask_gate_time_pool,42,select,select:0:0.10:random:independent:1,0.5686813186813187,0.5155294376036484,0.6694531776843735,0.48982150037600447,0.6769257324727272,0.4908249819713314,,,0.056182048502401064,724,0.2032967032967033,0.018937012417958334,1.0,"{""Negative"": 0.5524296675191815, ""Neutral"": 0.31788079470198677, ""Positive"": 0.6762778505897772}","[[108, 34, 64], [33, 48, 103], [44, 36, 258]]"
p0_M1_CEMSE_seed42,bigru_binary_mask_gate_time_pool,42,select,select:0:0.10:random:independent:2,0.570054945054945,0.5176122617704061,0.6688167712777771,0.48872412169133345,0.6770475508317679,0.4840638453464461,,,0.056182048502401064,724,0.21016483516483517,0.01897569301473079,1.0,"{""Negative"": 0.5656565656565656, ""Neutral"": 0.31438127090301005, ""Positive"": 0.6727989487516426}","[[112, 27, 67], [37, 47, 100], [41, 41, 256]]"
p0_M1_CEMSE_seed42,bigru_binary_mask_gate_time_pool,42,select,select:0:0.30:random:independent:0,0.5563186813186813,0.4837467406154164,0.6934511463014102,0.4457997023531042,0.6974919582486848,0.4463628841439189,,,0.12130579873272207,724,0.13873626373626374,0.011973608392665347,1.0,"{""Negative"": 0.5505050505050505, ""Neutral"": 0.23574144486692014, ""Positive"": 0.6649937264742786}","[[109, 19, 78], [37, 31, 116], [44, 29, 265]]"
p0_M1_CEMSE_seed42,bigru_binary_mask_gate_time_pool,42,select,select:0:0.30:random:independent:1,0.5563186813186813,0.48117271991990673,0.6889688287969556,0.46617796646203025,0.691424237364637,0.4683319142290802,,,0.12130579873272207,724,0.13736263736263737,0.010739501198209248,1.0,"{""Negative"": 0.5357142857142857, ""Neutral"": 0.24031007751937986, ""Positive"": 0.6674937965260546}","[[105, 22, 79], [33, 31, 120], [48, 21, 269]]"
p0_M1_CEMSE_seed42,bigru_binary_mask_gate_time_pool,42,select,select:0:0.30:random:independent:2,0.5576923076923077,0.48260242802988107,0.6923007553310266,0.4365048104081462,0.6967572938794127,0.4345759776644679,,,0.12130579873272207,724,0.13324175824175824,0.011614930392220455,1.0,"{""Negative"": 0.5363408521303258, ""Neutral"": 0.24313725490196078, ""Positive"": 0.6683291770573566}","[[107, 17, 82], [39, 31, 114], [47, 23, 268]]"
p0_M1_CEMSE_seed42,bigru_binary_mask_gate_time_pool,42,select,select:0:0.50:random:independent:0,0.5370879120879121,0.44883776977019263,0.7105854698866196,0.39515596770024647,0.7151153580654044,0.3930812196233431,,,0.1909987908537763,724,0.11401098901098901,0.009438995699928357,1.0,"{""Negative"": 0.5310173697270472, ""Neutral"": 0.17316017316017315, ""Positive"": 0.6423357664233577}","[[107, 9, 90], [34, 20, 130], [56, 18, 264]]"
p0_M1_CEMSE_seed42,bigru_binary_mask_gate_time_pool,42,select,select:0:0.50:random:independent:1,0.5192307692307693,0.4369999799472916,0.727288167200086,0.35958620403344427,0.732173490893239,0.35661693057948224,,,0.1909987908537763,724,0.11263736263736264,0.01006695233542513,1.0,"{""Negative"": 0.5084745762711864, ""Neutral"": 0.17721518987341772, ""Positive"": 0.6253101736972705}","[[105, 8, 93], [40, 21, 123], [62, 24, 252]]"
p0_M1_CEMSE_seed42,bigru_binary_mask_gate_time_pool,42,select,select:0:0.50:random:independent:2,0.5247252747252747,0.43833595322798596,0.7167768465628581,0.39060813751725876,0.720638569771916,0.3904906529037985,,,0.1909987908537763,724,0.10714285714285714,0.008946117001616365,1.0,"{""Negative"": 0.48081841432225064, ""Neutral"": 0.1940928270042194, ""Positive"": 0.6400966183574879}","[[94, 14, 98], [34, 23, 127], [57, 16, 265]]"
p0_M1_CEMSE_seed42,bigru_binary_mask_gate_time_pool,42,select,select:1:0.10:random:independent:0,0.5824175824175825,0.5418657399538479,0.6587950834687185,0.5137705841387964,0.6670578225045004,0.5132844109466849,,,0.056143892214244775,724,0.2239010989010989,0.023260994798534516,1.0,"{""Negative"": 0.5933503836317136, ""Neutral"": 0.3547400611620795, ""Positive"": 0.6775067750677507}","[[116, 36, 54], [30, 58, 96], [39, 49, 250]]"
p0_M1_CEMSE_seed42,bigru_binary_mask_gate_time_pool,42,select,select:1:0.10:random:independent:1,0.5782967032967034,0.5366770179270179,0.6611506567512486,0.5114339494091231,0.6681855120389097,0.51250794682627,,,0.056143892214244775,724,0.21016483516483517,0.022058004606899977,1.0,"{""Negative"": 0.5808080808080808, ""Neutral"": 0.35625, ""Positive"": 0.672972972972973}","[[115, 35, 56], [30, 57, 97], [45, 44, 249]]"
p0_M1_CEMSE_seed42,bigru_binary_mask_gate_time_pool,42,select,select:1:0.10:random:independent:2,0.5837912087912088,0.543893099808809,0.6588821900226012,0.5129266774544591,0.667285539122851,0.5144260454328968,,,0.056143892214244775,724,0.22527472527472528,0.02327949036896884,1.0,"{""Negative"": 0.5861182519280206, ""Neutral"": 0.36809815950920244, ""Positive"": 0.6774628879892037}","[[114, 35, 57], [29, 60, 95], [40, 47, 251]]"
p0_M1_CEMSE_seed42,bigru_binary_mask_gate_time_pool,42,select,select:1:0.30:random:independent:0,0.5769230769230769,0.5365537601255123,0.6606598005678463,0.5212212088786401,0.6676619527912647,0.5228211875540258,,,0.12118179079621412,724,0.22802197802197802,0.022966894774261743,1.0,"{""Negative"": 0.595, ""Neutral"": 0.3425076452599388, ""Positive"": 0.6721536351165981}","[[119, 36, 51], [33, 56, 95], [42, 51, 245]]"
p0_M1_CEMSE_seed42,bigru_binary_mask_gate_time_pool,42,select,select:1:0.30:random:independent:1,0.5796703296703297,0.5392820958170502,0.6572007560003753,0.5237782382103244,0.6656201180060405,0.5240461130696332,,,0.12118179079621412,724,0.22802197802197802,0.023359386974237447,1.0,"{""Negative"": 0.5816326530612245, ""Neutral"": 0.3586626139817629, ""Positive"": 0.6775510204081633}","[[114, 36, 56], [33, 59, 92], [39, 50, 249]]"
p0_M1_CEMSE_seed42,bigru_binary_mask_gate_time_pool,42,select,select:1:0.30:random:independent:2,0.5796703296703297,0.5421833361363037,0.6602798173833024,0.5203395673349033,0.6681054995272432,0.5212147565529923,,,0.12118179079621412,724,0.2239010989010989,0.02315095392895432,1.0,"{""Negative"": 0.5914786967418546, ""Neutral"": 0.364741641337386, ""Positive"": 0.6703296703296703}","[[118, 33, 55], [33, 60, 91], [42, 52, 244]]"
p0_M1_CEMSE_seed42,bigru_binary_mask_gate_time_pool,42,select,select:1:0.50:random:independent:0,0.5851648351648352,0.5496316461145286,0.6542754437607887,0.5323871215026863,0.6648194598300117,0.5305467184517113,,,0.19077939219687765,724,0.22664835164835165,0.024797705366388784,1.0,"{""Negative"": 0.6045340050377834, ""Neutral"": 0.3712574850299401, ""Positive"": 0.6731034482758621}","[[120, 34, 52], [31, 62, 91], [40, 54, 244]]"
p0_M1_CEMSE_seed42,bigru_binary_mask_gate_time_pool,42,select,select:1:0.50:random:independent:1,0.5769230769230769,0.541814800418162,0.6591746899800355,0.5247595400925033,0.66611133895272,0.5290645841202284,,,0.19077939219687765,724,0.2239010989010989,0.023997921387319054,1.0,"{""Negative"": 0.6030150753768844, ""Neutral"": 0.36036036036036034, ""Positive"": 0.6620689655172414}","[[120, 33, 53], [30, 60, 94], [42, 56, 240]]"
p0_M1_CEMSE_seed42,bigru_binary_mask_gate_time_pool,42,select,select:1:0.50:random:independent:2,0.5879120879120879,0.5494634835689727,0.6532726778139862,0.5369758345703072,0.661602761913705,0.5371689041113187,,,0.19077939219687765,724,0.22939560439560439,0.024183372810654913,1.0,"{""Negative"": 0.6045340050377834, ""Neutral"": 0.36253776435045315, ""Positive"": 0.6813186813186813}","[[120, 36, 50], [32, 60, 92], [39, 51, 248]]"
p0_M1_CEMSE_seed42,bigru_binary_mask_gate_time_pool,42,select,select:2:0.10:random:independent:0,0.5796703296703297,0.5359493673374026,0.6597922844849526,0.5113033531478901,0.6679378276547561,0.5119045793885479,,,0.05471828184470957,703,0.2087912087912088,0.02177621262683482,1.0,"{""Negative"": 0.5852417302798982, ""Neutral"": 0.3470031545741325, ""Positive"": 0.675603217158177}","[[115, 33, 58], [31, 55, 98], [41, 45, 252]]"
p0_M1_CEMSE_seed42,bigru_binary_mask_gate_time_pool,42,select,select:2:0.10:random:independent:1,0.5796703296703297,0.5380602302848775,0.660148142711851,0.5080442568544945,0.6676442002069082,0.5099413783244723,,,0.054688334898890016,703,0.21428571428571427,0.021615831050235818,1.0,"{""Negative"": 0.5861182519280206, ""Neutral"": 0.35514018691588783, ""Positive"": 0.6729222520107239}","[[114, 34, 58], [28, 57, 99], [41, 46, 251]]"
p0_M1_CEMSE_seed42,bigru_binary_mask_gate_time_pool,42,select,select:2:0.10:random:independent:2,0.5837912087912088,0.5419851914100704,0.6593519341555106,0.5111702451761484,0.6672614783529642,0.5116861728068264,,,0.05481930502759008,703,0.21016483516483517,0.02123245091498062,1.0,"{""Negative"": 0.583756345177665, ""Neutral"": 0.36477987421383645, ""Positive"": 0.6774193548387096}","[[115, 33, 58], [30, 58, 96], [43, 43, 252]]"
p0_M1_CEMSE_seed42,bigru_binary_mask_gate_time_pool,42,select,select:2:0.30:random:independent:0,0.5865384615384616,0.5415658284082286,0.658574528626066,0.5144516219576997,0.6666879256071707,0.5159874838810434,,,0.11537182825966232,703,0.20192307692307693,0.019571880729963163,1.0,"{""Negative"": 0.5831202046035806, ""Neutral"": 0.358974358974359, ""Positive"": 0.6826029216467463}","[[114, 33, 59], [29, 56, 99], [42, 39, 257]]"
p0_M1_CEMSE_seed42,bigru_binary_mask_gate_time_pool,42,select,select:2:0.30:random:independent:1,0.5837912087912088,0.5373583558330814,0.6592231436472509,0.5176542671897307,0.6669686344646655,0.5167711022288752,,,0.11628030776814742,703,0.20741758241758243,0.0200224708748224,1.0,"{""Negative"": 0.5846153846153846, ""Neutral"": 0.34394904458598724, ""Positive"": 0.6835106382978723}","[[114, 34, 58], [31, 54, 99], [39, 42, 257]]"
p0_M1_CEMSE_seed42,bigru_binary_mask_gate_time_pool,42,select,select:2:0.30:random:independent:2,0.5837912087912088,0.5380944992190732,0.6585337631623005,0.5180891862719536,0.6669336800964979,0.5161996551399007,,,0.11578318848929205,703,0.2087912087912088,0.020902343690280732,1.0,"{""Negative"": 0.5824742268041238, ""Neutral"": 0.3492063492063492, ""Positive"": 0.6826029216467463}","[[113, 36, 57], [28, 55, 101], [41, 40, 257]]"
p0_M1_CEMSE_seed42,bigru_binary_mask_gate_time_pool,42,select,select:2:0.50:random:independent:0,0.5892857142857143,0.5424793923216636,0.6579438451785471,0.5263135211572153,0.6666013016109611,0.5226722384782971,,,0.18051985710310411,703,0.2129120879120879,0.021035016800938073,1.0,"{""Negative"": 0.5818181818181818, ""Neutral"": 0.35331230283911674, ""Positive"": 0.6923076923076923}","[[112, 37, 57], [30, 56, 98], [37, 40, 261]]"
p0_M1_CEMSE_seed42,bigru_binary_mask_gate_time_pool,42,select,select:2:0.50:random:independent:1,0.5851648351648352,0.5364362690449647,0.6593311510553973,0.5208924581379039,0.6672352526060582,0.5182825870358273,,,0.18035659556840442,703,0.20467032967032966,0.020049293057080152,1.0,"{""Negative"": 0.5818181818181818, ""Neutral"": 0.33974358974358976, ""Positive"": 0.6877470355731226}","[[112, 35, 59], [30, 53, 101], [37, 40, 261]]"
p0_M1_CEMSE_seed42,bigru_binary_mask_gate_time_pool,42,select,select:2:0.50:random:independent:2,0.5851648351648352,0.5396112097143025,0.659805272594209,0.5166661649524844,0.6665922217992145,0.5166250808164589,,,0.18067481495681129,703,0.2032967032967033,0.01894142945855856,1.0,"{""Negative"": 0.5773195876288659, ""Neutral"": 0.358974358974359, ""Positive"": 0.6825396825396826}","[[112, 34, 60], [28, 56, 100], [42, 38, 258]]"
p0_M1_CEMSE_seed42,bigru_binary_mask_gate_time_pool,42,select,select:01:0.10:random:independent:0,0.5714285714285714,0.5182161956790524,0.6693076042697571,0.49073514540402363,0.6744171020339479,0.4928235770175722,,,0.09164042378228397,724,0.18406593406593408,0.018049495995757014,1.0,"{""Negative"": 0.5634517766497462, ""Neutral"": 0.31756756756756754, ""Positive"": 0.6736292428198434}","[[111, 29, 66], [33, 47, 104], [44, 36, 258]]"
p0_M1_CEMSE_seed42,bigru_binary_mask_gate_time_pool,42,select,select:01:0.10:random:independent:1,0.5837912087912088,0.5382234408665778,0.6644890711267899,0.4991539453110998,0.6719093950219698,0.5004495395231687,,,0.09164042378228397,724,0.18681318681318682,0.01662562721569787,1.0,"{""Negative"": 0.5778894472361809, ""Neutral"": 0.36486486486486486, ""Positive"": 0.6719160104986877}","[[115, 23, 68], [30, 54, 100], [47, 35, 256]]"
p0_M1_CEMSE_seed42,bigru_binary_mask_gate_time_pool,42,select,select:01:0.10:random:independent:2,0.570054945054945,0.5249225679132221,0.668842591160634,0.4909529352898107,0.6752623443102853,0.4903649913583491,,,0.09164042378228397,724,0.17857142857142858,0.0166318063065164,1.0,"{""Negative"": 0.6, ""Neutral"": 0.32323232323232326, ""Positive"": 0.6515353805073432}","[[123, 21, 62], [31, 48, 105], [50, 44, 244]]"
p0_M1_CEMSE_seed42,bigru_binary_mask_gate_time_pool,42,select,select:01:0.30:random:independent:0,0.5728021978021978,0.506050990951792,0.6762287193540852,0.4848292298640844,0.6812244288183258,0.4819243050719128,,,0.22180207259457435,724,0.14148351648351648,0.01213329848225464,1.0,"{""Negative"": 0.5642317380352645, ""Neutral"": 0.27715355805243447, ""Positive"": 0.6767676767676768}","[[112, 16, 78], [39, 37, 108], [40, 30, 268]]"
p0_M1_CEMSE_seed42,bigru_binary_mask_gate_time_pool,42,select,select:01:0.30:random:independent:1,0.5590659340659341,0.48408195917981783,0.6806123363483083,0.4603483505059391,0.6845557807617217,0.4625912377263331,,,0.22180207259457435,724,0.12912087912087913,0.01275278924622542,1.0,"{""Negative"": 0.5538461538461539, ""Neutral"": 0.23255813953488372, ""Positive"": 0.6658415841584159}","[[108, 18, 80], [33, 30, 121], [43, 26, 269]]"
p0_M1_CEMSE_seed42,bigru_binary_mask_gate_time_pool,42,select,select:01:0.30:random:independent:2,0.554945054945055,0.4893007245953904,0.6862679074791025,0.45231843746127853,0.6896398677541823,0.4560078397883081,,,0.22180207259457435,724,0.16071428571428573,0.014802221539117151,1.0,"{""Negative"": 0.5181347150259067, ""Neutral"": 0.2805755395683453, ""Positive"": 0.6691919191919192}","[[100, 30, 76], [32, 39, 113], [48, 25, 265]]"
p0_M1_CEMSE_seed42,bigru_binary_mask_gate_time_pool,42,select,select:01:0.50:random:independent:0,0.5453296703296703,0.45701189566735784,0.7002869280819054,0.42542615170132625,0.704410618322052,0.4213628578745908,,,0.36109266611629226,724,0.11675824175824176,0.008300033732704245,1.0,"{""Negative"": 0.509090909090909, ""Neutral"": 0.20168067226890757, ""Positive"": 0.6602641056422569}","[[98, 14, 94], [34, 24, 126], [47, 16, 275]]"
p0_M1_CEMSE_seed42,bigru_binary_mask_gate_time_pool,42,select,select:01:0.50:random:independent:1,0.5453296703296703,0.45767662727094605,0.7024919891906268,0.4130444742812499,0.7062760640836352,0.4093518007144742,,,0.36109266611629226,724,0.10027472527472528,0.007061124519025395,1.0,"{""Negative"": 0.507537688442211, ""Neutral"": 0.20689655172413793, ""Positive"": 0.6585956416464891}","[[101, 10, 95], [39, 24, 121], [52, 14, 272]]"
p0_M1_CEMSE_seed42,bigru_binary_mask_gate_time_pool,42,select,select:01:0.50:random:independent:2,0.5357142857142857,0.45285022422557103,0.7126202995069693,0.40399153269239707,0.716409808413668,0.39921756152539556,,,0.36109266611629226,724,0.11675824175824176,0.008242209967418195,1.0,"{""Negative"": 0.5124378109452736, ""Neutral"": 0.19753086419753085, ""Positive"": 0.6485819975339088}","[[103, 13, 90], [40, 24, 120], [53, 22, 263]]"
p0_M1_CEMSE_seed42,bigru_binary_mask_gate_time_pool,42,select,select:02:0.10:random:independent:0,0.5686813186813187,0.5110459509518877,0.6708713223335261,0.4921642060440644,0.6760806223162665,0.49305644786087055,,,0.09025892452344063,724,0.17032967032967034,0.014488811970805074,1.0,"{""Negative"": 0.5778894472361809, ""Neutral"": 0.28771929824561404, ""Positive"": 0.6675291073738681}","[[115, 24, 67], [33, 41, 110], [44, 36, 258]]"
p0_M1_CEMSE_seed42,bigru_binary_mask_gate_time_pool,42,select,select:02:0.10:random:independent:1,0.5810439560439561,0.5280303947551334,0.6717519963529575,0.486099002292939,0.6770860097514322,0.48965381562122196,,,0.09020706469477802,724,0.17307692307692307,0.017382015313199915,1.0,"{""Negative"": 0.5561224489795918, ""Neutral"": 0.34843205574912894, ""Positive"": 0.6795366795366795}","[[109, 23, 74], [33, 50, 101], [44, 30, 264]]"
p0_M1_CEMSE_seed42,bigru_binary_mask_gate_time_pool,42,select,select:02:0.10:random:independent:2,0.5989010989010989,0.5499983719349615,0.6611506037798311,0.5060182829999995,0.6693369535944209,0.5033073210759585,,,0.09022829257477709,724,0.17445054945054944,0.0158636999594805,1.0,"{""Negative"": 0.5861182519280206, ""Neutral"": 0.37037037037037035, ""Positive"": 0.6935064935064935}","[[114, 28, 64], [28, 55, 101], [41, 30, 267]]"
p0_M1_CEMSE_seed42,bigru_binary_mask_gate_time_pool,42,select,select:02:0.30:random:independent:0,0.5563186813186813,0.4782029173646887,0.6801430645262065,0.47318574143868936,0.6847736527989772,0.4703406001208989,,,0.21662896826569322,724,0.12225274725274725,0.01125436828991214,1.0,"{""Negative"": 0.5380710659898477, ""Neutral"": 0.2265625, ""Positive"": 0.6699751861042184}","[[106, 19, 81], [38, 29, 117], [44, 24, 270]]"
p0_M1_CEMSE_seed42,bigru_binary_mask_gate_time_pool,42,select,select:02:0.30:random:independent:1,0.5673076923076923,0.4922985277177257,0.6934421276999289,0.441642040283481,0.6972178285378594,0.4433846373104973,,,0.2163273861362854,724,0.11401098901098901,0.009401326903717202,1.0,"{""Negative"": 0.561038961038961, ""Neutral"": 0.25, ""Positive"": 0.6658566221142163}","[[108, 10, 88], [30, 31, 123], [41, 23, 274]]"
p0_M1_CEMSE_seed42,bigru_binary_mask_gate_time_pool,42,select,select:02:0.30:random:independent:2,0.5480769230769231,0.45989363207213096,0.6843146753360692,0.47519003152291955,0.6873907988256478,0.4730945297261249,,,0.21614375377087763,724,0.11538461538461539,0.009551159293220922,1.0,"{""Negative"": 0.537467700258398, ""Neutral"": 0.17959183673469387, ""Positive"": 0.662621359223301}","[[104, 18, 84], [33, 22, 129], [44, 21, 273]]"
p0_M1_CEMSE_seed42,bigru_binary_mask_gate_time_pool,42,select,select:02:0.50:random:independent:0,0.5343406593406593,0.4324394878115985,0.7275536440863715,0.35134076928659963,0.7302227839622851,0.3514010864334191,,,0.3507859006961929,724,0.08928571428571429,0.006083576773483674,1.0,"{""Negative"": 0.4671916010498688, ""Neutral"": 0.17511520737327188, ""Positive"": 0.655011655011655}","[[89, 7, 110], [36, 19, 129], [50, 7, 281]]"
p0_M1_CEMSE_seed42,bigru_binary_mask_gate_time_pool,42,select,select:02:0.50:random:independent:1,0.5206043956043956,0.4115237220337595,0.7180663587287845,0.36448785887909124,0.7199797196451903,0.3645411912974172,,,0.35119532701886813,724,0.08104395604395605,0.006216458414331241,1.0,"{""Negative"": 0.45108695652173914, ""Neutral"": 0.1382488479262673, ""Positive"": 0.6452353616532721}","[[83, 7, 116], [33, 15, 136], [46, 11, 281]]"
p0_M1_CEMSE_seed42,bigru_binary_mask_gate_time_pool,42,select,select:02:0.50:random:independent:2,0.5302197802197802,0.42448719780140154,0.7189054897661639,0.37502176845864715,0.7209956025459118,0.37465688286713067,,,0.35125174458983455,724,0.07692307692307693,0.00603404501128819,1.0,"{""Negative"": 0.47593582887700536, ""Neutral"": 0.14479638009049775, ""Positive"": 0.6527293844367015}","[[89, 8, 109], [35, 16, 133], [44, 13, 281]]"
p0_M1_CEMSE_seed42,bigru_binary_mask_gate_time_pool,42,select,select:12:0.10:random:independent:0,0.5851648351648352,0.5446680241136393,0.6586787071093917,0.5153619638451583,0.6677052036265505,0.5151727055948785,,,0.09011852407557222,724,0.21565934065934067,0.023554691793196476,1.0,"{""Negative"": 0.5912596401028277, ""Neutral"": 0.3653250773993808, ""Positive"": 0.6774193548387096}","[[115, 33, 58], [29, 59, 96], [39, 47, 252]]"
p0_M1_CEMSE_seed42,bigru_binary_mask_gate_time_pool,42,select,select:12:0.10:random:independent:1,0.5796703296703297,0.5375379452856411,0.6580403432985993,0.5162188324484643,0.6656575067132547,0.5163827777270544,,,0.09019592878213162,724,0.21428571428571427,0.02241231674017323,1.0,"{""Negative"": 0.5816326530612245, ""Neutral"": 0.35625, ""Positive"": 0.6747311827956989}","[[114, 33, 59], [31, 57, 96], [41, 46, 251]]"
p0_M1_CEMSE_seed42,bigru_binary_mask_gate_time_pool,42,select,select:12:0.10:random:independent:2,0.5824175824175825,0.5384250422131754,0.659518803173975,0.5180217973599555,0.6675404537121182,0.5174115879545246,,,0.09018448391793114,724,0.22527472527472528,0.022194314207513253,1.0,"{""Negative"": 0.5839793281653747, ""Neutral"": 0.3522012578616352, ""Positive"": 0.6790945406125166}","[[113, 33, 60], [30, 56, 98], [38, 45, 255]]"
p0_M1_CEMSE_seed42,bigru_binary_mask_gate_time_pool,42,select,select:12:0.30:random:independent:0,0.5879120879120879,0.5467877146956556,0.6556913778678976,0.5332973698788231,0.6629147137576653,0.5347762043128335,,,0.21577850944764493,724,0.22664835164835165,0.022391591812375482,1.0,"{""Negative"": 0.5876288659793815, ""Neutral"": 0.36809815950920244, ""Positive"": 0.6846361185983828}","[[114, 37, 55], [29, 60, 95], [39, 45, 254]]"
p0_M1_CEMSE_seed42,bigru_binary_mask_gate_time_pool,42,select,select:12:0.30:random:independent:1,0.5961538461538461,0.5583076757242581,0.6520709220420446,0.5386541113462171,0.6623799472351323,0.5360247529450072,,,0.2160189805783876,724,0.22802197802197802,0.02410628891864812,1.0,"{""Negative"": 0.5943152454780362, ""Neutral"": 0.39039039039039036, ""Positive"": 0.6902173913043478}","[[115, 37, 54], [29, 65, 90], [37, 47, 254]]"
p0_M1_CEMSE_seed42,bigru_binary_mask_gate_time_pool,42,select,select:12:0.30:random:independent:2,0.592032967032967,0.5501443186237859,0.6536626067458273,0.5317458092132032,0.6631073735418965,0.5306162041520496,,,0.21623765565574107,724,0.20741758241758243,0.021204204427893017,1.0,"{""Negative"": 0.5948717948717949, ""Neutral"": 0.3710691823899371, ""Positive"": 0.6844919786096256}","[[116, 30, 60], [31, 59, 94], [37, 45, 256]]"
p0_M1_CEMSE_seed42,bigru_binary_mask_gate_time_pool,42,select,select:12:0.50:random:independent:0,0.5769230769230769,0.5372696523431242,0.6541988878528577,0.5393905012554321,0.6620035436577522,0.5396527031449402,,,0.3507132531656354,724,0.22664835164835165,0.023740082474011968,1.0,"{""Negative"": 0.5824742268041238, ""Neutral"": 0.35542168674698793, ""Positive"": 0.6739130434782609}","[[113, 37, 56], [31, 59, 94], [38, 52, 248]]"
p0_M1_CEMSE_seed42,bigru_binary_mask_gate_time_pool,42,select,select:12:0.50:random:independent:1,0.5824175824175825,0.541811657259153,0.6539396826874752,0.5384608688009862,0.6630344133834344,0.5365375979557748,,,0.3507343430875613,724,0.22115384615384615,0.02316816347270058,1.0,"{""Negative"": 0.5933503836317136, ""Neutral"": 0.35365853658536583, ""Positive"": 0.6784260515603799}","[[116, 35, 55], [32, 58, 94], [37, 51, 250]]"
p0_M1_CEMSE_seed42,bigru_binary_mask_gate_time_pool,42,select,select:12:0.50:random:independent:2,0.5851648351648352,0.5458392158771886,0.6527499988787695,0.5399854027055566,0.6607921016453714,0.5416763363070266,,,0.3509549248224926,724,0.25,0.023986762473764984,1.0,"{""Negative"": 0.5833333333333334, ""Neutral"": 0.3712574850299401, ""Positive"": 0.6829268292682927}","[[112, 38, 56], [30, 62, 92], [36, 50, 252]]"
p0_M1_CEMSE_seed42,bigru_binary_mask_gate_time_pool,42,select,select:012:0.10:random:independent:0,0.5837912087912088,0.5270112863231984,0.6656326659649038,0.49491860822021927,0.6718347350923488,0.49722348088054896,,,0.12558993973665408,724,0.17857142857142858,0.017408519049660186,1.0,"{""Negative"": 0.5699481865284974, ""Neutral"": 0.3230240549828179, ""Positive"": 0.6880616174582799}","[[110, 27, 69], [33, 47, 104], [37, 33, 268]]"
p0_M1_CEMSE_seed42,bigru_binary_mask_gate_time_pool,42,select,select:012:0.10:random:independent:1,0.5824175824175825,0.5361466610237183,0.6692999431581533,0.48789312516414485,0.6772401768734658,0.4845600439751008,,,0.12571082327220762,724,0.18269230769230768,0.01661003495593156,1.0,"{""Negative"": 0.5693069306930693, ""Neutral"": 0.36363636363636365, ""Positive"": 0.6754966887417219}","[[115, 27, 64], [32, 54, 98], [51, 32, 255]]"
p0_M1_CEMSE_seed42,bigru_binary_mask_gate_time_pool,42,select,select:012:0.10:random:independent:2,0.5865384615384616,0.5379505010438104,0.667909908505693,0.49435803200993417,0.6753842012373382,0.49303781399651203,,,0.1256004676726215,724,0.1936813186813187,0.01660216594354792,1.0,"{""Negative"": 0.5954198473282443, ""Neutral"": 0.33774834437086093, ""Positive"": 0.6806833114323259}","[[117, 28, 61], [30, 51, 103], [40, 39, 259]]"
p0_M1_CEMSE_seed42,bigru_binary_mask_gate_time_pool,42,select,select:012:0.30:random:independent:0,0.5453296703296703,0.473047918110336,0.6865528788665085,0.46932932801277744,0.6905528148201263,0.4681326822671565,,,0.3162180586060894,724,0.13186813186813187,0.011877276666974136,1.0,"{""Negative"": 0.519280205655527, ""Neutral"": 0.24150943396226415, ""Positive"": 0.6583541147132169}","[[101, 22, 83], [35, 32, 117], [47, 27, 264]]"
p0_M1_CEMSE_seed42,bigru_binary_mask_gate_time_pool,42,select,select:012:0.30:random:independent:1,0.5618131868131868,0.49292370287873793,0.6803601419631801,0.4751268192151376,0.6852513340603724,0.4754659127399438,,,0.3167463590511638,724,0.13873626373626374,0.012073700473040015,1.0,"{""Negative"": 0.5343511450381679, ""Neutral"": 0.27692307692307694, ""Positive"": 0.6674968866749689}","[[105, 19, 82], [33, 36, 115], [49, 21, 268]]"
p0_M1_CEMSE_seed42,bigru_binary_mask_gate_time_pool,42,select,select:012:0.30:random:independent:2,0.5837912087912088,0.50941663628989,0.6782260260616357,0.4832253207032194,0.6825672134419309,0.4827040573596446,,,0.31705028085974835,724,0.12087912087912088,0.010561919263619315,1.0,"{""Negative"": 0.5707070707070707, ""Neutral"": 0.2677165354330709, ""Positive"": 0.6898263027295285}","[[113, 16, 77], [37, 34, 113], [40, 20, 278]]"
p0_M1_CEMSE_seed42,bigru_binary_mask_gate_time_pool,42,select,select:012:0.50:random:independent:0,0.5521978021978022,0.45690050842801605,0.6986921415068783,0.44213754853801823,0.702548590657598,0.4391737704531027,,,0.5214278455584954,724,0.10714285714285714,0.010355770844720549,1.0,"{""Negative"": 0.5027027027027027, ""Neutral"": 0.1862348178137652, ""Positive"": 0.6817640047675805}","[[93, 25, 88], [34, 23, 127], [37, 15, 286]]"
p0_M1_CEMSE_seed42,bigru_binary_mask_gate_time_pool,42,select,select:012:0.50:random:independent:1,0.5412087912087912,0.4524907978664368,0.7044550553948136,0.4343215126342103,0.7072137977677182,0.4344705937733834,,,0.5211035116402414,724,0.10851648351648352,0.00899055271320618,1.0,"{""Negative"": 0.49066666666666664, ""Neutral"": 0.20491803278688525, ""Positive"": 0.6618876941457587}","[[92, 17, 97], [34, 25, 125], [43, 18, 277]]"
p0_M1_CEMSE_seed42,bigru_binary_mask_gate_time_pool,42,select,select:012:0.50:random:independent:2,0.5480769230769231,0.46563017933926126,0.7026542312457258,0.4416281502804405,0.7053886161410956,0.4425745010739439,,,0.5211950835022432,724,0.12362637362637363,0.009857626455563765,1.0,"{""Negative"": 0.518324607329843, ""Neutral"": 0.2151394422310757, ""Positive"": 0.6634264884568651}","[[99, 17, 90], [35, 27, 122], [42, 23, 273]]"
p0_M1_CEMSE_seed42,bigru_binary_mask_gate_time_pool,42,clean,clean:clean,0.5837912087912088,0.5433700789153795,0.6601076647364832,0.5095172099576294,0.6682863812330742,0.5097753150691723,,,0.020685516934361863,0,0.21978021978021978,0.02289875814475037,1.0,"{""Negative"": 0.5882352941176471, ""Neutral"": 0.3653250773993808, ""Positive"": 0.6765498652291105}","[[115, 34, 57], [29, 59, 96], [41, 46, 251]]"
p0_M1_cleanonly_seed42,bigru_binary_mask_gate_time_pool,42,select,select:0:0.10:random:independent:0,0.570054945054945,0.5300097052511984,0.661946915145681,0.496636310290147,0.6689102761575358,0.49831742339738755,,,0.056182048502401064,724,0.2184065934065934,0.022658240354789812,1.0,"{""Negative"": 0.5520833333333334, ""Neutral"": 0.3685800604229607, ""Positive"": 0.6693657219973009}","[[106, 37, 63], [31, 61, 92], [41, 49, 248]]"
p0_M1_cleanonly_seed42,bigru_binary_mask_gate_time_pool,42,select,select:0:0.10:random:independent:1,0.5590659340659341,0.5251142686510683,0.6618224549705961,0.49525479522248544,0.6675518876258898,0.4999108082474778,,,0.056182048502401064,724,0.2348901098901099,0.024555906489430054,1.0,"{""Negative"": 0.5473684210526316, ""Neutral"": 0.37681159420289856, ""Positive"": 0.6511627906976745}","[[104, 41, 61], [25, 65, 94], [45, 55, 238]]"
p0_M1_cleanonly_seed42,bigru_binary_mask_gate_time_pool,42,select,select:0:0.10:random:independent:2,0.5673076923076923,0.5330613604518032,0.6617768124233481,0.4935636221964035,0.6673791256738356,0.4972225020199469,,,0.056182048502401064,724,0.23214285714285715,0.02278057900565257,1.0,"{""Negative"": 0.5529715762273901, ""Neutral"": 0.38596491228070173, ""Positive"": 0.6602475928473177}","[[107, 37, 62], [31, 66, 87], [43, 55, 240]]"
p0_M1_cleanonly_seed42,bigru_binary_mask_gate_time_pool,42,select,select:0:0.30:random:independent:0,0.5618131868131868,0.5112025184954525,0.6838919603524997,0.461201437062544,0.6902602756943472,0.4630273030985586,,,0.12130579873272207,724,0.1813186813186813,0.01784637190363073,1.0,"{""Negative"": 0.5340314136125655, ""Neutral"": 0.33116883116883117, ""Positive"": 0.6684073107049608}","[[102, 32, 72], [33, 51, 100], [41, 41, 256]]"
p0_M1_cleanonly_seed42,bigru_binary_mask_gate_time_pool,42,select,select:0:0.30:random:independent:1,0.5563186813186813,0.5044875548719192,0.683449139135642,0.46901939718554936,0.6864462270872197,0.47658743943673904,,,0.12130579873272207,724,0.18269230769230768,0.016062631097804387,1.0,"{""Negative"": 0.5382585751978892, ""Neutral"": 0.3137254901960784, ""Positive"": 0.6614785992217899}","[[102, 34, 70], [28, 48, 108], [43, 40, 255]]"
p0_M1_cleanonly_seed42,bigru_binary_mask_gate_time_pool,42,select,select:0:0.30:random:independent:2,0.5494505494505495,0.49922796956976473,0.6858070446320247,0.4409199079364759,0.6907850830933427,0.4473028774499233,,,0.12130579873272207,724,0.18543956043956045,0.016776914879982615,1.0,"{""Negative"": 0.5091863517060368, ""Neutral"": 0.3322475570032573, ""Positive"": 0.65625}","[[97, 34, 75], [30, 51, 103], [48, 38, 252]]"
p0_M1_cleanonly_seed42,bigru_binary_mask_gate_time_pool,42,select,select:0:0.50:random:independent:0,0.5302197802197802,0.46863852074321083,0.707595733309316,0.40321845916157634,0.7120707451985064,0.4062551917534113,,,0.1909987908537763,724,0.15384615384615385,0.013203119646278875,1.0,"{""Negative"": 0.48404255319148937, ""Neutral"": 0.2787456445993031, ""Positive"": 0.6431273644388399}","[[91, 30, 85], [29, 40, 115], [50, 33, 255]]"
p0_M1_cleanonly_seed42,bigru_binary_mask_gate_time_pool,42,select,select:0:0.50:random:independent:1,0.5274725274725275,0.46734063995968755,0.7196430712252159,0.36480428339810933,0.7248635028852252,0.3638593537886006,,,0.1909987908537763,724,0.17582417582417584,0.01623329433653872,1.0,"{""Negative"": 0.4708994708994709, ""Neutral"": 0.2857142857142857, ""Positive"": 0.6454081632653061}","[[89, 32, 85], [34, 42, 108], [49, 36, 253]]"
p0_M1_cleanonly_seed42,bigru_binary_mask_gate_time_pool,42,select,select:0:0.50:random:independent:2,0.5178571428571429,0.4553972410724294,0.7114507155088196,0.3956136215134192,0.7161334216937546,0.4001469098862254,,,0.1909987908537763,724,0.16895604395604397,0.01572526495585648,1.0,"{""Negative"": 0.4474393530997305, ""Neutral"": 0.27986348122866894, ""Positive"": 0.6388888888888888}","[[83, 35, 88], [30, 41, 113], [52, 33, 253]]"
p0_M1_cleanonly_seed42,bigru_binary_mask_gate_time_pool,42,select,select:1:0.10:random:independent:0,0.5892857142857143,0.5599880946184567,0.6457954535010055,0.5225845720181275,0.6546381255432677,0.5224807877003478,,,0.056143892214244775,724,0.25274725274725274,0.0277914952074679,1.0,"{""Negative"": 0.5826771653543307, ""Neutral"": 0.42134831460674155, ""Positive"": 0.6759388038942976}","[[111, 40, 55], [26, 75, 83], [38, 57, 243]]"
p0_M1_cleanonly_seed42,bigru_binary_mask_gate_time_pool,42,select,select:1:0.10:random:independent:1,0.5906593406593407,0.5626086543446586,0.6451493070156611,0.5244721133014438,0.6543370786373719,0.5247731679832837,,,0.056143892214244775,724,0.25137362637362637,0.028574773608913622,1.0,"{""Negative"": 0.5947368421052631, ""Neutral"": 0.41899441340782123, ""Positive"": 0.6740947075208914}","[[113, 39, 54], [25, 75, 84], [36, 60, 242]]"
p0_M1_cleanonly_seed42,bigru_binary_mask_gate_time_pool,42,select,select:1:0.10:random:independent:2,0.5906593406593407,0.5610143178219963,0.6445654505597693,0.5243384435654488,0.6538707085265931,0.5235626398782256,,,0.056143892214244775,724,0.2554945054945055,0.027157065500241218,1.0,"{""Negative"": 0.5885416666666666, ""Neutral"": 0.4157303370786517, ""Positive"": 0.6787709497206704}","[[113, 41, 52], [27, 74, 83], [38, 57, 243]]"
p0_M1_cleanonly_seed42,bigru_binary_mask_gate_time_pool,42,select,select:1:0.30:random:independent:0,0.592032967032967,0.5642623658842929,0.6450041244899669,0.5338690839989441,0.6550050295050164,0.5316540766839313,,,0.12118179079621412,724,0.2664835164835165,0.029128370791698218,1.0,"{""Negative"": 0.5900783289817232, ""Neutral"": 0.42191780821917807, ""Positive"": 0.6807909604519774}","[[113, 44, 49], [27, 77, 80], [37, 60, 241]]"
p0_M1_cleanonly_seed42,bigru_binary_mask_gate_time_pool,42,select,select:1:0.30:random:independent:1,0.5947802197802198,0.5654807791327715,0.6439265145524313,0.5322351722515486,0.653744568237216,0.5325080462304379,,,0.12118179079621412,724,0.2706043956043956,0.029526877852463787,1.0,"{""Negative"": 0.582010582010582, ""Neutral"": 0.4262295081967213, ""Positive"": 0.6882022471910112}","[[110, 47, 49], [26, 78, 80], [36, 57, 245]]"
p0_M1_cleanonly_seed42,bigru_binary_mask_gate_time_pool,42,select,select:1:0.30:random:independent:2,0.5947802197802198,0.567741265371822,0.6438759930188103,0.5316424711463923,0.6538495172766948,0.5317852968615098,,,0.12118179079621412,724,0.26373626373626374,0.029988102799572133,1.0,"{""Negative"": 0.5826771653543307, ""Neutral"": 0.44077134986225897, ""Positive"": 0.6797752808988764}","[[111, 43, 52], [24, 80, 80], [40, 56, 242]]"
p0_M1_cleanonly_seed42,bigru_binary_mask_gate_time_pool,42,select,select:1:0.50:random:independent:0,0.5892857142857143,0.5675749433617013,0.6417465786743622,0.5338853515656437,0.6530024529317046,0.5378313126667675,,,0.19077939219687765,724,0.2980769230769231,0.035481993383697265,1.0,"{""Negative"": 0.5876010781671159, ""Neutral"": 0.44559585492227977, ""Positive"": 0.6695278969957081}","[[109, 46, 51], [22, 86, 76], [34, 70, 234]]"
p0_M1_cleanonly_seed42,bigru_binary_mask_gate_time_pool,42,select,select:1:0.50:random:independent:1,0.5865384615384616,0.5614856941042232,0.6457506573331512,0.5357619255200089,0.6544765075054634,0.5376460281102622,,,0.19077939219687765,724,0.2706043956043956,0.030239077333553317,1.0,"{""Negative"": 0.5879265091863517, ""Neutral"": 0.42702702702702705, ""Positive"": 0.6695035460992907}","[[112, 43, 51], [25, 79, 80], [38, 64, 236]]"
p0_M1_cleanonly_seed42,bigru_binary_mask_gate_time_pool,42,select,select:1:0.50:random:independent:2,0.5934065934065934,0.5697316406297729,0.6420523107159309,0.5392849784622693,0.6514794904058083,0.54044855821368,,,0.19077939219687765,724,0.2760989010989011,0.03103450982302918,1.0,"{""Negative"": 0.6015831134564644, ""Neutral"": 0.4343163538873995, ""Positive"": 0.6732954545454546}","[[114, 42, 50], [24, 81, 79], [35, 66, 237]]"
p0_M1_cleanonly_seed42,bigru_binary_mask_gate_time_pool,42,select,select:2:0.10:random:independent:0,0.5989010989010989,0.5696953390984313,0.644651180632613,0.5248332449362186,0.6547052516514988,0.5232408270870954,,,0.05471828184470957,703,0.24587912087912087,0.026712205017701933,1.0,"{""Negative"": 0.5885416666666666, ""Neutral"": 0.43626062322946174, ""Positive"": 0.6842837273991655}","[[113, 39, 54], [26, 77, 81], [39, 53, 246]]"
p0_M1_cleanonly_seed42,bigru_binary_mask_gate_time_pool,42,select,select:2:0.10:random:independent:1,0.592032967032967,0.5607695966121041,0.6471755347253243,0.519310679090858,0.6559490850834934,0.5184676042895171,,,0.054688334898890016,703,0.24862637362637363,0.026678835190693424,1.0,"{""Negative"": 0.5804749340369393, ""Neutral"": 0.42045454545454547, ""Positive"": 0.6813793103448276}","[[110, 39, 57], [27, 74, 83], [36, 55, 247]]"
p0_M1_cleanonly_seed42,bigru_binary_mask_gate_time_pool,42,select,select:2:0.10:random:independent:2,0.5961538461538461,0.5662000894025153,0.646094074372067,0.5222236802107596,0.6549874288157898,0.522520948570361,,,0.05481930502759008,703,0.24725274725274726,0.026233485416535817,1.0,"{""Negative"": 0.5900783289817232, ""Neutral"": 0.42613636363636365, ""Positive"": 0.6823855755894591}","[[113, 38, 55], [27, 75, 82], [37, 55, 246]]"
p0_M1_cleanonly_seed42,bigru_binary_mask_gate_time_pool,42,select,select:2:0.30:random:independent:0,0.5892857142857143,0.5595536580083652,0.6451996481948584,0.5279384022159487,0.65442095653942,0.5260332443664463,,,0.11537182825966232,703,0.25137362637362637,0.026567913320660587,1.0,"{""Negative"": 0.5804749340369393, ""Neutral"": 0.42134831460674155, ""Positive"": 0.6768377253814147}","[[110, 40, 56], [26, 75, 83], [37, 57, 244]]"
p0_M1_cleanonly_seed42,bigru_binary_mask_gate_time_pool,42,select,select:2:0.30:random:independent:1,0.5892857142857143,0.5590054624395909,0.645199030831268,0.5264541030053732,0.654383305178771,0.5257524699148172,,,0.11628030776814742,703,0.2541208791208791,0.028010619293022284,1.0,"{""Negative"": 0.583554376657825, ""Neutral"": 0.4157303370786517, ""Positive"": 0.677731673582296}","[[110, 41, 55], [25, 74, 85], [36, 57, 245]]"
p0_M1_cleanonly_seed42,bigru_binary_mask_gate_time_pool,42,select,select:2:0.30:random:independent:2,0.592032967032967,0.559464423060353,0.6456606074673175,0.5266309161114483,0.6543992809659628,0.5252896064073493,,,0.11578318848929205,703,0.23901098901098902,0.025717624314751594,1.0,"{""Negative"": 0.581151832460733, ""Neutral"": 0.414985590778098, ""Positive"": 0.6822558459422283}","[[111, 40, 55], [26, 72, 86], [39, 51, 248]]"
p0_M1_cleanonly_seed42,bigru_binary_mask_gate_time_pool,42,select,select:2:0.50:random:independent:0,0.5851648351648352,0.5540093577025654,0.6455494177890143,0.5313858435785476,0.6530615851016981,0.5322300487200339,,,0.18051985710310411,703,0.25137362637362637,0.02685167069862095,1.0,"{""Negative"": 0.5706666666666667, ""Neutral"": 0.41456582633053224, ""Positive"": 0.6767955801104972}","[[107, 44, 55], [24, 74, 86], [38, 55, 245]]"
p0_M1_cleanonly_seed42,bigru_binary_mask_gate_time_pool,42,select,select:2:0.50:random:independent:1,0.5824175824175825,0.5513890395626158,0.6468349180403442,0.5244160428848115,0.6548375053622933,0.526056918761937,,,0.18035659556840442,703,0.24725274725274726,0.02781839659214838,1.0,"{""Negative"": 0.5653333333333334, ""Neutral"": 0.4157303370786517, ""Positive"": 0.6731034482758621}","[[106, 42, 58], [25, 74, 85], [38, 56, 244]]"
p0_M1_cleanonly_seed42,bigru_binary_mask_gate_time_pool,42,select,select:2:0.50:random:independent:2,0.5824175824175825,0.5507273581910971,0.6485620439273602,0.5240041293989907,0.6561122914126327,0.5232674921407419,,,0.18067481495681129,703,0.24313186813186813,0.02616580533698037,1.0,"{""Negative"": 0.5775401069518716, ""Neutral"": 0.4034090909090909, ""Positive"": 0.6712328767123288}","[[108, 41, 57], [23, 71, 90], [37, 56, 245]]"
p0_M1_cleanonly_seed42,bigru_binary_mask_gate_time_pool,42,select,select:01:0.10:random:independent:0,0.5810439560439561,0.5460230234345193,0.6575290239457984,0.5003774627714679,0.6636032050828562,0.5060017746311319,,,0.09164042378228397,724,0.2541208791208791,0.024991173399293,1.0,"{""Negative"": 0.5591397849462365, ""Neutral"": 0.40229885057471265, ""Positive"": 0.6766304347826086}","[[104, 39, 63], [28, 70, 86], [34, 55, 249]]"
p0_M1_cleanonly_seed42,bigru_binary_mask_gate_time_pool,42,select,select:01:0.10:random:independent:1,0.5961538461538461,0.5619661625986382,0.6560051390309501,0.5076137877251807,0.6651112791611352,0.5074438828655183,,,0.09164042378228397,724,0.24175824175824176,0.024425430228937787,1.0,"{""Negative"": 0.5576407506702413, ""Neutral"": 0.43804034582132567, ""Positive"": 0.6902173913043478}","[[104, 43, 59], [23, 76, 85], [40, 44, 254]]"
p0_M1_cleanonly_seed42,bigru_binary_mask_gate_time_pool,42,select,select:01:0.10:random:independent:2,0.5590659340659341,0.5255902396014256,0.6600228316917279,0.5000589866874416,0.6663804166146892,0.5025498279068186,,,0.09164042378228397,724,0.22802197802197802,0.024632922761924154,1.0,"{""Negative"": 0.5684210526315789, ""Neutral"": 0.36257309941520466, ""Positive"": 0.6457765667574932}","[[108, 38, 60], [23, 62, 99], [43, 58, 237]]"
p0_M1_cleanonly_seed42,bigru_binary_mask_gate_time_pool,42,select,select:01:0.30:random:independent:0,0.5851648351648352,0.5403367463065942,0.669753953701929,0.4940221066457006,0.6802571221577147,0.4900145239146842,,,0.22180207259457435,724,0.19642857142857142,0.020701301671879793,1.0,"{""Negative"": 0.5614973262032086, ""Neutral"": 0.37267080745341613, ""Positive"": 0.6868421052631579}","[[105, 32, 69], [32, 60, 92], [31, 46, 261]]"
p0_M1_cleanonly_seed42,bigru_binary_mask_gate_time_pool,42,select,select:01:0.30:random:independent:1,0.5686813186813187,0.5240962799304686,0.6805501087088671,0.45800183671567685,0.6861613078252669,0.4645453545357431,,,0.22180207259457435,724,0.20467032967032966,0.020485558032813468,1.0,"{""Negative"": 0.5329815303430079, ""Neutral"": 0.36645962732919257, ""Positive"": 0.6728476821192053}","[[101, 38, 67], [29, 59, 96], [43, 41, 254]]"
p0_M1_cleanonly_seed42,bigru_binary_mask_gate_time_pool,42,select,select:01:0.30:random:independent:2,0.5521978021978022,0.5074120801784012,0.6814750726876718,0.4560618717808252,0.6846973210148473,0.46699439176614427,,,0.22180207259457435,724,0.21565934065934067,0.018344828498453557,1.0,"{""Negative"": 0.5161290322580645, ""Neutral"": 0.3465045592705167, ""Positive"": 0.6596026490066225}","[[96, 42, 68], [27, 57, 100], [43, 46, 249]]"
p0_M1_cleanonly_seed42,bigru_binary_mask_gate_time_pool,42,select,select:01:0.50:random:independent:0,0.5467032967032966,0.486152563137717,0.6939809152830433,0.4301837115135769,0.6997203399340244,0.4339412636188992,,,0.36109266611629226,724,0.1936813186813187,0.018443486658627026,1.0,"{""Negative"": 0.48725212464589235, ""Neutral"": 0.3003194888178914, ""Positive"": 0.6708860759493671}","[[86, 44, 76], [26, 47, 111], [35, 38, 265]]"
p0_M1_cleanonly_seed42,bigru_binary_mask_gate_time_pool,42,select,select:01:0.50:random:independent:1,0.5302197802197802,0.4721017661928439,0.6976051227823228,0.4198483623224933,0.7009202728053084,0.42567529412487015,,,0.36109266611629226,724,0.18681318681318682,0.015759854996863467,1.0,"{""Negative"": 0.4462809917355372, ""Neutral"": 0.3161290322580645, ""Positive"": 0.6538952745849298}","[[81, 42, 83], [29, 49, 106], [47, 35, 256]]"
p0_M1_cleanonly_seed42,bigru_binary_mask_gate_time_pool,42,select,select:01:0.50:random:independent:2,0.5151098901098901,0.4636592214501021,0.7103741714618281,0.40261206760762047,0.7136850258345705,0.4090496894960733,,,0.36109266611629226,724,0.1936813186813187,0.016770878671347113,1.0,"{""Negative"": 0.4530386740331492, ""Neutral"": 0.31309904153354634, ""Positive"": 0.6248399487836107}","[[82, 32, 92], [28, 49, 107], [46, 48, 244]]"
p0_M1_cleanonly_seed42,bigru_binary_mask_gate_time_pool,42,select,select:02:0.10:random:independent:0,0.5686813186813187,0.5289375448096795,0.662404085210592,0.5028703491839294,0.6685240117265013,0.5037942308829091,,,0.09025892452344063,724,0.2184065934065934,0.02053364380389288,1.0,"{""Negative"": 0.5654450261780105, ""Neutral"": 0.3564954682779456, ""Positive"": 0.6648721399730821}","[[108, 37, 61], [28, 59, 97], [40, 51, 247]]"
p0_M1_cleanonly_seed42,bigru_binary_mask_gate_time_pool,42,select,select:02:0.10:random:independent:1,0.5824175824175825,0.5424826667267569,0.6637114587523248,0.49347893692668243,0.6713358437627104,0.49735544847776086,,,0.09020706469477802,724,0.22252747252747251,0.023641933083681614,1.0,"{""Negative"": 0.5561497326203209, ""Neutral"": 0.39039039039039036, ""Positive"": 0.6809078771695594}","[[104, 37, 65], [28, 65, 91], [36, 47, 255]]"
p0_M1_cleanonly_seed42,bigru_binary_mask_gate_time_pool,42,select,select:02:0.10:random:independent:2,0.5934065934065934,0.5551810465213539,0.6546016681828218,0.5134353938699113,0.6618789585977588,0.5111568488547423,,,0.09022829257477709,724,0.22527472527472528,0.019856807449705652,1.0,"{""Negative"": 0.5863874345549738, ""Neutral"": 0.39274924471299094, ""Positive"": 0.6864064602960969}","[[112, 38, 56], [25, 65, 94], [39, 44, 255]]"
p0_M1_cleanonly_seed42,bigru_binary_mask_gate_time_pool,42,select,select:02:0.30:random:independent:0,0.5590659340659341,0.5055480875721671,0.6793981314521406,0.4768286875129538,0.6867033849127467,0.4751719973524544,,,0.21662896826569322,724,0.18543956043956045,0.017834343397383996,1.0,"{""Negative"": 0.5118733509234829, ""Neutral"": 0.33116883116883117, ""Positive"": 0.6736020806241872}","[[97, 36, 73], [34, 51, 99], [42, 37, 259]]"
p0_M1_cleanonly_seed42,bigru_binary_mask_gate_time_pool,42,select,select:02:0.30:random:independent:1,0.5453296703296703,0.49070752460963507,0.691459228117191,0.44533372607718347,0.6959618420012623,0.45335559309703277,,,0.2163273861362854,724,0.18406593406593408,0.017949714870587156,1.0,"{""Negative"": 0.510989010989011, ""Neutral"": 0.30718954248366015, ""Positive"": 0.6539440203562341}","[[93, 32, 81], [27, 47, 110], [38, 43, 257]]"
p0_M1_cleanonly_seed42,bigru_binary_mask_gate_time_pool,42,select,select:02:0.30:random:independent:2,0.554945054945055,0.49970758316563035,0.6815602336268217,0.4758786772558689,0.685779630718241,0.4809322153056063,,,0.21614375377087763,724,0.17582417582417584,0.01616805558955031,1.0,"{""Negative"": 0.5175202156334232, ""Neutral"": 0.3157894736842105, ""Positive"": 0.6658130601792573}","[[96, 38, 72], [25, 48, 111], [44, 34, 260]]"
p0_M1_cleanonly_seed42,bigru_binary_mask_gate_time_pool,42,select,select:02:0.50:random:independent:0,0.5315934065934066,0.46261256746307905,0.7216798047782629,0.3589492015014183,0.7254095389865912,0.36086820882449133,,,0.3507859006961929,724,0.13736263736263737,0.010730302381384503,1.0,"{""Negative"": 0.44692737430167595, ""Neutral"": 0.2952029520295203, ""Positive"": 0.6457073760580411}","[[80, 20, 106], [28, 40, 116], [44, 27, 267]]"
p0_M1_cleanonly_seed42,bigru_binary_mask_gate_time_pool,42,select,select:02:0.50:random:independent:1,0.5398351648351648,0.4648638201624989,0.7124160791925922,0.37790210775541017,0.7176345204806549,0.37509776759728486,,,0.35119532701886813,724,0.13598901098901098,0.012425627109355162,1.0,"{""Negative"": 0.4702549575070821, ""Neutral"": 0.2656826568265683, ""Positive"": 0.6586538461538461}","[[83, 27, 96], [24, 36, 124], [40, 24, 274]]"
p0_M1_cleanonly_seed42,bigru_binary_mask_gate_time_pool,42,select,select:02:0.50:random:independent:2,0.5260989010989011,0.4497154818731368,0.7161451542790038,0.38319975731768824,0.7188156277586061,0.38684118705440695,,,0.35125174458983455,724,0.14148351648351648,0.010970228319099317,1.0,"{""Negative"": 0.4355300859598854, ""Neutral"": 0.26373626373626374, ""Positive"": 0.6498800959232613}","[[76, 28, 102], [25, 36, 123], [42, 25, 271]]"
p0_M1_cleanonly_seed42,bigru_binary_mask_gate_time_pool,42,select,select:12:0.10:random:independent:0,0.5989010989010989,0.5694206633598399,0.6419206111518359,0.5288602289465664,0.6531255810884861,0.5257745822512138,,,0.09011852407557222,724,0.25274725274725274,0.028020819098780767,1.0,"{""Negative"": 0.5910290237467019, ""Neutral"": 0.4301675977653631, ""Positive"": 0.6870653685674548}","[[112, 42, 52], [25, 77, 82], [36, 55, 247]]"
p0_M1_cleanonly_seed42,bigru_binary_mask_gate_time_pool,42,select,select:12:0.10:random:independent:1,0.5989010989010989,0.5706952528591067,0.6436623264374887,0.5259996014673342,0.654443425847893,0.5240699672087081,,,0.09019592878213162,724,0.2554945054945055,0.02782200889143642,1.0,"{""Negative"": 0.5863874345549738, ""Neutral"": 0.441340782122905, ""Positive"": 0.6843575418994413}","[[112, 39, 55], [27, 79, 78], [37, 56, 245]]"
p0_M1_cleanonly_seed42,bigru_binary_mask_gate_time_pool,42,select,select:12:0.10:random:independent:2,0.592032967032967,0.5643469562208377,0.6452994134798605,0.5243063476871483,0.6543408711159417,0.5252460690996649,,,0.09018448391793114,724,0.2541208791208791,0.026873768458466278,1.0,"{""Negative"": 0.5931758530183727, ""Neutral"": 0.4257703081232493, ""Positive"": 0.6740947075208914}","[[113, 39, 54], [24, 76, 84], [38, 58, 242]]"
p0_M1_cleanonly_seed42,bigru_binary_mask_gate_time_pool,42,select,select:12:0.30:random:independent:0,0.5989010989010989,0.572596096715167,0.6431552682520351,0.537900175503394,0.6531835194538951,0.5388464643846035,,,0.21577850944764493,724,0.2692307692307692,0.02919149313603866,1.0,"{""Negative"": 0.5844504021447721, ""Neutral"": 0.44986449864498645, ""Positive"": 0.6834733893557423}","[[109, 42, 55], [24, 83, 77], [34, 60, 244]]"
p0_M1_cleanonly_seed42,bigru_binary_mask_gate_time_pool,42,select,select:12:0.30:random:independent:1,0.592032967032967,0.5600033675725654,0.6424946368392394,0.5382738564326786,0.6502905295046231,0.5395678591809293,,,0.2160189805783876,724,0.25137362637362637,0.027453459551115774,1.0,"{""Negative"": 0.5782493368700266, ""Neutral"": 0.4157303370786517, ""Positive"": 0.686030428769018}","[[109, 43, 54], [27, 74, 83], [35, 55, 248]]"
p0_M1_cleanonly_seed42,bigru_binary_mask_gate_time_pool,42,select,select:12:0.30:random:independent:2,0.5975274725274725,0.5672524288010683,0.6419678022705878,0.534651760926016,0.6508585371481316,0.5360922749934233,,,0.21623765565574107,724,0.25961538461538464,0.028571315752641182,1.0,"{""Negative"": 0.5904255319148937, ""Neutral"": 0.4233983286908078, ""Positive"": 0.6879334257975035}","[[111, 42, 53], [26, 76, 82], [33, 57, 248]]"
p0_M1_cleanonly_seed42,bigru_binary_mask_gate_time_pool,42,select,select:12:0.50:random:independent:0,0.5989010989010989,0.5719400842218078,0.6402066263396252,0.5435667836384193,0.6515016424249612,0.5403308635696243,,,0.3507132531656354,724,0.2774725274725275,0.030087019834393162,1.0,"{""Negative"": 0.5866666666666667, ""Neutral"": 0.44086021505376344, ""Positive"": 0.688293370944993}","[[110, 45, 51], [26, 82, 76], [33, 61, 244]]"
p0_M1_cleanonly_seed42,bigru_binary_mask_gate_time_pool,42,select,select:12:0.50:random:independent:1,0.5892857142857143,0.563788070563624,0.6429372384123586,0.5450760953776671,0.6521804966723321,0.5416970305921155,,,0.3507343430875613,724,0.25686813186813184,0.026545676696525657,1.0,"{""Negative"": 0.5974025974025974, ""Neutral"": 0.425414364640884, ""Positive"": 0.6685472496473907}","[[115, 35, 56], [29, 77, 78], [35, 66, 237]]"
p0_M1_cleanonly_seed42,bigru_binary_mask_gate_time_pool,42,select,select:12:0.50:random:independent:2,0.5865384615384616,0.5607834499494092,0.6437731653625903,0.5405435181726775,0.6515032266404808,0.5430054320508585,,,0.3509549248224926,724,0.27197802197802196,0.02804049776312332,1.0,"{""Negative"": 0.5789473684210527, ""Neutral"": 0.43010752688172044, ""Positive"": 0.6732954545454546}","[[110, 44, 52], [27, 80, 77], [37, 64, 237]]"
p0_M1_cleanonly_seed42,bigru_binary_mask_gate_time_pool,42,select,select:012:0.10:random:independent:0,0.5934065934065934,0.5571604315147524,0.6532641683307896,0.5110554431731591,0.6616815687796859,0.5124601963218798,,,0.12558993973665408,724,0.22939560439560439,0.02299028663984449,1.0,"{""Negative"": 0.583554376657825, ""Neutral"": 0.40236686390532544, ""Positive"": 0.6855600539811066}","[[110, 35, 61], [28, 68, 88], [33, 51, 254]]"
p0_M1_cleanonly_seed42,bigru_binary_mask_gate_time_pool,42,select,select:012:0.10:random:independent:1,0.592032967032967,0.5599505385233091,0.657689291777298,0.499946202799682,0.6673601765958286,0.4973624414949022,,,0.12571082327220762,724,0.2348901098901099,0.023751950933731027,1.0,"{""Negative"": 0.5854922279792746, ""Neutral"": 0.4176470588235294, ""Positive"": 0.6767123287671233}","[[113, 33, 60], [28, 71, 85], [39, 52, 247]]"
p0_M1_cleanonly_seed42,bigru_binary_mask_gate_time_pool,42,select,select:012:0.10:random:independent:2,0.592032967032967,0.5594162735261198,0.6588345221169375,0.5060812199153906,0.668253983867324,0.5053111713144685,,,0.1256004676726215,724,0.22252747252747251,0.02168751139981406,1.0,"{""Negative"": 0.5876288659793815, ""Neutral"": 0.41297935103244837, ""Positive"": 0.6776406035665294}","[[114, 33, 59], [29, 70, 85], [39, 52, 247]]"
p0_M1_cleanonly_seed42,bigru_binary_mask_gate_time_pool,42,select,select:012:0.30:random:independent:0,0.5521978021978022,0.507404306747263,0.6820591553521395,0.47145951500664335,0.6880002594783207,0.47629003049350344,,,0.3162180586060894,724,0.20192307692307693,0.01917362828636235,1.0,"{""Negative"": 0.5133689839572193, ""Neutral"": 0.35185185185185186, ""Positive"": 0.6569920844327177}","[[96, 39, 71], [27, 57, 100], [45, 44, 249]]"
p0_M1_cleanonly_seed42,bigru_binary_mask_gate_time_pool,42,select,select:012:0.30:random:independent:1,0.5659340659340659,0.5204572633848962,0.6749116914406419,0.48137594095900305,0.6824698790288684,0.4802691601199976,,,0.3167463590511638,724,0.1771978021978022,0.016778739439757478,1.0,"{""Negative"": 0.5343915343915344, ""Neutral"": 0.36721311475409835, ""Positive"": 0.6597671410090556}","[[101, 27, 78], [26, 56, 102], [45, 38, 255]]"
p0_M1_cleanonly_seed42,bigru_binary_mask_gate_time_pool,42,select,select:012:0.30:random:independent:2,0.5755494505494505,0.5259610253188121,0.6729454216642735,0.4907670045634196,0.678054030068669,0.49120210956912164,,,0.31705028085974835,724,0.18269230769230768,0.015845066826606354,1.0,"{""Negative"": 0.5638297872340425, ""Neutral"": 0.33876221498371334, ""Positive"": 0.6752910737386805}","[[106, 29, 71], [29, 52, 103], [35, 42, 261]]"
p0_M1_cleanonly_seed42,bigru_binary_mask_gate_time_pool,42,select,select:012:0.50:random:independent:0,0.5563186813186813,0.49374553530289106,0.697274453968477,0.4452165656951881,0.7008790854405571,0.44623335623704136,,,0.5214278455584954,724,0.16895604395604397,0.01288382056193774,1.0,"{""Negative"": 0.5139664804469274, ""Neutral"": 0.2913907284768212, ""Positive"": 0.6758793969849246}","[[92, 38, 76], [27, 44, 113], [33, 36, 269]]"
p0_M1_cleanonly_seed42,bigru_binary_mask_gate_time_pool,42,select,select:012:0.50:random:independent:1,0.5370879120879121,0.4779100318000424,0.7003299563152777,0.44626677479130406,0.7038814296183473,0.45627911955806766,,,0.5211035116402414,724,0.18681318681318682,0.01650970913010066,1.0,"{""Negative"": 0.4469914040114613, ""Neutral"": 0.3300970873786408, ""Positive"": 0.656641604010025}","[[78, 37, 91], [26, 51, 107], [39, 37, 262]]"
p0_M1_cleanonly_seed42,bigru_binary_mask_gate_time_pool,42,select,select:012:0.50:random:independent:2,0.5467032967032966,0.48920735298200446,0.7021277320413595,0.4436417523230058,0.7052605972180123,0.4475860153346008,,,0.5211950835022432,724,0.20054945054945056,0.014672018568528877,1.0,"{""Negative"": 0.47592067988668557, ""Neutral"": 0.3258785942492013, ""Positive"": 0.6658227848101266}","[[84, 40, 82], [26, 51, 107], [37, 38, 263]]"
p0_M1_cleanonly_seed42,bigru_binary_mask_gate_time_pool,42,clean,clean:clean,0.5975274725274725,0.56888618659801,0.6448542922502608,0.5216662095950172,0.6552730133132703,0.5208472841535466,,,0.020685516934361863,0,0.2541208791208791,0.027747075544674312,1.0,"{""Negative"": 0.5916230366492147, ""Neutral"": 0.43258426966292135, ""Positive"": 0.6824512534818942}","[[113, 39, 54], [26, 77, 81], [37, 56, 245]]"
s3_B1_seed42,tinybert_masked_mean_linear_dual_head,42,select,select:0:0.10:random:independent:0,0.5837912087912088,0.5101806064343116,0.6563295863406466,0.5145694007847826,0.6636289881547442,0.512378776153996,,,0.056182048502401064,724,0.12774725274725274,0.014183358918269584,1.0,"{""Negative"": 0.5939086294416244, ""Neutral"": 0.2601626016260163, ""Positive"": 0.6764705882352942}","[[117, 10, 79], [29, 32, 123], [42, 20, 276]]"
s3_B1_seed42,tinybert_masked_mean_linear_dual_head,42,select,select:0:0.10:random:independent:1,0.5837912087912088,0.5108493586423206,0.6538020778344146,0.5174104290981093,0.6609192947232789,0.5188528910836547,,,0.056182048502401064,724,0.13736263736263737,0.016426817028822153,1.0,"{""Negative"": 0.5927835051546392, ""Neutral"": 0.2558139534883721, ""Positive"": 0.6839506172839506}","[[115, 17, 74], [30, 33, 121], [37, 24, 277]]"
s3_B1_seed42,tinybert_masked_mean_linear_dual_head,42,select,select:0:0.10:random:independent:2,0.5741758241758241,0.5008100826014695,0.6568024963495004,0.519573974322204,0.6627053619812724,0.5163224705002539,,,0.056182048502401064,724,0.125,0.013594486866981448,1.0,"{""Negative"": 0.5736040609137056, ""Neutral"": 0.25806451612903225, ""Positive"": 0.6707616707616708}","[[113, 11, 82], [31, 32, 121], [44, 21, 273]]"
s3_B1_seed42,tinybert_masked_mean_linear_dual_head,42,select,select:0:0.30:random:independent:0,0.570054945054945,0.49897292250233427,0.6716705698335728,0.49198192876525815,0.6760880011696737,0.4923262189074084,,,0.12130579873272207,724,0.1304945054945055,0.01499933076579492,1.0,"{""Negative"": 0.5714285714285714, ""Neutral"": 0.25882352941176473, ""Positive"": 0.6666666666666666}","[[110, 14, 82], [27, 33, 124], [42, 24, 272]]"
s3_B1_seed42,tinybert_masked_mean_linear_dual_head,42,select,select:0:0.30:random:independent:1,0.5741758241758241,0.5027424091635879,0.6595257781608911,0.5154851799007152,0.664467881996553,0.5161006197399887,,,0.12130579873272207,724,0.15796703296703296,0.018323713643308523,1.0,"{""Negative"": 0.5721784776902887, ""Neutral"": 0.2595419847328244, ""Positive"": 0.6765067650676507}","[[109, 19, 78], [28, 34, 122], [38, 25, 275]]"
s3_B1_seed42,tinybert_masked_mean_linear_dual_head,42,select,select:0:0.30:random:independent:2,0.5714285714285714,0.4970850784190663,0.6645523576725643,0.4842891349305872,0.6699724842558851,0.48491370528056754,,,0.12130579873272207,724,0.14423076923076922,0.016737912975546422,1.0,"{""Negative"": 0.5488126649076517, ""Neutral"": 0.26356589147286824, ""Positive"": 0.6788766788766789}","[[104, 20, 82], [29, 34, 121], [40, 20, 278]]"
s3_B1_seed42,tinybert_masked_mean_linear_dual_head,42,select,select:0:0.50:random:independent:0,0.5521978021978022,0.4905391802815428,0.6913470525320579,0.4645847561993072,0.6998930697759184,0.45997571316638175,,,0.1909987908537763,724,0.17445054945054944,0.021208222389344004,1.0,"{""Negative"": 0.5382585751978892, ""Neutral"": 0.2775800711743772, ""Positive"": 0.6557788944723618}","[[102, 26, 78], [26, 39, 119], [45, 32, 261]]"
s3_B1_seed42,tinybert_masked_mean_linear_dual_head,42,select,select:0:0.50:random:independent:1,0.5480769230769231,0.48867710865378644,0.7011243602745726,0.41427660821822837,0.7096470504523266,0.4111601394536455,,,0.1909987908537763,724,0.1771978021978022,0.019893735268323137,1.0,"{""Negative"": 0.5587467362924282, ""Neutral"": 0.26334519572953735, ""Positive"": 0.6439393939393939}","[[107, 26, 73], [21, 37, 126], [49, 34, 255]]"
s3_B1_seed42,tinybert_masked_mean_linear_dual_head,42,select,select:0:0.50:random:independent:2,0.5535714285714286,0.490173353674715,0.6966534264475926,0.44100357454403866,0.7035143865134239,0.4453797173792881,,,0.1909987908537763,724,0.16071428571428573,0.019527249361316747,1.0,"{""Negative"": 0.5133689839572193, ""Neutral"": 0.2971014492753623, ""Positive"": 0.6600496277915633}","[[96, 27, 83], [24, 41, 119], [48, 24, 266]]"
s3_B1_seed42,tinybert_masked_mean_linear_dual_head,42,select,select:1:0.10:random:independent:0,0.5865384615384616,0.5080466958515739,0.6481374372643592,0.5315105635285851,0.6555705472934418,0.5291085547796897,,,0.056143892214244775,724,0.12087912087912088,0.01450791082869765,1.0,"{""Negative"": 0.5948717948717949, ""Neutral"": 0.24390243902439024, ""Positive"": 0.6853658536585366}","[[116, 14, 76], [29, 30, 125], [39, 18, 281]]"
s3_B1_seed42,tinybert_masked_mean_linear_dual_head,42,select,select:1:0.10:random:independent:1,0.5865384615384616,0.5080466958515739,0.6481374372643592,0.5315105635285851,0.6555705472934418,0.5291085547796897,,,0.056143892214244775,724,0.12087912087912088,0.01450791082869765,1.0,"{""Negative"": 0.5948717948717949, ""Neutral"": 0.24390243902439024, ""Positive"": 0.6853658536585366}","[[116, 14, 76], [29, 30, 125], [39, 18, 281]]"
s3_B1_seed42,tinybert_masked_mean_linear_dual_head,42,select,select:1:0.10:random:independent:2,0.5865384615384616,0.5080466958515739,0.6481374372643592,0.5315105635285851,0.6555705472934418,0.5291085547796897,,,0.056143892214244775,724,0.12087912087912088,0.01450791082869765,1.0,"{""Negative"": 0.5948717948717949, ""Neutral"": 0.24390243902439024, ""Positive"": 0.6853658536585366}","[[116, 14, 76], [29, 30, 125], [39, 18, 281]]"
s3_B1_seed42,tinybert_masked_mean_linear_dual_head,42,select,select:1:0.30:random:independent:0,0.5865384615384616,0.5080466958515739,0.6481374372643592,0.5315105635285851,0.6555705472934418,0.5291085547796897,,,0.12118179079621412,724,0.12087912087912088,0.01450791082869765,1.0,"{""Negative"": 0.5948717948717949, ""Neutral"": 0.24390243902439024, ""Positive"": 0.6853658536585366}","[[116, 14, 76], [29, 30, 125], [39, 18, 281]]"
s3_B1_seed42,tinybert_masked_mean_linear_dual_head,42,select,select:1:0.30:random:independent:1,0.5865384615384616,0.5080466958515739,0.6481374372643592,0.5315105635285851,0.6555705472934418,0.5291085547796897,,,0.12118179079621412,724,0.12087912087912088,0.01450791082869765,1.0,"{""Negative"": 0.5948717948717949, ""Neutral"": 0.24390243902439024, ""Positive"": 0.6853658536585366}","[[116, 14, 76], [29, 30, 125], [39, 18, 281]]"
s3_B1_seed42,tinybert_masked_mean_linear_dual_head,42,select,select:1:0.30:random:independent:2,0.5865384615384616,0.5080466958515739,0.6481374372643592,0.5315105635285851,0.6555705472934418,0.5291085547796897,,,0.12118179079621412,724,0.12087912087912088,0.01450791082869765,1.0,"{""Negative"": 0.5948717948717949, ""Neutral"": 0.24390243902439024, ""Positive"": 0.6853658536585366}","[[116, 14, 76], [29, 30, 125], [39, 18, 281]]"
s3_B1_seed42,tinybert_masked_mean_linear_dual_head,42,select,select:1:0.50:random:independent:0,0.5865384615384616,0.5080466958515739,0.6481374372643592,0.5315105635285851,0.6555705472934418,0.5291085547796897,,,0.19077939219687765,724,0.12087912087912088,0.01450791082869765,1.0,"{""Negative"": 0.5948717948717949, ""Neutral"": 0.24390243902439024, ""Positive"": 0.6853658536585366}","[[116, 14, 76], [29, 30, 125], [39, 18, 281]]"
s3_B1_seed42,tinybert_masked_mean_linear_dual_head,42,select,select:1:0.50:random:independent:1,0.5865384615384616,0.5080466958515739,0.6481374372643592,0.5315105635285851,0.6555705472934418,0.5291085547796897,,,0.19077939219687765,724,0.12087912087912088,0.01450791082869765,1.0,"{""Negative"": 0.5948717948717949, ""Neutral"": 0.24390243902439024, ""Positive"": 0.6853658536585366}","[[116, 14, 76], [29, 30, 125], [39, 18, 281]]"
s3_B1_seed42,tinybert_masked_mean_linear_dual_head,42,select,select:1:0.50:random:independent:2,0.5865384615384616,0.5080466958515739,0.6481374372643592,0.5315105635285851,0.6555705472934418,0.5291085547796897,,,0.19077939219687765,724,0.12087912087912088,0.01450791082869765,1.0,"{""Negative"": 0.5948717948717949, ""Neutral"": 0.24390243902439024, ""Positive"": 0.6853658536585366}","[[116, 14, 76], [29, 30, 125], [39, 18, 281]]"
s3_B1_seed42,tinybert_masked_mean_linear_dual_head,42,select,select:2:0.10:random:independent:0,0.5865384615384616,0.5080466958515739,0.6481374372643592,0.5315105635285851,0.6555705472934418,0.5291085547796897,,,0.05471828184470957,703,0.12087912087912088,0.01450791082869765,1.0,"{""Negative"": 0.5948717948717949, ""Neutral"": 0.24390243902439024, ""Positive"": 0.6853658536585366}","[[116, 14, 76], [29, 30, 125], [39, 18, 281]]"
s3_B1_seed42,tinybert_masked_mean_linear_dual_head,42,select,select:2:0.10:random:independent:1,0.5865384615384616,0.5080466958515739,0.6481374372643592,0.5315105635285851,0.6555705472934418,0.5291085547796897,,,0.054688334898890016,703,0.12087912087912088,0.01450791082869765,1.0,"{""Negative"": 0.5948717948717949, ""Neutral"": 0.24390243902439024, ""Positive"": 0.6853658536585366}","[[116, 14, 76], [29, 30, 125], [39, 18, 281]]"
s3_B1_seed42,tinybert_masked_mean_linear_dual_head,42,select,select:2:0.10:random:independent:2,0.5865384615384616,0.5080466958515739,0.6481374372643592,0.5315105635285851,0.6555705472934418,0.5291085547796897,,,0.05481930502759008,703,0.12087912087912088,0.01450791082869765,1.0,"{""Negative"": 0.5948717948717949, ""Neutral"": 0.24390243902439024, ""Positive"": 0.6853658536585366}","[[116, 14, 76], [29, 30, 125], [39, 18, 281]]"
s3_B1_seed42,tinybert_masked_mean_linear_dual_head,42,select,select:2:0.30:random:independent:0,0.5865384615384616,0.5080466958515739,0.6481374372643592,0.5315105635285851,0.6555705472934418,0.5291085547796897,,,0.11537182825966232,703,0.12087912087912088,0.01450791082869765,1.0,"{""Negative"": 0.5948717948717949, ""Neutral"": 0.24390243902439024, ""Positive"": 0.6853658536585366}","[[116, 14, 76], [29, 30, 125], [39, 18, 281]]"
s3_B1_seed42,tinybert_masked_mean_linear_dual_head,42,select,select:2:0.30:random:independent:1,0.5865384615384616,0.5080466958515739,0.6481374372643592,0.5315105635285851,0.6555705472934418,0.5291085547796897,,,0.11628030776814742,703,0.12087912087912088,0.01450791082869765,1.0,"{""Negative"": 0.5948717948717949, ""Neutral"": 0.24390243902439024, ""Positive"": 0.6853658536585366}","[[116, 14, 76], [29, 30, 125], [39, 18, 281]]"
s3_B1_seed42,tinybert_masked_mean_linear_dual_head,42,select,select:2:0.30:random:independent:2,0.5865384615384616,0.5080466958515739,0.6481374372643592,0.5315105635285851,0.6555705472934418,0.5291085547796897,,,0.11578318848929205,703,0.12087912087912088,0.01450791082869765,1.0,"{""Negative"": 0.5948717948717949, ""Neutral"": 0.24390243902439024, ""Positive"": 0.6853658536585366}","[[116, 14, 76], [29, 30, 125], [39, 18, 281]]"
s3_B1_seed42,tinybert_masked_mean_linear_dual_head,42,select,select:2:0.50:random:independent:0,0.5865384615384616,0.5080466958515739,0.6481374372643592,0.5315105635285851,0.6555705472934418,0.5291085547796897,,,0.18051985710310411,703,0.12087912087912088,0.01450791082869765,1.0,"{""Negative"": 0.5948717948717949, ""Neutral"": 0.24390243902439024, ""Positive"": 0.6853658536585366}","[[116, 14, 76], [29, 30, 125], [39, 18, 281]]"
s3_B1_seed42,tinybert_masked_mean_linear_dual_head,42,select,select:2:0.50:random:independent:1,0.5865384615384616,0.5080466958515739,0.6481374372643592,0.5315105635285851,0.6555705472934418,0.5291085547796897,,,0.18035659556840442,703,0.12087912087912088,0.01450791082869765,1.0,"{""Negative"": 0.5948717948717949, ""Neutral"": 0.24390243902439024, ""Positive"": 0.6853658536585366}","[[116, 14, 76], [29, 30, 125], [39, 18, 281]]"
s3_B1_seed42,tinybert_masked_mean_linear_dual_head,42,select,select:2:0.50:random:independent:2,0.5865384615384616,0.5080466958515739,0.6481374372643592,0.5315105635285851,0.6555705472934418,0.5291085547796897,,,0.18067481495681129,703,0.12087912087912088,0.01450791082869765,1.0,"{""Negative"": 0.5948717948717949, ""Neutral"": 0.24390243902439024, ""Positive"": 0.6853658536585366}","[[116, 14, 76], [29, 30, 125], [39, 18, 281]]"
s3_B1_seed42,tinybert_masked_mean_linear_dual_head,42,select,select:01:0.10:random:independent:0,0.5961538461538461,0.5286168043809066,0.654672239646811,0.5171571612439212,0.6635235263224036,0.5108742069444737,,,0.09164042378228397,724,0.12637362637362637,0.015637477617506144,1.0,"{""Negative"": 0.6071428571428571, ""Neutral"": 0.2948207171314741, ""Positive"": 0.6838868388683886}","[[119, 7, 80], [30, 37, 117], [37, 23, 278]]"
s3_B1_seed42,tinybert_masked_mean_linear_dual_head,42,select,select:01:0.10:random:independent:1,0.5741758241758241,0.49826957174095515,0.6563264539695212,0.5169462115393753,0.6630764623034417,0.5152267212984857,,,0.09164042378228397,724,0.12912087912087913,0.01581808248351809,1.0,"{""Negative"": 0.5692695214105793, ""Neutral"": 0.24899598393574296, ""Positive"": 0.6765432098765433}","[[113, 14, 79], [34, 31, 119], [44, 20, 274]]"
s3_B1_seed42,tinybert_masked_mean_linear_dual_head,42,select,select:01:0.10:random:independent:2,0.5824175824175825,0.5138276869620153,0.6606394275078653,0.5024588375696368,0.6673851973776307,0.5014071684228157,,,0.09164042378228397,724,0.13186813186813187,0.014929488793940663,1.0,"{""Negative"": 0.6, ""Neutral"": 0.2698412698412698, ""Positive"": 0.6716417910447762}","[[120, 12, 74], [28, 34, 122], [46, 22, 270]]"
s3_B1_seed42,tinybert_masked_mean_linear_dual_head,42,select,select:01:0.30:random:independent:0,0.5782967032967034,0.5100112174319988,0.6510494722476332,0.5185104154375935,0.6580486430832605,0.5174729595309591,,,0.22180207259457435,724,0.13324175824175824,0.015515469521726225,1.0,"{""Negative"": 0.5655526992287918, ""Neutral"": 0.28793774319066145, ""Positive"": 0.6765432098765433}","[[110, 14, 82], [31, 37, 116], [42, 22, 274]]"
s3_B1_seed42,tinybert_masked_mean_linear_dual_head,42,select,select:01:0.30:random:independent:1,0.5673076923076923,0.49318560709011905,0.6712548435785695,0.4868313553175727,0.6784810209058348,0.48216542929475487,,,0.22180207259457435,724,0.1304945054945055,0.015409904348633284,1.0,"{""Negative"": 0.5663265306122449, ""Neutral"": 0.2440944881889764, ""Positive"": 0.6691358024691358}","[[111, 14, 81], [33, 31, 120], [42, 25, 271]]"
s3_B1_seed42,tinybert_masked_mean_linear_dual_head,42,select,select:01:0.30:random:independent:2,0.5453296703296703,0.4743185123302083,0.6796246246122152,0.478186010550211,0.6829635937529319,0.4808390660034269,,,0.22180207259457435,724,0.14835164835164835,0.017120333243558532,1.0,"{""Negative"": 0.5105263157894737, ""Neutral"": 0.2556390977443609, ""Positive"": 0.6567901234567901}","[[97, 23, 86], [30, 34, 120], [47, 25, 266]]"
s3_B1_seed42,tinybert_masked_mean_linear_dual_head,42,select,select:01:0.50:random:independent:0,0.5563186813186813,0.4915927413999488,0.6879606812073142,0.4411275102543214,0.6940060205486409,0.44307048663958976,,,0.36109266611629226,724,0.1565934065934066,0.021094385815284902,1.0,"{""Negative"": 0.5478723404255319, ""Neutral"": 0.26523297491039427, ""Positive"": 0.66167290886392}","[[103, 29, 74], [23, 37, 124], [44, 29, 265]]"
s3_B1_seed42,tinybert_masked_mean_linear_dual_head,42,select,select:01:0.50:random:independent:1,0.5384615384615384,0.47554719210025986,0.6895087626632509,0.44166643927812343,0.6977220691003643,0.44256585166428314,,,0.36109266611629226,724,0.16483516483516483,0.023274000924375354,1.0,"{""Negative"": 0.5171503957783641, ""Neutral"": 0.26618705035971224, ""Positive"": 0.6433041301627034}","[[98, 29, 79], [22, 37, 125], [53, 28, 257]]"
s3_B1_seed42,tinybert_masked_mean_linear_dual_head,42,select,select:01:0.50:random:independent:2,0.5315934065934066,0.4679771047296251,0.7006522411337347,0.43021059325395183,0.7091273476860926,0.4295260038528624,,,0.36109266611629226,724,0.16758241758241757,0.022940778898767063,1.0,"{""Negative"": 0.4948453608247423, ""Neutral"": 0.26523297491039427, ""Positive"": 0.6438529784537389}","[[96, 26, 84], [34, 37, 113], [52, 32, 254]]"
s3_B1_seed42,tinybert_masked_mean_linear_dual_head,42,select,select:02:0.10:random:independent:0,0.5975274725274725,0.5232286971667132,0.6582343539210957,0.5218766118786676,0.6646527254744177,0.5190607707266016,,,0.09025892452344063,724,0.11950549450549451,0.0132965484983605,1.0,"{""Negative"": 0.6, ""Neutral"": 0.2786885245901639, ""Positive"": 0.6909975669099757}","[[117, 9, 80], [30, 34, 120], [37, 17, 284]]"
s3_B1_seed42,tinybert_masked_mean_linear_dual_head,42,select,select:02:0.10:random:independent:1,0.5824175824175825,0.5074395390184864,0.6618975775440151,0.5110854627058287,0.6672366002707609,0.5126738546969397,,,0.09020706469477802,724,0.12362637362637363,0.014862383832127509,1.0,"{""Negative"": 0.5948717948717949, ""Neutral"": 0.25101214574898784, ""Positive"": 0.6764346764346765}","[[116, 10, 80], [29, 31, 124], [39, 22, 277]]"
s3_B1_seed42,tinybert_masked_mean_linear_dual_head,42,select,select:02:0.10:random:independent:2,0.5906593406593407,0.5204194810552095,0.652690161517328,0.5150383819992576,0.6582234699412116,0.5156165164862189,,,0.09022829257477709,724,0.11675824175824176,0.01519714994264337,1.0,"{""Negative"": 0.5888324873096447, ""Neutral"": 0.2868525896414343, ""Positive"": 0.6855733662145499}","[[116, 13, 77], [30, 36, 118], [42, 18, 278]]"
s3_B1_seed42,tinybert_masked_mean_linear_dual_head,42,select,select:02:0.30:random:independent:0,0.570054945054945,0.502642836132016,0.6624064519996826,0.5040705855960821,0.6715108978812798,0.5033435355772071,,,0.21662896826569322,724,0.14972527472527472,0.018426581389886825,1.0,"{""Negative"": 0.5736040609137056, ""Neutral"": 0.26515151515151514, ""Positive"": 0.6691729323308271}","[[113, 17, 76], [32, 35, 117], [43, 28, 267]]"
s3_B1_seed42,tinybert_masked_mean_linear_dual_head,42,select,select:02:0.30:random:independent:1,0.5467032967032966,0.47401151250739276,0.6823780577005143,0.4836466896631554,0.6887353865076675,0.4826764552266352,,,0.2163273861362854,724,0.1565934065934066,0.01764829959313457,1.0,"{""Negative"": 0.5421052631578948, ""Neutral"": 0.22641509433962265, ""Positive"": 0.6535141800246609}","[[103, 20, 83], [29, 30, 125], [42, 31, 265]]"
s3_B1_seed42,tinybert_masked_mean_linear_dual_head,42,select,select:02:0.30:random:independent:2,0.5673076923076923,0.4970689693054731,0.661503986252214,0.5085054050168631,0.6678825198611306,0.5091293130137847,,,0.21614375377087763,724,0.14560439560439561,0.016098946733952877,1.0,"{""Negative"": 0.570694087403599, ""Neutral"": 0.25384615384615383, ""Positive"": 0.6666666666666666}","[[111, 21, 74], [25, 33, 126], [47, 22, 269]]"
s3_B1_seed42,tinybert_masked_mean_linear_dual_head,42,select,select:02:0.50:random:independent:0,0.5398351648351648,0.47699181411355857,0.7044532783794697,0.4055113914998041,0.7112130911069011,0.40997734766773486,,,0.3507859006961929,724,0.1662087912087912,0.021868046342909012,1.0,"{""Negative"": 0.517948717948718, ""Neutral"": 0.26334519572953735, ""Positive"": 0.6496815286624203}","[[101, 28, 77], [32, 37, 115], [51, 32, 255]]"
s3_B1_seed42,tinybert_masked_mean_linear_dual_head,42,select,select:02:0.50:random:independent:1,0.5604395604395604,0.4995460739797153,0.6930800751912315,0.436449971024978,0.703073941798021,0.43342775040655945,,,0.35119532701886813,724,0.18543956043956045,0.02196246282001036,1.0,"{""Negative"": 0.5395095367847411, ""Neutral"": 0.29577464788732394, ""Positive"": 0.6633540372670808}","[[99, 26, 81], [23, 42, 119], [39, 32, 267]]"
s3_B1_seed42,tinybert_masked_mean_linear_dual_head,42,select,select:02:0.50:random:independent:2,0.5521978021978022,0.4886629698046054,0.7054668207849201,0.4263495830146563,0.7099596323818992,0.4346587950400933,,,0.35125174458983455,724,0.17307692307692307,0.023119935603296525,1.0,"{""Negative"": 0.5390835579514824, ""Neutral"": 0.26855123674911663, ""Positive"": 0.6583541147132169}","[[100, 28, 78], [24, 38, 122], [41, 33, 264]]"
s3_B1_seed42,tinybert_masked_mean_linear_dual_head,42,select,select:12:0.10:random:independent:0,0.5865384615384616,0.5080466958515739,0.6481374372643592,0.5315105635285851,0.6555705472934418,0.5291085547796897,,,0.09011852407557222,724,0.12087912087912088,0.01450791082869765,1.0,"{""Negative"": 0.5948717948717949, ""Neutral"": 0.24390243902439024, ""Positive"": 0.6853658536585366}","[[116, 14, 76], [29, 30, 125], [39, 18, 281]]"
s3_B1_seed42,tinybert_masked_mean_linear_dual_head,42,select,select:12:0.10:random:independent:1,0.5865384615384616,0.5080466958515739,0.6481374372643592,0.5315105635285851,0.6555705472934418,0.5291085547796897,,,0.09019592878213162,724,0.12087912087912088,0.01450791082869765,1.0,"{""Negative"": 0.5948717948717949, ""Neutral"": 0.24390243902439024, ""Positive"": 0.6853658536585366}","[[116, 14, 76], [29, 30, 125], [39, 18, 281]]"
s3_B1_seed42,tinybert_masked_mean_linear_dual_head,42,select,select:12:0.10:random:independent:2,0.5865384615384616,0.5080466958515739,0.6481374372643592,0.5315105635285851,0.6555705472934418,0.5291085547796897,,,0.09018448391793114,724,0.12087912087912088,0.01450791082869765,1.0,"{""Negative"": 0.5948717948717949, ""Neutral"": 0.24390243902439024, ""Positive"": 0.6853658536585366}","[[116, 14, 76], [29, 30, 125], [39, 18, 281]]"
s3_B1_seed42,tinybert_masked_mean_linear_dual_head,42,select,select:12:0.30:random:independent:0,0.5865384615384616,0.5080466958515739,0.6481374372643592,0.5315105635285851,0.6555705472934418,0.5291085547796897,,,0.21577850944764493,724,0.12087912087912088,0.01450791082869765,1.0,"{""Negative"": 0.5948717948717949, ""Neutral"": 0.24390243902439024, ""Positive"": 0.6853658536585366}","[[116, 14, 76], [29, 30, 125], [39, 18, 281]]"
s3_B1_seed42,tinybert_masked_mean_linear_dual_head,42,select,select:12:0.30:random:independent:1,0.5865384615384616,0.5080466958515739,0.6481374372643592,0.5315105635285851,0.6555705472934418,0.5291085547796897,,,0.2160189805783876,724,0.12087912087912088,0.01450791082869765,1.0,"{""Negative"": 0.5948717948717949, ""Neutral"": 0.24390243902439024, ""Positive"": 0.6853658536585366}","[[116, 14, 76], [29, 30, 125], [39, 18, 281]]"
s3_B1_seed42,tinybert_masked_mean_linear_dual_head,42,select,select:12:0.30:random:independent:2,0.5865384615384616,0.5080466958515739,0.6481374372643592,0.5315105635285851,0.6555705472934418,0.5291085547796897,,,0.21623765565574107,724,0.12087912087912088,0.01450791082869765,1.0,"{""Negative"": 0.5948717948717949, ""Neutral"": 0.24390243902439024, ""Positive"": 0.6853658536585366}","[[116, 14, 76], [29, 30, 125], [39, 18, 281]]"
s3_B1_seed42,tinybert_masked_mean_linear_dual_head,42,select,select:12:0.50:random:independent:0,0.5865384615384616,0.5080466958515739,0.6481374372643592,0.5315105635285851,0.6555705472934418,0.5291085547796897,,,0.3507132531656354,724,0.12087912087912088,0.01450791082869765,1.0,"{""Negative"": 0.5948717948717949, ""Neutral"": 0.24390243902439024, ""Positive"": 0.6853658536585366}","[[116, 14, 76], [29, 30, 125], [39, 18, 281]]"
s3_B1_seed42,tinybert_masked_mean_linear_dual_head,42,select,select:12:0.50:random:independent:1,0.5865384615384616,0.5080466958515739,0.6481374372643592,0.5315105635285851,0.6555705472934418,0.5291085547796897,,,0.3507343430875613,724,0.12087912087912088,0.01450791082869765,1.0,"{""Negative"": 0.5948717948717949, ""Neutral"": 0.24390243902439024, ""Positive"": 0.6853658536585366}","[[116, 14, 76], [29, 30, 125], [39, 18, 281]]"
s3_B1_seed42,tinybert_masked_mean_linear_dual_head,42,select,select:12:0.50:random:independent:2,0.5865384615384616,0.5080466958515739,0.6481374372643592,0.5315105635285851,0.6555705472934418,0.5291085547796897,,,0.3509549248224926,724,0.12087912087912088,0.01450791082869765,1.0,"{""Negative"": 0.5948717948717949, ""Neutral"": 0.24390243902439024, ""Positive"": 0.6853658536585366}","[[116, 14, 76], [29, 30, 125], [39, 18, 281]]"
s3_B1_seed42,tinybert_masked_mean_linear_dual_head,42,select,select:012:0.10:random:independent:0,0.5782967032967034,0.5093145884654208,0.654003103058998,0.5178191985419279,0.6611013323744084,0.5141506549243794,,,0.12558993973665408,724,0.12774725274725274,0.016383938617897883,1.0,"{""Negative"": 0.578005115089514, ""Neutral"": 0.28, ""Positive"": 0.6699386503067485}","[[113, 8, 85], [30, 35, 119], [42, 23, 273]]"
s3_B1_seed42,tinybert_masked_mean_linear_dual_head,42,select,select:012:0.10:random:independent:1,0.5851648351648352,0.5117246479524235,0.6579787328273713,0.5046580535212413,0.6651700720815295,0.5035599581320903,,,0.12571082327220762,724,0.125,0.014992894109387646,1.0,"{""Negative"": 0.5677749360613811, ""Neutral"": 0.28112449799196787, ""Positive"": 0.6862745098039216}","[[111, 12, 83], [34, 35, 115], [40, 18, 280]]"
s3_B1_seed42,tinybert_masked_mean_linear_dual_head,42,select,select:012:0.10:random:independent:2,0.570054945054945,0.49452402454383426,0.659922460391831,0.5100965605184073,0.6660915006433132,0.5103933384555321,,,0.1256004676726215,724,0.1346153846153846,0.015591337913569512,1.0,"{""Negative"": 0.5751295336787565, ""Neutral"": 0.24096385542168675, ""Positive"": 0.6674786845310596}","[[111, 12, 83], [28, 30, 126], [41, 23, 274]]"
s3_B1_seed42,tinybert_masked_mean_linear_dual_head,42,select,select:012:0.30:random:independent:0,0.5521978021978022,0.4841097949080622,0.6788636161773742,0.4882611222767292,0.6836227316660091,0.4902274832693283,,,0.3162180586060894,724,0.14285714285714285,0.016816025077678508,1.0,"{""Negative"": 0.5357142857142857, ""Neutral"": 0.265625, ""Positive"": 0.650990099009901}","[[105, 14, 87], [30, 34, 120], [51, 24, 263]]"
s3_B1_seed42,tinybert_masked_mean_linear_dual_head,42,select,select:012:0.30:random:independent:1,0.5755494505494505,0.5066309163422621,0.6734686488556502,0.474757145315528,0.6813389288292235,0.4732554790004784,,,0.3167463590511638,724,0.14560439560439561,0.018188598933283773,1.0,"{""Negative"": 0.5497382198952879, ""Neutral"": 0.29118773946360155, ""Positive"": 0.6789667896678967}","[[105, 18, 83], [30, 38, 116], [41, 21, 276]]"
s3_B1_seed42,tinybert_masked_mean_linear_dual_head,42,select,select:012:0.30:random:independent:2,0.5714285714285714,0.49689544033491223,0.6688005335412265,0.48937401028687844,0.671645329666457,0.49201657152113076,,,0.31705028085974835,724,0.13324175824175824,0.017350874473727667,1.0,"{""Negative"": 0.5846153846153846, ""Neutral"": 0.23529411764705882, ""Positive"": 0.6707768187422934}","[[114, 16, 76], [29, 30, 125], [41, 25, 272]]"
s3_B1_seed42,tinybert_masked_mean_linear_dual_head,42,select,select:012:0.50:random:independent:0,0.5576923076923077,0.49601701551251826,0.687428229360045,0.45260328386558396,0.6949485075931259,0.45841027620053504,,,0.5214278455584954,724,0.16483516483516483,0.024300368513686804,1.0,"{""Negative"": 0.538860103626943, ""Neutral"": 0.2867383512544803, ""Positive"": 0.6624525916561315}","[[104, 30, 72], [25, 40, 119], [51, 25, 262]]"
s3_B1_seed42,tinybert_masked_mean_linear_dual_head,42,select,select:012:0.50:random:independent:1,0.5480769230769231,0.4847868219705056,0.6870300182807577,0.45065190461973575,0.693492862761819,0.4549069975780843,,,0.5211035116402414,724,0.17857142857142858,0.022905232044067848,1.0,"{""Negative"": 0.5212765957446809, ""Neutral"": 0.2756183745583039, ""Positive"": 0.657465495608532}","[[98, 31, 77], [25, 39, 120], [47, 29, 262]]"
s3_B1_seed42,tinybert_masked_mean_linear_dual_head,42,select,select:012:0.50:random:independent:2,0.5631868131868132,0.4956662732682209,0.7061785597811934,0.4427126076696198,0.7152626439852251,0.442475255943477,,,0.5211950835022432,724,0.14560439560439561,0.01874705406161701,1.0,"{""Negative"": 0.5402597402597402, ""Neutral"": 0.2792452830188679, ""Positive"": 0.6674937965260546}","[[104, 23, 79], [27, 37, 120], [48, 21, 269]]"
s3_B1_seed42,tinybert_masked_mean_linear_dual_head,42,clean,clean:clean,0.5865384615384616,0.5080466958515739,0.6481374372643592,0.5315105635285851,0.6555705472934418,0.5291085547796897,,,0.020685516934361863,0,0.12087912087912088,0.01450791082869765,1.0,"{""Negative"": 0.5948717948717949, ""Neutral"": 0.24390243902439024, ""Positive"": 0.6853658536585366}","[[116, 14, 76], [29, 30, 125], [39, 18, 281]]"
s3_B3_seed42,bigru_content_gate_time_pool,42,select,select:0:0.10:random:independent:0,0.5824175824175825,0.5145639486221646,0.6593308491417422,0.5053177948297644,0.6640558453880578,0.5013798349941463,,,0.056182048502401064,724,0.11675824175824176,0.010346703309492096,1.0,"{""Negative"": 0.5771144278606966, ""Neutral"": 0.2813688212927757, ""Positive"": 0.6852085967130215}","[[116, 21, 69], [34, 37, 113], [46, 21, 271]]"
s3_B3_seed42,bigru_content_gate_time_pool,42,select,select:0:0.10:random:independent:1,0.5782967032967034,0.5185258714421964,0.6616130482882753,0.49520515986227553,0.6662943412877291,0.49544120496097616,,,0.056182048502401064,724,0.14148351648351648,0.012719194907203808,1.0,"{""Negative"": 0.5634517766497462, ""Neutral"": 0.3161764705882353, ""Positive"": 0.6759493670886076}","[[111, 21, 74], [30, 43, 111], [47, 24, 267]]"
s3_B3_seed42,bigru_content_gate_time_pool,42,select,select:0:0.10:random:independent:2,0.5769230769230769,0.5164530501311387,0.6626336677279119,0.4958390827008258,0.6678527367434332,0.49400540964815093,,,0.056182048502401064,724,0.1565934065934066,0.012600769084168005,1.0,"{""Negative"": 0.5583756345177665, ""Neutral"": 0.3115942028985507, ""Positive"": 0.6793893129770993}","[[110, 24, 72], [32, 43, 109], [46, 25, 267]]"
s3_B3_seed42,bigru_content_gate_time_pool,42,select,select:0:0.30:random:independent:0,0.5590659340659341,0.477768373261803,0.684033982170103,0.46674703465079037,0.6868177232905649,0.46706096677546527,,,0.12130579873272207,724,0.11401098901098901,0.009850792682179055,1.0,"{""Negative"": 0.5370843989769821, ""Neutral"": 0.22134387351778656, ""Positive"": 0.6748768472906403}","[[105, 22, 79], [35, 28, 121], [45, 19, 274]]"
s3_B3_seed42,bigru_content_gate_time_pool,42,select,select:0:0.30:random:independent:1,0.5618131868131868,0.4796531748625812,0.6799087781016234,0.48599791828415023,0.6803664772740596,0.48945448102496214,,,0.12130579873272207,724,0.11813186813186813,0.009772410229249642,1.0,"{""Negative"": 0.5506493506493506, ""Neutral"": 0.2151394422310757, ""Positive"": 0.6731707317073171}","[[106, 20, 80], [31, 27, 126], [42, 20, 276]]"
s3_B3_seed42,bigru_content_gate_time_pool,42,select,select:0:0.30:random:independent:2,0.5604395604395604,0.47814689781021896,0.6860274987962384,0.44854822024501734,0.6895072305892277,0.44854732041552725,,,0.12130579873272207,724,0.11401098901098901,0.009467241872527768,1.0,"{""Negative"": 0.5260416666666666, ""Neutral"": 0.232, ""Positive"": 0.6763990267639902}","[[101, 22, 83], [32, 29, 123], [45, 15, 278]]"
s3_B3_seed42,bigru_content_gate_time_pool,42,select,select:0:0.50:random:independent:0,0.5453296703296703,0.4555270960623723,0.705755190551191,0.42078096285602135,0.7076095404297851,0.42052254653796645,,,0.1909987908537763,724,0.09752747252747253,0.006588861247635149,1.0,"{""Negative"": 0.5145888594164456, ""Neutral"": 0.19246861924686193, ""Positive"": 0.6595238095238095}","[[97, 15, 94], [30, 23, 131], [44, 17, 277]]"
s3_B3_seed42,bigru_content_gate_time_pool,42,select,select:0:0.50:random:independent:1,0.5151098901098901,0.42934258886951615,0.728241051383947,0.3631321103111494,0.7285661076216007,0.36400850385828976,,,0.1909987908537763,724,0.10576923076923077,0.008627251020417764,1.0,"{""Negative"": 0.4720812182741117, ""Neutral"": 0.1825726141078838, ""Positive"": 0.633373934226553}","[[93, 14, 99], [38, 22, 124], [57, 21, 260]]"
s3_B3_seed42,bigru_content_gate_time_pool,42,select,select:0:0.50:random:independent:2,0.5260989010989011,0.4389930074209445,0.7148421160136196,0.40077761983066584,0.7161641999065957,0.4018468281503353,,,0.1909987908537763,724,0.10576923076923077,0.007420378744143706,1.0,"{""Negative"": 0.4842105263157895, ""Neutral"": 0.19008264462809918, ""Positive"": 0.6426858513189448}","[[92, 17, 97], [30, 23, 131], [52, 18, 268]]"
s3_B3_seed42,bigru_content_gate_time_pool,42,select,select:1:0.10:random:independent:0,0.5947802197802198,0.5393194210167337,0.6426233879791102,0.5304035443068228,0.647552628361794,0.528488901356169,,,0.056143892214244775,724,0.1662087912087912,0.014611856137363466,1.0,"{""Negative"": 0.5935162094763092, ""Neutral"": 0.33451957295373663, ""Positive"": 0.689922480620155}","[[119, 25, 62], [30, 47, 107], [46, 25, 267]]"
s3_B3_seed42,bigru_content_gate_time_pool,42,select,select:1:0.10:random:independent:1,0.5989010989010989,0.5447763291889908,0.6420892163749252,0.5272926475077351,0.648475655375028,0.5243997303011954,,,0.056143892214244775,724,0.1717032967032967,0.015545405942005115,1.0,"{""Negative"": 0.5959595959595959, ""Neutral"": 0.34507042253521125, ""Positive"": 0.6932989690721649}","[[118, 24, 64], [30, 49, 105], [42, 27, 269]]"
s3_B3_seed42,bigru_content_gate_time_pool,42,select,select:1:0.10:random:independent:2,0.5961538461538461,0.5422251030580961,0.641447115585781,0.5309719069339093,0.6473362690994291,0.5277533324399613,,,0.056143892214244775,724,0.1717032967032967,0.015240897560373437,1.0,"{""Negative"": 0.5924050632911393, ""Neutral"": 0.34265734265734266, ""Positive"": 0.6916129032258065}","[[117, 26, 63], [29, 49, 106], [43, 27, 268]]"
s3_B3_seed42,bigru_content_gate_time_pool,42,select,select:1:0.30:random:independent:0,0.5892857142857143,0.5317847738090197,0.6389775562661199,0.5378751054692215,0.6447019799776211,0.5354136913039245,,,0.12118179079621412,724,0.17307692307692307,0.015510360501469166,1.0,"{""Negative"": 0.5894206549118388, ""Neutral"": 0.31690140845070425, ""Positive"": 0.6890322580645162}","[[117, 26, 63], [32, 45, 107], [42, 29, 267]]"
s3_B3_seed42,bigru_content_gate_time_pool,42,select,select:1:0.30:random:independent:1,0.5961538461538461,0.5395390534943524,0.6392814210610485,0.5375318056486841,0.645062162771125,0.5345376702936799,,,0.12118179079621412,724,0.1620879120879121,0.015369057367856685,1.0,"{""Negative"": 0.5829145728643216, ""Neutral"": 0.3380281690140845, ""Positive"": 0.6976744186046512}","[[116, 28, 62], [32, 48, 104], [44, 24, 270]]"
s3_B3_seed42,bigru_content_gate_time_pool,42,select,select:1:0.30:random:independent:2,0.6016483516483516,0.5484482184482184,0.639097490721941,0.5358362172778988,0.6455296160868154,0.5314244906899882,,,0.12118179079621412,724,0.16483516483516483,0.015308739437449436,1.0,"{""Negative"": 0.59, ""Neutral"": 0.35664335664335667, ""Positive"": 0.6987012987012987}","[[118, 26, 62], [32, 51, 101], [44, 25, 269]]"
s3_B3_seed42,bigru_content_gate_time_pool,42,select,select:1:0.50:random:independent:0,0.5906593406593407,0.5408685858039148,0.6376388166039364,0.5417726941643153,0.6437667374458205,0.5400566744378247,,,0.19077939219687765,724,0.1717032967032967,0.01641111907091933,1.0,"{""Negative"": 0.5885286783042394, ""Neutral"": 0.35172413793103446, ""Positive"": 0.6823529411764706}","[[118, 24, 64], [31, 51, 102], [46, 31, 261]]"
s3_B3_seed42,bigru_content_gate_time_pool,42,select,select:1:0.50:random:independent:1,0.5989010989010989,0.5471420056144224,0.6387560069500582,0.5389414797673098,0.6454764205020863,0.5362220026153244,,,0.19077939219687765,724,0.16758241758241757,0.014787806900926343,1.0,"{""Negative"": 0.6019900497512438, ""Neutral"": 0.34843205574912894, ""Positive"": 0.6910039113428944}","[[121, 25, 60], [30, 50, 104], [45, 28, 265]]"
s3_B3_seed42,bigru_content_gate_time_pool,42,select,select:1:0.50:random:independent:2,0.5947802197802198,0.5417317533308473,0.6368605707256676,0.5422722002264623,0.643141546690898,0.5407923838641854,,,0.19077939219687765,724,0.16758241758241757,0.015925711221804657,1.0,"{""Negative"": 0.5864661654135338, ""Neutral"": 0.3460207612456747, ""Positive"": 0.6927083333333334}","[[117, 27, 62], [32, 50, 102], [44, 28, 266]]"
s3_B3_seed42,bigru_content_gate_time_pool,42,select,select:2:0.10:random:independent:0,0.5879120879120879,0.5250106919579803,0.6454769267238267,0.5249483469058783,0.6506956785835407,0.5213151634283325,,,0.05471828184470957,703,0.15934065934065933,0.013453832553065086,1.0,"{""Negative"": 0.5843828715365239, ""Neutral"": 0.3037037037037037, ""Positive"": 0.6869455006337135}","[[116, 23, 67], [30, 41, 113], [45, 22, 271]]"
s3_B3_seed42,bigru_content_gate_time_pool,42,select,select:2:0.10:random:independent:1,0.5851648351648352,0.5227199052119283,0.6460290859792096,0.5236866776235803,0.6513342000032355,0.5197283116800546,,,0.054688334898890016,703,0.15521978021978022,0.013420339554220765,1.0,"{""Negative"": 0.5822784810126582, ""Neutral"": 0.3014705882352941, ""Positive"": 0.6844106463878327}","[[115, 25, 66], [28, 41, 115], [46, 22, 270]]"
s3_B3_seed42,bigru_content_gate_time_pool,42,select,select:2:0.10:random:independent:2,0.5865384615384616,0.524710454909776,0.6450271939228033,0.5250856328613216,0.650258365542638,0.5213690357260912,,,0.05481930502759008,703,0.15796703296703296,0.01368234312856099,1.0,"{""Negative"": 0.5879396984924623, ""Neutral"": 0.3025830258302583, ""Positive"": 0.6836086404066074}","[[117, 23, 66], [29, 41, 114], [46, 23, 269]]"
s3_B3_seed42,bigru_content_gate_time_pool,42,select,select:2:0.30:random:independent:0,0.5851648351648352,0.5207022262965669,0.6451866958964002,0.528554391344318,0.6490315548963026,0.526328592374677,,,0.11537182825966232,703,0.13324175824175824,0.011172197379098161,1.0,"{""Negative"": 0.5841584158415841, ""Neutral"": 0.2943396226415094, ""Positive"": 0.6836086404066074}","[[118, 23, 65], [30, 39, 115], [50, 19, 269]]"
s3_B3_seed42,bigru_content_gate_time_pool,42,select,select:2:0.30:random:independent:1,0.5934065934065934,0.5278778587449948,0.6439870940633037,0.5298696633363843,0.6479392585467424,0.5280153432180279,,,0.11628030776814742,703,0.1346153846153846,0.010524441057795679,1.0,"{""Negative"": 0.5864661654135338, ""Neutral"": 0.3053435114503817, ""Positive"": 0.6918238993710691}","[[117, 22, 67], [29, 40, 115], [47, 16, 275]]"
s3_B3_seed42,bigru_content_gate_time_pool,42,select,select:2:0.30:random:independent:2,0.5837912087912088,0.513099632410983,0.64713151320689,0.5259108950768441,0.6509709577997226,0.5232118493849777,,,0.11578318848929205,703,0.13598901098901098,0.011401247678361424,1.0,"{""Negative"": 0.5843828715365239, ""Neutral"": 0.2681992337164751, ""Positive"": 0.6867167919799498}","[[116, 23, 67], [30, 35, 119], [45, 19, 274]]"
s3_B3_seed42,bigru_content_gate_time_pool,42,select,select:2:0.50:random:independent:0,0.5851648351648352,0.5148362485982244,0.6465424924654456,0.5279887739896799,0.6507482332648239,0.5263086691526613,,,0.18051985710310411,703,0.1304945054945055,0.010633826943372303,1.0,"{""Negative"": 0.5894206549118388, ""Neutral"": 0.2692307692307692, ""Positive"": 0.685857321652065}","[[117, 24, 65], [27, 35, 122], [47, 17, 274]]"
s3_B3_seed42,bigru_content_gate_time_pool,42,select,select:2:0.50:random:independent:1,0.5892857142857143,0.5219502257973417,0.6468354135167468,0.5290816624569167,0.6513445466337214,0.5272917203629657,,,0.18035659556840442,703,0.12912087912087913,0.010802381210037312,1.0,"{""Negative"": 0.5864661654135338, ""Neutral"": 0.2900763358778626, ""Positive"": 0.6893081761006289}","[[117, 23, 66], [29, 38, 117], [47, 17, 274]]"
s3_B3_seed42,bigru_content_gate_time_pool,42,select,select:2:0.50:random:independent:2,0.5892857142857143,0.5224417287851301,0.6454563338772936,0.5271333377116411,0.6496906007005536,0.5250956296335345,,,0.18067481495681129,703,0.12774725274725274,0.010784695005441432,1.0,"{""Negative"": 0.5894206549118388, ""Neutral"": 0.29118773946360155, ""Positive"": 0.6867167919799498}","[[117, 22, 67], [27, 38, 119], [47, 17, 274]]"
s3_B3_seed42,bigru_content_gate_time_pool,42,select,select:01:0.10:random:independent:0,0.5782967032967034,0.5180202918764674,0.6560650556208832,0.500996614373551,0.6595417387261577,0.5027209473161118,,,0.09164042378228397,724,0.14835164835164835,0.012756362586271958,1.0,"{""Negative"": 0.5677749360613811, ""Neutral"": 0.3146067415730337, ""Positive"": 0.6716791979949874}","[[111, 17, 78], [28, 42, 114], [46, 24, 268]]"
s3_B3_seed42,bigru_content_gate_time_pool,42,select,select:01:0.10:random:independent:1,0.5851648351648352,0.5289147246852184,0.6556685251694623,0.5063476117741754,0.661288550799037,0.504059569048674,,,0.09164042378228397,724,0.14972527472527472,0.013466731219059162,1.0,"{""Negative"": 0.5743073047858942, ""Neutral"": 0.33212996389891697, ""Positive"": 0.680306905370844}","[[114, 24, 68], [28, 46, 110], [49, 23, 266]]"
s3_B3_seed42,bigru_content_gate_time_pool,42,select,select:01:0.10:random:independent:2,0.5810439560439561,0.5171868579550815,0.657375219256177,0.5038573766300297,0.6625843289420827,0.5000797586713388,,,0.09164042378228397,724,0.1304945054945055,0.011516435764517101,1.0,"{""Negative"": 0.5960591133004927, ""Neutral"": 0.2846153846153846, ""Positive"": 0.6708860759493671}","[[121, 15, 70], [30, 37, 117], [49, 24, 265]]"
s3_B3_seed42,bigru_content_gate_time_pool,42,select,select:01:0.30:random:independent:0,0.5769230769230769,0.4966853985738188,0.6657500761383428,0.5044063253835874,0.6689571779026844,0.502000923215184,,,0.22180207259457435,724,0.11675824175824176,0.010242184583613504,1.0,"{""Negative"": 0.5558441558441558, ""Neutral"": 0.2421875, ""Positive"": 0.6920245398773006}","[[107, 19, 80], [38, 31, 115], [34, 22, 282]]"
s3_B3_seed42,bigru_content_gate_time_pool,42,select,select:01:0.30:random:independent:1,0.5618131868131868,0.4856536224856813,0.6715295205086306,0.4799899846077067,0.6738807560343828,0.48042651388154306,,,0.22180207259457435,724,0.12087912087912088,0.009822201791356554,1.0,"{""Negative"": 0.5524296675191815, ""Neutral"": 0.23622047244094488, ""Positive"": 0.6683107274969173}","[[108, 20, 78], [30, 30, 124], [47, 20, 271]]"
s3_B3_seed42,bigru_content_gate_time_pool,42,select,select:01:0.30:random:independent:2,0.554945054945055,0.48541445634167885,0.6812904782516043,0.4605504645759794,0.6814230187990509,0.4652975219310966,,,0.22180207259457435,724,0.13873626373626374,0.010831038548076875,1.0,"{""Negative"": 0.5384615384615384, ""Neutral"": 0.2527881040892193, ""Positive"": 0.6649937264742786}","[[105, 27, 74], [30, 34, 120], [49, 24, 265]]"
s3_B3_seed42,bigru_content_gate_time_pool,42,select,select:01:0.50:random:independent:0,0.5604395604395604,0.4876836847946726,0.6958499886128028,0.4341752572888233,0.6981696650068593,0.43326990185929204,,,0.36109266611629226,724,0.1401098901098901,0.008916918311161653,1.0,"{""Negative"": 0.5173333333333333, ""Neutral"": 0.27169811320754716, ""Positive"": 0.6740196078431373}","[[97, 22, 87], [32, 36, 116], [40, 23, 275]]"
s3_B3_seed42,bigru_content_gate_time_pool,42,select,select:01:0.50:random:independent:1,0.5535714285714286,0.4781179903595072,0.6906365388613644,0.4293816530165133,0.6932768264253225,0.429097536425184,,,0.36109266611629226,724,0.13186813186813187,0.009436692950424257,1.0,"{""Negative"": 0.5118733509234829, ""Neutral"": 0.2558139534883721, ""Positive"": 0.6666666666666666}","[[97, 20, 89], [32, 33, 119], [44, 21, 273]]"
s3_B3_seed42,bigru_content_gate_time_pool,42,select,select:01:0.50:random:independent:2,0.5137362637362637,0.43566447056030394,0.7113129041012581,0.40719575164329824,0.7120100843341468,0.4099493535959502,,,0.36109266611629226,724,0.12912087912087913,0.00997718938904313,1.0,"{""Negative"": 0.48205128205128206, ""Neutral"": 0.1953125, ""Positive"": 0.6296296296296297}","[[94, 19, 93], [35, 25, 124], [55, 28, 255]]"
s3_B3_seed42,bigru_content_gate_time_pool,42,select,select:02:0.10:random:independent:0,0.5851648351648352,0.5126381411966309,0.659750898602654,0.5114831127527159,0.6649556446533936,0.5093332548120871,,,0.09025892452344063,724,0.13186813186813187,0.012151232774064435,1.0,"{""Negative"": 0.5772151898734177, ""Neutral"": 0.2681992337164751, ""Positive"": 0.6925}","[[114, 23, 69], [33, 35, 116], [42, 19, 277]]"
s3_B3_seed42,bigru_content_gate_time_pool,42,select,select:02:0.10:random:independent:1,0.5810439560439561,0.5137825182858485,0.6626569256614443,0.5023072769544151,0.6681675238248247,0.49997466840161764,,,0.09020706469477802,724,0.1346153846153846,0.01187074536013898,1.0,"{""Negative"": 0.5728900255754475, ""Neutral"": 0.2825278810408922, ""Positive"": 0.6859296482412061}","[[112, 25, 69], [30, 38, 116], [43, 22, 273]]"
s3_B3_seed42,bigru_content_gate_time_pool,42,select,select:02:0.10:random:independent:2,0.5865384615384616,0.5270715888776863,0.654017064595722,0.5121346536052129,0.659538802854553,0.5091463577502846,,,0.09022829257477709,724,0.13736263736263737,0.012507996522831721,1.0,"{""Negative"": 0.5831202046035806, ""Neutral"": 0.31970260223048325, ""Positive"": 0.678391959798995}","[[114, 20, 72], [25, 43, 116], [46, 22, 270]]"
s3_B3_seed42,bigru_content_gate_time_pool,42,select,select:02:0.30:random:independent:0,0.5741758241758241,0.4872149208363122,0.6765719366717634,0.4858347629762809,0.678714864590502,0.48564807057468834,,,0.21662896826569322,724,0.08516483516483517,0.00673020340932922,1.0,"{""Negative"": 0.5492227979274611, ""Neutral"": 0.2297872340425532, ""Positive"": 0.6826347305389222}","[[106, 13, 87], [32, 27, 125], [42, 11, 285]]"
s3_B3_seed42,bigru_content_gate_time_pool,42,select,select:02:0.30:random:independent:1,0.5590659340659341,0.4683836254128031,0.6934215118164216,0.4496409456259129,0.6944491982889863,0.4521405915938562,,,0.2163273861362854,724,0.08653846153846154,0.006354918458288187,1.0,"{""Negative"": 0.5411140583554377, ""Neutral"": 0.19658119658119658, ""Positive"": 0.6674556213017752}","[[102, 11, 93], [29, 23, 132], [40, 16, 282]]"
s3_B3_seed42,bigru_content_gate_time_pool,42,select,select:02:0.30:random:independent:2,0.5467032967032966,0.4551697364256823,0.6861952329496434,0.4708839581574835,0.686756079632707,0.4718768781754124,,,0.21614375377087763,724,0.08241758241758242,0.0065999770691515984,1.0,"{""Negative"": 0.5287958115183246, ""Neutral"": 0.17721518987341772, ""Positive"": 0.6594982078853047}","[[101, 17, 88], [28, 21, 135], [47, 15, 276]]"
s3_B3_seed42,bigru_content_gate_time_pool,42,select,select:02:0.50:random:independent:0,0.5027472527472527,0.3799119414713045,0.7255543265482473,0.369703644705128,0.7252840317867615,0.3703137918045543,,,0.3507859006961929,724,0.06456043956043957,0.0028097893974037614,1.0,"{""Negative"": 0.42473118279569894, ""Neutral"": 0.07582938388625593, ""Positive"": 0.6391752577319587}","[[79, 10, 117], [37, 8, 139], [50, 9, 279]]"
s3_B3_seed42,bigru_content_gate_time_pool,42,select,select:02:0.50:random:independent:1,0.5192307692307693,0.40404040404040403,0.7168824867062598,0.376940870879599,0.7185759226904138,0.37519036790779586,,,0.35119532701886813,724,0.06593406593406594,0.00455494720227607,1.0,"{""Negative"": 0.45555555555555555, ""Neutral"": 0.1111111111111111, ""Positive"": 0.6454545454545455}","[[82, 8, 116], [30, 12, 142], [42, 12, 284]]"
s3_B3_seed42,bigru_content_gate_time_pool,42,select,select:02:0.50:random:independent:2,0.5288461538461539,0.4157607369490642,0.7198104984717791,0.39265572289318207,0.7210079128598119,0.39188948459674244,,,0.35125174458983455,724,0.07280219780219781,0.0037729992167553398,1.0,"{""Negative"": 0.47592067988668557, ""Neutral"": 0.11607142857142858, ""Positive"": 0.6552901023890785}","[[84, 15, 107], [25, 13, 146], [38, 12, 288]]"
s3_B3_seed42,bigru_content_gate_time_pool,42,select,select:12:0.10:random:independent:0,0.5947802197802198,0.5367501813410954,0.6417376908546293,0.5315742279186348,0.6465079192849961,0.5285655034112047,,,0.09011852407557222,724,0.15796703296703296,0.013137991737860899,1.0,"{""Negative"": 0.5920398009950248, ""Neutral"": 0.3284671532846715, ""Positive"": 0.6897435897435897}","[[119, 23, 64], [30, 45, 109], [47, 22, 269]]"
s3_B3_seed42,bigru_content_gate_time_pool,42,select,select:12:0.10:random:independent:1,0.592032967032967,0.5277131815331392,0.644876914550102,0.5278900529978754,0.649509837124292,0.5251274336817838,,,0.09019592878213162,724,0.15247252747252749,0.012930452352876846,1.0,"{""Negative"": 0.5873417721518988, ""Neutral"": 0.30036630036630035, ""Positive"": 0.6954314720812182}","[[116, 26, 64], [31, 41, 112], [42, 22, 274]]"
s3_B3_seed42,bigru_content_gate_time_pool,42,select,select:12:0.10:random:independent:2,0.5961538461538461,0.5352830754468034,0.6416590655930585,0.5321540327458755,0.6467991514223536,0.5289296352793466,,,0.09018448391793114,724,0.15521978021978022,0.013200158460806685,1.0,"{""Negative"": 0.5894206549118388, ""Neutral"": 0.32, ""Positive"": 0.6964285714285714}","[[117, 25, 64], [31, 44, 109], [43, 22, 273]]"
s3_B3_seed42,bigru_content_gate_time_pool,42,select,select:12:0.30:random:independent:0,0.5906593406593407,0.5298018991792209,0.6401038100518778,0.5428384970761335,0.6448415442943,0.542148952071383,,,0.21577850944764493,724,0.14697802197802198,0.012525882696155663,1.0,"{""Negative"": 0.585, ""Neutral"": 0.31386861313868614, ""Positive"": 0.690537084398977}","[[117, 25, 64], [31, 43, 110], [46, 22, 270]]"
s3_B3_seed42,bigru_content_gate_time_pool,42,select,select:12:0.30:random:independent:1,0.6016483516483516,0.5405300769103384,0.640118940941318,0.5398086373650063,0.6446866924403706,0.5375321394783082,,,0.2160189805783876,724,0.1401098901098901,0.011740060959518938,1.0,"{""Negative"": 0.6054590570719603, ""Neutral"": 0.31970260223048325, ""Positive"": 0.6964285714285714}","[[122, 22, 62], [30, 43, 111], [45, 20, 273]]"
s3_B3_seed42,bigru_content_gate_time_pool,42,select,select:12:0.30:random:independent:2,0.5947802197802198,0.5346606914212547,0.6400129546766752,0.5401048882722201,0.644673827610869,0.5385346724585236,,,0.21623765565574107,724,0.14835164835164835,0.012205864237699206,1.0,"{""Negative"": 0.59, ""Neutral"": 0.32, ""Positive"": 0.6939820742637645}","[[118, 23, 65], [33, 44, 107], [43, 24, 271]]"
s3_B3_seed42,bigru_content_gate_time_pool,42,select,select:12:0.50:random:independent:0,0.5934065934065934,0.5316281440804947,0.6416701056318133,0.540404222636694,0.6463324455493181,0.5389849227455406,,,0.3507132531656354,724,0.15796703296703296,0.012881430874985979,1.0,"{""Negative"": 0.5959595959595959, ""Neutral"": 0.3076923076923077, ""Positive"": 0.6912325285895807}","[[118, 23, 65], [30, 42, 112], [42, 24, 272]]"
s3_B3_seed42,bigru_content_gate_time_pool,42,select,select:12:0.50:random:independent:1,0.5947802197802198,0.5336800634257014,0.6397288699130108,0.5449344087127542,0.6450164712822208,0.5424950191020109,,,0.3507343430875613,724,0.1510989010989011,0.012437987430213572,1.0,"{""Negative"": 0.5920398009950248, ""Neutral"": 0.315018315018315, ""Positive"": 0.6939820742637645}","[[119, 23, 64], [33, 43, 108], [44, 23, 271]]"
s3_B3_seed42,bigru_content_gate_time_pool,42,select,select:12:0.50:random:independent:2,0.5934065934065934,0.5322185061315495,0.6410189065886887,0.5407710836668027,0.6453186384207763,0.5389678495928081,,,0.3509549248224926,724,0.15384615384615385,0.012690636784329518,1.0,"{""Negative"": 0.6, ""Neutral"": 0.30434782608695654, ""Positive"": 0.6923076923076923}","[[120, 24, 62], [32, 42, 110], [42, 26, 270]]"
s3_B3_seed42,bigru_content_gate_time_pool,42,select,select:012:0.10:random:independent:0,0.592032967032967,0.5208560860364285,0.6558610132856356,0.5106985423432,0.6606423786257977,0.5094527988908826,,,0.12558993973665408,724,0.12774725274725274,0.010236042722437408,1.0,"{""Negative"": 0.5903307888040712, ""Neutral"": 0.27906976744186046, ""Positive"": 0.6931677018633541}","[[116, 19, 71], [31, 36, 117], [40, 19, 279]]"
s3_B3_seed42,bigru_content_gate_time_pool,42,select,select:012:0.10:random:independent:1,0.5755494505494505,0.5122666220136881,0.6596392471832724,0.49279908549792156,0.663845936051355,0.4916019141084487,,,0.12571082327220762,724,0.1401098901098901,0.011107163038587832,1.0,"{""Negative"": 0.5572139303482587, ""Neutral"": 0.3053435114503817, ""Positive"": 0.6742424242424242}","[[112, 17, 77], [34, 40, 110], [50, 21, 267]]"
s3_B3_seed42,bigru_content_gate_time_pool,42,select,select:012:0.10:random:independent:2,0.5824175824175825,0.5121186228036269,0.6596070690165181,0.5061620135494068,0.6631640791176603,0.5043473635722256,,,0.1256004676726215,724,0.13598901098901098,0.009984881256618998,1.0,"{""Negative"": 0.5829145728643216, ""Neutral"": 0.2692307692307692, ""Positive"": 0.6842105263157895}","[[116, 21, 69], [31, 35, 118], [45, 20, 273]]"
s3_B3_seed42,bigru_content_gate_time_pool,42,select,select:012:0.30:random:independent:0,0.5686813186813187,0.48599603348195525,0.6753844211657706,0.49136964399924465,0.6789415425794957,0.48978385887159126,,,0.3162180586060894,724,0.10851648351648352,0.008462714483523433,1.0,"{""Negative"": 0.5398457583547558, ""Neutral"": 0.23770491803278687, ""Positive"": 0.6804374240583232}","[[105, 18, 83], [33, 29, 122], [45, 13, 280]]"
s3_B3_seed42,bigru_content_gate_time_pool,42,select,select:012:0.30:random:independent:1,0.5645604395604396,0.4790644757229267,0.675644079468432,0.4793996031361993,0.6787886322107535,0.47616206395496896,,,0.3167463590511638,724,0.09340659340659341,0.007262863553732962,1.0,"{""Negative"": 0.5459183673469388, ""Neutral"": 0.21487603305785125, ""Positive"": 0.6763990267639902}","[[107, 18, 81], [33, 26, 125], [46, 14, 278]]"
s3_B3_seed42,bigru_content_gate_time_pool,42,select,select:012:0.30:random:independent:2,0.5865384615384616,0.5081194726034634,0.6682728536628924,0.498003295885267,0.6723476691826523,0.4967562506294606,,,0.31705028085974835,724,0.10164835164835165,0.007783874184122452,1.0,"{""Negative"": 0.5728900255754475, ""Neutral"": 0.2612244897959184, ""Positive"": 0.6902439024390243}","[[112, 14, 80], [33, 32, 119], [40, 15, 283]]"
s3_B3_seed42,bigru_content_gate_time_pool,42,select,select:012:0.50:random:independent:0,0.5508241758241759,0.4606909924202362,0.6929813741192712,0.44996967097854823,0.6952689042478636,0.44653667448187645,,,0.5214278455584954,724,0.10302197802197802,0.006439939648813599,1.0,"{""Negative"": 0.5268817204301075, ""Neutral"": 0.1885245901639344, ""Positive"": 0.6666666666666666}","[[98, 19, 89], [28, 23, 133], [40, 18, 280]]"
s3_B3_seed42,bigru_content_gate_time_pool,42,select,select:012:0.50:random:independent:1,0.5494505494505495,0.46452213133028075,0.6908571464312028,0.45726265061969923,0.6936046541054416,0.4590599921476999,,,0.5211035116402414,724,0.11950549450549451,0.00833110324807547,1.0,"{""Negative"": 0.510752688172043, ""Neutral"": 0.21774193548387097, ""Positive"": 0.6650717703349283}","[[95, 20, 91], [28, 27, 129], [43, 17, 278]]"
s3_B3_seed42,bigru_content_gate_time_pool,42,select,select:012:0.50:random:independent:2,0.5453296703296703,0.45615851141523517,0.6947250881685498,0.45995676041541844,0.696135297980528,0.46073475096905075,,,0.5211950835022432,724,0.11675824175824176,0.00794526140814299,1.0,"{""Negative"": 0.5142857142857142, ""Neutral"": 0.18181818181818182, ""Positive"": 0.6723716381418093}","[[99, 26, 81], [37, 23, 124], [43, 20, 275]]"
s3_B3_seed42,bigru_content_gate_time_pool,42,clean,clean:clean,0.5947802197802198,0.5386042615463099,0.6442214902067087,0.5249583046895577,0.6502015462227084,0.5214132888179923,,,0.020685516934361863,0,0.16071428571428573,0.014128068326659256,1.0,"{""Negative"": 0.5879396984924623, ""Neutral"": 0.3381294964028777, ""Positive"": 0.6897435897435897}","[[117, 23, 66], [30, 47, 107], [45, 24, 269]]"
s3_M2_seed42,bigru_domain_safe_gap_structure_gate,42,select,select:0:0.10:random:independent:0,0.570054945054945,0.5133264043295972,0.6729294590711962,0.4770299707146577,0.6774914800215022,0.47562769236420205,,,0.056182048502401064,724,0.15247252747252749,0.013017925070971251,1.0,"{""Negative"": 0.5728155339805825, ""Neutral"": 0.2978723404255319, ""Positive"": 0.6692913385826772}","[[118, 24, 64], [37, 42, 105], [51, 32, 255]]"
s3_M2_seed42,bigru_domain_safe_gap_structure_gate,42,select,select:0:0.10:random:independent:1,0.554945054945055,0.5000274610525094,0.6724198809171321,0.47753448210020816,0.67451910625959,0.4797611561857135,,,0.056182048502401064,724,0.1662087912087912,0.011627964310491314,1.0,"{""Negative"": 0.5525672371638142, ""Neutral"": 0.2896551724137931, ""Positive"": 0.6578599735799208}","[[113, 29, 64], [36, 42, 106], [54, 35, 249]]"
s3_M2_seed42,bigru_domain_safe_gap_structure_gate,42,select,select:0:0.10:random:independent:2,0.5659340659340659,0.5165553764091194,0.6705475486098573,0.4743507065547032,0.6750070187109676,0.47420859643499513,,,0.056182048502401064,724,0.16346153846153846,0.013898471167986537,1.0,"{""Negative"": 0.5666666666666667, ""Neutral"": 0.32081911262798635, ""Positive"": 0.6621803499327052}","[[119, 27, 60], [38, 47, 99], [57, 35, 246]]"
s3_M2_seed42,bigru_domain_safe_gap_structure_gate,42,select,select:0:0.30:random:independent:0,0.5576923076923077,0.4823431564523168,0.687148634897459,0.4564973079840989,0.6896251130460219,0.4579509036476138,,,0.12130579873272207,724,0.12912087912087913,0.009967646934665167,1.0,"{""Negative"": 0.556390977443609, ""Neutral"": 0.2248062015503876, ""Positive"": 0.6658322903629537}","[[111, 20, 75], [35, 29, 120], [47, 25, 266]]"
s3_M2_seed42,bigru_domain_safe_gap_structure_gate,42,select,select:0:0.30:random:independent:1,0.5508241758241759,0.47126749879644786,0.6839544734348676,0.4686997228258607,0.684473164226082,0.4716558213132801,,,0.12130579873272207,724,0.11401098901098901,0.009625117919491706,1.0,"{""Negative"": 0.5577889447236181, ""Neutral"": 0.1976284584980237, ""Positive"": 0.6583850931677019}","[[111, 20, 75], [32, 25, 127], [49, 24, 265]]"
s3_M2_seed42,bigru_domain_safe_gap_structure_gate,42,select,select:0:0.30:random:independent:2,0.5480769230769231,0.4711164395914285,0.6934757460647027,0.43281619171949337,0.6953336045473486,0.43395110402735476,,,0.12130579873272207,724,0.11263736263736264,0.008793669730690973,1.0,"{""Negative"": 0.5432098765432098, ""Neutral"": 0.2151394422310757, ""Positive"": 0.655}","[[110, 18, 78], [35, 27, 122], [54, 22, 262]]"
s3_M2_seed42,bigru_domain_safe_gap_structure_gate,42,select,select:0:0.50:random:independent:0,0.5343406593406593,0.44188837750252236,0.7100929269687162,0.40347221160701885,0.7121615618784595,0.40249598453949464,,,0.1909987908537763,724,0.12087912087912088,0.008541408276860857,1.0,"{""Negative"": 0.5271317829457365, ""Neutral"": 0.1518987341772152, ""Positive"": 0.6466346153846154}","[[102, 16, 88], [29, 18, 137], [50, 19, 269]]"
s3_M2_seed42,bigru_domain_safe_gap_structure_gate,42,select,select:0:0.50:random:independent:1,0.5123626373626373,0.4188353294733593,0.7310907984655801,0.3506238042740009,0.7319007258770148,0.3519546301809516,,,0.1909987908537763,724,0.09752747252747253,0.0071591145575947155,1.0,"{""Negative"": 0.47761194029850745, ""Neutral"": 0.14782608695652175, ""Positive"": 0.6310679611650486}","[[96, 11, 99], [40, 17, 127], [60, 18, 260]]"
s3_M2_seed42,bigru_domain_safe_gap_structure_gate,42,select,select:0:0.50:random:independent:2,0.5206043956043956,0.42434820637915355,0.7139080928733551,0.4019248847875282,0.714585821622737,0.40304980847208643,,,0.1909987908537763,724,0.11126373626373626,0.007268067346779363,1.0,"{""Negative"": 0.4742268041237113, ""Neutral"": 0.15450643776824036, ""Positive"": 0.644311377245509}","[[92, 17, 97], [35, 18, 131], [55, 14, 269]]"
s3_M2_seed42,bigru_domain_safe_gap_structure_gate,42,select,select:1:0.10:random:independent:0,0.5851648351648352,0.547545471189717,0.6524457180933966,0.5046556495721903,0.6585232359382764,0.5035211062719257,,,0.056143892214244775,724,0.20192307692307693,0.019482800915432006,1.0,"{""Negative"": 0.5658536585365853, ""Neutral"": 0.39628482972136225, ""Positive"": 0.6804979253112033}","[[116, 36, 54], [35, 64, 85], [53, 39, 246]]"
s3_M2_seed42,bigru_domain_safe_gap_structure_gate,42,select,select:1:0.10:random:independent:1,0.5837912087912088,0.5465504340258597,0.6542738633268482,0.5011856357763241,0.6608733072989508,0.5002506006257332,,,0.056143892214244775,724,0.21153846153846154,0.019868728469369504,1.0,"{""Negative"": 0.5756097560975609, ""Neutral"": 0.3853211009174312, ""Positive"": 0.6787204450625869}","[[118, 36, 52], [36, 63, 85], [50, 44, 244]]"
s3_M2_seed42,bigru_domain_safe_gap_structure_gate,42,select,select:1:0.10:random:independent:2,0.5934065934065934,0.5577731019427814,0.6514326950107671,0.5055413836499937,0.6599017966252106,0.502438025884675,,,0.056143892214244775,724,0.2087912087912088,0.020027665576981483,1.0,"{""Negative"": 0.5853658536585366, ""Neutral"": 0.4036697247706422, ""Positive"": 0.6842837273991655}","[[120, 36, 50], [33, 66, 85], [51, 41, 246]]"
s3_M2_seed42,bigru_domain_safe_gap_structure_gate,42,select,select:1:0.30:random:independent:0,0.5865384615384616,0.5498351813822947,0.6505238333043407,0.5096522991079763,0.6582140151314069,0.506989058289663,,,0.12118179079621412,724,0.21016483516483517,0.020324055875588085,1.0,"{""Negative"": 0.5862068965517241, ""Neutral"": 0.38650306748466257, ""Positive"": 0.6767955801104972}","[[119, 34, 53], [33, 63, 88], [48, 45, 245]]"
s3_M2_seed42,bigru_domain_safe_gap_structure_gate,42,select,select:1:0.30:random:independent:1,0.5837912087912088,0.5447677013752422,0.6497201696831405,0.5177905191892979,0.6569822153439847,0.5146476874863111,,,0.12118179079621412,724,0.19642857142857142,0.01868878330172418,1.0,"{""Negative"": 0.5856079404466501, ""Neutral"": 0.37383177570093457, ""Positive"": 0.674863387978142}","[[118, 33, 55], [32, 60, 92], [47, 44, 247]]"
s3_M2_seed42,bigru_domain_safe_gap_structure_gate,42,select,select:1:0.30:random:independent:2,0.5796703296703297,0.5393047755875496,0.6502308183641347,0.5119914988543502,0.6563722482462834,0.5108551616915697,,,0.12118179079621412,724,0.19093406593406592,0.018581751932428923,1.0,"{""Negative"": 0.5798525798525799, ""Neutral"": 0.3659305993690852, ""Positive"": 0.6721311475409836}","[[118, 33, 55], [33, 58, 93], [50, 42, 246]]"
s3_M2_seed42,bigru_domain_safe_gap_structure_gate,42,select,select:1:0.50:random:independent:0,0.5810439560439561,0.5426116962948376,0.6472935099154711,0.5210122806781191,0.6538791268767155,0.5194497449948472,,,0.19077939219687765,724,0.20192307692307693,0.020463079021044155,1.0,"{""Negative"": 0.5944584382871536, ""Neutral"": 0.3630769230769231, ""Positive"": 0.670299727520436}","[[118, 32, 56], [31, 59, 94], [42, 50, 246]]"
s3_M2_seed42,bigru_domain_safe_gap_structure_gate,42,select,select:1:0.50:random:independent:1,0.5879120879120879,0.5511596337998527,0.6500268962139366,0.5126837692360947,0.6574556222697209,0.5108378376041297,,,0.19077939219687765,724,0.20604395604395603,0.01988872177955377,1.0,"{""Negative"": 0.59, ""Neutral"": 0.38769230769230767, ""Positive"": 0.6757865937072504}","[[118, 33, 55], [30, 63, 91], [46, 45, 247]]"
s3_M2_seed42,bigru_domain_safe_gap_structure_gate,42,select,select:1:0.50:random:independent:2,0.5851648351648352,0.5470096929899145,0.6484664178701793,0.5177697916656676,0.6539818124211096,0.5189321711206581,,,0.19077939219687765,724,0.19917582417582416,0.020242832599211853,1.0,"{""Negative"": 0.582089552238806, ""Neutral"": 0.3803680981595092, ""Positive"": 0.6785714285714286}","[[117, 36, 53], [32, 62, 90], [47, 44, 247]]"
s3_M2_seed42,bigru_domain_safe_gap_structure_gate,42,select,select:2:0.10:random:independent:0,0.5879120879120879,0.5506190598492932,0.6533639431185857,0.5022345783237291,0.6599842680306021,0.5011590935717414,,,0.05471828184470957,703,0.20192307692307693,0.019063693677572595,1.0,"{""Negative"": 0.5763546798029556, ""Neutral"": 0.3950617283950617, ""Positive"": 0.6804407713498623}","[[117, 36, 53], [32, 64, 88], [51, 40, 247]]"
s3_M2_seed42,bigru_domain_safe_gap_structure_gate,42,select,select:2:0.10:random:independent:1,0.5851648351648352,0.5468556695233596,0.6553440970153763,0.49872060210649366,0.6613405407815762,0.4976766258217141,,,0.054688334898890016,703,0.1978021978021978,0.018180898366991306,1.0,"{""Negative"": 0.5763546798029556, ""Neutral"": 0.3875, ""Positive"": 0.6767123287671233}","[[117, 34, 55], [32, 62, 90], [51, 40, 247]]"
s3_M2_seed42,bigru_domain_safe_gap_structure_gate,42,select,select:2:0.10:random:independent:2,0.5851648351648352,0.5467352890080476,0.6538290742095806,0.501143297986203,0.6601762501625242,0.500108007964886,,,0.05481930502759008,703,0.21153846153846154,0.019512696767356858,1.0,"{""Negative"": 0.57356608478803, ""Neutral"": 0.3853211009174312, ""Positive"": 0.6813186813186813}","[[115, 38, 53], [32, 63, 89], [48, 42, 248]]"
s3_M2_seed42,bigru_domain_safe_gap_structure_gate,42,select,select:2:0.30:random:independent:0,0.5824175824175825,0.5405792155792156,0.654273122842135,0.5003353941703168,0.6597084758910708,0.5001412655470145,,,0.11537182825966232,703,0.20604395604395603,0.017885341570694203,1.0,"{""Negative"": 0.5656565656565656, ""Neutral"": 0.375, ""Positive"": 0.6810810810810811}","[[112, 38, 56], [30, 60, 94], [48, 38, 252]]"
s3_M2_seed42,bigru_domain_safe_gap_structure_gate,42,select,select:2:0.30:random:independent:1,0.5837912087912088,0.5419991449742407,0.6524911491790234,0.505005725355789,0.6577583633076686,0.5057769149042598,,,0.11628030776814742,703,0.19917582417582416,0.0177005291911845,1.0,"{""Negative"": 0.5699745547073791, ""Neutral"": 0.375, ""Positive"": 0.6810228802153432}","[[112, 36, 58], [30, 60, 94], [45, 40, 253]]"
s3_M2_seed42,bigru_domain_safe_gap_structure_gate,42,select,select:2:0.30:random:independent:2,0.5796703296703297,0.537852917878565,0.6545668904791494,0.5018687664367665,0.6596821815102965,0.5027367360092158,,,0.11578318848929205,703,0.19642857142857142,0.017703912586546862,1.0,"{""Negative"": 0.5728643216080402, ""Neutral"": 0.3659305993690852, ""Positive"": 0.6747638326585695}","[[114, 36, 56], [29, 58, 97], [49, 39, 250]]"
s3_M2_seed42,bigru_domain_safe_gap_structure_gate,42,select,select:2:0.50:random:independent:0,0.5824175824175825,0.5385326855206373,0.6540004946454295,0.512368164076024,0.6602075682328707,0.5113558229118768,,,0.18051985710310411,703,0.19917582417582416,0.01853487049820986,1.0,"{""Negative"": 0.5692307692307692, ""Neutral"": 0.36363636363636365, ""Positive"": 0.6827309236947792}","[[111, 38, 57], [29, 58, 97], [44, 39, 255]]"
s3_M2_seed42,bigru_domain_safe_gap_structure_gate,42,select,select:2:0.50:random:independent:1,0.5851648351648352,0.5432341211358528,0.6520503983706399,0.5101968116560626,0.6590576702728868,0.5086197998269127,,,0.18035659556840442,703,0.2087912087912088,0.01974858742228576,1.0,"{""Negative"": 0.5758354755784062, ""Neutral"": 0.36923076923076925, ""Positive"": 0.6846361185983828}","[[112, 39, 55], [29, 60, 95], [42, 42, 254]]"
s3_M2_seed42,bigru_domain_safe_gap_structure_gate,42,select,select:2:0.50:random:independent:2,0.5837912087912088,0.5400278065744332,0.6556121128998287,0.5027066680648443,0.6615483703547168,0.5030711582910411,,,0.18067481495681129,703,0.20467032967032966,0.01957930953681551,1.0,"{""Negative"": 0.5699481865284974, ""Neutral"": 0.3619631901840491, ""Positive"": 0.6881720430107527}","[[110, 40, 56], [31, 59, 94], [39, 43, 256]]"
s3_M2_seed42,bigru_domain_safe_gap_structure_gate,42,select,select:01:0.10:random:independent:0,0.5810439560439561,0.5310073379879939,0.6680644151838885,0.4814196285104634,0.6723849027095219,0.4818562646796929,,,0.09164042378228397,724,0.16346153846153846,0.014722709278385718,1.0,"{""Negative"": 0.5804878048780487, ""Neutral"": 0.33793103448275863, ""Positive"": 0.6746031746031746}","[[119, 23, 64], [36, 49, 99], [49, 34, 255]]"
s3_M2_seed42,bigru_domain_safe_gap_structure_gate,42,select,select:01:0.10:random:independent:1,0.5714285714285714,0.5229658789728057,0.6655730521585588,0.4846825528337195,0.6696803415229974,0.48472804185486346,,,0.09164042378228397,724,0.1717032967032967,0.015128031071819939,1.0,"{""Negative"": 0.565, ""Neutral"": 0.3389830508474576, ""Positive"": 0.6649145860709592}","[[113, 28, 65], [29, 50, 105], [52, 33, 253]]"
s3_M2_seed42,bigru_domain_safe_gap_structure_gate,42,select,select:01:0.10:random:independent:2,0.5673076923076923,0.5170953336264651,0.6675789236804246,0.48693771790390006,0.6716703778224905,0.48588769683664146,,,0.09164042378228397,724,0.1565934065934066,0.012704261049468603,1.0,"{""Negative"": 0.5907990314769975, ""Neutral"": 0.3087719298245614, ""Positive"": 0.6517150395778364}","[[122, 20, 64], [31, 44, 109], [54, 37, 247]]"
s3_M2_seed42,bigru_domain_safe_gap_structure_gate,42,select,select:01:0.30:random:independent:0,0.5673076923076923,0.4832714774627913,0.6766415271376843,0.4868723445511935,0.6787097703276591,0.4852847126992655,,,0.22180207259457435,724,0.11263736263736264,0.009439053885245716,1.0,"{""Negative"": 0.5612244897959183, ""Neutral"": 0.20883534136546184, ""Positive"": 0.6797546012269938}","[[110, 18, 78], [36, 26, 122], [40, 21, 277]]"
s3_M2_seed42,bigru_domain_safe_gap_structure_gate,42,select,select:01:0.30:random:independent:1,0.5590659340659341,0.47761350091302884,0.6834846989602424,0.45993121302924755,0.6856072014555908,0.4593840552569709,,,0.22180207259457435,724,0.10989010989010989,0.00840050455037054,1.0,"{""Negative"": 0.5459183673469388, ""Neutral"": 0.21862348178137653, ""Positive"": 0.6682986536107711}","[[107, 17, 82], [33, 27, 124], [46, 19, 273]]"
s3_M2_seed42,bigru_domain_safe_gap_structure_gate,42,select,select:01:0.30:random:independent:2,0.5343406593406593,0.45762784245174587,0.6924407255768857,0.43609201655505647,0.6921895895675234,0.4390630180187866,,,0.22180207259457435,724,0.1346153846153846,0.010179871901673274,1.0,"{""Negative"": 0.5181347150259067, ""Neutral"": 0.20300751879699247, ""Positive"": 0.6517412935323383}","[[100, 28, 78], [31, 27, 126], [49, 27, 262]]"
s3_M2_seed42,bigru_domain_safe_gap_structure_gate,42,select,select:01:0.50:random:independent:0,0.5315934065934066,0.4201784967724598,0.7055146242831517,0.42239100886794584,0.7066014203790494,0.42336039509121576,,,0.36109266611629226,724,0.08241758241758242,0.00609744690079856,1.0,"{""Negative"": 0.46629213483146065, ""Neutral"": 0.13215859030837004, ""Positive"": 0.6620847651775487}","[[83, 15, 108], [31, 15, 138], [36, 13, 289]]"
s3_M2_seed42,bigru_domain_safe_gap_structure_gate,42,select,select:01:0.50:random:independent:1,0.5274725274725275,0.423096850043536,0.7040125550418438,0.41521305736942815,0.7057250912459874,0.41449416818217616,,,0.36109266611629226,724,0.09065934065934066,0.005783498420030043,1.0,"{""Negative"": 0.4481792717086835, ""Neutral"": 0.16593886462882096, ""Positive"": 0.6551724137931034}","[[80, 14, 112], [30, 19, 135], [41, 12, 285]]"
s3_M2_seed42,bigru_domain_safe_gap_structure_gate,42,select,select:01:0.50:random:independent:2,0.521978021978022,0.4117312186556458,0.7181737764683195,0.39420325209974705,0.718369594358092,0.39627192018016,,,0.36109266611629226,724,0.08928571428571429,0.006385676401845374,1.0,"{""Negative"": 0.45776566757493187, ""Neutral"": 0.12389380530973451, ""Positive"": 0.6535341830822712}","[[84, 15, 107], [34, 14, 136], [43, 13, 282]]"
s3_M2_seed42,bigru_domain_safe_gap_structure_gate,42,select,select:02:0.10:random:independent:0,0.5686813186813187,0.5179995846536017,0.6717103386105253,0.48225340705109954,0.6758072479720135,0.4832096906526522,,,0.09025892452344063,724,0.16895604395604397,0.015147840466031005,1.0,"{""Negative"": 0.5536159600997507, ""Neutral"": 0.3310810810810811, ""Positive"": 0.6693017127799736}","[[111, 30, 65], [33, 49, 102], [51, 33, 254]]"
s3_M2_seed42,bigru_domain_safe_gap_structure_gate,42,select,select:02:0.10:random:independent:1,0.5824175824175825,0.5303260705316172,0.6717470825792178,0.4809792279351083,0.67506543888997,0.4836264326442381,,,0.09020706469477802,724,0.15796703296703296,0.012983013512239187,1.0,"{""Negative"": 0.572139303482587, ""Neutral"": 0.3391003460207612, ""Positive"": 0.6797385620915033}","[[115, 25, 66], [34, 49, 101], [47, 31, 260]]"
s3_M2_seed42,bigru_domain_safe_gap_structure_gate,42,select,select:02:0.10:random:independent:2,0.5837912087912088,0.531468049252464,0.6625024748125984,0.49361242006882244,0.6668692492306806,0.4917142388505068,,,0.09022829257477709,724,0.16483516483516483,0.013726780491592464,1.0,"{""Negative"": 0.5812807881773399, ""Neutral"": 0.3333333333333333, ""Positive"": 0.6797900262467191}","[[118, 26, 62], [33, 48, 103], [49, 30, 259]]"
s3_M2_seed42,bigru_domain_safe_gap_structure_gate,42,select,select:02:0.30:random:independent:0,0.5535714285714286,0.4747116246610266,0.6834455176626916,0.46406444674361413,0.6841410950061629,0.46598438974959266,,,0.21662896826569322,724,0.11126373626373626,0.007555236722668121,1.0,"{""Negative"": 0.5402597402597402, ""Neutral"": 0.2204724409448819, ""Positive"": 0.6634026927784578}","[[104, 19, 83], [31, 28, 125], [44, 23, 271]]"
s3_M2_seed42,bigru_domain_safe_gap_structure_gate,42,select,select:02:0.30:random:independent:1,0.5508241758241759,0.4688335520431413,0.6981983378459341,0.43151284715321603,0.7002852761319706,0.43334923330829167,,,0.2163273861362854,724,0.10851648351648352,0.008197476375410025,1.0,"{""Negative"": 0.5386666666666666, ""Neutral"": 0.21311475409836064, ""Positive"": 0.6547192353643967}","[[101, 13, 92], [25, 26, 133], [43, 21, 274]]"
s3_M2_seed42,bigru_domain_safe_gap_structure_gate,42,select,select:02:0.30:random:independent:2,0.5563186813186813,0.4709420158915429,0.6905182140272724,0.4556993440446948,0.6918696020653082,0.4600800624937292,,,0.21614375377087763,724,0.1043956043956044,0.007521308526605532,1.0,"{""Negative"": 0.5526315789473685, ""Neutral"": 0.19433198380566802, ""Positive"": 0.6658624849215923}","[[105, 19, 82], [27, 24, 133], [42, 20, 276]]"
s3_M2_seed42,bigru_domain_safe_gap_structure_gate,42,select,select:02:0.50:random:independent:0,0.5274725274725275,0.41952891367107475,0.7208478336125244,0.37970149163396805,0.7216340979678905,0.38116866670167,,,0.3507859006961929,724,0.09340659340659341,0.0058748901484104304,1.0,"{""Negative"": 0.45325779036827196, ""Neutral"": 0.14782608695652175, ""Positive"": 0.6575028636884307}","[[80, 15, 111], [30, 17, 137], [37, 14, 287]]"
s3_M2_seed42,bigru_domain_safe_gap_structure_gate,42,select,select:02:0.50:random:independent:1,0.5274725274725275,0.4156222875652744,0.7156197687678039,0.3792161122728817,0.7173445932515948,0.37916708336068133,,,0.35119532701886813,724,0.10714285714285714,0.00666706064499014,1.0,"{""Negative"": 0.45714285714285713, ""Neutral"": 0.13215859030837004, ""Positive"": 0.6575654152445961}","[[80, 15, 111], [28, 15, 141], [36, 13, 289]]"
s3_M2_seed42,bigru_domain_safe_gap_structure_gate,42,select,select:02:0.50:random:independent:2,0.5206043956043956,0.4100412383773422,0.7200572357548463,0.38435029069071125,0.7188650580726892,0.3901320587428182,,,0.35125174458983455,724,0.10302197802197802,0.005835945076970281,1.0,"{""Negative"": 0.4550561797752809, ""Neutral"": 0.1206896551724138, ""Positive"": 0.6543778801843319}","[[81, 19, 106], [30, 14, 140], [39, 15, 284]]"
s3_M2_seed42,bigru_domain_safe_gap_structure_gate,42,select,select:12:0.10:random:independent:0,0.5851648351648352,0.546267549412986,0.6535649410612717,0.502137817584926,0.6597434713397748,0.5007358136885097,,,0.09011852407557222,724,0.2032967032967033,0.019322422680803215,1.0,"{""Negative"": 0.5742574257425742, ""Neutral"": 0.38509316770186336, ""Positive"": 0.6794520547945205}","[[116, 36, 54], [32, 62, 90], [50, 40, 248]]"
s3_M2_seed42,bigru_domain_safe_gap_structure_gate,42,select,select:12:0.10:random:independent:1,0.592032967032967,0.5561653209381172,0.6514229599296228,0.506549360761836,0.6593973379208614,0.503629677668716,,,0.09019592878213162,724,0.20741758241758243,0.020107058406052186,1.0,"{""Negative"": 0.5742574257425742, ""Neutral"": 0.4110429447852761, ""Positive"": 0.6831955922865014}","[[116, 35, 55], [32, 67, 85], [50, 40, 248]]"
s3_M2_seed42,bigru_domain_safe_gap_structure_gate,42,select,select:12:0.10:random:independent:2,0.5810439560439561,0.5420572297887113,0.6537084839107653,0.5036507776953819,0.6606389863728699,0.5016990507600004,,,0.09018448391793114,724,0.19505494505494506,0.01913366107932077,1.0,"{""Negative"": 0.5700245700245701, ""Neutral"": 0.38125, ""Positive"": 0.6748971193415638}","[[116, 35, 55], [33, 61, 90], [52, 40, 246]]"
s3_M2_seed42,bigru_domain_safe_gap_structure_gate,42,select,select:12:0.30:random:independent:0,0.5837912087912088,0.5432890514390908,0.6516182738757315,0.5147149394293568,0.6573773228133527,0.5141737027149722,,,0.21577850944764493,724,0.19917582417582416,0.018939286357377256,1.0,"{""Negative"": 0.5764411027568922, ""Neutral"": 0.375, ""Positive"": 0.6784260515603799}","[[115, 35, 56], [31, 60, 93], [47, 41, 250]]"
s3_M2_seed42,bigru_domain_safe_gap_structure_gate,42,select,select:12:0.30:random:independent:1,0.5906593406593407,0.5501913210956009,0.6490960338759554,0.5161262049748403,0.6552974532056436,0.5153102637351242,,,0.2160189805783876,724,0.19917582417582416,0.017860528125159522,1.0,"{""Negative"": 0.575, ""Neutral"": 0.389937106918239, ""Positive"": 0.6856368563685636}","[[115, 35, 56], [31, 62, 91], [48, 37, 253]]"
s3_M2_seed42,bigru_domain_safe_gap_structure_gate,42,select,select:12:0.30:random:independent:2,0.5865384615384616,0.5423639365310132,0.6482653860742411,0.5132629578052803,0.6549586761681424,0.5116842291654461,,,0.21623765565574107,724,0.1936813186813187,0.017535373767178793,1.0,"{""Negative"": 0.5750636132315522, ""Neutral"": 0.36477987421383645, ""Positive"": 0.687248322147651}","[[113, 36, 57], [32, 58, 94], [42, 40, 256]]"
s3_M2_seed42,bigru_domain_safe_gap_structure_gate,42,select,select:12:0.50:random:independent:0,0.5865384615384616,0.5472075775341416,0.6507504880809768,0.5216613222618007,0.6557592511724599,0.5238438869966064,,,0.3507132531656354,724,0.2129120879120879,0.019784550460947903,1.0,"{""Negative"": 0.5639686684073107, ""Neutral"": 0.3939393939393939, ""Positive"": 0.6837146702557201}","[[108, 37, 61], [29, 65, 90], [40, 44, 254]]"
s3_M2_seed42,bigru_domain_safe_gap_structure_gate,42,select,select:12:0.50:random:independent:1,0.5892857142857143,0.5503521894102305,0.6490776805252737,0.5244826417416657,0.6553595329655314,0.5230935630937777,,,0.3507343430875613,724,0.2032967032967033,0.018982812441279598,1.0,"{""Negative"": 0.5758354755784062, ""Neutral"": 0.39143730886850153, ""Positive"": 0.6837837837837838}","[[112, 36, 58], [29, 64, 91], [42, 43, 253]]"
s3_M2_seed42,bigru_domain_safe_gap_structure_gate,42,select,select:12:0.50:random:independent:2,0.5810439560439561,0.5444440936414687,0.649398696348333,0.5239099308378518,0.6546958880806035,0.5237058357924426,,,0.3509549248224926,724,0.2129120879120879,0.01899832130673822,1.0,"{""Negative"": 0.5809768637532133, ""Neutral"": 0.3829787234042553, ""Positive"": 0.6693766937669376}","[[113, 35, 58], [26, 63, 95], [44, 47, 247]]"
s3_M2_seed42,bigru_domain_safe_gap_structure_gate,42,select,select:012:0.10:random:independent:0,0.5728021978021978,0.5195326836467048,0.667244147748451,0.48026644995582096,0.6715115514164279,0.48075640582563167,,,0.12558993973665408,724,0.1620879120879121,0.013923840566577165,1.0,"{""Negative"": 0.5714285714285714, ""Neutral"": 0.3161512027491409, ""Positive"": 0.6710182767624021}","[[114, 27, 65], [32, 46, 106], [47, 34, 257]]"
s3_M2_seed42,bigru_domain_safe_gap_structure_gate,42,select,select:012:0.10:random:independent:1,0.5796703296703297,0.53250873336928,0.6679157878320623,0.48358630031018507,0.6742484681666471,0.47855828254801963,,,0.12571082327220762,724,0.16346153846153846,0.0135597531515409,1.0,"{""Negative"": 0.5623471882640587, ""Neutral"": 0.36054421768707484, ""Positive"": 0.6746347941567065}","[[115, 26, 65], [35, 53, 96], [53, 31, 254]]"
s3_M2_seed42,bigru_domain_safe_gap_structure_gate,42,select,select:012:0.10:random:independent:2,0.5755494505494505,0.5211605293958765,0.6667027451418013,0.4893999485889727,0.6693813115829131,0.48956258583184814,,,0.1256004676726215,724,0.16346153846153846,0.013024225365845386,1.0,"{""Negative"": 0.57, ""Neutral"": 0.31724137931034485, ""Positive"": 0.6762402088772846}","[[114, 28, 64], [33, 46, 105], [47, 32, 259]]"
s3_M2_seed42,bigru_domain_safe_gap_structure_gate,42,select,select:012:0.30:random:independent:0,0.5467032967032966,0.46726400489740244,0.6873192731621419,0.46526479233382717,0.6890540484487396,0.46818487016311167,,,0.3162180586060894,724,0.125,0.009570272088849118,1.0,"{""Negative"": 0.5117493472584856, ""Neutral"": 0.22745098039215686, ""Positive"": 0.6625916870415648}","[[98, 24, 84], [30, 29, 125], [49, 18, 271]]"
s3_M2_seed42,bigru_domain_safe_gap_structure_gate,42,select,select:012:0.30:random:independent:1,0.5604395604395604,0.4801882908950354,0.6859616567027192,0.45842009560989583,0.6884895711625506,0.45777950476217716,,,0.3167463590511638,724,0.10027472527472528,0.00830193134825472,1.0,"{""Negative"": 0.5360824742268041, ""Neutral"": 0.23293172690763053, ""Positive"": 0.6715506715506715}","[[104, 20, 82], [31, 29, 124], [47, 16, 275]]"
s3_M2_seed42,bigru_domain_safe_gap_structure_gate,42,select,select:012:0.30:random:independent:2,0.5673076923076923,0.4927340633222986,0.6770719962592882,0.48185906842544834,0.6807296698411497,0.4822261887981264,,,0.31705028085974835,724,0.11813186813186813,0.009157249597484594,1.0,"{""Negative"": 0.535064935064935, ""Neutral"": 0.26666666666666666, ""Positive"": 0.6764705882352942}","[[103, 19, 84], [32, 34, 118], [44, 18, 276]]"
s3_M2_seed42,bigru_domain_safe_gap_structure_gate,42,select,select:012:0.50:random:independent:0,0.5467032967032966,0.4493347895622439,0.6977331370420509,0.4452969773502734,0.7013376886741474,0.44137241128203375,,,0.5214278455584954,724,0.11538461538461539,0.007491625349551111,1.0,"{""Negative"": 0.49714285714285716, ""Neutral"": 0.18032786885245902, ""Positive"": 0.6705336426914154}","[[87, 20, 99], [26, 22, 136], [31, 18, 289]]"
s3_M2_seed42,bigru_domain_safe_gap_structure_gate,42,select,select:012:0.50:random:independent:1,0.5453296703296703,0.447383985614739,0.696637731316002,0.45355298038591807,0.6984934118591699,0.4543147616467246,,,0.5211035116402414,724,0.11126373626373626,0.007659335349041682,1.0,"{""Negative"": 0.47262247838616717, ""Neutral"": 0.19591836734693877, ""Positive"": 0.6736111111111112}","[[82, 22, 102], [27, 24, 133], [32, 15, 291]]"
s3_M2_seed42,bigru_domain_safe_gap_structure_gate,42,select,select:012:0.50:random:independent:2,0.5521978021978022,0.4650489756589166,0.6963807168522789,0.44774456864973267,0.6980023015147219,0.45008739161698536,,,0.5211950835022432,724,0.125,0.00955775401768285,1.0,"{""Negative"": 0.4986149584487535, ""Neutral"": 0.22672064777327935, ""Positive"": 0.6698113207547169}","[[90, 17, 99], [29, 28, 127], [36, 18, 284]]"
s3_M2_seed42,bigru_domain_safe_gap_structure_gate,42,clean,clean:clean,0.5851648351648352,0.548540606811529,0.655406640067541,0.49765597828459823,0.6614686717371364,0.49794125586477783,,,0.020685516934361863,0,0.2129120879120879,0.019589770539718995,1.0,"{""Negative"": 0.5672371638141809, ""Neutral"": 0.3987730061349693, ""Positive"": 0.6796116504854369}","[[116, 37, 53], [34, 65, 85], [53, 40, 245]]"
s3_M3_seed42,M2_plus_local_cross_time_attention,42,select,select:0:0.10:random:independent:0,0.5398351648351648,0.4741004794663331,0.6762738622563226,0.47948069560685236,0.6773443915267158,0.4811298211628939,,,0.056182048502401064,724,0.1346153846153846,0.009368637154325024,1.0,"{""Negative"": 0.5427350427350427, ""Neutral"": 0.24, ""Positive"": 0.6395663956639567}","[[127, 17, 62], [52, 30, 102], [83, 19, 236]]"
s3_M3_seed42,M2_plus_local_cross_time_attention,42,select,select:0:0.10:random:independent:1,0.5439560439560439,0.48597074227403425,0.6732754464941447,0.48286393827708857,0.6759170305935646,0.48330281204743897,,,0.056182048502401064,724,0.15521978021978022,0.012912750679590216,1.0,"{""Negative"": 0.5508474576271186, ""Neutral"": 0.26717557251908397, ""Positive"": 0.6398891966759003}","[[130, 17, 59], [55, 35, 94], [81, 26, 231]]"
s3_M3_seed42,M2_plus_local_cross_time_attention,42,select,select:0:0.10:random:independent:2,0.5494505494505495,0.49250361710192453,0.6776125447845148,0.4756558332837844,0.6820962644530112,0.47424189221139834,,,0.056182048502401064,724,0.1510989010989011,0.012283593385068925,1.0,"{""Negative"": 0.5505376344086022, ""Neutral"": 0.2813688212927757, ""Positive"": 0.6456043956043956}","[[128, 19, 59], [51, 37, 96], [80, 23, 235]]"
s3_M3_seed42,M2_plus_local_cross_time_attention,42,select,select:0:0.30:random:independent:0,0.5343406593406593,0.47203555810452363,0.6958732579604119,0.4574912470506918,0.6991919272497378,0.45645984756977853,,,0.12130579873272207,724,0.13873626373626374,0.011590895453283746,1.0,"{""Negative"": 0.5363825363825364, ""Neutral"": 0.248, ""Positive"": 0.6317241379310344}","[[129, 15, 62], [57, 31, 96], [89, 20, 229]]"
s3_M3_seed42,M2_plus_local_cross_time_attention,42,select,select:0:0.30:random:independent:1,0.5425824175824175,0.47499691425140106,0.6869862957475728,0.47646169166389324,0.6902215274378329,0.47499139539872204,,,0.12130579873272207,724,0.12362637362637363,0.009548444049007126,1.0,"{""Negative"": 0.5341880341880342, ""Neutral"": 0.24390243902439024, ""Positive"": 0.6469002695417789}","[[125, 17, 64], [54, 30, 100], [83, 15, 240]]"
s3_M3_seed42,M2_plus_local_cross_time_attention,42,select,select:0:0.30:random:independent:2,0.5453296703296703,0.47953550265495776,0.6976785521347689,0.43007074972346904,0.7028194781786834,0.4278444933799509,,,0.12130579873272207,724,0.11950549450549451,0.010561755500410448,1.0,"{""Negative"": 0.5265392781316348, ""Neutral"": 0.25806451612903225, ""Positive"": 0.6540027137042063}","[[124, 16, 66], [60, 32, 92], [81, 16, 241]]"
s3_M3_seed42,M2_plus_local_cross_time_attention,42,select,select:0:0.50:random:independent:0,0.5123626373626373,0.4407703319261094,0.730187340166428,0.39393105080652124,0.7340851685820291,0.3930109940990861,,,0.1909987908537763,724,0.11263736263736264,0.009001096029538701,1.0,"{""Negative"": 0.5433070866141733, ""Neutral"": 0.17872340425531916, ""Positive"": 0.6002805049088359}","[[138, 8, 60], [62, 21, 101], [102, 22, 214]]"
s3_M3_seed42,M2_plus_local_cross_time_attention,42,select,select:0:0.50:random:independent:1,0.4945054945054945,0.41602738539125755,0.7545722237607689,0.3532225418687183,0.7577287962655076,0.3505239890954079,,,0.1909987908537763,724,0.11950549450549451,0.009089411616673345,1.0,"{""Negative"": 0.4970178926441352, ""Neutral"": 0.1471861471861472, ""Positive"": 0.6038781163434903}","[[125, 10, 71], [72, 17, 95], [100, 20, 218]]"
s3_M3_seed42,M2_plus_local_cross_time_attention,42,select,select:0:0.50:random:independent:2,0.5096153846153846,0.4406357070128883,0.7399447324632697,0.37702302330058013,0.7448379836086143,0.3738245700685035,,,0.1909987908537763,724,0.12087912087912088,0.009911546402252638,1.0,"{""Negative"": 0.5227722772277228, ""Neutral"": 0.1940928270042194, ""Positive"": 0.6050420168067226}","[[132, 12, 62], [63, 23, 98], [104, 18, 216]]"
s3_M3_seed42,M2_plus_local_cross_time_attention,42,select,select:1:0.10:random:independent:0,0.5576923076923077,0.5009391053117057,0.6524466290810974,0.5160047619537798,0.6560379483220219,0.5171572165285012,,,0.056143892214244775,724,0.15521978021978022,0.013793256617157341,1.0,"{""Negative"": 0.5622317596566524, ""Neutral"": 0.28679245283018867, ""Positive"": 0.6537931034482759}","[[131, 19, 56], [52, 38, 94], [77, 24, 237]]"
s3_M3_seed42,M2_plus_local_cross_time_attention,42,select,select:1:0.10:random:independent:1,0.5631868131868132,0.5091074378320453,0.6546045262482959,0.5088642205189685,0.657754410531597,0.512122993606189,,,0.056143892214244775,724,0.16071428571428573,0.013046041103366475,1.0,"{""Negative"": 0.5615550755939525, ""Neutral"": 0.3082706766917293, ""Positive"": 0.657496561210454}","[[130, 18, 58], [51, 41, 92], [76, 23, 239]]"
s3_M3_seed42,M2_plus_local_cross_time_attention,42,select,select:1:0.10:random:independent:2,0.5631868131868132,0.5038940793119074,0.6538292257227905,0.5109723476306282,0.6577132418214415,0.5123486599996735,,,0.056143892214244775,724,0.15521978021978022,0.012839306496922949,1.0,"{""Negative"": 0.5689655172413793, ""Neutral"": 0.2824427480916031, ""Positive"": 0.6602739726027397}","[[132, 17, 57], [53, 37, 94], [73, 24, 241]]"
s3_M3_seed42,M2_plus_local_cross_time_attention,42,select,select:1:0.30:random:independent:0,0.5576923076923077,0.4989201582331259,0.6526240780642726,0.5211951586645385,0.6556776878091374,0.5237254167735973,,,0.12118179079621412,724,0.1620879120879121,0.013632845600395576,1.0,"{""Negative"": 0.5562632696390658, ""Neutral"": 0.2803030303030303, ""Positive"": 0.6601941747572816}","[[131, 20, 55], [57, 37, 90], [77, 23, 238]]"
s3_M3_seed42,M2_plus_local_cross_time_attention,42,select,select:1:0.30:random:independent:1,0.5563186813186813,0.4943047707660542,0.6483657182318618,0.5303864151911586,0.6519366362372638,0.5307961429845472,,,0.12118179079621412,724,0.15247252747252749,0.013332975985085243,1.0,"{""Negative"": 0.5553145336225597, ""Neutral"": 0.2681992337164751, ""Positive"": 0.659400544959128}","[[128, 18, 60], [55, 35, 94], [72, 24, 242]]"
s3_M3_seed42,M2_plus_local_cross_time_attention,42,select,select:1:0.30:random:independent:2,0.5521978021978022,0.4935984681356454,0.6541657949973307,0.517722368770495,0.6577646424814773,0.5184011700986549,,,0.12118179079621412,724,0.1717032967032967,0.014991706282817398,1.0,"{""Negative"": 0.5574468085106383, ""Neutral"": 0.2696629213483146, ""Positive"": 0.6536856745479833}","[[131, 21, 54], [56, 36, 92], [77, 26, 235]]"
s3_M3_seed42,M2_plus_local_cross_time_attention,42,select,select:1:0.50:random:independent:0,0.5576923076923077,0.5000170089722329,0.6477291812507703,0.5305366981059004,0.650675373384729,0.532830450338321,,,0.19077939219687765,724,0.16483516483516483,0.015020383868047167,1.0,"{""Negative"": 0.5683760683760684, ""Neutral"": 0.27611940298507465, ""Positive"": 0.6555555555555556}","[[133, 21, 52], [53, 37, 94], [76, 26, 236]]"
s3_M3_seed42,M2_plus_local_cross_time_attention,42,select,select:1:0.50:random:independent:1,0.5618131868131868,0.5056494949645539,0.6503114485399204,0.5251787045734555,0.6527914738635645,0.527445173990184,,,0.19077939219687765,724,0.1662087912087912,0.01400718570212414,1.0,"{""Negative"": 0.5768421052631579, ""Neutral"": 0.2846441947565543, ""Positive"": 0.6554621848739496}","[[137, 20, 49], [53, 38, 93], [79, 25, 234]]"
s3_M3_seed42,M2_plus_local_cross_time_attention,42,select,select:1:0.50:random:independent:2,0.5631868131868132,0.5066347558753711,0.6547359483305938,0.5220940664888059,0.6571407773260765,0.5253183265982031,,,0.19077939219687765,724,0.16071428571428573,0.015678424213744782,1.0,"{""Negative"": 0.5689655172413793, ""Neutral"": 0.28888888888888886, ""Positive"": 0.6620498614958449}","[[132, 22, 52], [52, 39, 93], [74, 25, 239]]"
s3_M3_seed42,M2_plus_local_cross_time_attention,42,select,select:2:0.10:random:independent:0,0.5631868131868132,0.507945142788064,0.6548850245612909,0.5053614048079039,0.6587195061428657,0.5082189814814172,,,0.05471828184470957,703,0.15934065934065933,0.014234098375797434,1.0,"{""Negative"": 0.5664488017429193, ""Neutral"": 0.3007518796992481, ""Positive"": 0.6566347469220246}","[[130, 17, 59], [50, 40, 94], [73, 25, 240]]"
s3_M3_seed42,M2_plus_local_cross_time_attention,42,select,select:2:0.10:random:independent:1,0.5604395604395604,0.5076410585062351,0.6548705411326999,0.5042054185741377,0.6583907824639067,0.5088395526345464,,,0.054688334898890016,703,0.1662087912087912,0.015180739091054258,1.0,"{""Negative"": 0.5570175438596491, ""Neutral"": 0.3111111111111111, ""Positive"": 0.6547945205479452}","[[127, 18, 61], [50, 42, 92], [73, 26, 239]]"
s3_M3_seed42,M2_plus_local_cross_time_attention,42,select,select:2:0.10:random:independent:2,0.5576923076923077,0.5018843125923141,0.6523323584604885,0.5067994712025142,0.655402291811757,0.5117749403828156,,,0.05481930502759008,703,0.1662087912087912,0.015030463731370782,1.0,"{""Negative"": 0.5614035087719298, ""Neutral"": 0.29213483146067415, ""Positive"": 0.6521145975443383}","[[128, 18, 60], [49, 39, 96], [73, 26, 239]]"
s3_M3_seed42,M2_plus_local_cross_time_attention,42,select,select:2:0.30:random:independent:0,0.5631868131868132,0.5017941306808086,0.6541927521220358,0.5061488497028237,0.6576917472034488,0.5063927449169503,,,0.11537182825966232,703,0.15384615384615385,0.013555877092370128,1.0,"{""Negative"": 0.5720720720720721, ""Neutral"": 0.2737642585551331, ""Positive"": 0.6595460614152203}","[[127, 19, 60], [44, 36, 104], [67, 24, 247]]"
s3_M3_seed42,M2_plus_local_cross_time_attention,42,select,select:2:0.30:random:independent:1,0.5755494505494505,0.517770871669052,0.6526284997670614,0.5113092168998068,0.6582278402235645,0.5111010170687065,,,0.11628030776814742,703,0.16071428571428573,0.01434826211248944,1.0,"{""Negative"": 0.5753424657534246, ""Neutral"": 0.30597014925373134, ""Positive"": 0.672}","[[126, 21, 59], [42, 41, 101], [64, 22, 252]]"
s3_M3_seed42,M2_plus_local_cross_time_attention,42,select,select:2:0.30:random:independent:2,0.5645604395604396,0.50454344348462,0.6512559754964742,0.5113355840788738,0.6556035553637359,0.5113490919249057,,,0.11578318848929205,703,0.16071428571428573,0.013777760912568033,1.0,"{""Negative"": 0.5746606334841629, ""Neutral"": 0.2803030303030303, ""Positive"": 0.6586666666666666}","[[127, 20, 59], [41, 37, 106], [68, 23, 247]]"
s3_M3_seed42,M2_plus_local_cross_time_attention,42,select,select:2:0.50:random:independent:0,0.5604395604395604,0.49834228049714874,0.6546497979419162,0.5098579043371281,0.6585234613413666,0.5106053695706271,,,0.18051985710310411,703,0.14835164835164835,0.01393636349882562,1.0,"{""Negative"": 0.5566037735849056, ""Neutral"": 0.27611940298507465, ""Positive"": 0.662303664921466}","[[118, 24, 64], [38, 37, 109], [62, 23, 253]]"
s3_M3_seed42,M2_plus_local_cross_time_attention,42,select,select:2:0.50:random:independent:1,0.570054945054945,0.5101704303418061,0.6517689775865854,0.5112165953858695,0.6573735997566933,0.5096664336300558,,,0.18035659556840442,703,0.15384615384615385,0.01474450991586833,1.0,"{""Negative"": 0.5620608899297423, ""Neutral"": 0.29739776951672864, ""Positive"": 0.6710526315789473}","[[120, 24, 62], [39, 40, 105], [62, 21, 255]]"
s3_M3_seed42,M2_plus_local_cross_time_attention,42,select,select:2:0.50:random:independent:2,0.5645604395604396,0.4992887447376611,0.6528815110918871,0.5077805144667592,0.6583303606628881,0.5060355738137,,,0.18067481495681129,703,0.15384615384615385,0.014629250831717809,1.0,"{""Negative"": 0.5552941176470588, ""Neutral"": 0.2706766917293233, ""Positive"": 0.6718954248366014}","[[118, 25, 63], [41, 36, 107], [60, 21, 257]]"
s3_M3_seed42,M2_plus_local_cross_time_attention,42,select,select:01:0.10:random:independent:0,0.5686813186813187,0.5091989099763876,0.6707983747260584,0.4840060602471834,0.6736667309222477,0.4843697193547321,,,0.09164042378228397,724,0.14148351648351648,0.009546397956804587,1.0,"{""Negative"": 0.5813449023861171, ""Neutral"": 0.2868217054263566, ""Positive"": 0.6594301221166893}","[[134, 12, 60], [51, 37, 96], [70, 25, 243]]"
s3_M3_seed42,M2_plus_local_cross_time_attention,42,select,select:01:0.10:random:independent:1,0.5521978021978022,0.49448160535117053,0.6682758800704973,0.4884053414266887,0.6733484848013537,0.4860463144558874,,,0.09164042378228397,724,0.14835164835164835,0.013706296700059057,1.0,"{""Negative"": 0.5652173913043478, ""Neutral"": 0.27692307692307694, ""Positive"": 0.6413043478260869}","[[130, 16, 60], [46, 36, 102], [78, 24, 236]]"
s3_M3_seed42,M2_plus_local_cross_time_attention,42,select,select:01:0.10:random:independent:2,0.5467032967032966,0.48510658347936847,0.6691637585315567,0.49014361574945525,0.6725774601531717,0.4897762832126328,,,0.09164042378228397,724,0.14423076923076922,0.011480764104458656,1.0,"{""Negative"": 0.5555555555555556, ""Neutral"": 0.25680933852140075, ""Positive"": 0.6429548563611491}","[[130, 18, 58], [51, 33, 100], [81, 22, 235]]"
s3_M3_seed42,M2_plus_local_cross_time_attention,42,select,select:01:0.30:random:independent:0,0.5645604395604396,0.49398291755180823,0.6736561770417943,0.4940835420456444,0.6764488412517604,0.49360181888613247,,,0.22180207259457435,724,0.11950549450549451,0.009710677497039785,1.0,"{""Negative"": 0.5620915032679739, ""Neutral"": 0.24603174603174602, ""Positive"": 0.6738255033557047}","[[129, 15, 62], [59, 31, 94], [65, 22, 251]]"
s3_M3_seed42,M2_plus_local_cross_time_attention,42,select,select:01:0.30:random:independent:1,0.5425824175824175,0.4716812861223964,0.6835237076667966,0.4572961459537934,0.6875963985745969,0.455281611719185,,,0.22180207259457435,724,0.1346153846153846,0.010563720056308167,1.0,"{""Negative"": 0.5496828752642706, ""Neutral"": 0.21774193548387097, ""Positive"": 0.6476190476190476}","[[130, 18, 58], [56, 27, 101], [81, 19, 238]]"
s3_M3_seed42,M2_plus_local_cross_time_attention,42,select,select:01:0.30:random:independent:2,0.5425824175824175,0.47312590489389156,0.6991532564490788,0.4344484259571808,0.7031701274374806,0.43239493520566585,,,0.22180207259457435,724,0.1346153846153846,0.01012614567871359,1.0,"{""Negative"": 0.556237218813906, ""Neutral"": 0.2231404958677686, ""Positive"": 0.64}","[[136, 13, 57], [59, 27, 98], [88, 18, 232]]"
s3_M3_seed42,M2_plus_local_cross_time_attention,42,select,select:01:0.50:random:independent:0,0.5302197802197802,0.4662947926295782,0.7191018018193297,0.41153961378001774,0.7226011568711108,0.4088284695122183,,,0.36109266611629226,724,0.11950549450549451,0.0084734580737467,1.0,"{""Negative"": 0.5354969574036511, ""Neutral"": 0.23577235772357724, ""Positive"": 0.6276150627615062}","[[132, 12, 62], [63, 29, 92], [92, 21, 225]]"
s3_M3_seed42,M2_plus_local_cross_time_attention,42,select,select:01:0.50:random:independent:1,0.5068681318681318,0.4318656899771917,0.7188542507310736,0.4010476442002803,0.7213098146891282,0.4000621766014316,,,0.36109266611629226,724,0.11813186813186813,0.008801412544923497,1.0,"{""Negative"": 0.5142857142857142, ""Neutral"": 0.1652892561983471, ""Positive"": 0.6160220994475138}","[[126, 15, 65], [66, 20, 98], [92, 23, 223]]"
s3_M3_seed42,M2_plus_local_cross_time_attention,42,select,select:01:0.50:random:independent:2,0.5027472527472527,0.43232467126218604,0.7336818164555992,0.3783312169880136,0.737688603780263,0.3751113359920392,,,0.36109266611629226,724,0.10576923076923077,0.007908732652197499,1.0,"{""Negative"": 0.5039370078740157, ""Neutral"": 0.1888412017167382, ""Positive"": 0.6041958041958042}","[[128, 12, 66], [67, 22, 95], [107, 15, 216]]"
s3_M3_seed42,M2_plus_local_cross_time_attention,42,select,select:02:0.10:random:independent:0,0.5494505494505495,0.48461641366698127,0.6727539371763366,0.48186453953098385,0.6779451900530238,0.47930298448816133,,,0.09025892452344063,724,0.1510989010989011,0.011380034553791793,1.0,"{""Negative"": 0.5533769063180828, ""Neutral"": 0.25, ""Positive"": 0.650472334682861}","[[127, 18, 61], [51, 32, 101], [75, 22, 241]]"
s3_M3_seed42,M2_plus_local_cross_time_attention,42,select,select:02:0.10:random:independent:1,0.5659340659340659,0.5052533343254588,0.6718229558230511,0.47847311319369923,0.6749921909579496,0.48012873059518124,,,0.09020706469477802,724,0.13873626373626374,0.012871067334854831,1.0,"{""Negative"": 0.5809312638580931, ""Neutral"": 0.277992277992278, ""Positive"": 0.6568364611260054}","[[131, 14, 61], [46, 36, 102], [68, 25, 245]]"
s3_M3_seed42,M2_plus_local_cross_time_attention,42,select,select:02:0.10:random:independent:2,0.5796703296703297,0.5149603017940957,0.6616656633485191,0.4978306447305235,0.6662757710609994,0.49677978981706117,,,0.09022829257477709,724,0.14285714285714285,0.01062650217646426,1.0,"{""Negative"": 0.5833333333333334, ""Neutral"": 0.2823529411764706, ""Positive"": 0.6791946308724832}","[[133, 14, 59], [53, 36, 95], [64, 21, 253]]"
s3_M3_seed42,M2_plus_local_cross_time_attention,42,select,select:02:0.30:random:independent:0,0.5590659340659341,0.4901872702424073,0.6859752381621482,0.45048924135574236,0.6895069654642062,0.44875037092367365,,,0.21662896826569322,724,0.11675824175824176,0.00958951289714365,1.0,"{""Negative"": 0.5594713656387665, ""Neutral"": 0.2540983606557377, ""Positive"": 0.6569920844327177}","[[127, 12, 67], [49, 31, 104], [72, 17, 249]]"
s3_M3_seed42,M2_plus_local_cross_time_attention,42,select,select:02:0.30:random:independent:1,0.5439560439560439,0.46747220601849304,0.7100636550503527,0.4267824681175672,0.712865870942331,0.42714589396449004,,,0.2163273861362854,724,0.12637362637362637,0.010452995824371718,1.0,"{""Negative"": 0.5379310344827586, ""Neutral"": 0.2157676348547718, ""Positive"": 0.6487179487179487}","[[117, 12, 77], [46, 26, 112], [66, 19, 253]]"
s3_M3_seed42,M2_plus_local_cross_time_attention,42,select,select:02:0.30:random:independent:2,0.5288461538461539,0.4494596250267431,0.6974339494179402,0.4500613971343779,0.6981486296562662,0.4524102730771345,,,0.21614375377087763,724,0.11263736263736264,0.009105566997224323,1.0,"{""Negative"": 0.5253863134657837, ""Neutral"": 0.1825726141078838, ""Positive"": 0.6404199475065617}","[[119, 17, 70], [52, 22, 110], [76, 18, 244]]"
s3_M3_seed42,M2_plus_local_cross_time_attention,42,select,select:02:0.50:random:independent:0,0.5164835164835165,0.437268082939307,0.7399052041401329,0.35647912898223016,0.7438035038949737,0.3534570198925288,,,0.3507859006961929,724,0.10302197802197802,0.007910644651159317,1.0,"{""Negative"": 0.4966442953020134, ""Neutral"": 0.1864406779661017, ""Positive"": 0.628719275549806}","[[111, 12, 83], [53, 22, 109], [77, 18, 243]]"
s3_M3_seed42,M2_plus_local_cross_time_attention,42,select,select:02:0.50:random:independent:1,0.5027472527472527,0.41750822513833524,0.725314107729818,0.36820409518540825,0.7275274614829079,0.3672925724574569,,,0.35119532701886813,724,0.11813186813186813,0.007737224411293046,1.0,"{""Negative"": 0.4783599088838269, ""Neutral"": 0.15584415584415584, ""Positive"": 0.6183206106870229}","[[105, 8, 93], [54, 18, 112], [74, 21, 243]]"
s3_M3_seed42,M2_plus_local_cross_time_attention,42,select,select:02:0.50:random:independent:2,0.5247252747252747,0.4395057025212536,0.7326655258435265,0.3648429912967504,0.7353883806262984,0.36374142419934996,,,0.35125174458983455,724,0.10851648351648352,0.008614599026510348,1.0,"{""Negative"": 0.5067873303167421, ""Neutral"": 0.17316017316017315, ""Positive"": 0.6385696040868455}","[[112, 10, 84], [53, 20, 111], [71, 17, 250]]"
s3_M3_seed42,M2_plus_local_cross_time_attention,42,select,select:12:0.10:random:independent:0,0.5618131868131868,0.4991509929969024,0.6551371929047486,0.506773799574501,0.6596090889019012,0.5080454305291414,,,0.09011852407557222,724,0.14835164835164835,0.013252600114334087,1.0,"{""Negative"": 0.5639913232104121, ""Neutral"": 0.2713178294573643, ""Positive"": 0.6621438263229308}","[[130, 18, 58], [52, 35, 97], [73, 21, 244]]"
s3_M3_seed42,M2_plus_local_cross_time_attention,42,select,select:12:0.10:random:independent:1,0.5535714285714286,0.4918779032440117,0.655016241460486,0.5134794573463399,0.6579900105652696,0.5156808922576296,,,0.09019592878213162,724,0.15796703296703296,0.013298941951097695,1.0,"{""Negative"": 0.5526315789473685, ""Neutral"": 0.26717557251908397, ""Positive"": 0.6558265582655827}","[[126, 20, 60], [51, 35, 98], [73, 23, 242]]"
s3_M3_seed42,M2_plus_local_cross_time_attention,42,select,select:12:0.10:random:independent:2,0.5618131868131868,0.5050766744664325,0.6518363605105084,0.5116922765795978,0.6556189835511639,0.5140420608129757,,,0.09018448391793114,724,0.15934065934065933,0.015601576595536463,1.0,"{""Negative"": 0.5633187772925764, ""Neutral"": 0.2943396226415094, ""Positive"": 0.6575716234652115}","[[129, 19, 58], [49, 39, 96], [74, 23, 241]]"
s3_M3_seed42,M2_plus_local_cross_time_attention,42,select,select:12:0.30:random:independent:0,0.5673076923076923,0.5060178136978492,0.651255311209946,0.5230778307864999,0.6549434016463808,0.5226911059986663,,,0.21577850944764493,724,0.16346153846153846,0.015188813548457325,1.0,"{""Negative"": 0.5814977973568282, ""Neutral"": 0.27169811320754716, ""Positive"": 0.6648575305291723}","[[132, 19, 55], [49, 36, 99], [67, 26, 245]]"
s3_M3_seed42,M2_plus_local_cross_time_attention,42,select,select:12:0.30:random:independent:1,0.5686813186813187,0.5106756282075579,0.6474474115868519,0.5190817732324623,0.6524431504498512,0.5217342198103089,,,0.2160189805783876,724,0.17032967032967034,0.015797534575399296,1.0,"{""Negative"": 0.5752212389380531, ""Neutral"": 0.291044776119403, ""Positive"": 0.6657608695652174}","[[130, 21, 55], [47, 39, 98], [69, 24, 245]]"
s3_M3_seed42,M2_plus_local_cross_time_attention,42,select,select:12:0.30:random:independent:2,0.5618131868131868,0.5004541243083075,0.6478140994066393,0.519607845891912,0.6513638932329531,0.5217212751986849,,,0.21623765565574107,724,0.16895604395604397,0.01710795096034532,1.0,"{""Negative"": 0.5676274944567627, ""Neutral"": 0.2706766917293233, ""Positive"": 0.6630581867388363}","[[128, 20, 58], [50, 36, 98], [67, 26, 245]]"
s3_M3_seed42,M2_plus_local_cross_time_attention,42,select,select:12:0.50:random:independent:0,0.5714285714285714,0.5170858234368181,0.6478716203050708,0.5327916807213557,0.6524604608632296,0.5318443359944642,,,0.3507132531656354,724,0.1717032967032967,0.016938996723654506,1.0,"{""Negative"": 0.5831435079726651, ""Neutral"": 0.30324909747292417, ""Positive"": 0.6648648648648648}","[[128, 23, 55], [41, 42, 101], [64, 28, 246]]"
s3_M3_seed42,M2_plus_local_cross_time_attention,42,select,select:12:0.50:random:independent:1,0.5728021978021978,0.5188176063007827,0.6449963392345174,0.5366590758199612,0.6501212953743372,0.5363545688856404,,,0.3507343430875613,724,0.1662087912087912,0.01729763931034767,1.0,"{""Negative"": 0.5806451612903226, ""Neutral"": 0.30824372759856633, ""Positive"": 0.6675639300134589}","[[126, 23, 57], [41, 43, 100], [61, 29, 248]]"
s3_M3_seed42,M2_plus_local_cross_time_attention,42,select,select:12:0.50:random:independent:2,0.5604395604395604,0.5022482259710132,0.6503635763347067,0.525543632361098,0.6531957342944384,0.5279378352032711,,,0.3509549248224926,724,0.17582417582417584,0.018019885252760007,1.0,"{""Negative"": 0.5701357466063348, ""Neutral"": 0.2753623188405797, ""Positive"": 0.6612466124661247}","[[126, 23, 57], [47, 38, 99], [63, 31, 244]]"
s3_M3_seed42,M2_plus_local_cross_time_attention,42,select,select:012:0.10:random:independent:0,0.5686813186813187,0.5042413188508631,0.6638219061663109,0.49248563249934,0.6676362302016139,0.49447223136882446,,,0.12558993973665408,724,0.14285714285714285,0.012307650368026161,1.0,"{""Negative"": 0.5720620842572062, ""Neutral"": 0.2713178294573643, ""Positive"": 0.6693440428380187}","[[129, 17, 60], [50, 35, 99], [66, 22, 250]]"
s3_M3_seed42,M2_plus_local_cross_time_attention,42,select,select:012:0.10:random:independent:1,0.5576923076923077,0.49992342380668764,0.6669698303389149,0.48576678441269894,0.6706142455498063,0.4850874119311343,,,0.12571082327220762,724,0.1565934065934066,0.0123974193412524,1.0,"{""Negative"": 0.5565217391304348, ""Neutral"": 0.2857142857142857, ""Positive"": 0.6575342465753424}","[[128, 19, 59], [53, 38, 93], [73, 25, 240]]"
s3_M3_seed42,M2_plus_local_cross_time_attention,42,select,select:012:0.10:random:independent:2,0.5563186813186813,0.48850179959119894,0.6656180507011384,0.4935779829689544,0.6686134673962063,0.4941601793543958,,,0.1256004676726215,724,0.13186813186813187,0.011614145275663871,1.0,"{""Negative"": 0.5579399141630901, ""Neutral"": 0.24899598393574296, ""Positive"": 0.6585695006747638}","[[130, 16, 60], [54, 31, 99], [76, 18, 244]]"
s3_M3_seed42,M2_plus_local_cross_time_attention,42,select,select:012:0.30:random:independent:0,0.5467032967032966,0.48346771229272506,0.698168335581579,0.4559708967901847,0.7012368519253169,0.4551275381649042,,,0.3162180586060894,724,0.14835164835164835,0.011526930212241772,1.0,"{""Negative"": 0.5504201680672269, ""Neutral"": 0.2570281124497992, ""Positive"": 0.6429548563611491}","[[131, 16, 59], [53, 32, 99], [86, 17, 235]]"
s3_M3_seed42,M2_plus_local_cross_time_attention,42,select,select:012:0.30:random:independent:1,0.5370879120879121,0.472070713989632,0.6940610460345398,0.44247639884150064,0.695829856652091,0.44652964092699565,,,0.3167463590511638,724,0.14697802197802198,0.011841896215486493,1.0,"{""Negative"": 0.5342163355408388, ""Neutral"": 0.24124513618677043, ""Positive"": 0.6407506702412868}","[[121, 16, 69], [53, 31, 100], [73, 26, 239]]"
s3_M3_seed42,M2_plus_local_cross_time_attention,42,select,select:012:0.30:random:independent:2,0.5659340659340659,0.4913450652292875,0.678220576801151,0.47870204725229437,0.6814647041373774,0.47718036186700524,,,0.31705028085974835,724,0.12362637362637363,0.010082674149972397,1.0,"{""Negative"": 0.5797752808988764, ""Neutral"": 0.22672064777327935, ""Positive"": 0.6675392670157068}","[[129, 12, 65], [50, 28, 106], [60, 23, 255]]"
s3_M3_seed42,M2_plus_local_cross_time_attention,42,select,select:012:0.50:random:independent:0,0.5453296703296703,0.47022570423985804,0.6944794770926647,0.4368318869198989,0.6968602765157081,0.4366159583525913,,,0.5214278455584954,724,0.12912087912087913,0.010534229649758928,1.0,"{""Negative"": 0.5483146067415731, ""Neutral"": 0.21138211382113822, ""Positive"": 0.6509803921568628}","[[122, 17, 67], [47, 26, 111], [70, 19, 249]]"
s3_M3_seed42,M2_plus_local_cross_time_attention,42,select,select:012:0.50:random:independent:1,0.5247252747252747,0.4439062327557665,0.7020963112503618,0.43341266909048887,0.7035955189404866,0.43283318678574134,,,0.5211035116402414,724,0.13736263736263737,0.010494608656075466,1.0,"{""Negative"": 0.5203619909502263, ""Neutral"": 0.17073170731707318, ""Positive"": 0.640625}","[[115, 18, 73], [52, 21, 111], [69, 23, 246]]"
s3_M3_seed42,M2_plus_local_cross_time_attention,42,select,select:012:0.50:random:independent:2,0.5384615384615384,0.466199541250385,0.7053294583927595,0.43481759873950543,0.7093377151925649,0.4317167066268643,,,0.5211950835022432,724,0.12637362637362637,0.009195975884660096,1.0,"{""Negative"": 0.5486725663716814, ""Neutral"": 0.21224489795918366, ""Positive"": 0.6376811594202898}","[[124, 13, 69], [48, 26, 110], [74, 22, 242]]"
s3_M3_seed42,M2_plus_local_cross_time_attention,42,clean,clean:clean,0.5618131868131868,0.5086849979141521,0.6554764573649391,0.5055238592052361,0.6593866056716581,0.5082924252553611,,,0.020685516934361863,0,0.16071428571428573,0.014293973098535622,1.0,"{""Negative"": 0.5683297180043384, ""Neutral"": 0.3048327137546468, ""Positive"": 0.6528925619834711}","[[131, 17, 58], [50, 41, 93], [74, 27, 237]]"
s4_B1_O2lr0.01_seed42,tinybert_masked_mean_linear_dual_head,42,select,select:0:0.10:random:independent:0,0.5824175824175825,0.503280595058551,0.6644464172567148,0.5087620593914697,0.6694225630630831,0.5108913798517473,,,0.056182048502401064,724,0.10164835164835165,0.010327586328737683,1.0,"{""Negative"": 0.5831325301204819, ""Neutral"": 0.24680851063829787, ""Positive"": 0.6799007444168734}","[[121, 12, 73], [34, 29, 121], [54, 10, 274]]"
s4_B1_O2lr0.01_seed42,tinybert_masked_mean_linear_dual_head,42,select,select:0:0.10:random:independent:1,0.5769230769230769,0.4969295508231257,0.6594266872680941,0.5138131213535746,0.663485360321599,0.5147598126569293,,,0.056182048502401064,724,0.11126373626373626,0.010895514301136954,1.0,"{""Negative"": 0.5916870415647921, ""Neutral"": 0.225, ""Positive"": 0.6741016109045849}","[[121, 10, 75], [35, 27, 122], [47, 19, 272]]"
s4_B1_O2lr0.01_seed42,tinybert_masked_mean_linear_dual_head,42,select,select:0:0.10:random:independent:2,0.5714285714285714,0.489297842827761,0.6635808171271786,0.51112588409142,0.6679971471510746,0.5128596380020467,,,0.056182048502401064,724,0.10851648351648352,0.011210189737330426,1.0,"{""Negative"": 0.5748792270531401, ""Neutral"": 0.2222222222222222, ""Positive"": 0.6707920792079208}","[[119, 11, 76], [35, 26, 123], [54, 13, 271]]"
s4_B1_O2lr0.01_seed42,tinybert_masked_mean_linear_dual_head,42,select,select:0:0.30:random:independent:0,0.5618131868131868,0.4848502394344612,0.6740556953997813,0.49665523277711116,0.6760586151382425,0.4962944902638339,,,0.12130579873272207,724,0.11263736263736264,0.011231628755545552,1.0,"{""Negative"": 0.5749385749385749, ""Neutral"": 0.22040816326530613, ""Positive"": 0.6592039800995025}","[[117, 11, 78], [34, 27, 123], [50, 23, 265]]"
s4_B1_O2lr0.01_seed42,tinybert_masked_mean_linear_dual_head,42,select,select:0:0.30:random:independent:1,0.5837912087912088,0.5018955855135799,0.6698040274282652,0.5126825506603675,0.6708216214306898,0.5122646581476002,,,0.12130579873272207,724,0.11675824175824176,0.010810047405311368,1.0,"{""Negative"": 0.5965770171149144, ""Neutral"": 0.22594142259414227, ""Positive"": 0.6831683168316832}","[[122, 13, 71], [34, 27, 123], [47, 15, 276]]"
s4_B1_O2lr0.01_seed42,tinybert_masked_mean_linear_dual_head,42,select,select:0:0.30:random:independent:2,0.5755494505494505,0.4937794064014403,0.6726887008802331,0.4828146816748562,0.6778898795626567,0.4814964316677945,,,0.12130579873272207,724,0.11126373626373626,0.012086912987307533,1.0,"{""Negative"": 0.5658536585365853, ""Neutral"": 0.23140495867768596, ""Positive"": 0.6840796019900498}","[[116, 15, 75], [40, 28, 116], [48, 15, 275]]"
s4_B1_O2lr0.01_seed42,tinybert_masked_mean_linear_dual_head,42,select,select:0:0.50:random:independent:0,0.5673076923076923,0.493092192051964,0.6929918899494868,0.4669528242624936,0.6985637113134694,0.4665025318944413,,,0.1909987908537763,724,0.12912087912087913,0.014430611531133508,1.0,"{""Negative"": 0.57356608478803, ""Neutral"": 0.23904382470119523, ""Positive"": 0.6666666666666666}","[[115, 18, 73], [29, 30, 125], [51, 19, 268]]"
s4_B1_O2lr0.01_seed42,tinybert_masked_mean_linear_dual_head,42,select,select:0:0.50:random:independent:1,0.5576923076923077,0.4924547067611244,0.7059332593388405,0.4152056523272801,0.7126373486378446,0.41038052523824,,,0.1909987908537763,724,0.15384615384615385,0.01580391726021829,1.0,"{""Negative"": 0.5664160401002506, ""Neutral"": 0.2585551330798479, ""Positive"": 0.6523929471032746}","[[113, 17, 76], [29, 34, 121], [51, 28, 259]]"
s4_B1_O2lr0.01_seed42,tinybert_masked_mean_linear_dual_head,42,select,select:0:0.50:random:independent:2,0.5453296703296703,0.4702036030811576,0.7027693525469483,0.44471899489258115,0.7061560546114508,0.44720432810521243,,,0.1909987908537763,724,0.13186813186813187,0.012759077004306427,1.0,"{""Negative"": 0.519280205655527, ""Neutral"": 0.24096385542168675, ""Positive"": 0.6503667481662592}","[[101, 17, 88], [28, 30, 126], [54, 18, 266]]"
s4_B1_O2lr0.01_seed42,tinybert_masked_mean_linear_dual_head,42,select,select:1:0.10:random:independent:0,0.5892857142857143,0.5052210371929153,0.6552906056412957,0.5277190721787292,0.660582813244968,0.5267172838150878,,,0.056143892214244775,724,0.10027472527472528,0.010119853621287332,1.0,"{""Negative"": 0.6067961165048543, ""Neutral"": 0.22413793103448276, ""Positive"": 0.6847290640394089}","[[125, 8, 73], [35, 26, 123], [46, 14, 278]]"
s4_B1_O2lr0.01_seed42,tinybert_masked_mean_linear_dual_head,42,select,select:1:0.10:random:independent:1,0.5892857142857143,0.5052210371929153,0.6552906056412957,0.5277190721787292,0.660582813244968,0.5267172838150878,,,0.056143892214244775,724,0.10027472527472528,0.010119853621287332,1.0,"{""Negative"": 0.6067961165048543, ""Neutral"": 0.22413793103448276, ""Positive"": 0.6847290640394089}","[[125, 8, 73], [35, 26, 123], [46, 14, 278]]"
s4_B1_O2lr0.01_seed42,tinybert_masked_mean_linear_dual_head,42,select,select:1:0.10:random:independent:2,0.5892857142857143,0.5052210371929153,0.6552906056412957,0.5277190721787292,0.660582813244968,0.5267172838150878,,,0.056143892214244775,724,0.10027472527472528,0.010119853621287332,1.0,"{""Negative"": 0.6067961165048543, ""Neutral"": 0.22413793103448276, ""Positive"": 0.6847290640394089}","[[125, 8, 73], [35, 26, 123], [46, 14, 278]]"
s4_B1_O2lr0.01_seed42,tinybert_masked_mean_linear_dual_head,42,select,select:1:0.30:random:independent:0,0.5892857142857143,0.5052210371929153,0.6552906056412957,0.5277190721787292,0.660582813244968,0.5267172838150878,,,0.12118179079621412,724,0.10027472527472528,0.010119853621287332,1.0,"{""Negative"": 0.6067961165048543, ""Neutral"": 0.22413793103448276, ""Positive"": 0.6847290640394089}","[[125, 8, 73], [35, 26, 123], [46, 14, 278]]"
s4_B1_O2lr0.01_seed42,tinybert_masked_mean_linear_dual_head,42,select,select:1:0.30:random:independent:1,0.5892857142857143,0.5052210371929153,0.6552906056412957,0.5277190721787292,0.660582813244968,0.5267172838150878,,,0.12118179079621412,724,0.10027472527472528,0.010119853621287332,1.0,"{""Negative"": 0.6067961165048543, ""Neutral"": 0.22413793103448276, ""Positive"": 0.6847290640394089}","[[125, 8, 73], [35, 26, 123], [46, 14, 278]]"
s4_B1_O2lr0.01_seed42,tinybert_masked_mean_linear_dual_head,42,select,select:1:0.30:random:independent:2,0.5892857142857143,0.5052210371929153,0.6552906056412957,0.5277190721787292,0.660582813244968,0.5267172838150878,,,0.12118179079621412,724,0.10027472527472528,0.010119853621287332,1.0,"{""Negative"": 0.6067961165048543, ""Neutral"": 0.22413793103448276, ""Positive"": 0.6847290640394089}","[[125, 8, 73], [35, 26, 123], [46, 14, 278]]"
s4_B1_O2lr0.01_seed42,tinybert_masked_mean_linear_dual_head,42,select,select:1:0.50:random:independent:0,0.5892857142857143,0.5052210371929153,0.6552906056412957,0.5277190721787292,0.660582813244968,0.5267172838150878,,,0.19077939219687765,724,0.10027472527472528,0.010119853621287332,1.0,"{""Negative"": 0.6067961165048543, ""Neutral"": 0.22413793103448276, ""Positive"": 0.6847290640394089}","[[125, 8, 73], [35, 26, 123], [46, 14, 278]]"
s4_B1_O2lr0.01_seed42,tinybert_masked_mean_linear_dual_head,42,select,select:1:0.50:random:independent:1,0.5892857142857143,0.5052210371929153,0.6552906056412957,0.5277190721787292,0.660582813244968,0.5267172838150878,,,0.19077939219687765,724,0.10027472527472528,0.010119853621287332,1.0,"{""Negative"": 0.6067961165048543, ""Neutral"": 0.22413793103448276, ""Positive"": 0.6847290640394089}","[[125, 8, 73], [35, 26, 123], [46, 14, 278]]"
s4_B1_O2lr0.01_seed42,tinybert_masked_mean_linear_dual_head,42,select,select:1:0.50:random:independent:2,0.5892857142857143,0.5052210371929153,0.6552906056412957,0.5277190721787292,0.660582813244968,0.5267172838150878,,,0.19077939219687765,724,0.10027472527472528,0.010119853621287332,1.0,"{""Negative"": 0.6067961165048543, ""Neutral"": 0.22413793103448276, ""Positive"": 0.6847290640394089}","[[125, 8, 73], [35, 26, 123], [46, 14, 278]]"
s4_B1_O2lr0.01_seed42,tinybert_masked_mean_linear_dual_head,42,select,select:2:0.10:random:independent:0,0.5892857142857143,0.5052210371929153,0.6552906056412957,0.5277190721787292,0.660582813244968,0.5267172838150878,,,0.05471828184470957,703,0.10027472527472528,0.010119853621287332,1.0,"{""Negative"": 0.6067961165048543, ""Neutral"": 0.22413793103448276, ""Positive"": 0.6847290640394089}","[[125, 8, 73], [35, 26, 123], [46, 14, 278]]"
s4_B1_O2lr0.01_seed42,tinybert_masked_mean_linear_dual_head,42,select,select:2:0.10:random:independent:1,0.5892857142857143,0.5052210371929153,0.6552906056412957,0.5277190721787292,0.660582813244968,0.5267172838150878,,,0.054688334898890016,703,0.10027472527472528,0.010119853621287332,1.0,"{""Negative"": 0.6067961165048543, ""Neutral"": 0.22413793103448276, ""Positive"": 0.6847290640394089}","[[125, 8, 73], [35, 26, 123], [46, 14, 278]]"
s4_B1_O2lr0.01_seed42,tinybert_masked_mean_linear_dual_head,42,select,select:2:0.10:random:independent:2,0.5892857142857143,0.5052210371929153,0.6552906056412957,0.5277190721787292,0.660582813244968,0.5267172838150878,,,0.05481930502759008,703,0.10027472527472528,0.010119853621287332,1.0,"{""Negative"": 0.6067961165048543, ""Neutral"": 0.22413793103448276, ""Positive"": 0.6847290640394089}","[[125, 8, 73], [35, 26, 123], [46, 14, 278]]"
s4_B1_O2lr0.01_seed42,tinybert_masked_mean_linear_dual_head,42,select,select:2:0.30:random:independent:0,0.5892857142857143,0.5052210371929153,0.6552906056412957,0.5277190721787292,0.660582813244968,0.5267172838150878,,,0.11537182825966232,703,0.10027472527472528,0.010119853621287332,1.0,"{""Negative"": 0.6067961165048543, ""Neutral"": 0.22413793103448276, ""Positive"": 0.6847290640394089}","[[125, 8, 73], [35, 26, 123], [46, 14, 278]]"
s4_B1_O2lr0.01_seed42,tinybert_masked_mean_linear_dual_head,42,select,select:2:0.30:random:independent:1,0.5892857142857143,0.5052210371929153,0.6552906056412957,0.5277190721787292,0.660582813244968,0.5267172838150878,,,0.11628030776814742,703,0.10027472527472528,0.010119853621287332,1.0,"{""Negative"": 0.6067961165048543, ""Neutral"": 0.22413793103448276, ""Positive"": 0.6847290640394089}","[[125, 8, 73], [35, 26, 123], [46, 14, 278]]"
s4_B1_O2lr0.01_seed42,tinybert_masked_mean_linear_dual_head,42,select,select:2:0.30:random:independent:2,0.5892857142857143,0.5052210371929153,0.6552906056412957,0.5277190721787292,0.660582813244968,0.5267172838150878,,,0.11578318848929205,703,0.10027472527472528,0.010119853621287332,1.0,"{""Negative"": 0.6067961165048543, ""Neutral"": 0.22413793103448276, ""Positive"": 0.6847290640394089}","[[125, 8, 73], [35, 26, 123], [46, 14, 278]]"
s4_B1_O2lr0.01_seed42,tinybert_masked_mean_linear_dual_head,42,select,select:2:0.50:random:independent:0,0.5892857142857143,0.5052210371929153,0.6552906056412957,0.5277190721787292,0.660582813244968,0.5267172838150878,,,0.18051985710310411,703,0.10027472527472528,0.010119853621287332,1.0,"{""Negative"": 0.6067961165048543, ""Neutral"": 0.22413793103448276, ""Positive"": 0.6847290640394089}","[[125, 8, 73], [35, 26, 123], [46, 14, 278]]"
s4_B1_O2lr0.01_seed42,tinybert_masked_mean_linear_dual_head,42,select,select:2:0.50:random:independent:1,0.5892857142857143,0.5052210371929153,0.6552906056412957,0.5277190721787292,0.660582813244968,0.5267172838150878,,,0.18035659556840442,703,0.10027472527472528,0.010119853621287332,1.0,"{""Negative"": 0.6067961165048543, ""Neutral"": 0.22413793103448276, ""Positive"": 0.6847290640394089}","[[125, 8, 73], [35, 26, 123], [46, 14, 278]]"
s4_B1_O2lr0.01_seed42,tinybert_masked_mean_linear_dual_head,42,select,select:2:0.50:random:independent:2,0.5892857142857143,0.5052210371929153,0.6552906056412957,0.5277190721787292,0.660582813244968,0.5267172838150878,,,0.18067481495681129,703,0.10027472527472528,0.010119853621287332,1.0,"{""Negative"": 0.6067961165048543, ""Neutral"": 0.22413793103448276, ""Positive"": 0.6847290640394089}","[[125, 8, 73], [35, 26, 123], [46, 14, 278]]"
s4_B1_O2lr0.01_seed42,tinybert_masked_mean_linear_dual_head,42,select,select:01:0.10:random:independent:0,0.5837912087912088,0.5052387226300269,0.6616950684309005,0.51308502107712,0.6684900249078215,0.5120261934597017,,,0.09164042378228397,724,0.0989010989010989,0.010963689713114566,1.0,"{""Negative"": 0.6, ""Neutral"": 0.24242424242424243, ""Positive"": 0.6732919254658385}","[[126, 4, 76], [36, 28, 120], [52, 15, 271]]"
s4_B1_O2lr0.01_seed42,tinybert_masked_mean_linear_dual_head,42,select,select:01:0.10:random:independent:1,0.5741758241758241,0.4942178188401137,0.6643357947573434,0.5147597504066603,0.6686869113076642,0.5149225186096479,,,0.09164042378228397,724,0.10714285714285714,0.01283594205341005,1.0,"{""Negative"": 0.5714285714285714, ""Neutral"": 0.23628691983122363, ""Positive"": 0.674937965260546}","[[118, 10, 78], [38, 28, 118], [51, 15, 272]]"
s4_B1_O2lr0.01_seed42,tinybert_masked_mean_linear_dual_head,42,select,select:01:0.10:random:independent:2,0.5906593406593407,0.5216501485335637,0.6664486267077318,0.5033964334426295,0.6734806548108111,0.5012828290539286,,,0.09164042378228397,724,0.11126373626373626,0.011720618796455008,1.0,"{""Negative"": 0.6205250596658711, ""Neutral"": 0.2727272727272727, ""Positive"": 0.6716981132075471}","[[130, 6, 70], [31, 33, 120], [52, 19, 267]]"
s4_B1_O2lr0.01_seed42,tinybert_masked_mean_linear_dual_head,42,select,select:01:0.30:random:independent:0,0.5851648351648352,0.5101761517615176,0.6513654822176629,0.5264677959344602,0.658161934209312,0.5220489658175891,,,0.22180207259457435,724,0.10989010989010989,0.011584294396098498,1.0,"{""Negative"": 0.5853658536585366, ""Neutral"": 0.2601626016260163, ""Positive"": 0.685}","[[120, 12, 74], [38, 32, 114], [46, 18, 274]]"
s4_B1_O2lr0.01_seed42,tinybert_masked_mean_linear_dual_head,42,select,select:01:0.30:random:independent:1,0.5673076923076923,0.48541688280250367,0.6744140019281307,0.48499595347594776,0.6787161500356927,0.48402779753381797,,,0.22180207259457435,724,0.11126373626373626,0.01043070487253941,1.0,"{""Negative"": 0.5686274509803921, ""Neutral"": 0.2184873949579832, ""Positive"": 0.6691358024691358}","[[116, 12, 78], [35, 26, 123], [51, 16, 271]]"
s4_B1_O2lr0.01_seed42,tinybert_masked_mean_linear_dual_head,42,select,select:01:0.30:random:independent:2,0.5480769230769231,0.4726043165195448,0.6846449045849534,0.4797642676323612,0.6871127936487588,0.48475861880093335,,,0.22180207259457435,724,0.13324175824175824,0.01337641187071964,1.0,"{""Negative"": 0.5326633165829145, ""Neutral"": 0.22924901185770752, ""Positive"": 0.6559006211180124}","[[106, 20, 80], [32, 29, 123], [54, 20, 264]]"
s4_B1_O2lr0.01_seed42,tinybert_masked_mean_linear_dual_head,42,select,select:01:0.50:random:independent:0,0.5563186813186813,0.475624201160393,0.6923001659922466,0.44538001371543356,0.6979030467298619,0.44260759432677127,,,0.36109266611629226,724,0.13736263736263737,0.01616594547637953,1.0,"{""Negative"": 0.5642317380352645, ""Neutral"": 0.1976284584980237, ""Positive"": 0.6650124069478908}","[[112, 20, 74], [33, 25, 126], [46, 24, 268]]"
s4_B1_O2lr0.01_seed42,tinybert_masked_mean_linear_dual_head,42,select,select:01:0.50:random:independent:1,0.5480769230769231,0.47364735219083515,0.6918761951218103,0.4463789894855755,0.6982665652982317,0.44401954763153895,,,0.36109266611629226,724,0.1304945054945055,0.017676455394890937,1.0,"{""Negative"": 0.5373134328358209, ""Neutral"": 0.23107569721115537, ""Positive"": 0.6525529265255293}","[[108, 15, 83], [35, 29, 120], [53, 23, 262]]"
s4_B1_O2lr0.01_seed42,tinybert_masked_mean_linear_dual_head,42,select,select:01:0.50:random:independent:2,0.5453296703296703,0.4765846036907226,0.6997011273110387,0.4403268991338586,0.7063488891158908,0.4394382727011125,,,0.36109266611629226,724,0.1401098901098901,0.015304710649744003,1.0,"{""Negative"": 0.5196078431372549, ""Neutral"": 0.2619047619047619, ""Positive"": 0.6482412060301508}","[[106, 15, 85], [36, 33, 115], [60, 20, 258]]"
s4_B1_O2lr0.01_seed42,tinybert_masked_mean_linear_dual_head,42,select,select:02:0.10:random:independent:0,0.5796703296703297,0.5007995690028887,0.6643613809556915,0.5189730072672158,0.6675526500336703,0.5196817092620153,,,0.09025892452344063,724,0.10164835164835165,0.009947139335083928,1.0,"{""Negative"": 0.5916870415647921, ""Neutral"": 0.23829787234042554, ""Positive"": 0.6724137931034483}","[[121, 7, 78], [33, 28, 123], [49, 16, 273]]"
s4_B1_O2lr0.01_seed42,tinybert_masked_mean_linear_dual_head,42,select,select:02:0.10:random:independent:1,0.5810439560439561,0.4993716580029967,0.6662662965357222,0.5108530358372854,0.6726340817359204,0.5086765634964323,,,0.09020706469477802,724,0.11538461538461539,0.011336454422935679,1.0,"{""Negative"": 0.5920398009950248, ""Neutral"": 0.2288135593220339, ""Positive"": 0.6772616136919315}","[[119, 8, 79], [33, 27, 124], [44, 17, 277]]"
s4_B1_O2lr0.01_seed42,tinybert_masked_mean_linear_dual_head,42,select,select:02:0.10:random:independent:2,0.5865384615384616,0.5081313409107217,0.6587265802177099,0.5140011016100687,0.6633546974939796,0.5138363241120936,,,0.09022829257477709,724,0.09615384615384616,0.01031103705641005,1.0,"{""Negative"": 0.6091127098321343, ""Neutral"": 0.24034334763948498, ""Positive"": 0.674937965260546}","[[127, 6, 73], [33, 28, 123], [51, 15, 272]]"
s4_B1_O2lr0.01_seed42,tinybert_masked_mean_linear_dual_head,42,select,select:02:0.30:random:independent:0,0.5769230769230769,0.4995671926272765,0.670869551500408,0.49908227838367036,0.676258245129957,0.5005675560311378,,,0.21662896826569322,724,0.11813186813186813,0.011379649727292114,1.0,"{""Negative"": 0.583732057416268, ""Neutral"": 0.23481781376518218, ""Positive"": 0.6801517067003793}","[[122, 14, 70], [41, 29, 114], [49, 20, 269]]"
s4_B1_O2lr0.01_seed42,tinybert_masked_mean_linear_dual_head,42,select,select:02:0.30:random:independent:1,0.5535714285714286,0.4839778831833579,0.6831006737859613,0.48542688947583995,0.688243921186038,0.4838600049256899,,,0.2163273861362854,724,0.13873626373626374,0.013940614104369186,1.0,"{""Negative"": 0.5505050505050505, ""Neutral"": 0.24806201550387597, ""Positive"": 0.6533665835411472}","[[109, 16, 81], [31, 32, 121], [50, 26, 262]]"
s4_B1_O2lr0.01_seed42,tinybert_masked_mean_linear_dual_head,42,select,select:02:0.30:random:independent:2,0.5741758241758241,0.500714273813689,0.6664868418353437,0.5066312013554379,0.6715039828802448,0.5088348610903968,,,0.21614375377087763,724,0.11813186813186813,0.013114435365673277,1.0,"{""Negative"": 0.5714285714285714, ""Neutral"": 0.2591093117408907, ""Positive"": 0.671604938271605}","[[114, 16, 76], [28, 32, 124], [51, 15, 272]]"
s4_B1_O2lr0.01_seed42,tinybert_masked_mean_linear_dual_head,42,select,select:02:0.50:random:independent:0,0.5370879120879121,0.4641820881178848,0.7124704250237403,0.4127025354551216,0.7144601724090075,0.4172407462863186,,,0.3507859006961929,724,0.14148351648351648,0.014123854234597676,1.0,"{""Negative"": 0.529126213592233, ""Neutral"": 0.21875, ""Positive"": 0.6446700507614214}","[[109, 18, 79], [39, 28, 117], [58, 26, 254]]"
s4_B1_O2lr0.01_seed42,tinybert_masked_mean_linear_dual_head,42,select,select:02:0.50:random:independent:1,0.5604395604395604,0.4916261816389545,0.6951553795177775,0.44172573437355733,0.7001460657076357,0.4420565960528809,,,0.35119532701886813,724,0.14972527472527472,0.016446870319995577,1.0,"{""Negative"": 0.5736040609137056, ""Neutral"": 0.23880597014925373, ""Positive"": 0.6624685138539043}","[[113, 20, 73], [32, 32, 120], [43, 32, 263]]"
s4_B1_O2lr0.01_seed42,tinybert_masked_mean_linear_dual_head,42,select,select:02:0.50:random:independent:2,0.5521978021978022,0.47247602630160973,0.7112395442781745,0.43690021087948233,0.713293691598145,0.44154323751435376,,,0.35125174458983455,724,0.14285714285714285,0.01608763946004949,1.0,"{""Negative"": 0.5612244897959183, ""Neutral"": 0.1953125, ""Positive"": 0.6608910891089109}","[[110, 21, 75], [31, 25, 128], [45, 26, 267]]"
s4_B1_O2lr0.01_seed42,tinybert_masked_mean_linear_dual_head,42,select,select:12:0.10:random:independent:0,0.5892857142857143,0.5052210371929153,0.6552906056412957,0.5277190721787292,0.660582813244968,0.5267172838150878,,,0.09011852407557222,724,0.10027472527472528,0.010119853621287332,1.0,"{""Negative"": 0.6067961165048543, ""Neutral"": 0.22413793103448276, ""Positive"": 0.6847290640394089}","[[125, 8, 73], [35, 26, 123], [46, 14, 278]]"
s4_B1_O2lr0.01_seed42,tinybert_masked_mean_linear_dual_head,42,select,select:12:0.10:random:independent:1,0.5892857142857143,0.5052210371929153,0.6552906056412957,0.5277190721787292,0.660582813244968,0.5267172838150878,,,0.09019592878213162,724,0.10027472527472528,0.010119853621287332,1.0,"{""Negative"": 0.6067961165048543, ""Neutral"": 0.22413793103448276, ""Positive"": 0.6847290640394089}","[[125, 8, 73], [35, 26, 123], [46, 14, 278]]"
s4_B1_O2lr0.01_seed42,tinybert_masked_mean_linear_dual_head,42,select,select:12:0.10:random:independent:2,0.5892857142857143,0.5052210371929153,0.6552906056412957,0.5277190721787292,0.660582813244968,0.5267172838150878,,,0.09018448391793114,724,0.10027472527472528,0.010119853621287332,1.0,"{""Negative"": 0.6067961165048543, ""Neutral"": 0.22413793103448276, ""Positive"": 0.6847290640394089}","[[125, 8, 73], [35, 26, 123], [46, 14, 278]]"
s4_B1_O2lr0.01_seed42,tinybert_masked_mean_linear_dual_head,42,select,select:12:0.30:random:independent:0,0.5892857142857143,0.5052210371929153,0.6552906056412957,0.5277190721787292,0.660582813244968,0.5267172838150878,,,0.21577850944764493,724,0.10027472527472528,0.010119853621287332,1.0,"{""Negative"": 0.6067961165048543, ""Neutral"": 0.22413793103448276, ""Positive"": 0.6847290640394089}","[[125, 8, 73], [35, 26, 123], [46, 14, 278]]"
s4_B1_O2lr0.01_seed42,tinybert_masked_mean_linear_dual_head,42,select,select:12:0.30:random:independent:1,0.5892857142857143,0.5052210371929153,0.6552906056412957,0.5277190721787292,0.660582813244968,0.5267172838150878,,,0.2160189805783876,724,0.10027472527472528,0.010119853621287332,1.0,"{""Negative"": 0.6067961165048543, ""Neutral"": 0.22413793103448276, ""Positive"": 0.6847290640394089}","[[125, 8, 73], [35, 26, 123], [46, 14, 278]]"
s4_B1_O2lr0.01_seed42,tinybert_masked_mean_linear_dual_head,42,select,select:12:0.30:random:independent:2,0.5892857142857143,0.5052210371929153,0.6552906056412957,0.5277190721787292,0.660582813244968,0.5267172838150878,,,0.21623765565574107,724,0.10027472527472528,0.010119853621287332,1.0,"{""Negative"": 0.6067961165048543, ""Neutral"": 0.22413793103448276, ""Positive"": 0.6847290640394089}","[[125, 8, 73], [35, 26, 123], [46, 14, 278]]"
s4_B1_O2lr0.01_seed42,tinybert_masked_mean_linear_dual_head,42,select,select:12:0.50:random:independent:0,0.5892857142857143,0.5052210371929153,0.6552906056412957,0.5277190721787292,0.660582813244968,0.5267172838150878,,,0.3507132531656354,724,0.10027472527472528,0.010119853621287332,1.0,"{""Negative"": 0.6067961165048543, ""Neutral"": 0.22413793103448276, ""Positive"": 0.6847290640394089}","[[125, 8, 73], [35, 26, 123], [46, 14, 278]]"
s4_B1_O2lr0.01_seed42,tinybert_masked_mean_linear_dual_head,42,select,select:12:0.50:random:independent:1,0.5892857142857143,0.5052210371929153,0.6552906056412957,0.5277190721787292,0.660582813244968,0.5267172838150878,,,0.3507343430875613,724,0.10027472527472528,0.010119853621287332,1.0,"{""Negative"": 0.6067961165048543, ""Neutral"": 0.22413793103448276, ""Positive"": 0.6847290640394089}","[[125, 8, 73], [35, 26, 123], [46, 14, 278]]"
s4_B1_O2lr0.01_seed42,tinybert_masked_mean_linear_dual_head,42,select,select:12:0.50:random:independent:2,0.5892857142857143,0.5052210371929153,0.6552906056412957,0.5277190721787292,0.660582813244968,0.5267172838150878,,,0.3509549248224926,724,0.10027472527472528,0.010119853621287332,1.0,"{""Negative"": 0.6067961165048543, ""Neutral"": 0.22413793103448276, ""Positive"": 0.6847290640394089}","[[125, 8, 73], [35, 26, 123], [46, 14, 278]]"
s4_B1_O2lr0.01_seed42,tinybert_masked_mean_linear_dual_head,42,select,select:012:0.10:random:independent:0,0.5714285714285714,0.49092457699791786,0.6600494863210553,0.5154527063826356,0.6639470663689241,0.5160085941261341,,,0.12558993973665408,724,0.10714285714285714,0.011317866203581894,1.0,"{""Negative"": 0.5735294117647058, ""Neutral"": 0.2317596566523605, ""Positive"": 0.6674846625766871}","[[117, 5, 84], [36, 27, 121], [49, 17, 272]]"
s4_B1_O2lr0.01_seed42,tinybert_masked_mean_linear_dual_head,42,select,select:012:0.10:random:independent:1,0.5755494505494505,0.4982894791393298,0.66641433190529,0.49761399390892974,0.6691542769229593,0.5018728462458637,,,0.12571082327220762,724,0.10851648351648352,0.011792918597898642,1.0,"{""Negative"": 0.5819070904645477, ""Neutral"": 0.2396694214876033, ""Positive"": 0.6732919254658385}","[[119, 10, 77], [36, 29, 119], [48, 19, 271]]"
s4_B1_O2lr0.01_seed42,tinybert_masked_mean_linear_dual_head,42,select,select:012:0.10:random:independent:2,0.5782967032967034,0.49388354167224496,0.6670611645653354,0.5072340219571975,0.6719485134459459,0.5088284629403629,,,0.1256004676726215,724,0.11126373626373626,0.010973184902180027,1.0,"{""Negative"": 0.5885167464114832, ""Neutral"": 0.21739130434782608, ""Positive"": 0.6757425742574258}","[[123, 8, 75], [37, 25, 122], [52, 13, 273]]"
s4_B1_O2lr0.01_seed42,tinybert_masked_mean_linear_dual_head,42,select,select:012:0.30:random:independent:0,0.5590659340659341,0.479649104372244,0.6840694329494877,0.49245473643499255,0.6881408566291761,0.4923262429748531,,,0.3162180586060894,724,0.11401098901098901,0.011783250071665089,1.0,"{""Negative"": 0.5605700712589073, ""Neutral"": 0.2175732217573222, ""Positive"": 0.6608040201005025}","[[118, 11, 77], [40, 26, 118], [57, 18, 263]]"
s4_B1_O2lr0.01_seed42,tinybert_masked_mean_linear_dual_head,42,select,select:012:0.30:random:independent:1,0.5631868131868132,0.4823037290554024,0.6817477369103294,0.4670790321442483,0.6849889626808383,0.4730435300267224,,,0.3167463590511638,724,0.11538461538461539,0.013734924339511238,1.0,"{""Negative"": 0.5644768856447688, ""Neutral"": 0.2157676348547718, ""Positive"": 0.6666666666666666}","[[116, 12, 78], [38, 26, 120], [51, 19, 268]]"
s4_B1_O2lr0.01_seed42,tinybert_masked_mean_linear_dual_head,42,select,select:012:0.30:random:independent:2,0.5782967032967034,0.5021484572804296,0.6731922867453033,0.49012485627631697,0.6758606382389809,0.49049183942582936,,,0.31705028085974835,724,0.12225274725274725,0.01288650074201626,1.0,"{""Negative"": 0.5956416464891041, ""Neutral"": 0.23577235772357724, ""Positive"": 0.6750313676286073}","[[123, 12, 71], [36, 29, 119], [48, 21, 269]]"
s4_B1_O2lr0.01_seed42,tinybert_masked_mean_linear_dual_head,42,select,select:012:0.50:random:independent:0,0.5480769230769231,0.4725182585413871,0.700420852389555,0.450998336446714,0.7042280508174592,0.46074244593563257,,,0.5214278455584954,724,0.1401098901098901,0.020254199543374252,1.0,"{""Negative"": 0.5310173697270472, ""Neutral"": 0.2265625, ""Positive"": 0.6599749058971142}","[[107, 24, 75], [34, 29, 121], [56, 19, 263]]"
s4_B1_O2lr0.01_seed42,tinybert_masked_mean_linear_dual_head,42,select,select:012:0.50:random:independent:1,0.5728021978021978,0.5002278989947819,0.6896279234072582,0.4613479245692544,0.6961498361459555,0.4611690041708541,,,0.5211035116402414,724,0.1401098901098901,0.014101298407326034,1.0,"{""Negative"": 0.5595854922279793, ""Neutral"": 0.26459143968871596, ""Positive"": 0.6765067650676507}","[[108, 20, 78], [28, 34, 122], [44, 19, 275]]"
s4_B1_O2lr0.01_seed42,tinybert_masked_mean_linear_dual_head,42,select,select:012:0.50:random:independent:2,0.5535714285714286,0.47716721071451884,0.7119376934531259,0.44400801883958607,0.7178471744735981,0.44612542454410803,,,0.5211950835022432,724,0.13324175824175824,0.014516215301382834,1.0,"{""Negative"": 0.5373134328358209, ""Neutral"": 0.23577235772357724, ""Positive"": 0.6584158415841584}","[[108, 15, 83], [34, 29, 121], [54, 18, 266]]"
s4_B1_O2lr0.01_seed42,tinybert_masked_mean_linear_dual_head,42,clean,clean:clean,0.5892857142857143,0.5052210371929153,0.6552906056412957,0.5277190721787292,0.660582813244968,0.5267172838150878,,,0.020685516934361863,0,0.10027472527472528,0.010119853621287332,1.0,"{""Negative"": 0.6067961165048543, ""Neutral"": 0.22413793103448276, ""Positive"": 0.6847290640394089}","[[125, 8, 73], [35, 26, 123], [46, 14, 278]]"
s4_B1_O2lr0.03_seed42,tinybert_masked_mean_linear_dual_head,42,select,select:0:0.10:random:independent:0,0.5645604395604396,0.45103942556195653,0.6746443726585707,0.49354006020248886,0.6771464473798176,0.49223234125180293,,,0.056182048502401064,724,0.057692307692307696,0.0045914015536083945,1.0,"{""Negative"": 0.5831435079726651, ""Neutral"": 0.0975609756097561, ""Positive"": 0.6724137931034483}","[[128, 4, 74], [47, 10, 127], [58, 7, 273]]"
s4_B1_O2lr0.03_seed42,tinybert_masked_mean_linear_dual_head,42,select,select:0:0.10:random:independent:1,0.5728021978021978,0.4598297797371276,0.6709280506003894,0.4923767295228335,0.672884437094371,0.49205935369204756,,,0.056182048502401064,724,0.06318681318681318,0.004981102792656684,1.0,"{""Negative"": 0.5920745920745921, ""Neutral"": 0.10526315789473684, ""Positive"": 0.6821515892420538}","[[127, 7, 72], [44, 11, 129], [52, 7, 279]]"
s4_B1_O2lr0.03_seed42,tinybert_masked_mean_linear_dual_head,42,select,select:0:0.10:random:independent:2,0.5631868131868132,0.4521203117262231,0.6757762242307701,0.49223414513416364,0.6780363371171017,0.49171775664658657,,,0.056182048502401064,724,0.061813186813186816,0.0041448038495381125,1.0,"{""Negative"": 0.5804988662131519, ""Neutral"": 0.10837438423645321, ""Positive"": 0.6674876847290641}","[[128, 4, 74], [44, 11, 129], [63, 4, 271]]"
s4_B1_O2lr0.03_seed42,tinybert_masked_mean_linear_dual_head,42,select,select:0:0.30:random:independent:0,0.5728021978021978,0.46165736870953733,0.6776360341605495,0.48421459804709815,0.6794846899536244,0.48416229642887987,,,0.12130579873272207,724,0.06318681318681318,0.004142599446682648,1.0,"{""Negative"": 0.5927710843373494, ""Neutral"": 0.11594202898550725, ""Positive"": 0.6762589928057554}","[[123, 4, 79], [37, 12, 135], [49, 7, 282]]"
s4_B1_O2lr0.03_seed42,tinybert_masked_mean_linear_dual_head,42,select,select:0:0.30:random:independent:1,0.5741758241758241,0.47001779410663796,0.6747451793175928,0.5006358242584442,0.6762546842922917,0.499537148381205,,,0.12130579873272207,724,0.08104395604395605,0.005608438670037539,1.0,"{""Negative"": 0.6066350710900474, ""Neutral"": 0.13270142180094788, ""Positive"": 0.6707168894289186}","[[128, 5, 73], [34, 14, 136], [54, 8, 276]]"
s4_B1_O2lr0.03_seed42,tinybert_masked_mean_linear_dual_head,42,select,select:0:0.30:random:independent:2,0.5604395604395604,0.45853938377302866,0.6807740169003279,0.4656847232332938,0.6841491899391697,0.46328035564378245,,,0.12130579873272207,724,0.08104395604395605,0.0055451061605670295,1.0,"{""Negative"": 0.5687645687645687, ""Neutral"": 0.14018691588785046, ""Positive"": 0.6666666666666666}","[[122, 7, 77], [42, 15, 127], [59, 8, 271]]"
s4_B1_O2lr0.03_seed42,tinybert_masked_mean_linear_dual_head,42,select,select:0:0.50:random:independent:0,0.5494505494505495,0.4616782328772609,0.7007109540159763,0.4493374820313594,0.7024506076141823,0.45196815701889553,,,0.1909987908537763,724,0.08791208791208792,0.007891357323257152,1.0,"{""Negative"": 0.5617433414043583, ""Neutral"": 0.17543859649122806, ""Positive"": 0.6478527607361964}","[[116, 10, 80], [31, 20, 133], [60, 14, 264]]"
s4_B1_O2lr0.03_seed42,tinybert_masked_mean_linear_dual_head,42,select,select:0:0.50:random:independent:1,0.5439560439560439,0.45352356347938977,0.7131573601019332,0.40915557256303975,0.7159854877320538,0.4069971633303388,,,0.1909987908537763,724,0.1043956043956044,0.007409461531124927,1.0,"{""Negative"": 0.5467980295566502, ""Neutral"": 0.168141592920354, ""Positive"": 0.6456310679611651}","[[111, 9, 86], [31, 19, 134], [58, 14, 266]]"
s4_B1_O2lr0.03_seed42,tinybert_masked_mean_linear_dual_head,42,select,select:0:0.50:random:independent:2,0.5494505494505495,0.45525036049184786,0.7028163321517245,0.4378231556223595,0.7062210653560584,0.43786862827450834,,,0.1909987908537763,724,0.09065934065934066,0.00638613969947283,1.0,"{""Negative"": 0.5292620865139949, ""Neutral"": 0.17777777777777778, ""Positive"": 0.6587112171837709}","[[104, 13, 89], [29, 20, 135], [54, 8, 276]]"
s4_B1_O2lr0.03_seed42,tinybert_masked_mean_linear_dual_head,42,select,select:1:0.10:random:independent:0,0.5796703296703297,0.4623073215823749,0.668054650426484,0.5043799941306178,0.67115474473378,0.5015201275459786,,,0.056143892214244775,724,0.04120879120879121,0.003477004055244909,1.0,"{""Negative"": 0.6167800453514739, ""Neutral"": 0.08955223880597014, ""Positive"": 0.6805896805896806}","[[136, 2, 68], [44, 9, 131], [55, 6, 277]]"
s4_B1_O2lr0.03_seed42,tinybert_masked_mean_linear_dual_head,42,select,select:1:0.10:random:independent:1,0.5796703296703297,0.4623073215823749,0.668054650426484,0.5043799941306178,0.67115474473378,0.5015201275459786,,,0.056143892214244775,724,0.04120879120879121,0.003477004055244909,1.0,"{""Negative"": 0.6167800453514739, ""Neutral"": 0.08955223880597014, ""Positive"": 0.6805896805896806}","[[136, 2, 68], [44, 9, 131], [55, 6, 277]]"
s4_B1_O2lr0.03_seed42,tinybert_masked_mean_linear_dual_head,42,select,select:1:0.10:random:independent:2,0.5796703296703297,0.4623073215823749,0.668054650426484,0.5043799941306178,0.67115474473378,0.5015201275459786,,,0.056143892214244775,724,0.04120879120879121,0.003477004055244909,1.0,"{""Negative"": 0.6167800453514739, ""Neutral"": 0.08955223880597014, ""Positive"": 0.6805896805896806}","[[136, 2, 68], [44, 9, 131], [55, 6, 277]]"
s4_B1_O2lr0.03_seed42,tinybert_masked_mean_linear_dual_head,42,select,select:1:0.30:random:independent:0,0.5796703296703297,0.4623073215823749,0.668054650426484,0.5043799941306178,0.67115474473378,0.5015201275459786,,,0.12118179079621412,724,0.04120879120879121,0.003477004055244909,1.0,"{""Negative"": 0.6167800453514739, ""Neutral"": 0.08955223880597014, ""Positive"": 0.6805896805896806}","[[136, 2, 68], [44, 9, 131], [55, 6, 277]]"
s4_B1_O2lr0.03_seed42,tinybert_masked_mean_linear_dual_head,42,select,select:1:0.30:random:independent:1,0.5796703296703297,0.4623073215823749,0.668054650426484,0.5043799941306178,0.67115474473378,0.5015201275459786,,,0.12118179079621412,724,0.04120879120879121,0.003477004055244909,1.0,"{""Negative"": 0.6167800453514739, ""Neutral"": 0.08955223880597014, ""Positive"": 0.6805896805896806}","[[136, 2, 68], [44, 9, 131], [55, 6, 277]]"
s4_B1_O2lr0.03_seed42,tinybert_masked_mean_linear_dual_head,42,select,select:1:0.30:random:independent:2,0.5796703296703297,0.4623073215823749,0.668054650426484,0.5043799941306178,0.67115474473378,0.5015201275459786,,,0.12118179079621412,724,0.04120879120879121,0.003477004055244909,1.0,"{""Negative"": 0.6167800453514739, ""Neutral"": 0.08955223880597014, ""Positive"": 0.6805896805896806}","[[136, 2, 68], [44, 9, 131], [55, 6, 277]]"
s4_B1_O2lr0.03_seed42,tinybert_masked_mean_linear_dual_head,42,select,select:1:0.50:random:independent:0,0.5796703296703297,0.4623073215823749,0.668054650426484,0.5043799941306178,0.67115474473378,0.5015201275459786,,,0.19077939219687765,724,0.04120879120879121,0.003477004055244909,1.0,"{""Negative"": 0.6167800453514739, ""Neutral"": 0.08955223880597014, ""Positive"": 0.6805896805896806}","[[136, 2, 68], [44, 9, 131], [55, 6, 277]]"
s4_B1_O2lr0.03_seed42,tinybert_masked_mean_linear_dual_head,42,select,select:1:0.50:random:independent:1,0.5796703296703297,0.4623073215823749,0.668054650426484,0.5043799941306178,0.67115474473378,0.5015201275459786,,,0.19077939219687765,724,0.04120879120879121,0.003477004055244909,1.0,"{""Negative"": 0.6167800453514739, ""Neutral"": 0.08955223880597014, ""Positive"": 0.6805896805896806}","[[136, 2, 68], [44, 9, 131], [55, 6, 277]]"
s4_B1_O2lr0.03_seed42,tinybert_masked_mean_linear_dual_head,42,select,select:1:0.50:random:independent:2,0.5796703296703297,0.4623073215823749,0.668054650426484,0.5043799941306178,0.67115474473378,0.5015201275459786,,,0.19077939219687765,724,0.04120879120879121,0.003477004055244909,1.0,"{""Negative"": 0.6167800453514739, ""Neutral"": 0.08955223880597014, ""Positive"": 0.6805896805896806}","[[136, 2, 68], [44, 9, 131], [55, 6, 277]]"
s4_B1_O2lr0.03_seed42,tinybert_masked_mean_linear_dual_head,42,select,select:2:0.10:random:independent:0,0.5796703296703297,0.4623073215823749,0.668054650426484,0.5043799941306178,0.67115474473378,0.5015201275459786,,,0.05471828184470957,703,0.04120879120879121,0.003477004055244909,1.0,"{""Negative"": 0.6167800453514739, ""Neutral"": 0.08955223880597014, ""Positive"": 0.6805896805896806}","[[136, 2, 68], [44, 9, 131], [55, 6, 277]]"
s4_B1_O2lr0.03_seed42,tinybert_masked_mean_linear_dual_head,42,select,select:2:0.10:random:independent:1,0.5796703296703297,0.4623073215823749,0.668054650426484,0.5043799941306178,0.67115474473378,0.5015201275459786,,,0.054688334898890016,703,0.04120879120879121,0.003477004055244909,1.0,"{""Negative"": 0.6167800453514739, ""Neutral"": 0.08955223880597014, ""Positive"": 0.6805896805896806}","[[136, 2, 68], [44, 9, 131], [55, 6, 277]]"
s4_B1_O2lr0.03_seed42,tinybert_masked_mean_linear_dual_head,42,select,select:2:0.10:random:independent:2,0.5796703296703297,0.4623073215823749,0.668054650426484,0.5043799941306178,0.67115474473378,0.5015201275459786,,,0.05481930502759008,703,0.04120879120879121,0.003477004055244909,1.0,"{""Negative"": 0.6167800453514739, ""Neutral"": 0.08955223880597014, ""Positive"": 0.6805896805896806}","[[136, 2, 68], [44, 9, 131], [55, 6, 277]]"
s4_B1_O2lr0.03_seed42,tinybert_masked_mean_linear_dual_head,42,select,select:2:0.30:random:independent:0,0.5796703296703297,0.4623073215823749,0.668054650426484,0.5043799941306178,0.67115474473378,0.5015201275459786,,,0.11537182825966232,703,0.04120879120879121,0.003477004055244909,1.0,"{""Negative"": 0.6167800453514739, ""Neutral"": 0.08955223880597014, ""Positive"": 0.6805896805896806}","[[136, 2, 68], [44, 9, 131], [55, 6, 277]]"
s4_B1_O2lr0.03_seed42,tinybert_masked_mean_linear_dual_head,42,select,select:2:0.30:random:independent:1,0.5796703296703297,0.4623073215823749,0.668054650426484,0.5043799941306178,0.67115474473378,0.5015201275459786,,,0.11628030776814742,703,0.04120879120879121,0.003477004055244909,1.0,"{""Negative"": 0.6167800453514739, ""Neutral"": 0.08955223880597014, ""Positive"": 0.6805896805896806}","[[136, 2, 68], [44, 9, 131], [55, 6, 277]]"
s4_B1_O2lr0.03_seed42,tinybert_masked_mean_linear_dual_head,42,select,select:2:0.30:random:independent:2,0.5796703296703297,0.4623073215823749,0.668054650426484,0.5043799941306178,0.67115474473378,0.5015201275459786,,,0.11578318848929205,703,0.04120879120879121,0.003477004055244909,1.0,"{""Negative"": 0.6167800453514739, ""Neutral"": 0.08955223880597014, ""Positive"": 0.6805896805896806}","[[136, 2, 68], [44, 9, 131], [55, 6, 277]]"
s4_B1_O2lr0.03_seed42,tinybert_masked_mean_linear_dual_head,42,select,select:2:0.50:random:independent:0,0.5796703296703297,0.4623073215823749,0.668054650426484,0.5043799941306178,0.67115474473378,0.5015201275459786,,,0.18051985710310411,703,0.04120879120879121,0.003477004055244909,1.0,"{""Negative"": 0.6167800453514739, ""Neutral"": 0.08955223880597014, ""Positive"": 0.6805896805896806}","[[136, 2, 68], [44, 9, 131], [55, 6, 277]]"
s4_B1_O2lr0.03_seed42,tinybert_masked_mean_linear_dual_head,42,select,select:2:0.50:random:independent:1,0.5796703296703297,0.4623073215823749,0.668054650426484,0.5043799941306178,0.67115474473378,0.5015201275459786,,,0.18035659556840442,703,0.04120879120879121,0.003477004055244909,1.0,"{""Negative"": 0.6167800453514739, ""Neutral"": 0.08955223880597014, ""Positive"": 0.6805896805896806}","[[136, 2, 68], [44, 9, 131], [55, 6, 277]]"
s4_B1_O2lr0.03_seed42,tinybert_masked_mean_linear_dual_head,42,select,select:2:0.50:random:independent:2,0.5796703296703297,0.4623073215823749,0.668054650426484,0.5043799941306178,0.67115474473378,0.5015201275459786,,,0.18067481495681129,703,0.04120879120879121,0.003477004055244909,1.0,"{""Negative"": 0.6167800453514739, ""Neutral"": 0.08955223880597014, ""Positive"": 0.6805896805896806}","[[136, 2, 68], [44, 9, 131], [55, 6, 277]]"
s4_B1_O2lr0.03_seed42,tinybert_masked_mean_linear_dual_head,42,select,select:01:0.10:random:independent:0,0.5851648351648352,0.47407667635210643,0.673505509196844,0.49184407245232836,0.6765744204806922,0.48929330309484836,,,0.09164042378228397,724,0.06043956043956044,0.004564635123476222,1.0,"{""Negative"": 0.6068965517241379, ""Neutral"": 0.12745098039215685, ""Positive"": 0.6878824969400245}","[[132, 2, 72], [45, 13, 126], [52, 5, 281]]"
s4_B1_O2lr0.03_seed42,tinybert_masked_mean_linear_dual_head,42,select,select:01:0.10:random:independent:1,0.5714285714285714,0.46891353832273386,0.6709131596900277,0.4963282238265405,0.6748804734241995,0.4947518769461722,,,0.09164042378228397,724,0.07280219780219781,0.006405192817190845,1.0,"{""Negative"": 0.5794392523364486, ""Neutral"": 0.15165876777251186, ""Positive"": 0.6756425948592412}","[[124, 5, 77], [42, 16, 126], [56, 6, 276]]"
s4_B1_O2lr0.03_seed42,tinybert_masked_mean_linear_dual_head,42,select,select:01:0.10:random:independent:2,0.5686813186813187,0.45621428324524443,0.6761850774144897,0.48551840503348126,0.6788352593615815,0.48316629329043564,,,0.09164042378228397,724,0.059065934065934064,0.003706992394518066,1.0,"{""Negative"": 0.6018099547511312, ""Neutral"": 0.09852216748768473, ""Positive"": 0.6683107274969173}","[[133, 3, 70], [42, 10, 132], [61, 6, 271]]"
s4_B1_O2lr0.03_seed42,tinybert_masked_mean_linear_dual_head,42,select,select:01:0.30:random:independent:0,0.5673076923076923,0.4799608382823126,0.6636123729862354,0.5049049991952229,0.6671252994271056,0.5029158334681805,,,0.22180207259457435,724,0.08241758241758242,0.006464747632249862,1.0,"{""Negative"": 0.5686746987951807, ""Neutral"": 0.20535714285714285, ""Positive"": 0.6658506731946144}","[[118, 4, 84], [38, 23, 123], [53, 13, 272]]"
s4_B1_O2lr0.03_seed42,tinybert_masked_mean_linear_dual_head,42,select,select:01:0.30:random:independent:1,0.5563186813186813,0.46277288823904517,0.6840708756216526,0.462505202168644,0.6859457390434057,0.4624652340392038,,,0.22180207259457435,724,0.08241758241758242,0.005558937095351271,1.0,"{""Negative"": 0.5687203791469194, ""Neutral"": 0.1643835616438356, ""Positive"": 0.6552147239263804}","[[120, 4, 82], [38, 18, 128], [58, 13, 267]]"
s4_B1_O2lr0.03_seed42,tinybert_masked_mean_linear_dual_head,42,select,select:01:0.30:random:independent:2,0.5425824175824175,0.44378557606104413,0.6920665047874899,0.4612566498892766,0.694693239692312,0.4601194218432554,,,0.22180207259457435,724,0.08653846153846154,0.0059930334969454414,1.0,"{""Negative"": 0.5314009661835749, ""Neutral"": 0.14545454545454545, ""Positive"": 0.6545012165450121}","[[110, 12, 84], [37, 16, 131], [61, 8, 269]]"
s4_B1_O2lr0.03_seed42,tinybert_masked_mean_linear_dual_head,42,select,select:01:0.50:random:independent:0,0.5508241758241759,0.4535890197275278,0.69574306611964,0.43076556592149223,0.6994165054107965,0.4263269189317032,,,0.36109266611629226,724,0.09478021978021978,0.00792832017253143,1.0,"{""Negative"": 0.5609756097560976, ""Neutral"": 0.14285714285714285, ""Positive"": 0.656934306569343}","[[115, 11, 80], [34, 16, 134], [55, 13, 270]]"
s4_B1_O2lr0.03_seed42,tinybert_masked_mean_linear_dual_head,42,select,select:01:0.50:random:independent:1,0.5370879120879121,0.4358398999764758,0.6935758089200604,0.43840166791991114,0.6960605225924935,0.43782263800211646,,,0.36109266611629226,724,0.07417582417582418,0.006476166384351941,1.0,"{""Negative"": 0.5314009661835749, ""Neutral"": 0.12962962962962962, ""Positive"": 0.6464891041162227}","[[110, 9, 87], [36, 14, 134], [62, 9, 267]]"
s4_B1_O2lr0.03_seed42,tinybert_masked_mean_linear_dual_head,42,select,select:01:0.50:random:independent:2,0.5315934065934066,0.4333620394467481,0.7108749717494453,0.42025780978934313,0.7122097206455502,0.4216803395027335,,,0.36109266611629226,724,0.07417582417582418,0.005277242189613017,1.0,"{""Negative"": 0.5200945626477541, ""Neutral"": 0.14018691588785046, ""Positive"": 0.6398046398046398}","[[110, 7, 89], [39, 15, 130], [68, 8, 262]]"
s4_B1_O2lr0.03_seed42,tinybert_masked_mean_linear_dual_head,42,select,select:02:0.10:random:independent:0,0.5714285714285714,0.46417276608156777,0.6725025980176997,0.49835700682583645,0.6743596546188161,0.4975362083499854,,,0.09025892452344063,724,0.06318681318681318,0.005007597052608872,1.0,"{""Negative"": 0.6107226107226107, ""Neutral"": 0.11594202898550725, ""Positive"": 0.6658536585365854}","[[131, 3, 72], [35, 12, 137], [57, 8, 273]]"
s4_B1_O2lr0.03_seed42,tinybert_masked_mean_linear_dual_head,42,select,select:02:0.10:random:independent:1,0.5673076923076923,0.4525620600604465,0.6768065427251324,0.49560566006602835,0.679667630831578,0.4934579328978539,,,0.09020706469477802,724,0.07005494505494506,0.004693992238712834,1.0,"{""Negative"": 0.5868544600938967, ""Neutral"": 0.09852216748768473, ""Positive"": 0.6723095525997581}","[[125, 3, 78], [41, 10, 133], [54, 6, 278]]"
s4_B1_O2lr0.03_seed42,tinybert_masked_mean_linear_dual_head,42,select,select:02:0.10:random:independent:2,0.5782967032967034,0.4677186691066879,0.6698266640249679,0.4919073007236087,0.6731676642455489,0.49046161568129737,,,0.09022829257477709,724,0.054945054945054944,0.0044469568961351125,1.0,"{""Negative"": 0.6068965517241379, ""Neutral"": 0.11650485436893204, ""Positive"": 0.6797546012269938}","[[132, 5, 69], [41, 12, 131], [56, 5, 277]]"
s4_B1_O2lr0.03_seed42,tinybert_masked_mean_linear_dual_head,42,select,select:02:0.30:random:independent:0,0.5673076923076923,0.47110853027913907,0.6778595362697901,0.4851476092202248,0.6798416896938131,0.486186192763539,,,0.21662896826569322,724,0.07417582417582418,0.005543298443906255,1.0,"{""Negative"": 0.5666666666666667, ""Neutral"": 0.17674418604651163, ""Positive"": 0.6699147381242387}","[[119, 3, 84], [41, 19, 124], [54, 9, 275]]"
s4_B1_O2lr0.03_seed42,tinybert_masked_mean_linear_dual_head,42,select,select:02:0.30:random:independent:1,0.5604395604395604,0.464799838623902,0.693171735993912,0.4686614330645518,0.6964411367099363,0.4682988256180474,,,0.2163273861362854,724,0.08516483516483517,0.005763785369792483,1.0,"{""Negative"": 0.5542168674698795, ""Neutral"": 0.1735159817351598, ""Positive"": 0.6666666666666666}","[[115, 5, 86], [41, 19, 124], [53, 11, 274]]"
s4_B1_O2lr0.03_seed42,tinybert_masked_mean_linear_dual_head,42,select,select:02:0.30:random:independent:2,0.5535714285714286,0.45904151757582823,0.6763213931868528,0.4931613228100794,0.6795292903085822,0.4924593580601761,,,0.21614375377087763,724,0.09065934065934066,0.006424750668948496,1.0,"{""Negative"": 0.5558194774346793, ""Neutral"": 0.16363636363636364, ""Positive"": 0.6576687116564417}","[[117, 8, 81], [38, 18, 128], [60, 10, 268]]"
s4_B1_O2lr0.03_seed42,tinybert_masked_mean_linear_dual_head,42,select,select:02:0.50:random:independent:0,0.5315934065934066,0.4419963793804076,0.7192017166404605,0.38859946843249565,0.72274334542965,0.38850807192609327,,,0.3507859006961929,724,0.10851648351648352,0.006727397324660649,1.0,"{""Negative"": 0.5060240963855421, ""Neutral"": 0.17543859649122806, ""Positive"": 0.6445264452644527}","[[105, 14, 87], [38, 20, 126], [66, 10, 262]]"
s4_B1_O2lr0.03_seed42,tinybert_masked_mean_linear_dual_head,42,select,select:02:0.50:random:independent:1,0.5467032967032966,0.4524561366308939,0.7121379155215326,0.41643979823363564,0.7143528901327115,0.41595025429820337,,,0.35119532701886813,724,0.09478021978021978,0.004674791293304699,1.0,"{""Negative"": 0.5307125307125307, ""Neutral"": 0.1688888888888889, ""Positive"": 0.6577669902912622}","[[108, 14, 84], [34, 19, 131], [59, 8, 271]]"
s4_B1_O2lr0.03_seed42,tinybert_masked_mean_linear_dual_head,42,select,select:02:0.50:random:independent:2,0.5535714285714286,0.45901013938356733,0.7125044445001081,0.42810351020065446,0.7132278093991412,0.4294942940084519,,,0.35125174458983455,724,0.08928571428571429,0.006623900640858235,1.0,"{""Negative"": 0.5580246913580247, ""Neutral"": 0.1572052401746725, ""Positive"": 0.6618004866180048}","[[113, 14, 79], [33, 18, 133], [53, 13, 272]]"
s4_B1_O2lr0.03_seed42,tinybert_masked_mean_linear_dual_head,42,select,select:12:0.10:random:independent:0,0.5796703296703297,0.4623073215823749,0.668054650426484,0.5043799941306178,0.67115474473378,0.5015201275459786,,,0.09011852407557222,724,0.04120879120879121,0.003477004055244909,1.0,"{""Negative"": 0.6167800453514739, ""Neutral"": 0.08955223880597014, ""Positive"": 0.6805896805896806}","[[136, 2, 68], [44, 9, 131], [55, 6, 277]]"
s4_B1_O2lr0.03_seed42,tinybert_masked_mean_linear_dual_head,42,select,select:12:0.10:random:independent:1,0.5796703296703297,0.4623073215823749,0.668054650426484,0.5043799941306178,0.67115474473378,0.5015201275459786,,,0.09019592878213162,724,0.04120879120879121,0.003477004055244909,1.0,"{""Negative"": 0.6167800453514739, ""Neutral"": 0.08955223880597014, ""Positive"": 0.6805896805896806}","[[136, 2, 68], [44, 9, 131], [55, 6, 277]]"
s4_B1_O2lr0.03_seed42,tinybert_masked_mean_linear_dual_head,42,select,select:12:0.10:random:independent:2,0.5796703296703297,0.4623073215823749,0.668054650426484,0.5043799941306178,0.67115474473378,0.5015201275459786,,,0.09018448391793114,724,0.04120879120879121,0.003477004055244909,1.0,"{""Negative"": 0.6167800453514739, ""Neutral"": 0.08955223880597014, ""Positive"": 0.6805896805896806}","[[136, 2, 68], [44, 9, 131], [55, 6, 277]]"
s4_B1_O2lr0.03_seed42,tinybert_masked_mean_linear_dual_head,42,select,select:12:0.30:random:independent:0,0.5796703296703297,0.4623073215823749,0.668054650426484,0.5043799941306178,0.67115474473378,0.5015201275459786,,,0.21577850944764493,724,0.04120879120879121,0.003477004055244909,1.0,"{""Negative"": 0.6167800453514739, ""Neutral"": 0.08955223880597014, ""Positive"": 0.6805896805896806}","[[136, 2, 68], [44, 9, 131], [55, 6, 277]]"
s4_B1_O2lr0.03_seed42,tinybert_masked_mean_linear_dual_head,42,select,select:12:0.30:random:independent:1,0.5796703296703297,0.4623073215823749,0.668054650426484,0.5043799941306178,0.67115474473378,0.5015201275459786,,,0.2160189805783876,724,0.04120879120879121,0.003477004055244909,1.0,"{""Negative"": 0.6167800453514739, ""Neutral"": 0.08955223880597014, ""Positive"": 0.6805896805896806}","[[136, 2, 68], [44, 9, 131], [55, 6, 277]]"
s4_B1_O2lr0.03_seed42,tinybert_masked_mean_linear_dual_head,42,select,select:12:0.30:random:independent:2,0.5796703296703297,0.4623073215823749,0.668054650426484,0.5043799941306178,0.67115474473378,0.5015201275459786,,,0.21623765565574107,724,0.04120879120879121,0.003477004055244909,1.0,"{""Negative"": 0.6167800453514739, ""Neutral"": 0.08955223880597014, ""Positive"": 0.6805896805896806}","[[136, 2, 68], [44, 9, 131], [55, 6, 277]]"
s4_B1_O2lr0.03_seed42,tinybert_masked_mean_linear_dual_head,42,select,select:12:0.50:random:independent:0,0.5796703296703297,0.4623073215823749,0.668054650426484,0.5043799941306178,0.67115474473378,0.5015201275459786,,,0.3507132531656354,724,0.04120879120879121,0.003477004055244909,1.0,"{""Negative"": 0.6167800453514739, ""Neutral"": 0.08955223880597014, ""Positive"": 0.6805896805896806}","[[136, 2, 68], [44, 9, 131], [55, 6, 277]]"
s4_B1_O2lr0.03_seed42,tinybert_masked_mean_linear_dual_head,42,select,select:12:0.50:random:independent:1,0.5796703296703297,0.4623073215823749,0.668054650426484,0.5043799941306178,0.67115474473378,0.5015201275459786,,,0.3507343430875613,724,0.04120879120879121,0.003477004055244909,1.0,"{""Negative"": 0.6167800453514739, ""Neutral"": 0.08955223880597014, ""Positive"": 0.6805896805896806}","[[136, 2, 68], [44, 9, 131], [55, 6, 277]]"
s4_B1_O2lr0.03_seed42,tinybert_masked_mean_linear_dual_head,42,select,select:12:0.50:random:independent:2,0.5796703296703297,0.4623073215823749,0.668054650426484,0.5043799941306178,0.67115474473378,0.5015201275459786,,,0.3509549248224926,724,0.04120879120879121,0.003477004055244909,1.0,"{""Negative"": 0.6167800453514739, ""Neutral"": 0.08955223880597014, ""Positive"": 0.6805896805896806}","[[136, 2, 68], [44, 9, 131], [55, 6, 277]]"
s4_B1_O2lr0.03_seed42,tinybert_masked_mean_linear_dual_head,42,select,select:012:0.10:random:independent:0,0.5686813186813187,0.4650002988804376,0.6672422877684071,0.4948078571913757,0.6706164380187517,0.493201498708661,,,0.12558993973665408,724,0.05631868131868132,0.004965340300428343,1.0,"{""Negative"": 0.5953488372093023, ""Neutral"": 0.1346153846153846, ""Positive"": 0.6650366748166259}","[[128, 2, 76], [38, 14, 132], [58, 8, 272]]"
s4_B1_O2lr0.03_seed42,tinybert_masked_mean_linear_dual_head,42,select,select:012:0.10:random:independent:1,0.5728021978021978,0.45858974495354454,0.6727349063987261,0.4860711616644285,0.6757056221294289,0.4838564940566306,,,0.12571082327220762,724,0.05631868131868132,0.004490549914317799,1.0,"{""Negative"": 0.6027397260273972, ""Neutral"": 0.09900990099009901, ""Positive"": 0.6740196078431373}","[[132, 3, 71], [42, 10, 132], [58, 5, 275]]"
s4_B1_O2lr0.03_seed42,tinybert_masked_mean_linear_dual_head,42,select,select:012:0.10:random:independent:2,0.5741758241758241,0.4650577889178102,0.6757198227671805,0.4891399917240971,0.6792551989022356,0.48772392742145987,,,0.1256004676726215,724,0.061813186813186816,0.004858605758108936,1.0,"{""Negative"": 0.6060606060606061, ""Neutral"": 0.11594202898550725, ""Positive"": 0.6731707317073171}","[[130, 3, 73], [39, 12, 133], [54, 8, 276]]"
s4_B1_O2lr0.03_seed42,tinybert_masked_mean_linear_dual_head,42,select,select:012:0.30:random:independent:0,0.554945054945055,0.46013385501033904,0.687508530441688,0.47208142131446074,0.6890476803259494,0.47251785506513727,,,0.3162180586060894,724,0.07417582417582418,0.005175638895313982,1.0,"{""Negative"": 0.5694444444444444, ""Neutral"": 0.15668202764976957, ""Positive"": 0.654275092936803}","[[123, 5, 78], [40, 17, 127], [63, 11, 264]]"
s4_B1_O2lr0.03_seed42,tinybert_masked_mean_linear_dual_head,42,select,select:012:0.30:random:independent:1,0.5535714285714286,0.45344362715133163,0.6849419218878824,0.46006658368739833,0.6869685957566477,0.4607253414386796,,,0.3167463590511638,724,0.08653846153846154,0.006807088615630682,1.0,"{""Negative"": 0.5601851851851852, ""Neutral"": 0.13761467889908258, ""Positive"": 0.6625310173697271}","[[121, 10, 75], [43, 15, 126], [62, 9, 267]]"
s4_B1_O2lr0.03_seed42,tinybert_masked_mean_linear_dual_head,42,select,select:012:0.30:random:independent:2,0.5659340659340659,0.4639520482596427,0.6830481411544994,0.46945153252427774,0.6843624090888425,0.4701514111854014,,,0.31705028085974835,724,0.0673076923076923,0.004411611275726949,1.0,"{""Negative"": 0.5835294117647059, ""Neutral"": 0.14084507042253522, ""Positive"": 0.6674816625916871}","[[124, 4, 78], [40, 15, 129], [55, 10, 273]]"
s4_B1_O2lr0.03_seed42,tinybert_masked_mean_linear_dual_head,42,select,select:012:0.50:random:independent:0,0.554945054945055,0.4623436216804106,0.7017607261360674,0.43839888444400427,0.7049878765368364,0.4394341989584079,,,0.5214278455584954,724,0.09203296703296704,0.007338886308342545,1.0,"{""Negative"": 0.5441527446300716, ""Neutral"": 0.1762114537444934, ""Positive"": 0.6666666666666666}","[[114, 16, 76], [38, 20, 126], [61, 7, 270]]"
s4_B1_O2lr0.03_seed42,tinybert_masked_mean_linear_dual_head,42,select,select:012:0.50:random:independent:1,0.5563186813186813,0.4587014389046045,0.6945940224206382,0.4571032771624776,0.6977443349327647,0.4567750566464924,,,0.5211035116402414,724,0.08104395604395605,0.006127805282777317,1.0,"{""Negative"": 0.5481481481481482, ""Neutral"": 0.16289592760180996, ""Positive"": 0.6650602409638554}","[[111, 12, 83], [33, 18, 133], [55, 7, 276]]"
s4_B1_O2lr0.03_seed42,tinybert_masked_mean_linear_dual_head,42,select,select:012:0.50:random:independent:2,0.5439560439560439,0.44594128238012526,0.7138327738832151,0.43159226495754965,0.7154598736772212,0.43250461681294444,,,0.5211950835022432,724,0.07417582417582418,0.004629305253828784,1.0,"{""Negative"": 0.5397590361445783, ""Neutral"": 0.14678899082568808, ""Positive"": 0.6512758201701093}","[[112, 7, 87], [38, 16, 130], [59, 11, 268]]"
s4_B1_O2lr0.03_seed42,tinybert_masked_mean_linear_dual_head,42,clean,clean:clean,0.5796703296703297,0.4623073215823749,0.668054650426484,0.5043799941306178,0.67115474473378,0.5015201275459786,,,0.020685516934361863,0,0.04120879120879121,0.003477004055244909,1.0,"{""Negative"": 0.6167800453514739, ""Neutral"": 0.08955223880597014, ""Positive"": 0.6805896805896806}","[[136, 2, 68], [44, 9, 131], [55, 6, 277]]"
s4_B1_O3rho0.02_seed42,tinybert_masked_mean_linear_dual_head,42,select,select:0:0.10:random:independent:0,0.5728021978021978,0.48563967155204885,0.6687188151610749,0.49927131959795257,0.6731667967032191,0.49983660180043876,,,0.056182048502401064,724,0.10302197802197802,0.01073092999930729,1.0,"{""Negative"": 0.5742574257425742, ""Neutral"": 0.20869565217391303, ""Positive"": 0.6739659367396593}","[[116, 10, 80], [33, 24, 127], [49, 12, 277]]"
s4_B1_O3rho0.02_seed42,tinybert_masked_mean_linear_dual_head,42,select,select:0:0.10:random:independent:1,0.5824175824175825,0.5011893344140353,0.6632462357525396,0.5075488157998933,0.6689161973759777,0.5067843308557946,,,0.056182048502401064,724,0.11813186813186813,0.013966294230225976,1.0,"{""Negative"": 0.5879396984924623, ""Neutral"": 0.23430962343096234, ""Positive"": 0.6813186813186813}","[[117, 12, 77], [31, 28, 125], [44, 15, 279]]"
s4_B1_O3rho0.02_seed42,tinybert_masked_mean_linear_dual_head,42,select,select:0:0.10:random:independent:2,0.5728021978021978,0.48749084688366917,0.6679612603006044,0.5043171845336463,0.672561792615842,0.5041752845566116,,,0.056182048502401064,724,0.10164835164835165,0.010822682765674788,1.0,"{""Negative"": 0.57356608478803, ""Neutral"": 0.21739130434782608, ""Positive"": 0.6715151515151515}","[[115, 9, 82], [31, 25, 128], [49, 12, 277]]"
s4_B1_O3rho0.02_seed42,tinybert_masked_mean_linear_dual_head,42,select,select:0:0.30:random:independent:0,0.5673076923076923,0.4820896595234087,0.6766621363260916,0.4928705529522255,0.6805484671821143,0.4904837265695223,,,0.12130579873272207,724,0.12225274725274725,0.011538862136333854,1.0,"{""Negative"": 0.5662337662337662, ""Neutral"": 0.2109704641350211, ""Positive"": 0.6690647482014388}","[[109, 10, 87], [29, 25, 130], [41, 18, 279]]"
s4_B1_O3rho0.02_seed42,tinybert_masked_mean_linear_dual_head,42,select,select:0:0.30:random:independent:1,0.5769230769230769,0.4911329300521634,0.6664735376420912,0.5170851105099409,0.6688715037992122,0.5137217044658037,,,0.12130579873272207,724,0.12912087912087913,0.012674441516473067,1.0,"{""Negative"": 0.583756345177665, ""Neutral"": 0.20920502092050208, ""Positive"": 0.6804374240583232}","[[115, 13, 78], [32, 25, 127], [41, 17, 280]]"
s4_B1_O3rho0.02_seed42,tinybert_masked_mean_linear_dual_head,42,select,select:0:0.30:random:independent:2,0.5810439560439561,0.4995228934441571,0.6709635301858841,0.4785984029464239,0.6785225393608786,0.4753282885590939,,,0.12130579873272207,724,0.12912087912087913,0.01596378218561902,1.0,"{""Negative"": 0.5641025641025641, ""Neutral"": 0.2459016393442623, ""Positive"": 0.6885644768856448}","[[110, 15, 81], [34, 30, 120], [40, 15, 283]]"
s4_B1_O3rho0.02_seed42,tinybert_masked_mean_linear_dual_head,42,select,select:0:0.50:random:independent:0,0.5576923076923077,0.4891933961961759,0.6916122107648424,0.46392440971624604,0.6983135320184813,0.4599321955552872,,,0.1909987908537763,724,0.14697802197802198,0.01793959798324894,1.0,"{""Negative"": 0.5501285347043702, ""Neutral"": 0.25660377358490566, ""Positive"": 0.6608478802992519}","[[107, 23, 76], [27, 34, 123], [49, 24, 265]]"
s4_B1_O3rho0.02_seed42,tinybert_masked_mean_linear_dual_head,42,select,select:0:0.50:random:independent:1,0.5439560439560439,0.4802158998094906,0.7038492691711574,0.4134317549716208,0.7103170464787592,0.41165077417757867,,,0.1909987908537763,724,0.15384615384615385,0.017405636247165582,1.0,"{""Negative"": 0.5572916666666666, ""Neutral"": 0.24812030075187969, ""Positive"": 0.6352357320099256}","[[107, 17, 82], [21, 33, 130], [50, 32, 256]]"
s4_B1_O3rho0.02_seed42,tinybert_masked_mean_linear_dual_head,42,select,select:0:0.50:random:independent:2,0.554945054945055,0.48206078532181146,0.7027295840258454,0.4419732308771671,0.7072166003450587,0.4421487849146011,,,0.1909987908537763,724,0.1510989010989011,0.014737124353876481,1.0,"{""Negative"": 0.5274151436031331, ""Neutral"": 0.2578125, ""Positive"": 0.6609547123623011}","[[101, 19, 86], [28, 33, 123], [48, 20, 270]]"
s4_B1_O3rho0.02_seed42,tinybert_masked_mean_linear_dual_head,42,select,select:1:0.10:random:independent:0,0.5865384615384616,0.49647601065040453,0.6609129658514163,0.5178401215308496,0.6666867985482235,0.5143984714848941,,,0.056143892214244775,724,0.10989010989010989,0.010876749471026462,1.0,"{""Negative"": 0.5924050632911393, ""Neutral"": 0.20869565217391303, ""Positive"": 0.6883273164861613}","[[117, 10, 79], [32, 24, 128], [40, 12, 286]]"
s4_B1_O3rho0.02_seed42,tinybert_masked_mean_linear_dual_head,42,select,select:1:0.10:random:independent:1,0.5865384615384616,0.49647601065040453,0.6609129658514163,0.5178401215308496,0.6666867985482235,0.5143984714848941,,,0.056143892214244775,724,0.10989010989010989,0.010876749471026462,1.0,"{""Negative"": 0.5924050632911393, ""Neutral"": 0.20869565217391303, ""Positive"": 0.6883273164861613}","[[117, 10, 79], [32, 24, 128], [40, 12, 286]]"
s4_B1_O3rho0.02_seed42,tinybert_masked_mean_linear_dual_head,42,select,select:1:0.10:random:independent:2,0.5865384615384616,0.49647601065040453,0.6609129658514163,0.5178401215308496,0.6666867985482235,0.5143984714848941,,,0.056143892214244775,724,0.10989010989010989,0.010876749471026462,1.0,"{""Negative"": 0.5924050632911393, ""Neutral"": 0.20869565217391303, ""Positive"": 0.6883273164861613}","[[117, 10, 79], [32, 24, 128], [40, 12, 286]]"
s4_B1_O3rho0.02_seed42,tinybert_masked_mean_linear_dual_head,42,select,select:1:0.30:random:independent:0,0.5865384615384616,0.49647601065040453,0.6609129658514163,0.5178401215308496,0.6666867985482235,0.5143984714848941,,,0.12118179079621412,724,0.10989010989010989,0.010876749471026462,1.0,"{""Negative"": 0.5924050632911393, ""Neutral"": 0.20869565217391303, ""Positive"": 0.6883273164861613}","[[117, 10, 79], [32, 24, 128], [40, 12, 286]]"
s4_B1_O3rho0.02_seed42,tinybert_masked_mean_linear_dual_head,42,select,select:1:0.30:random:independent:1,0.5865384615384616,0.49647601065040453,0.6609129658514163,0.5178401215308496,0.6666867985482235,0.5143984714848941,,,0.12118179079621412,724,0.10989010989010989,0.010876749471026462,1.0,"{""Negative"": 0.5924050632911393, ""Neutral"": 0.20869565217391303, ""Positive"": 0.6883273164861613}","[[117, 10, 79], [32, 24, 128], [40, 12, 286]]"
s4_B1_O3rho0.02_seed42,tinybert_masked_mean_linear_dual_head,42,select,select:1:0.30:random:independent:2,0.5865384615384616,0.49647601065040453,0.6609129658514163,0.5178401215308496,0.6666867985482235,0.5143984714848941,,,0.12118179079621412,724,0.10989010989010989,0.010876749471026462,1.0,"{""Negative"": 0.5924050632911393, ""Neutral"": 0.20869565217391303, ""Positive"": 0.6883273164861613}","[[117, 10, 79], [32, 24, 128], [40, 12, 286]]"
s4_B1_O3rho0.02_seed42,tinybert_masked_mean_linear_dual_head,42,select,select:1:0.50:random:independent:0,0.5865384615384616,0.49647601065040453,0.6609129658514163,0.5178401215308496,0.6666867985482235,0.5143984714848941,,,0.19077939219687765,724,0.10989010989010989,0.010876749471026462,1.0,"{""Negative"": 0.5924050632911393, ""Neutral"": 0.20869565217391303, ""Positive"": 0.6883273164861613}","[[117, 10, 79], [32, 24, 128], [40, 12, 286]]"
s4_B1_O3rho0.02_seed42,tinybert_masked_mean_linear_dual_head,42,select,select:1:0.50:random:independent:1,0.5865384615384616,0.49647601065040453,0.6609129658514163,0.5178401215308496,0.6666867985482235,0.5143984714848941,,,0.19077939219687765,724,0.10989010989010989,0.010876749471026462,1.0,"{""Negative"": 0.5924050632911393, ""Neutral"": 0.20869565217391303, ""Positive"": 0.6883273164861613}","[[117, 10, 79], [32, 24, 128], [40, 12, 286]]"
s4_B1_O3rho0.02_seed42,tinybert_masked_mean_linear_dual_head,42,select,select:1:0.50:random:independent:2,0.5865384615384616,0.49647601065040453,0.6609129658514163,0.5178401215308496,0.6666867985482235,0.5143984714848941,,,0.19077939219687765,724,0.10989010989010989,0.010876749471026462,1.0,"{""Negative"": 0.5924050632911393, ""Neutral"": 0.20869565217391303, ""Positive"": 0.6883273164861613}","[[117, 10, 79], [32, 24, 128], [40, 12, 286]]"
s4_B1_O3rho0.02_seed42,tinybert_masked_mean_linear_dual_head,42,select,select:2:0.10:random:independent:0,0.5865384615384616,0.49647601065040453,0.6609129658514163,0.5178401215308496,0.6666867985482235,0.5143984714848941,,,0.05471828184470957,703,0.10989010989010989,0.010876749471026462,1.0,"{""Negative"": 0.5924050632911393, ""Neutral"": 0.20869565217391303, ""Positive"": 0.6883273164861613}","[[117, 10, 79], [32, 24, 128], [40, 12, 286]]"
s4_B1_O3rho0.02_seed42,tinybert_masked_mean_linear_dual_head,42,select,select:2:0.10:random:independent:1,0.5865384615384616,0.49647601065040453,0.6609129658514163,0.5178401215308496,0.6666867985482235,0.5143984714848941,,,0.054688334898890016,703,0.10989010989010989,0.010876749471026462,1.0,"{""Negative"": 0.5924050632911393, ""Neutral"": 0.20869565217391303, ""Positive"": 0.6883273164861613}","[[117, 10, 79], [32, 24, 128], [40, 12, 286]]"
s4_B1_O3rho0.02_seed42,tinybert_masked_mean_linear_dual_head,42,select,select:2:0.10:random:independent:2,0.5865384615384616,0.49647601065040453,0.6609129658514163,0.5178401215308496,0.6666867985482235,0.5143984714848941,,,0.05481930502759008,703,0.10989010989010989,0.010876749471026462,1.0,"{""Negative"": 0.5924050632911393, ""Neutral"": 0.20869565217391303, ""Positive"": 0.6883273164861613}","[[117, 10, 79], [32, 24, 128], [40, 12, 286]]"
s4_B1_O3rho0.02_seed42,tinybert_masked_mean_linear_dual_head,42,select,select:2:0.30:random:independent:0,0.5865384615384616,0.49647601065040453,0.6609129658514163,0.5178401215308496,0.6666867985482235,0.5143984714848941,,,0.11537182825966232,703,0.10989010989010989,0.010876749471026462,1.0,"{""Negative"": 0.5924050632911393, ""Neutral"": 0.20869565217391303, ""Positive"": 0.6883273164861613}","[[117, 10, 79], [32, 24, 128], [40, 12, 286]]"
s4_B1_O3rho0.02_seed42,tinybert_masked_mean_linear_dual_head,42,select,select:2:0.30:random:independent:1,0.5865384615384616,0.49647601065040453,0.6609129658514163,0.5178401215308496,0.6666867985482235,0.5143984714848941,,,0.11628030776814742,703,0.10989010989010989,0.010876749471026462,1.0,"{""Negative"": 0.5924050632911393, ""Neutral"": 0.20869565217391303, ""Positive"": 0.6883273164861613}","[[117, 10, 79], [32, 24, 128], [40, 12, 286]]"
s4_B1_O3rho0.02_seed42,tinybert_masked_mean_linear_dual_head,42,select,select:2:0.30:random:independent:2,0.5865384615384616,0.49647601065040453,0.6609129658514163,0.5178401215308496,0.6666867985482235,0.5143984714848941,,,0.11578318848929205,703,0.10989010989010989,0.010876749471026462,1.0,"{""Negative"": 0.5924050632911393, ""Neutral"": 0.20869565217391303, ""Positive"": 0.6883273164861613}","[[117, 10, 79], [32, 24, 128], [40, 12, 286]]"
s4_B1_O3rho0.02_seed42,tinybert_masked_mean_linear_dual_head,42,select,select:2:0.50:random:independent:0,0.5865384615384616,0.49647601065040453,0.6609129658514163,0.5178401215308496,0.6666867985482235,0.5143984714848941,,,0.18051985710310411,703,0.10989010989010989,0.010876749471026462,1.0,"{""Negative"": 0.5924050632911393, ""Neutral"": 0.20869565217391303, ""Positive"": 0.6883273164861613}","[[117, 10, 79], [32, 24, 128], [40, 12, 286]]"
s4_B1_O3rho0.02_seed42,tinybert_masked_mean_linear_dual_head,42,select,select:2:0.50:random:independent:1,0.5865384615384616,0.49647601065040453,0.6609129658514163,0.5178401215308496,0.6666867985482235,0.5143984714848941,,,0.18035659556840442,703,0.10989010989010989,0.010876749471026462,1.0,"{""Negative"": 0.5924050632911393, ""Neutral"": 0.20869565217391303, ""Positive"": 0.6883273164861613}","[[117, 10, 79], [32, 24, 128], [40, 12, 286]]"
s4_B1_O3rho0.02_seed42,tinybert_masked_mean_linear_dual_head,42,select,select:2:0.50:random:independent:2,0.5865384615384616,0.49647601065040453,0.6609129658514163,0.5178401215308496,0.6666867985482235,0.5143984714848941,,,0.18067481495681129,703,0.10989010989010989,0.010876749471026462,1.0,"{""Negative"": 0.5924050632911393, ""Neutral"": 0.20869565217391303, ""Positive"": 0.6883273164861613}","[[117, 10, 79], [32, 24, 128], [40, 12, 286]]"
s4_B1_O3rho0.02_seed42,tinybert_masked_mean_linear_dual_head,42,select,select:01:0.10:random:independent:0,0.5975274725274725,0.5114325365944735,0.6648170406754282,0.5067615986955877,0.6730399719889757,0.49956727465545125,,,0.09164042378228397,724,0.11126373626373626,0.012874027372241673,1.0,"{""Negative"": 0.5924050632911393, ""Neutral"": 0.24561403508771928, ""Positive"": 0.6962785114045619}","[[117, 6, 83], [34, 28, 122], [38, 10, 290]]"
s4_B1_O3rho0.02_seed42,tinybert_masked_mean_linear_dual_head,42,select,select:01:0.10:random:independent:1,0.5824175824175825,0.49756822059283196,0.66522206148583,0.5053933020469408,0.6709868122700725,0.5039370615592134,,,0.09164042378228397,724,0.10302197802197802,0.012619094114644187,1.0,"{""Negative"": 0.5778894472361809, ""Neutral"": 0.22784810126582278, ""Positive"": 0.6869671132764921}","[[115, 13, 78], [34, 27, 123], [43, 13, 282]]"
s4_B1_O3rho0.02_seed42,tinybert_masked_mean_linear_dual_head,42,select,select:01:0.10:random:independent:2,0.5879120879120879,0.506069847464392,0.6697976383148968,0.49341140803576566,0.6752267251057285,0.49130734746107485,,,0.09164042378228397,724,0.10576923076923077,0.011916149465330353,1.0,"{""Negative"": 0.6059113300492611, ""Neutral"": 0.2317596566523605, ""Positive"": 0.6805385556915544}","[[123, 9, 74], [30, 27, 127], [47, 13, 278]]"
s4_B1_O3rho0.02_seed42,tinybert_masked_mean_linear_dual_head,42,select,select:01:0.30:random:independent:0,0.5796703296703297,0.508283913618795,0.6602556312384268,0.5114141717360747,0.6668965258471832,0.5049912967492294,,,0.22180207259457435,724,0.13324175824175824,0.01564496254074377,1.0,"{""Negative"": 0.578005115089514, ""Neutral"": 0.272, ""Positive"": 0.6748466257668712}","[[113, 10, 83], [31, 34, 119], [41, 22, 275]]"
s4_B1_O3rho0.02_seed42,tinybert_masked_mean_linear_dual_head,42,select,select:01:0.30:random:independent:1,0.5659340659340659,0.483848689516358,0.679389234842532,0.47265529638433385,0.684881171656793,0.4700431729391504,,,0.22180207259457435,724,0.11950549450549451,0.0132138819618212,1.0,"{""Negative"": 0.5555555555555556, ""Neutral"": 0.226890756302521, ""Positive"": 0.6690997566909975}","[[110, 13, 83], [31, 27, 126], [49, 14, 275]]"
s4_B1_O3rho0.02_seed42,tinybert_masked_mean_linear_dual_head,42,select,select:01:0.30:random:independent:2,0.5535714285714286,0.4746779839445067,0.6885705094944563,0.46420126692506497,0.6914594753563486,0.4655650268660056,,,0.22180207259457435,724,0.11675824175824176,0.013368428185631286,1.0,"{""Negative"": 0.538860103626943, ""Neutral"": 0.22580645161290322, ""Positive"": 0.6593673965936739}","[[104, 16, 86], [29, 28, 127], [47, 20, 271]]"
s4_B1_O3rho0.02_seed42,tinybert_masked_mean_linear_dual_head,42,select,select:01:0.50:random:independent:0,0.5618131868131868,0.4855434808062295,0.6901304653374049,0.443004503262527,0.6941579072326831,0.44352199823010696,,,0.36109266611629226,724,0.13324175824175824,0.01574756073107595,1.0,"{""Negative"": 0.5728900255754475, ""Neutral"": 0.2178988326848249, ""Positive"": 0.6658415841584159}","[[112, 19, 75], [30, 28, 126], [43, 26, 269]]"
s4_B1_O3rho0.02_seed42,tinybert_masked_mean_linear_dual_head,42,select,select:01:0.50:random:independent:1,0.5453296703296703,0.4735093738000044,0.6927947850616997,0.44401818986789593,0.6984883381647395,0.44347134238894154,,,0.36109266611629226,724,0.13598901098901098,0.018447603128842274,1.0,"{""Negative"": 0.5279187817258884, ""Neutral"": 0.2440944881889764, ""Positive"": 0.6485148514851485}","[[104, 18, 84], [29, 31, 124], [55, 21, 262]]"
s4_B1_O3rho0.02_seed42,tinybert_masked_mean_linear_dual_head,42,select,select:01:0.50:random:independent:2,0.5412087912087912,0.46732125054098567,0.7036506436489851,0.428613609151881,0.711975495254232,0.4260391422245142,,,0.36109266611629226,724,0.14148351648351648,0.01920556557040948,1.0,"{""Negative"": 0.5037783375314862, ""Neutral"": 0.248, ""Positive"": 0.6501854140914709}","[[100, 17, 89], [34, 31, 119], [57, 18, 263]]"
s4_B1_O3rho0.02_seed42,tinybert_masked_mean_linear_dual_head,42,select,select:02:0.10:random:independent:0,0.5837912087912088,0.497688658623934,0.6685257193601721,0.5127249925880988,0.6727360809621002,0.5084713756952137,,,0.09025892452344063,724,0.10576923076923077,0.01092819042262304,1.0,"{""Negative"": 0.5843828715365239, ""Neutral"": 0.22510822510822512, ""Positive"": 0.6835748792270532}","[[116, 9, 81], [32, 26, 126], [43, 12, 283]]"
s4_B1_O3rho0.02_seed42,tinybert_masked_mean_linear_dual_head,42,select,select:02:0.10:random:independent:1,0.5879120879120879,0.5024998752949267,0.6682184038690322,0.5100316181083555,0.6757372993167367,0.5049776006003497,,,0.09020706469477802,724,0.10714285714285714,0.011648706707579422,1.0,"{""Negative"": 0.5979899497487438, ""Neutral"": 0.22510822510822512, ""Positive"": 0.6844014510278114}","[[119, 6, 81], [33, 26, 125], [40, 15, 283]]"
s4_B1_O3rho0.02_seed42,tinybert_masked_mean_linear_dual_head,42,select,select:02:0.10:random:independent:2,0.5879120879120879,0.49725206863347243,0.6654591166626458,0.5030033275334792,0.6708436176426463,0.4998318997377703,,,0.09022829257477709,724,0.0989010989010989,0.010450351664669568,1.0,"{""Negative"": 0.6142506142506142, ""Neutral"": 0.19213973799126638, ""Positive"": 0.6853658536585366}","[[125, 8, 73], [34, 22, 128], [42, 15, 281]]"
s4_B1_O3rho0.02_seed42,tinybert_masked_mean_linear_dual_head,42,select,select:02:0.30:random:independent:0,0.570054945054945,0.4878415136003212,0.6737992536103578,0.4949620507103412,0.680593316294867,0.49374523839666035,,,0.21662896826569322,724,0.1304945054945055,0.014384371939825486,1.0,"{""Negative"": 0.565, ""Neutral"": 0.21951219512195122, ""Positive"": 0.6790123456790124}","[[113, 15, 78], [38, 27, 119], [43, 20, 275]]"
s4_B1_O3rho0.02_seed42,tinybert_masked_mean_linear_dual_head,42,select,select:02:0.30:random:independent:1,0.554945054945055,0.4810975250844889,0.6888417534090251,0.46870079799375,0.6937799402000894,0.4670551517513923,,,0.2163273861362854,724,0.13873626373626374,0.013829202501950681,1.0,"{""Negative"": 0.5487179487179488, ""Neutral"": 0.24096385542168675, ""Positive"": 0.653610771113831}","[[107, 12, 87], [29, 30, 125], [48, 23, 267]]"
s4_B1_O3rho0.02_seed42,tinybert_masked_mean_linear_dual_head,42,select,select:02:0.30:random:independent:2,0.5714285714285714,0.49429538064058676,0.6683895624550735,0.5039927241421391,0.6737626879680697,0.5033472585680272,,,0.21614375377087763,724,0.12225274725274725,0.014127652190150794,1.0,"{""Negative"": 0.578005115089514, ""Neutral"": 0.23577235772357724, ""Positive"": 0.6691086691086691}","[[113, 15, 78], [26, 29, 129], [46, 18, 274]]"
s4_B1_O3rho0.02_seed42,tinybert_masked_mean_linear_dual_head,42,select,select:02:0.50:random:independent:0,0.5425824175824175,0.4721437730705078,0.7104979580562275,0.4028396026856861,0.7164643918481338,0.40267576102161934,,,0.3507859006961929,724,0.15796703296703296,0.01756490795195594,1.0,"{""Negative"": 0.5316455696202531, ""Neutral"": 0.23484848484848486, ""Positive"": 0.6499372647427855}","[[105, 22, 79], [32, 31, 121], [52, 27, 259]]"
s4_B1_O3rho0.02_seed42,tinybert_masked_mean_linear_dual_head,42,select,select:02:0.50:random:independent:1,0.5508241758241759,0.478615612320963,0.704992447323827,0.41608787493805804,0.709370964073709,0.418396385769107,,,0.35119532701886813,724,0.16346153846153846,0.015982251057986698,1.0,"{""Negative"": 0.5249343832020997, ""Neutral"": 0.25, ""Positive"": 0.6609124537607891}","[[100, 23, 83], [29, 33, 122], [46, 24, 268]]"
s4_B1_O3rho0.02_seed42,tinybert_masked_mean_linear_dual_head,42,select,select:02:0.50:random:independent:2,0.554945054945055,0.48240188451972327,0.707920636326263,0.43518010856529343,0.7108163772519309,0.4378658037285889,,,0.35125174458983455,724,0.13324175824175824,0.01707220163437855,1.0,"{""Negative"": 0.5511811023622047, ""Neutral"": 0.23754789272030652, ""Positive"": 0.6584766584766585}","[[105, 19, 82], [27, 31, 126], [43, 27, 268]]"
s4_B1_O3rho0.02_seed42,tinybert_masked_mean_linear_dual_head,42,select,select:12:0.10:random:independent:0,0.5865384615384616,0.49647601065040453,0.6609129658514163,0.5178401215308496,0.6666867985482235,0.5143984714848941,,,0.09011852407557222,724,0.10989010989010989,0.010876749471026462,1.0,"{""Negative"": 0.5924050632911393, ""Neutral"": 0.20869565217391303, ""Positive"": 0.6883273164861613}","[[117, 10, 79], [32, 24, 128], [40, 12, 286]]"
s4_B1_O3rho0.02_seed42,tinybert_masked_mean_linear_dual_head,42,select,select:12:0.10:random:independent:1,0.5865384615384616,0.49647601065040453,0.6609129658514163,0.5178401215308496,0.6666867985482235,0.5143984714848941,,,0.09019592878213162,724,0.10989010989010989,0.010876749471026462,1.0,"{""Negative"": 0.5924050632911393, ""Neutral"": 0.20869565217391303, ""Positive"": 0.6883273164861613}","[[117, 10, 79], [32, 24, 128], [40, 12, 286]]"
s4_B1_O3rho0.02_seed42,tinybert_masked_mean_linear_dual_head,42,select,select:12:0.10:random:independent:2,0.5865384615384616,0.49647601065040453,0.6609129658514163,0.5178401215308496,0.6666867985482235,0.5143984714848941,,,0.09018448391793114,724,0.10989010989010989,0.010876749471026462,1.0,"{""Negative"": 0.5924050632911393, ""Neutral"": 0.20869565217391303, ""Positive"": 0.6883273164861613}","[[117, 10, 79], [32, 24, 128], [40, 12, 286]]"
s4_B1_O3rho0.02_seed42,tinybert_masked_mean_linear_dual_head,42,select,select:12:0.30:random:independent:0,0.5865384615384616,0.49647601065040453,0.6609129658514163,0.5178401215308496,0.6666867985482235,0.5143984714848941,,,0.21577850944764493,724,0.10989010989010989,0.010876749471026462,1.0,"{""Negative"": 0.5924050632911393, ""Neutral"": 0.20869565217391303, ""Positive"": 0.6883273164861613}","[[117, 10, 79], [32, 24, 128], [40, 12, 286]]"
s4_B1_O3rho0.02_seed42,tinybert_masked_mean_linear_dual_head,42,select,select:12:0.30:random:independent:1,0.5865384615384616,0.49647601065040453,0.6609129658514163,0.5178401215308496,0.6666867985482235,0.5143984714848941,,,0.2160189805783876,724,0.10989010989010989,0.010876749471026462,1.0,"{""Negative"": 0.5924050632911393, ""Neutral"": 0.20869565217391303, ""Positive"": 0.6883273164861613}","[[117, 10, 79], [32, 24, 128], [40, 12, 286]]"
s4_B1_O3rho0.02_seed42,tinybert_masked_mean_linear_dual_head,42,select,select:12:0.30:random:independent:2,0.5865384615384616,0.49647601065040453,0.6609129658514163,0.5178401215308496,0.6666867985482235,0.5143984714848941,,,0.21623765565574107,724,0.10989010989010989,0.010876749471026462,1.0,"{""Negative"": 0.5924050632911393, ""Neutral"": 0.20869565217391303, ""Positive"": 0.6883273164861613}","[[117, 10, 79], [32, 24, 128], [40, 12, 286]]"
s4_B1_O3rho0.02_seed42,tinybert_masked_mean_linear_dual_head,42,select,select:12:0.50:random:independent:0,0.5865384615384616,0.49647601065040453,0.6609129658514163,0.5178401215308496,0.6666867985482235,0.5143984714848941,,,0.3507132531656354,724,0.10989010989010989,0.010876749471026462,1.0,"{""Negative"": 0.5924050632911393, ""Neutral"": 0.20869565217391303, ""Positive"": 0.6883273164861613}","[[117, 10, 79], [32, 24, 128], [40, 12, 286]]"
s4_B1_O3rho0.02_seed42,tinybert_masked_mean_linear_dual_head,42,select,select:12:0.50:random:independent:1,0.5865384615384616,0.49647601065040453,0.6609129658514163,0.5178401215308496,0.6666867985482235,0.5143984714848941,,,0.3507343430875613,724,0.10989010989010989,0.010876749471026462,1.0,"{""Negative"": 0.5924050632911393, ""Neutral"": 0.20869565217391303, ""Positive"": 0.6883273164861613}","[[117, 10, 79], [32, 24, 128], [40, 12, 286]]"
s4_B1_O3rho0.02_seed42,tinybert_masked_mean_linear_dual_head,42,select,select:12:0.50:random:independent:2,0.5865384615384616,0.49647601065040453,0.6609129658514163,0.5178401215308496,0.6666867985482235,0.5143984714848941,,,0.3509549248224926,724,0.10989010989010989,0.010876749471026462,1.0,"{""Negative"": 0.5924050632911393, ""Neutral"": 0.20869565217391303, ""Positive"": 0.6883273164861613}","[[117, 10, 79], [32, 24, 128], [40, 12, 286]]"
s4_B1_O3rho0.02_seed42,tinybert_masked_mean_linear_dual_head,42,select,select:012:0.10:random:independent:0,0.5892857142857143,0.5143697626651909,0.6624679860722232,0.5072249099200917,0.6696776036162871,0.5037654059793756,,,0.12558993973665408,724,0.11126373626373626,0.012239337712731009,1.0,"{""Negative"": 0.5852417302798982, ""Neutral"": 0.275, ""Positive"": 0.6828675577156743}","[[115, 8, 83], [30, 33, 121], [42, 15, 281]]"
s4_B1_O3rho0.02_seed42,tinybert_masked_mean_linear_dual_head,42,select,select:012:0.10:random:independent:1,0.5851648351648352,0.4999671457502783,0.670338538795857,0.4905571650486727,0.676400649218032,0.48820529796368156,,,0.12571082327220762,724,0.10851648351648352,0.012595633540294329,1.0,"{""Negative"": 0.5714285714285714, ""Neutral"": 0.23931623931623933, ""Positive"": 0.689156626506024}","[[112, 10, 84], [34, 28, 122], [40, 12, 286]]"
s4_B1_O3rho0.02_seed42,tinybert_masked_mean_linear_dual_head,42,select,select:012:0.10:random:independent:2,0.5782967032967034,0.48983759635657576,0.6692166899421221,0.49991410481375287,0.6739100233784744,0.5008390167956334,,,0.1256004676726215,724,0.10164835164835165,0.011811884131290754,1.0,"{""Negative"": 0.5822784810126582, ""Neutral"": 0.20689655172413793, ""Positive"": 0.6803377563329313}","[[115, 10, 81], [32, 24, 128], [42, 14, 282]]"
s4_B1_O3rho0.02_seed42,tinybert_masked_mean_linear_dual_head,42,select,select:012:0.30:random:independent:0,0.5494505494505495,0.4718529560718125,0.6862216106105309,0.47290366276066986,0.6889366901602473,0.4747808230149381,,,0.3162180586060894,724,0.12225274725274725,0.014277543541862742,1.0,"{""Negative"": 0.5422885572139303, ""Neutral"": 0.2222222222222222, ""Positive"": 0.6510480887792849}","[[109, 12, 85], [33, 27, 124], [54, 20, 264]]"
s4_B1_O3rho0.02_seed42,tinybert_masked_mean_linear_dual_head,42,select,select:012:0.30:random:independent:1,0.5673076923076923,0.4882078296696535,0.6828656273500523,0.45794377771345646,0.6863053547228676,0.46198485226780334,,,0.3167463590511638,724,0.12225274725274725,0.015398256147169805,1.0,"{""Negative"": 0.5463917525773195, ""Neutral"": 0.2459016393442623, ""Positive"": 0.6723300970873787}","[[106, 12, 88], [33, 30, 121], [43, 18, 277]]"
s4_B1_O3rho0.02_seed42,tinybert_masked_mean_linear_dual_head,42,select,select:012:0.30:random:independent:2,0.5782967032967034,0.499193927885165,0.6729865053786845,0.4826285329208552,0.6766490345657036,0.4841441427823269,,,0.31705028085974835,724,0.12087912087912088,0.014231245590304281,1.0,"{""Negative"": 0.5808080808080808, ""Neutral"": 0.23868312757201646, ""Positive"": 0.6780905752753978}","[[115, 11, 80], [33, 29, 122], [42, 19, 277]]"
s4_B1_O3rho0.02_seed42,tinybert_masked_mean_linear_dual_head,42,select,select:012:0.50:random:independent:0,0.5590659340659341,0.48774212945067213,0.6957344193956846,0.43854950427550166,0.7017619159369433,0.4409461128069155,,,0.5214278455584954,724,0.14285714285714285,0.018824522200709844,1.0,"{""Negative"": 0.542713567839196, ""Neutral"": 0.25384615384615383, ""Positive"": 0.6666666666666666}","[[108, 25, 73], [30, 33, 121], [54, 18, 266]]"
s4_B1_O3rho0.02_seed42,tinybert_masked_mean_linear_dual_head,42,select,select:012:0.50:random:independent:1,0.5535714285714286,0.4851230153511478,0.694851092330391,0.44918587261221704,0.6986369668547023,0.4526114609323598,,,0.5211035116402414,724,0.15934065934065933,0.017919150053676995,1.0,"{""Negative"": 0.5343915343915344, ""Neutral"": 0.2641509433962264, ""Positive"": 0.6568265682656826}","[[101, 20, 85], [26, 35, 123], [45, 26, 267]]"
s4_B1_O3rho0.02_seed42,tinybert_masked_mean_linear_dual_head,42,select,select:012:0.50:random:independent:2,0.5576923076923077,0.4834374927001908,0.7037996334743943,0.4468133358047039,0.7116529229557612,0.4444353715864974,,,0.5211950835022432,724,0.12774725274725274,0.012790166201196858,1.0,"{""Negative"": 0.5404040404040404, ""Neutral"": 0.24899598393574296, ""Positive"": 0.6609124537607891}","[[107, 16, 83], [31, 31, 122], [52, 18, 268]]"
s4_B1_O3rho0.02_seed42,tinybert_masked_mean_linear_dual_head,42,clean,clean:clean,0.5865384615384616,0.49647601065040453,0.6609129658514163,0.5178401215308496,0.6666867985482235,0.5143984714848941,,,0.020685516934361863,0,0.10989010989010989,0.010876749471026462,1.0,"{""Negative"": 0.5924050632911393, ""Neutral"": 0.20869565217391303, ""Positive"": 0.6883273164861613}","[[117, 10, 79], [32, 24, 128], [40, 12, 286]]"
s4_B1_O3rho0.05_seed42,tinybert_masked_mean_linear_dual_head,42,select,select:0:0.10:random:independent:0,0.5755494505494505,0.4849509701017935,0.6682320563806529,0.5005387202879801,0.6732048930416068,0.49798356408706096,,,0.056182048502401064,724,0.09478021978021978,0.008013716250862722,1.0,"{""Negative"": 0.5714285714285714, ""Neutral"": 0.2062780269058296, ""Positive"": 0.6771463119709794}","[[116, 8, 82], [34, 23, 127], [50, 8, 280]]"
s4_B1_O3rho0.05_seed42,tinybert_masked_mean_linear_dual_head,42,select,select:0:0.10:random:independent:1,0.5824175824175825,0.4945667772015077,0.662394041174118,0.5080348727372331,0.6685338936449325,0.5047916122079757,,,0.056182048502401064,724,0.11538461538461539,0.01115215128219717,1.0,"{""Negative"": 0.5846153846153846, ""Neutral"": 0.21645021645021645, ""Positive"": 0.6826347305389222}","[[114, 11, 81], [28, 25, 131], [42, 11, 285]]"
s4_B1_O3rho0.05_seed42,tinybert_masked_mean_linear_dual_head,42,select,select:0:0.10:random:independent:2,0.5741758241758241,0.48064971399802453,0.6684248912144494,0.5050680636974184,0.6728668396647733,0.5025536231316393,,,0.056182048502401064,724,0.09065934065934066,0.008171358590523948,1.0,"{""Negative"": 0.5771144278606966, ""Neutral"": 0.1917808219178082, ""Positive"": 0.6730538922155689}","[[116, 6, 84], [31, 21, 132], [49, 8, 281]]"
s4_B1_O3rho0.05_seed42,tinybert_masked_mean_linear_dual_head,42,select,select:0:0.30:random:independent:0,0.5714285714285714,0.48099902649859727,0.6760183895615266,0.4927430113365683,0.6802679295344585,0.48905738892927186,,,0.12130579873272207,724,0.11263736263736264,0.009768863103948124,1.0,"{""Negative"": 0.5803108808290155, ""Neutral"": 0.1896551724137931, ""Positive"": 0.6730310262529833}","[[112, 9, 85], [29, 22, 133], [39, 17, 282]]"
s4_B1_O3rho0.05_seed42,tinybert_masked_mean_linear_dual_head,42,select,select:0:0.30:random:independent:1,0.5810439560439561,0.48584936366891257,0.6670144072112393,0.5168232074227904,0.6696432783565187,0.51325369269044,,,0.12130579873272207,724,0.11813186813186813,0.00931039600906955,1.0,"{""Negative"": 0.5867346938775511, ""Neutral"": 0.18421052631578946, ""Positive"": 0.6866028708133971}","[[115, 11, 80], [32, 21, 131], [39, 12, 287]]"
s4_B1_O3rho0.05_seed42,tinybert_masked_mean_linear_dual_head,42,select,select:0:0.30:random:independent:2,0.5728021978021978,0.486776164620476,0.6731220408957902,0.47355360917108796,0.6783500886215204,0.47402103899259107,,,0.12130579873272207,724,0.11126373626373626,0.011675399664412814,1.0,"{""Negative"": 0.5487179487179488, ""Neutral"": 0.23376623376623376, ""Positive"": 0.6778443113772455}","[[107, 9, 90], [33, 27, 124], [44, 11, 283]]"
s4_B1_O3rho0.05_seed42,tinybert_masked_mean_linear_dual_head,42,select,select:0:0.50:random:independent:0,0.5618131868131868,0.488711925203747,0.6927875409132586,0.4608935004464296,0.6991902505518398,0.4566714828877757,,,0.1909987908537763,724,0.1401098901098901,0.014809268212285669,1.0,"{""Negative"": 0.5583756345177665, ""Neutral"": 0.24603174603174602, ""Positive"": 0.6617283950617284}","[[110, 17, 79], [28, 31, 125], [50, 20, 268]]"
s4_B1_O3rho0.05_seed42,tinybert_masked_mean_linear_dual_head,42,select,select:0:0.50:random:independent:1,0.5467032967032966,0.47315337428212784,0.7060986988662447,0.41067567877579714,0.7115038780925366,0.40894372410282154,,,0.1909987908537763,724,0.1401098901098901,0.013111262949310488,1.0,"{""Negative"": 0.5529715762273901, ""Neutral"": 0.22580645161290322, ""Positive"": 0.6406820950060901}","[[107, 11, 88], [24, 28, 132], [50, 25, 263]]"
s4_B1_O3rho0.05_seed42,tinybert_masked_mean_linear_dual_head,42,select,select:0:0.50:random:independent:2,0.5508241758241759,0.467888516503022,0.7035799007653535,0.4386669985128012,0.7074319079344334,0.43898005109022037,,,0.1909987908537763,724,0.14148351648351648,0.011473185109281605,1.0,"{""Negative"": 0.5210526315789473, ""Neutral"": 0.2231404958677686, ""Positive"": 0.6594724220623501}","[[99, 15, 92], [28, 27, 129], [47, 16, 275]]"
s4_B1_O3rho0.05_seed42,tinybert_masked_mean_linear_dual_head,42,select,select:1:0.10:random:independent:0,0.5796703296703297,0.4822203158489388,0.6613361600127848,0.5163362622215891,0.6665129617040793,0.5123818643199872,,,0.056143892214244775,724,0.09478021978021978,0.008685257759428286,1.0,"{""Negative"": 0.5954198473282443, ""Neutral"": 0.1735159817351598, ""Positive"": 0.6777251184834123}","[[117, 6, 83], [28, 19, 137], [42, 10, 286]]"
s4_B1_O3rho0.05_seed42,tinybert_masked_mean_linear_dual_head,42,select,select:1:0.10:random:independent:1,0.5796703296703297,0.4822203158489388,0.6613361600127848,0.5163362622215891,0.6665129617040793,0.5123818643199872,,,0.056143892214244775,724,0.09478021978021978,0.008685257759428286,1.0,"{""Negative"": 0.5954198473282443, ""Neutral"": 0.1735159817351598, ""Positive"": 0.6777251184834123}","[[117, 6, 83], [28, 19, 137], [42, 10, 286]]"
s4_B1_O3rho0.05_seed42,tinybert_masked_mean_linear_dual_head,42,select,select:1:0.10:random:independent:2,0.5796703296703297,0.4822203158489388,0.6613361600127848,0.5163362622215891,0.6665129617040793,0.5123818643199872,,,0.056143892214244775,724,0.09478021978021978,0.008685257759428286,1.0,"{""Negative"": 0.5954198473282443, ""Neutral"": 0.1735159817351598, ""Positive"": 0.6777251184834123}","[[117, 6, 83], [28, 19, 137], [42, 10, 286]]"
s4_B1_O3rho0.05_seed42,tinybert_masked_mean_linear_dual_head,42,select,select:1:0.30:random:independent:0,0.5796703296703297,0.4822203158489388,0.6613361600127848,0.5163362622215891,0.6665129617040793,0.5123818643199872,,,0.12118179079621412,724,0.09478021978021978,0.008685257759428286,1.0,"{""Negative"": 0.5954198473282443, ""Neutral"": 0.1735159817351598, ""Positive"": 0.6777251184834123}","[[117, 6, 83], [28, 19, 137], [42, 10, 286]]"
s4_B1_O3rho0.05_seed42,tinybert_masked_mean_linear_dual_head,42,select,select:1:0.30:random:independent:1,0.5796703296703297,0.4822203158489388,0.6613361600127848,0.5163362622215891,0.6665129617040793,0.5123818643199872,,,0.12118179079621412,724,0.09478021978021978,0.008685257759428286,1.0,"{""Negative"": 0.5954198473282443, ""Neutral"": 0.1735159817351598, ""Positive"": 0.6777251184834123}","[[117, 6, 83], [28, 19, 137], [42, 10, 286]]"
s4_B1_O3rho0.05_seed42,tinybert_masked_mean_linear_dual_head,42,select,select:1:0.30:random:independent:2,0.5796703296703297,0.4822203158489388,0.6613361600127848,0.5163362622215891,0.6665129617040793,0.5123818643199872,,,0.12118179079621412,724,0.09478021978021978,0.008685257759428286,1.0,"{""Negative"": 0.5954198473282443, ""Neutral"": 0.1735159817351598, ""Positive"": 0.6777251184834123}","[[117, 6, 83], [28, 19, 137], [42, 10, 286]]"
s4_B1_O3rho0.05_seed42,tinybert_masked_mean_linear_dual_head,42,select,select:1:0.50:random:independent:0,0.5796703296703297,0.4822203158489388,0.6613361600127848,0.5163362622215891,0.6665129617040793,0.5123818643199872,,,0.19077939219687765,724,0.09478021978021978,0.008685257759428286,1.0,"{""Negative"": 0.5954198473282443, ""Neutral"": 0.1735159817351598, ""Positive"": 0.6777251184834123}","[[117, 6, 83], [28, 19, 137], [42, 10, 286]]"
s4_B1_O3rho0.05_seed42,tinybert_masked_mean_linear_dual_head,42,select,select:1:0.50:random:independent:1,0.5796703296703297,0.4822203158489388,0.6613361600127848,0.5163362622215891,0.6665129617040793,0.5123818643199872,,,0.19077939219687765,724,0.09478021978021978,0.008685257759428286,1.0,"{""Negative"": 0.5954198473282443, ""Neutral"": 0.1735159817351598, ""Positive"": 0.6777251184834123}","[[117, 6, 83], [28, 19, 137], [42, 10, 286]]"
s4_B1_O3rho0.05_seed42,tinybert_masked_mean_linear_dual_head,42,select,select:1:0.50:random:independent:2,0.5796703296703297,0.4822203158489388,0.6613361600127848,0.5163362622215891,0.6665129617040793,0.5123818643199872,,,0.19077939219687765,724,0.09478021978021978,0.008685257759428286,1.0,"{""Negative"": 0.5954198473282443, ""Neutral"": 0.1735159817351598, ""Positive"": 0.6777251184834123}","[[117, 6, 83], [28, 19, 137], [42, 10, 286]]"
s4_B1_O3rho0.05_seed42,tinybert_masked_mean_linear_dual_head,42,select,select:2:0.10:random:independent:0,0.5796703296703297,0.4822203158489388,0.6613361600127848,0.5163362622215891,0.6665129617040793,0.5123818643199872,,,0.05471828184470957,703,0.09478021978021978,0.008685257759428286,1.0,"{""Negative"": 0.5954198473282443, ""Neutral"": 0.1735159817351598, ""Positive"": 0.6777251184834123}","[[117, 6, 83], [28, 19, 137], [42, 10, 286]]"
s4_B1_O3rho0.05_seed42,tinybert_masked_mean_linear_dual_head,42,select,select:2:0.10:random:independent:1,0.5796703296703297,0.4822203158489388,0.6613361600127848,0.5163362622215891,0.6665129617040793,0.5123818643199872,,,0.054688334898890016,703,0.09478021978021978,0.008685257759428286,1.0,"{""Negative"": 0.5954198473282443, ""Neutral"": 0.1735159817351598, ""Positive"": 0.6777251184834123}","[[117, 6, 83], [28, 19, 137], [42, 10, 286]]"
s4_B1_O3rho0.05_seed42,tinybert_masked_mean_linear_dual_head,42,select,select:2:0.10:random:independent:2,0.5796703296703297,0.4822203158489388,0.6613361600127848,0.5163362622215891,0.6665129617040793,0.5123818643199872,,,0.05481930502759008,703,0.09478021978021978,0.008685257759428286,1.0,"{""Negative"": 0.5954198473282443, ""Neutral"": 0.1735159817351598, ""Positive"": 0.6777251184834123}","[[117, 6, 83], [28, 19, 137], [42, 10, 286]]"
s4_B1_O3rho0.05_seed42,tinybert_masked_mean_linear_dual_head,42,select,select:2:0.30:random:independent:0,0.5796703296703297,0.4822203158489388,0.6613361600127848,0.5163362622215891,0.6665129617040793,0.5123818643199872,,,0.11537182825966232,703,0.09478021978021978,0.008685257759428286,1.0,"{""Negative"": 0.5954198473282443, ""Neutral"": 0.1735159817351598, ""Positive"": 0.6777251184834123}","[[117, 6, 83], [28, 19, 137], [42, 10, 286]]"
s4_B1_O3rho0.05_seed42,tinybert_masked_mean_linear_dual_head,42,select,select:2:0.30:random:independent:1,0.5796703296703297,0.4822203158489388,0.6613361600127848,0.5163362622215891,0.6665129617040793,0.5123818643199872,,,0.11628030776814742,703,0.09478021978021978,0.008685257759428286,1.0,"{""Negative"": 0.5954198473282443, ""Neutral"": 0.1735159817351598, ""Positive"": 0.6777251184834123}","[[117, 6, 83], [28, 19, 137], [42, 10, 286]]"
s4_B1_O3rho0.05_seed42,tinybert_masked_mean_linear_dual_head,42,select,select:2:0.30:random:independent:2,0.5796703296703297,0.4822203158489388,0.6613361600127848,0.5163362622215891,0.6665129617040793,0.5123818643199872,,,0.11578318848929205,703,0.09478021978021978,0.008685257759428286,1.0,"{""Negative"": 0.5954198473282443, ""Neutral"": 0.1735159817351598, ""Positive"": 0.6777251184834123}","[[117, 6, 83], [28, 19, 137], [42, 10, 286]]"
s4_B1_O3rho0.05_seed42,tinybert_masked_mean_linear_dual_head,42,select,select:2:0.50:random:independent:0,0.5796703296703297,0.4822203158489388,0.6613361600127848,0.5163362622215891,0.6665129617040793,0.5123818643199872,,,0.18051985710310411,703,0.09478021978021978,0.008685257759428286,1.0,"{""Negative"": 0.5954198473282443, ""Neutral"": 0.1735159817351598, ""Positive"": 0.6777251184834123}","[[117, 6, 83], [28, 19, 137], [42, 10, 286]]"
s4_B1_O3rho0.05_seed42,tinybert_masked_mean_linear_dual_head,42,select,select:2:0.50:random:independent:1,0.5796703296703297,0.4822203158489388,0.6613361600127848,0.5163362622215891,0.6665129617040793,0.5123818643199872,,,0.18035659556840442,703,0.09478021978021978,0.008685257759428286,1.0,"{""Negative"": 0.5954198473282443, ""Neutral"": 0.1735159817351598, ""Positive"": 0.6777251184834123}","[[117, 6, 83], [28, 19, 137], [42, 10, 286]]"
s4_B1_O3rho0.05_seed42,tinybert_masked_mean_linear_dual_head,42,select,select:2:0.50:random:independent:2,0.5796703296703297,0.4822203158489388,0.6613361600127848,0.5163362622215891,0.6665129617040793,0.5123818643199872,,,0.18067481495681129,703,0.09478021978021978,0.008685257759428286,1.0,"{""Negative"": 0.5954198473282443, ""Neutral"": 0.1735159817351598, ""Positive"": 0.6777251184834123}","[[117, 6, 83], [28, 19, 137], [42, 10, 286]]"
s4_B1_O3rho0.05_seed42,tinybert_masked_mean_linear_dual_head,42,select,select:01:0.10:random:independent:0,0.5865384615384616,0.4949586510353847,0.6674610806152715,0.5018882188486398,0.673531464275464,0.49837380026615424,,,0.09164042378228397,724,0.09478021978021978,0.010076906037568063,1.0,"{""Negative"": 0.5822784810126582, ""Neutral"": 0.21524663677130046, ""Positive"": 0.6873508353221957}","[[115, 5, 86], [34, 24, 126], [40, 10, 288]]"
s4_B1_O3rho0.05_seed42,tinybert_masked_mean_linear_dual_head,42,select,select:01:0.10:random:independent:1,0.5810439560439561,0.4907100884499145,0.6661575198295433,0.5046712862952974,0.6710539550704697,0.5030468439335272,,,0.09164042378228397,724,0.09615384615384616,0.009340840208546801,1.0,"{""Negative"": 0.5764411027568922, ""Neutral"": 0.21052631578947367, ""Positive"": 0.6851628468033776}","[[115, 11, 80], [33, 24, 127], [45, 9, 284]]"
s4_B1_O3rho0.05_seed42,tinybert_masked_mean_linear_dual_head,42,select,select:01:0.10:random:independent:2,0.5892857142857143,0.49969951222389186,0.6712943830896783,0.49134077026839035,0.6761992618410879,0.4885993902087964,,,0.09164042378228397,724,0.09340659340659341,0.008753567968947547,1.0,"{""Negative"": 0.6108374384236454, ""Neutral"": 0.2062780269058296, ""Positive"": 0.6819830713422007}","[[124, 7, 75], [29, 23, 132], [47, 9, 282]]"
s4_B1_O3rho0.05_seed42,tinybert_masked_mean_linear_dual_head,42,select,select:01:0.30:random:independent:0,0.5837912087912088,0.5023820715211275,0.6618812192370113,0.5089202466168612,0.6679135873340644,0.5035068468968268,,,0.22180207259457435,724,0.11126373626373626,0.009953122866546715,1.0,"{""Negative"": 0.5894206549118388, ""Neutral"": 0.23728813559322035, ""Positive"": 0.6804374240583232}","[[117, 7, 82], [33, 28, 123], [41, 17, 280]]"
s4_B1_O3rho0.05_seed42,tinybert_masked_mean_linear_dual_head,42,select,select:01:0.30:random:independent:1,0.5604395604395604,0.46805753090587415,0.6802513393048811,0.470006575101547,0.6840903271388795,0.4679118570008069,,,0.22180207259457435,724,0.11126373626373626,0.009910054103899132,1.0,"{""Negative"": 0.5532994923857868, ""Neutral"": 0.18340611353711792, ""Positive"": 0.6674669867947179}","[[109, 11, 86], [32, 21, 131], [47, 13, 278]]"
s4_B1_O3rho0.05_seed42,tinybert_masked_mean_linear_dual_head,42,select,select:01:0.30:random:independent:2,0.5576923076923077,0.4707626029260648,0.6879732020238435,0.4636459153251039,0.6910435236263816,0.4624479167830891,,,0.22180207259457435,724,0.10027472527472528,0.008472382597600692,1.0,"{""Negative"": 0.55470737913486, ""Neutral"": 0.19574468085106383, ""Positive"": 0.6618357487922706}","[[109, 11, 86], [31, 23, 130], [47, 17, 274]]"
s4_B1_O3rho0.05_seed42,tinybert_masked_mean_linear_dual_head,42,select,select:01:0.50:random:independent:0,0.5631868131868132,0.4773277737379688,0.6900577563192409,0.44221676299361784,0.6933836900465354,0.44233227877579545,,,0.36109266611629226,724,0.11263736263736264,0.011923977173881217,1.0,"{""Negative"": 0.5743589743589743, ""Neutral"": 0.1885245901639344, ""Positive"": 0.6690997566909975}","[[112, 16, 78], [30, 23, 131], [42, 21, 275]]"
s4_B1_O3rho0.05_seed42,tinybert_masked_mean_linear_dual_head,42,select,select:01:0.50:random:independent:1,0.5508241758241759,0.4729141229141229,0.6900825560200918,0.4468253362906248,0.6973568151582156,0.4430056896834346,,,0.36109266611629226,724,0.12362637362637363,0.014256192037725187,1.0,"{""Negative"": 0.5357142857142857, ""Neutral"": 0.22857142857142856, ""Positive"": 0.6544566544566545}","[[105, 15, 86], [29, 28, 127], [52, 18, 268]]"
s4_B1_O3rho0.05_seed42,tinybert_masked_mean_linear_dual_head,42,select,select:01:0.50:random:independent:2,0.532967032967033,0.4495724684274401,0.7060290217752313,0.4251738696039273,0.7114590154704894,0.42399201478627263,,,0.36109266611629226,724,0.1304945054945055,0.01518133262846987,1.0,"{""Negative"": 0.49246231155778897, ""Neutral"": 0.20833333333333334, ""Positive"": 0.6479217603911981}","[[98, 16, 92], [36, 25, 123], [58, 15, 265]]"
s4_B1_O3rho0.05_seed42,tinybert_masked_mean_linear_dual_head,42,select,select:02:0.10:random:independent:0,0.5851648351648352,0.4928613331783518,0.6690228231238222,0.5116476810716161,0.6729637491107396,0.507387366815228,,,0.09025892452344063,724,0.09340659340659341,0.008708227082055348,1.0,"{""Negative"": 0.5873417721518988, ""Neutral"": 0.2062780269058296, ""Positive"": 0.684964200477327}","[[116, 7, 83], [31, 23, 130], [42, 9, 287]]"
s4_B1_O3rho0.05_seed42,tinybert_masked_mean_linear_dual_head,42,select,select:02:0.10:random:independent:1,0.5906593406593407,0.5015976400530752,0.6699875285988571,0.507192211407461,0.6767225373679628,0.5027980262859243,,,0.09020706469477802,724,0.09203296703296704,0.009761755630120142,1.0,"{""Negative"": 0.592964824120603, ""Neutral"": 0.22522522522522523, ""Positive"": 0.6866028708133971}","[[118, 5, 83], [31, 25, 128], [43, 8, 287]]"
s4_B1_O3rho0.05_seed42,tinybert_masked_mean_linear_dual_head,42,select,select:02:0.10:random:independent:2,0.5824175824175825,0.486851457212267,0.6661818968243816,0.5001737484307913,0.6707371369229405,0.4985682935476689,,,0.09022829257477709,724,0.09752747252747253,0.008783367833708013,1.0,"{""Negative"": 0.5985037406483791, ""Neutral"": 0.18099547511312217, ""Positive"": 0.6810551558752997}","[[120, 5, 81], [33, 20, 131], [42, 12, 284]]"
s4_B1_O3rho0.05_seed42,tinybert_masked_mean_linear_dual_head,42,select,select:02:0.30:random:independent:0,0.5755494505494505,0.4880904467770204,0.673404474384051,0.49664873213450245,0.6792271140973073,0.49292213280383185,,,0.21662896826569322,724,0.12087912087912088,0.0111705579262104,1.0,"{""Negative"": 0.5685785536159601, ""Neutral"": 0.2127659574468085, ""Positive"": 0.6829268292682927}","[[114, 12, 80], [37, 25, 122], [44, 14, 280]]"
s4_B1_O3rho0.05_seed42,tinybert_masked_mean_linear_dual_head,42,select,select:02:0.30:random:independent:1,0.5618131868131868,0.48150104292664425,0.6881759251727589,0.4670947113059807,0.6932636981389926,0.4661834348952041,,,0.2163273861362854,724,0.12362637362637363,0.011516802719579293,1.0,"{""Negative"": 0.5575447570332481, ""Neutral"": 0.22594142259414227, ""Positive"": 0.6610169491525424}","[[109, 11, 86], [28, 27, 129], [48, 17, 273]]"
s4_B1_O3rho0.05_seed42,tinybert_masked_mean_linear_dual_head,42,select,select:02:0.30:random:independent:2,0.5769230769230769,0.4957613490669354,0.667876604336926,0.5047628498664649,0.6742286567658105,0.5022944846592907,,,0.21614375377087763,724,0.11126373626373626,0.01125060030764767,1.0,"{""Negative"": 0.5876288659793815, ""Neutral"": 0.2297872340425532, ""Positive"": 0.6698679471788715}","[[114, 10, 82], [23, 27, 134], [45, 14, 279]]"
s4_B1_O3rho0.05_seed42,tinybert_masked_mean_linear_dual_head,42,select,select:02:0.50:random:independent:0,0.5398351648351648,0.4632048006462581,0.7117839187326012,0.39818317763157385,0.7175638135471433,0.3990243195183453,,,0.3507859006961929,724,0.14972527472527472,0.01404414960901652,1.0,"{""Negative"": 0.5292620865139949, ""Neutral"": 0.2134387351778656, ""Positive"": 0.6469135802469136}","[[104, 19, 83], [30, 27, 127], [53, 23, 262]]"
s4_B1_O3rho0.05_seed42,tinybert_masked_mean_linear_dual_head,42,select,select:02:0.50:random:independent:1,0.5480769230769231,0.4689612355153752,0.706294681398685,0.4104285835436674,0.7104118295771243,0.412372438881195,,,0.35119532701886813,724,0.14697802197802198,0.0125912429735392,1.0,"{""Negative"": 0.5260416666666666, ""Neutral"": 0.22310756972111553, ""Positive"": 0.6577344701583435}","[[101, 19, 86], [29, 28, 127], [48, 20, 270]]"
s4_B1_O3rho0.05_seed42,tinybert_masked_mean_linear_dual_head,42,select,select:02:0.50:random:independent:2,0.5563186813186813,0.47643910238229115,0.7084179418245268,0.4316501516400519,0.7113368400362331,0.4338507234422761,,,0.35125174458983455,724,0.12912087912087913,0.011844040200761059,1.0,"{""Negative"": 0.5506493506493506, ""Neutral"": 0.21686746987951808, ""Positive"": 0.6618004866180048}","[[106, 17, 83], [28, 27, 129], [45, 21, 272]]"
s4_B1_O3rho0.05_seed42,tinybert_masked_mean_linear_dual_head,42,select,select:12:0.10:random:independent:0,0.5796703296703297,0.4822203158489388,0.6613361600127848,0.5163362622215891,0.6665129617040793,0.5123818643199872,,,0.09011852407557222,724,0.09478021978021978,0.008685257759428286,1.0,"{""Negative"": 0.5954198473282443, ""Neutral"": 0.1735159817351598, ""Positive"": 0.6777251184834123}","[[117, 6, 83], [28, 19, 137], [42, 10, 286]]"
s4_B1_O3rho0.05_seed42,tinybert_masked_mean_linear_dual_head,42,select,select:12:0.10:random:independent:1,0.5796703296703297,0.4822203158489388,0.6613361600127848,0.5163362622215891,0.6665129617040793,0.5123818643199872,,,0.09019592878213162,724,0.09478021978021978,0.008685257759428286,1.0,"{""Negative"": 0.5954198473282443, ""Neutral"": 0.1735159817351598, ""Positive"": 0.6777251184834123}","[[117, 6, 83], [28, 19, 137], [42, 10, 286]]"
s4_B1_O3rho0.05_seed42,tinybert_masked_mean_linear_dual_head,42,select,select:12:0.10:random:independent:2,0.5796703296703297,0.4822203158489388,0.6613361600127848,0.5163362622215891,0.6665129617040793,0.5123818643199872,,,0.09018448391793114,724,0.09478021978021978,0.008685257759428286,1.0,"{""Negative"": 0.5954198473282443, ""Neutral"": 0.1735159817351598, ""Positive"": 0.6777251184834123}","[[117, 6, 83], [28, 19, 137], [42, 10, 286]]"
s4_B1_O3rho0.05_seed42,tinybert_masked_mean_linear_dual_head,42,select,select:12:0.30:random:independent:0,0.5796703296703297,0.4822203158489388,0.6613361600127848,0.5163362622215891,0.6665129617040793,0.5123818643199872,,,0.21577850944764493,724,0.09478021978021978,0.008685257759428286,1.0,"{""Negative"": 0.5954198473282443, ""Neutral"": 0.1735159817351598, ""Positive"": 0.6777251184834123}","[[117, 6, 83], [28, 19, 137], [42, 10, 286]]"
s4_B1_O3rho0.05_seed42,tinybert_masked_mean_linear_dual_head,42,select,select:12:0.30:random:independent:1,0.5796703296703297,0.4822203158489388,0.6613361600127848,0.5163362622215891,0.6665129617040793,0.5123818643199872,,,0.2160189805783876,724,0.09478021978021978,0.008685257759428286,1.0,"{""Negative"": 0.5954198473282443, ""Neutral"": 0.1735159817351598, ""Positive"": 0.6777251184834123}","[[117, 6, 83], [28, 19, 137], [42, 10, 286]]"
s4_B1_O3rho0.05_seed42,tinybert_masked_mean_linear_dual_head,42,select,select:12:0.30:random:independent:2,0.5796703296703297,0.4822203158489388,0.6613361600127848,0.5163362622215891,0.6665129617040793,0.5123818643199872,,,0.21623765565574107,724,0.09478021978021978,0.008685257759428286,1.0,"{""Negative"": 0.5954198473282443, ""Neutral"": 0.1735159817351598, ""Positive"": 0.6777251184834123}","[[117, 6, 83], [28, 19, 137], [42, 10, 286]]"
s4_B1_O3rho0.05_seed42,tinybert_masked_mean_linear_dual_head,42,select,select:12:0.50:random:independent:0,0.5796703296703297,0.4822203158489388,0.6613361600127848,0.5163362622215891,0.6665129617040793,0.5123818643199872,,,0.3507132531656354,724,0.09478021978021978,0.008685257759428286,1.0,"{""Negative"": 0.5954198473282443, ""Neutral"": 0.1735159817351598, ""Positive"": 0.6777251184834123}","[[117, 6, 83], [28, 19, 137], [42, 10, 286]]"
s4_B1_O3rho0.05_seed42,tinybert_masked_mean_linear_dual_head,42,select,select:12:0.50:random:independent:1,0.5796703296703297,0.4822203158489388,0.6613361600127848,0.5163362622215891,0.6665129617040793,0.5123818643199872,,,0.3507343430875613,724,0.09478021978021978,0.008685257759428286,1.0,"{""Negative"": 0.5954198473282443, ""Neutral"": 0.1735159817351598, ""Positive"": 0.6777251184834123}","[[117, 6, 83], [28, 19, 137], [42, 10, 286]]"
s4_B1_O3rho0.05_seed42,tinybert_masked_mean_linear_dual_head,42,select,select:12:0.50:random:independent:2,0.5796703296703297,0.4822203158489388,0.6613361600127848,0.5163362622215891,0.6665129617040793,0.5123818643199872,,,0.3509549248224926,724,0.09478021978021978,0.008685257759428286,1.0,"{""Negative"": 0.5954198473282443, ""Neutral"": 0.1735159817351598, ""Positive"": 0.6777251184834123}","[[117, 6, 83], [28, 19, 137], [42, 10, 286]]"
s4_B1_O3rho0.05_seed42,tinybert_masked_mean_linear_dual_head,42,select,select:012:0.10:random:independent:0,0.5851648351648352,0.4972573038972623,0.6644622146181761,0.5056481142505089,0.6701688493172137,0.5017451127029333,,,0.12558993973665408,724,0.09752747252747253,0.008782667523786262,1.0,"{""Negative"": 0.5897435897435898, ""Neutral"": 0.22026431718061673, ""Positive"": 0.6817640047675805}","[[115, 6, 85], [29, 25, 130], [40, 12, 286]]"
s4_B1_O3rho0.05_seed42,tinybert_masked_mean_linear_dual_head,42,select,select:012:0.10:random:independent:1,0.5824175824175825,0.4940037422102143,0.6716332659195168,0.4894045067750896,0.6761180852273745,0.4876875009811884,,,0.12571082327220762,724,0.09615384615384616,0.009107319010139166,1.0,"{""Negative"": 0.5677749360613811, ""Neutral"": 0.23008849557522124, ""Positive"": 0.6841477949940405}","[[111, 7, 88], [32, 26, 126], [42, 9, 287]]"
s4_B1_O3rho0.05_seed42,tinybert_masked_mean_linear_dual_head,42,select,select:012:0.10:random:independent:2,0.5824175824175825,0.48838303902785446,0.6695662982376722,0.502463606877828,0.6745666848075996,0.4996446620983641,,,0.1256004676726215,724,0.09340659340659341,0.00918457327695502,1.0,"{""Negative"": 0.583756345177665, ""Neutral"": 0.19642857142857142, ""Positive"": 0.684964200477327}","[[115, 6, 85], [34, 22, 128], [39, 12, 287]]"
s4_B1_O3rho0.05_seed42,tinybert_masked_mean_linear_dual_head,42,select,select:012:0.30:random:independent:0,0.5508241758241759,0.46594456445811466,0.6852787842348054,0.47253147505713805,0.6873546429080787,0.4740771327434549,,,0.3162180586060894,724,0.10989010989010989,0.010195517236600211,1.0,"{""Negative"": 0.5467980295566502, ""Neutral"": 0.19742489270386265, ""Positive"": 0.653610771113831}","[[111, 10, 85], [34, 23, 127], [55, 16, 267]]"
s4_B1_O3rho0.05_seed42,tinybert_masked_mean_linear_dual_head,42,select,select:012:0.30:random:independent:1,0.5728021978021978,0.48888671810125656,0.6820019251042752,0.45899737782455763,0.6850910330201488,0.4611873829159701,,,0.3167463590511638,724,0.11263736263736264,0.01014772798453386,1.0,"{""Negative"": 0.549618320610687, ""Neutral"": 0.23829787234042554, ""Positive"": 0.678743961352657}","[[108, 11, 87], [34, 28, 122], [45, 12, 281]]"
s4_B1_O3rho0.05_seed42,tinybert_masked_mean_linear_dual_head,42,select,select:012:0.30:random:independent:2,0.5824175824175825,0.4943031891176992,0.6734263611218759,0.48329579633219316,0.6767832408812675,0.4833972585981199,,,0.31705028085974835,724,0.10576923076923077,0.010188523861421987,1.0,"{""Negative"": 0.592964824120603, ""Neutral"": 0.2096069868995633, ""Positive"": 0.6803377563329313}","[[118, 6, 82], [33, 24, 127], [41, 15, 282]]"
s4_B1_O3rho0.05_seed42,tinybert_masked_mean_linear_dual_head,42,select,select:012:0.50:random:independent:0,0.554945054945055,0.47368625572234646,0.6978660415845095,0.43413590381816547,0.702661838628106,0.43603632824586774,,,0.5214278455584954,724,0.1346153846153846,0.015039751319226982,1.0,"{""Negative"": 0.535, ""Neutral"": 0.21774193548387097, ""Positive"": 0.6683168316831684}","[[107, 23, 76], [33, 27, 124], [54, 14, 270]]"
s4_B1_O3rho0.05_seed42,tinybert_masked_mean_linear_dual_head,42,select,select:012:0.50:random:independent:1,0.5604395604395604,0.4843224157614796,0.6956952982154276,0.44578181860072513,0.6999148804141762,0.448919287167186,,,0.5211035116402414,724,0.13736263736263737,0.014914748917167986,1.0,"{""Negative"": 0.5411140583554377, ""Neutral"": 0.25, ""Positive"": 0.6618531889290012}","[[102, 15, 89], [24, 31, 129], [45, 18, 275]]"
s4_B1_O3rho0.05_seed42,tinybert_masked_mean_linear_dual_head,42,select,select:012:0.50:random:independent:2,0.5563186813186813,0.4742751441108148,0.7039450535594516,0.44364461796161075,0.7105609190312552,0.44163526603385944,,,0.5211950835022432,724,0.12087912087912088,0.011038487043526475,1.0,"{""Negative"": 0.5329949238578681, ""Neutral"": 0.2288135593220339, ""Positive"": 0.6610169491525424}","[[105, 12, 89], [31, 27, 126], [52, 13, 273]]"
s4_B1_O3rho0.05_seed42,tinybert_masked_mean_linear_dual_head,42,clean,clean:clean,0.5796703296703297,0.4822203158489388,0.6613361600127848,0.5163362622215891,0.6665129617040793,0.5123818643199872,,,0.020685516934361863,0,0.09478021978021978,0.008685257759428286,1.0,"{""Negative"": 0.5954198473282443, ""Neutral"": 0.1735159817351598, ""Positive"": 0.6777251184834123}","[[117, 6, 83], [28, 19, 137], [42, 10, 286]]"
s4_B1_O4_seed42,tinybert_masked_mean_linear_dual_head,42,select,select:0:0.10:random:independent:0,0.5837912087912088,0.5087738113154415,0.6548948626514974,0.5146961202566556,0.6631904078729369,0.5120222095606293,,,0.056182048502401064,724,0.12225274725274725,0.014651773186732124,1.0,"{""Negative"": 0.5959595959595959, ""Neutral"": 0.2530612244897959, ""Positive"": 0.6773006134969325}","[[118, 11, 77], [29, 31, 124], [43, 19, 276]]"
s4_B1_O4_seed42,tinybert_masked_mean_linear_dual_head,42,select,select:0:0.10:random:independent:1,0.5755494505494505,0.5032448915473243,0.6553582661454003,0.514959189395913,0.6609741074473157,0.5168262660571594,,,0.056182048502401064,724,0.14148351648351648,0.018471168880311997,1.0,"{""Negative"": 0.5867346938775511, ""Neutral"": 0.24806201550387597, ""Positive"": 0.674937965260546}","[[115, 15, 76], [32, 32, 120], [39, 27, 272]]"
s4_B1_O4_seed42,tinybert_masked_mean_linear_dual_head,42,select,select:0:0.10:random:independent:2,0.5714285714285714,0.5010323653718749,0.6558447838612065,0.5183730757137959,0.6621231476361812,0.5165758461427358,,,0.056182048502401064,724,0.12225274725274725,0.01587437001406573,1.0,"{""Negative"": 0.5743073047858942, ""Neutral"": 0.26294820717131473, ""Positive"": 0.6658415841584159}","[[114, 11, 81], [31, 33, 120], [46, 23, 269]]"
s4_B1_O4_seed42,tinybert_masked_mean_linear_dual_head,42,select,select:0:0.30:random:independent:0,0.5673076923076923,0.49884435159136276,0.671811414050536,0.492373689060869,0.6762585729887648,0.4916715814796559,,,0.12130579873272207,724,0.13736263736263737,0.016262027783454445,1.0,"{""Negative"": 0.5809768637532133, ""Neutral"": 0.25384615384615383, ""Positive"": 0.6617100371747212}","[[113, 15, 78], [27, 33, 124], [43, 28, 267]]"
s4_B1_O4_seed42,tinybert_masked_mean_linear_dual_head,42,select,select:0:0.30:random:independent:1,0.5837912087912088,0.5133244247551777,0.6589625371065605,0.516555515032915,0.6643331858309006,0.5160108901917191,,,0.12130579873272207,724,0.14972527472527472,0.018324362997506016,1.0,"{""Negative"": 0.5861182519280206, ""Neutral"": 0.2723735408560311, ""Positive"": 0.6814814814814815}","[[114, 17, 75], [28, 35, 121], [41, 21, 276]]"
s4_B1_O4_seed42,tinybert_masked_mean_linear_dual_head,42,select,select:0:0.30:random:independent:2,0.5659340659340659,0.4929327339213989,0.6648071945587275,0.48566975571485327,0.6695539824930685,0.4848658756510675,,,0.12130579873272207,724,0.14423076923076922,0.016835590887773824,1.0,"{""Negative"": 0.5591939546599496, ""Neutral"": 0.2471042471042471, ""Positive"": 0.6725}","[[111, 19, 76], [35, 32, 117], [45, 24, 269]]"
s4_B1_O4_seed42,tinybert_masked_mean_linear_dual_head,42,select,select:0:0.50:random:independent:0,0.5480769230769231,0.48404087198253626,0.6915801249109086,0.46582900779428504,0.6990363727206016,0.4619324668981194,,,0.1909987908537763,724,0.1662087912087912,0.02014777625584668,1.0,"{""Negative"": 0.538860103626943, ""Neutral"": 0.2608695652173913, ""Positive"": 0.6523929471032746}","[[104, 24, 78], [29, 36, 119], [47, 32, 259]]"
s4_B1_O4_seed42,tinybert_masked_mean_linear_dual_head,42,select,select:0:0.50:random:independent:1,0.5384615384615384,0.47989402035191214,0.7020153799759573,0.41381119220075735,0.7087968914145297,0.41319200261617867,,,0.1909987908537763,724,0.17994505494505494,0.020379945226447593,1.0,"{""Negative"": 0.5506493506493506, ""Neutral"": 0.2553191489361702, ""Positive"": 0.6337135614702155}","[[106, 24, 76], [23, 36, 125], [50, 38, 250]]"
s4_B1_O4_seed42,tinybert_masked_mean_linear_dual_head,42,select,select:0:0.50:random:independent:2,0.5563186813186813,0.49878833222056157,0.696020107344628,0.44522606098883005,0.7041757444308682,0.44618628460028403,,,0.1909987908537763,724,0.16895604395604397,0.020851310509574283,1.0,"{""Negative"": 0.5277044854881267, ""Neutral"": 0.3120567375886525, ""Positive"": 0.6566037735849056}","[[100, 26, 80], [24, 44, 116], [49, 28, 261]]"
s4_B1_O4_seed42,tinybert_masked_mean_linear_dual_head,42,select,select:1:0.10:random:independent:0,0.5782967032967034,0.5020302789810533,0.6479067897955018,0.5296644012498615,0.6549111734077867,0.529156806817267,,,0.056143892214244775,724,0.12225274725274725,0.015045660464662118,1.0,"{""Negative"": 0.5873417721518988, ""Neutral"": 0.24390243902439024, ""Positive"": 0.6748466257668712}","[[116, 13, 77], [29, 30, 125], [44, 19, 275]]"
s4_B1_O4_seed42,tinybert_masked_mean_linear_dual_head,42,select,select:1:0.10:random:independent:1,0.5782967032967034,0.5020302789810533,0.6479067897955018,0.5296644012498615,0.6549111734077867,0.529156806817267,,,0.056143892214244775,724,0.12225274725274725,0.015045660464662118,1.0,"{""Negative"": 0.5873417721518988, ""Neutral"": 0.24390243902439024, ""Positive"": 0.6748466257668712}","[[116, 13, 77], [29, 30, 125], [44, 19, 275]]"
s4_B1_O4_seed42,tinybert_masked_mean_linear_dual_head,42,select,select:1:0.10:random:independent:2,0.5782967032967034,0.5020302789810533,0.6479067897955018,0.5296644012498615,0.6549111734077867,0.529156806817267,,,0.056143892214244775,724,0.12225274725274725,0.015045660464662118,1.0,"{""Negative"": 0.5873417721518988, ""Neutral"": 0.24390243902439024, ""Positive"": 0.6748466257668712}","[[116, 13, 77], [29, 30, 125], [44, 19, 275]]"
s4_B1_O4_seed42,tinybert_masked_mean_linear_dual_head,42,select,select:1:0.30:random:independent:0,0.5782967032967034,0.5020302789810533,0.6479067897955018,0.5296644012498615,0.6549111734077867,0.529156806817267,,,0.12118179079621412,724,0.12225274725274725,0.015045660464662118,1.0,"{""Negative"": 0.5873417721518988, ""Neutral"": 0.24390243902439024, ""Positive"": 0.6748466257668712}","[[116, 13, 77], [29, 30, 125], [44, 19, 275]]"
s4_B1_O4_seed42,tinybert_masked_mean_linear_dual_head,42,select,select:1:0.30:random:independent:1,0.5782967032967034,0.5020302789810533,0.6479067897955018,0.5296644012498615,0.6549111734077867,0.529156806817267,,,0.12118179079621412,724,0.12225274725274725,0.015045660464662118,1.0,"{""Negative"": 0.5873417721518988, ""Neutral"": 0.24390243902439024, ""Positive"": 0.6748466257668712}","[[116, 13, 77], [29, 30, 125], [44, 19, 275]]"
s4_B1_O4_seed42,tinybert_masked_mean_linear_dual_head,42,select,select:1:0.30:random:independent:2,0.5782967032967034,0.5020302789810533,0.6479067897955018,0.5296644012498615,0.6549111734077867,0.529156806817267,,,0.12118179079621412,724,0.12225274725274725,0.015045660464662118,1.0,"{""Negative"": 0.5873417721518988, ""Neutral"": 0.24390243902439024, ""Positive"": 0.6748466257668712}","[[116, 13, 77], [29, 30, 125], [44, 19, 275]]"
s4_B1_O4_seed42,tinybert_masked_mean_linear_dual_head,42,select,select:1:0.50:random:independent:0,0.5782967032967034,0.5020302789810533,0.6479067897955018,0.5296644012498615,0.6549111734077867,0.529156806817267,,,0.19077939219687765,724,0.12225274725274725,0.015045660464662118,1.0,"{""Negative"": 0.5873417721518988, ""Neutral"": 0.24390243902439024, ""Positive"": 0.6748466257668712}","[[116, 13, 77], [29, 30, 125], [44, 19, 275]]"
s4_B1_O4_seed42,tinybert_masked_mean_linear_dual_head,42,select,select:1:0.50:random:independent:1,0.5782967032967034,0.5020302789810533,0.6479067897955018,0.5296644012498615,0.6549111734077867,0.529156806817267,,,0.19077939219687765,724,0.12225274725274725,0.015045660464662118,1.0,"{""Negative"": 0.5873417721518988, ""Neutral"": 0.24390243902439024, ""Positive"": 0.6748466257668712}","[[116, 13, 77], [29, 30, 125], [44, 19, 275]]"
s4_B1_O4_seed42,tinybert_masked_mean_linear_dual_head,42,select,select:1:0.50:random:independent:2,0.5782967032967034,0.5020302789810533,0.6479067897955018,0.5296644012498615,0.6549111734077867,0.529156806817267,,,0.19077939219687765,724,0.12225274725274725,0.015045660464662118,1.0,"{""Negative"": 0.5873417721518988, ""Neutral"": 0.24390243902439024, ""Positive"": 0.6748466257668712}","[[116, 13, 77], [29, 30, 125], [44, 19, 275]]"
s4_B1_O4_seed42,tinybert_masked_mean_linear_dual_head,42,select,select:2:0.10:random:independent:0,0.5782967032967034,0.5020302789810533,0.6479067897955018,0.5296644012498615,0.6549111734077867,0.529156806817267,,,0.05471828184470957,703,0.12225274725274725,0.015045660464662118,1.0,"{""Negative"": 0.5873417721518988, ""Neutral"": 0.24390243902439024, ""Positive"": 0.6748466257668712}","[[116, 13, 77], [29, 30, 125], [44, 19, 275]]"
s4_B1_O4_seed42,tinybert_masked_mean_linear_dual_head,42,select,select:2:0.10:random:independent:1,0.5782967032967034,0.5020302789810533,0.6479067897955018,0.5296644012498615,0.6549111734077867,0.529156806817267,,,0.054688334898890016,703,0.12225274725274725,0.015045660464662118,1.0,"{""Negative"": 0.5873417721518988, ""Neutral"": 0.24390243902439024, ""Positive"": 0.6748466257668712}","[[116, 13, 77], [29, 30, 125], [44, 19, 275]]"
s4_B1_O4_seed42,tinybert_masked_mean_linear_dual_head,42,select,select:2:0.10:random:independent:2,0.5782967032967034,0.5020302789810533,0.6479067897955018,0.5296644012498615,0.6549111734077867,0.529156806817267,,,0.05481930502759008,703,0.12225274725274725,0.015045660464662118,1.0,"{""Negative"": 0.5873417721518988, ""Neutral"": 0.24390243902439024, ""Positive"": 0.6748466257668712}","[[116, 13, 77], [29, 30, 125], [44, 19, 275]]"
s4_B1_O4_seed42,tinybert_masked_mean_linear_dual_head,42,select,select:2:0.30:random:independent:0,0.5782967032967034,0.5020302789810533,0.6479067897955018,0.5296644012498615,0.6549111734077867,0.529156806817267,,,0.11537182825966232,703,0.12225274725274725,0.015045660464662118,1.0,"{""Negative"": 0.5873417721518988, ""Neutral"": 0.24390243902439024, ""Positive"": 0.6748466257668712}","[[116, 13, 77], [29, 30, 125], [44, 19, 275]]"
s4_B1_O4_seed42,tinybert_masked_mean_linear_dual_head,42,select,select:2:0.30:random:independent:1,0.5782967032967034,0.5020302789810533,0.6479067897955018,0.5296644012498615,0.6549111734077867,0.529156806817267,,,0.11628030776814742,703,0.12225274725274725,0.015045660464662118,1.0,"{""Negative"": 0.5873417721518988, ""Neutral"": 0.24390243902439024, ""Positive"": 0.6748466257668712}","[[116, 13, 77], [29, 30, 125], [44, 19, 275]]"
s4_B1_O4_seed42,tinybert_masked_mean_linear_dual_head,42,select,select:2:0.30:random:independent:2,0.5782967032967034,0.5020302789810533,0.6479067897955018,0.5296644012498615,0.6549111734077867,0.529156806817267,,,0.11578318848929205,703,0.12225274725274725,0.015045660464662118,1.0,"{""Negative"": 0.5873417721518988, ""Neutral"": 0.24390243902439024, ""Positive"": 0.6748466257668712}","[[116, 13, 77], [29, 30, 125], [44, 19, 275]]"
s4_B1_O4_seed42,tinybert_masked_mean_linear_dual_head,42,select,select:2:0.50:random:independent:0,0.5782967032967034,0.5020302789810533,0.6479067897955018,0.5296644012498615,0.6549111734077867,0.529156806817267,,,0.18051985710310411,703,0.12225274725274725,0.015045660464662118,1.0,"{""Negative"": 0.5873417721518988, ""Neutral"": 0.24390243902439024, ""Positive"": 0.6748466257668712}","[[116, 13, 77], [29, 30, 125], [44, 19, 275]]"
s4_B1_O4_seed42,tinybert_masked_mean_linear_dual_head,42,select,select:2:0.50:random:independent:1,0.5782967032967034,0.5020302789810533,0.6479067897955018,0.5296644012498615,0.6549111734077867,0.529156806817267,,,0.18035659556840442,703,0.12225274725274725,0.015045660464662118,1.0,"{""Negative"": 0.5873417721518988, ""Neutral"": 0.24390243902439024, ""Positive"": 0.6748466257668712}","[[116, 13, 77], [29, 30, 125], [44, 19, 275]]"
s4_B1_O4_seed42,tinybert_masked_mean_linear_dual_head,42,select,select:2:0.50:random:independent:2,0.5782967032967034,0.5020302789810533,0.6479067897955018,0.5296644012498615,0.6549111734077867,0.529156806817267,,,0.18067481495681129,703,0.12225274725274725,0.015045660464662118,1.0,"{""Negative"": 0.5873417721518988, ""Neutral"": 0.24390243902439024, ""Positive"": 0.6748466257668712}","[[116, 13, 77], [29, 30, 125], [44, 19, 275]]"
s4_B1_O4_seed42,tinybert_masked_mean_linear_dual_head,42,select,select:01:0.10:random:independent:0,0.5837912087912088,0.5115407779031784,0.6546298935918731,0.5163499234120497,0.662609822469876,0.5121943876982656,,,0.09164042378228397,724,0.11538461538461539,0.014534868038769116,1.0,"{""Negative"": 0.5909090909090909, ""Neutral"": 0.26720647773279355, ""Positive"": 0.6765067650676507}","[[117, 8, 81], [32, 33, 119], [41, 22, 275]]"
s4_B1_O4_seed42,tinybert_masked_mean_linear_dual_head,42,select,select:01:0.10:random:independent:1,0.570054945054945,0.49613856990800825,0.6559981578318218,0.5132026426981635,0.6625846499157558,0.5147128983446332,,,0.09164042378228397,724,0.12774725274725274,0.016055308201450565,1.0,"{""Negative"": 0.5714285714285714, ""Neutral"": 0.24701195219123506, ""Positive"": 0.6699751861042184}","[[114, 14, 78], [33, 31, 120], [46, 22, 270]]"
s4_B1_O4_seed42,tinybert_masked_mean_linear_dual_head,42,select,select:01:0.10:random:independent:2,0.5865384615384616,0.5186592555974322,0.6597206655286908,0.5043901986671554,0.6667971732632185,0.5010883497011129,,,0.09164042378228397,724,0.12362637362637363,0.015892014613383257,1.0,"{""Negative"": 0.6138613861386139, ""Neutral"": 0.26877470355731226, ""Positive"": 0.6733416770963705}","[[124, 12, 70], [28, 34, 122], [46, 23, 269]]"
s4_B1_O4_seed42,tinybert_masked_mean_linear_dual_head,42,select,select:01:0.30:random:independent:0,0.5686813186813187,0.5010647631121762,0.6515488551336985,0.5214704730346995,0.6570838177986034,0.5205456519977277,,,0.22180207259457435,724,0.13186813186813187,0.017256004165047474,1.0,"{""Negative"": 0.5670886075949367, ""Neutral"": 0.2702702702702703, ""Positive"": 0.6658354114713217}","[[112, 15, 79], [31, 35, 118], [46, 25, 267]]"
s4_B1_O4_seed42,tinybert_masked_mean_linear_dual_head,42,select,select:01:0.30:random:independent:1,0.5631868131868132,0.4874539452234299,0.6728146664991811,0.4851189533585195,0.6789164714806887,0.4812272099937441,,,0.22180207259457435,724,0.13598901098901098,0.015080318739940668,1.0,"{""Negative"": 0.5670886075949367, ""Neutral"": 0.23107569721115537, ""Positive"": 0.6641975308641975}","[[112, 13, 81], [33, 29, 122], [44, 25, 269]]"
s4_B1_O4_seed42,tinybert_masked_mean_linear_dual_head,42,select,select:01:0.30:random:independent:2,0.5412087912087912,0.47444957184919545,0.6785739491908596,0.4797474557667275,0.6817867417389957,0.48179499029669365,,,0.22180207259457435,724,0.14697802197802198,0.018322798940318297,1.0,"{""Negative"": 0.5246753246753246, ""Neutral"": 0.2527881040892193, ""Positive"": 0.6458852867830424}","[[101, 21, 84], [29, 34, 121], [49, 30, 259]]"
s4_B1_O4_seed42,tinybert_masked_mean_linear_dual_head,42,select,select:01:0.50:random:independent:0,0.5521978021978022,0.4858811404342613,0.6905421113821505,0.4426116794502867,0.6959481348877179,0.44349956907303023,,,0.36109266611629226,724,0.15521978021978022,0.019282729562191844,1.0,"{""Negative"": 0.5618556701030928, ""Neutral"": 0.24087591240875914, ""Positive"": 0.654911838790932}","[[109, 25, 72], [27, 33, 124], [46, 32, 260]]"
s4_B1_O4_seed42,tinybert_masked_mean_linear_dual_head,42,select,select:01:0.50:random:independent:1,0.532967032967033,0.47388017075517075,0.691236206192204,0.44161018884583947,0.6974050137546978,0.44422920668034305,,,0.36109266611629226,724,0.1662087912087912,0.024843084995051494,1.0,"{""Negative"": 0.5260416666666666, ""Neutral"": 0.2642857142857143, ""Positive"": 0.6313131313131313}","[[101, 25, 80], [23, 37, 124], [54, 34, 250]]"
s4_B1_O4_seed42,tinybert_masked_mean_linear_dual_head,42,select,select:01:0.50:random:independent:2,0.532967032967033,0.47210250726903524,0.6991798778901511,0.4306959073411694,0.7095660739808579,0.4295175473385422,,,0.36109266611629226,724,0.1717032967032967,0.023788924018252684,1.0,"{""Negative"": 0.49740932642487046, ""Neutral"": 0.2775800711743772, ""Positive"": 0.641318124207858}","[[96, 26, 84], [31, 39, 114], [53, 32, 253]]"
s4_B1_O4_seed42,tinybert_masked_mean_linear_dual_head,42,select,select:02:0.10:random:independent:0,0.592032967032967,0.520881395485536,0.6585855406739718,0.5196108775728846,0.6647322965289497,0.5184191543118887,,,0.09025892452344063,724,0.125,0.014830497087239401,1.0,"{""Negative"": 0.5954198473282443, ""Neutral"": 0.2834008097165992, ""Positive"": 0.6838235294117647}","[[117, 9, 80], [30, 35, 119], [40, 19, 279]]"
s4_B1_O4_seed42,tinybert_masked_mean_linear_dual_head,42,select,select:02:0.10:random:independent:1,0.5824175824175825,0.5075046904315198,0.6609082010841714,0.5147871998677428,0.6680278931258267,0.5116620574735801,,,0.09020706469477802,724,0.12225274725274725,0.014546134858295978,1.0,"{""Negative"": 0.5948717948717949, ""Neutral"": 0.25203252032520324, ""Positive"": 0.675609756097561}","[[116, 9, 81], [29, 31, 124], [39, 22, 277]]"
s4_B1_O4_seed42,tinybert_masked_mean_linear_dual_head,42,select,select:02:0.10:random:independent:2,0.5934065934065934,0.5234002748688664,0.6516430067658138,0.5166987745367931,0.6581621599450175,0.514942828907407,,,0.09022829257477709,724,0.1043956043956044,0.013670316759644299,1.0,"{""Negative"": 0.6045340050377834, ""Neutral"": 0.2834008097165992, ""Positive"": 0.6822660098522167}","[[120, 10, 76], [28, 35, 121], [43, 18, 277]]"
s4_B1_O4_seed42,tinybert_masked_mean_linear_dual_head,42,select,select:02:0.30:random:independent:0,0.570054945054945,0.5044087073772313,0.6639990995339927,0.5024704094112141,0.6732282917537205,0.501398807427075,,,0.21662896826569322,724,0.14697802197802198,0.018314230663079644,1.0,"{""Negative"": 0.5835411471321695, ""Neutral"": 0.26217228464419473, ""Positive"": 0.6675126903553299}","[[117, 18, 71], [33, 35, 116], [45, 30, 263]]"
s4_B1_O4_seed42,tinybert_masked_mean_linear_dual_head,42,select,select:02:0.30:random:independent:1,0.5439560439560439,0.47641934928365687,0.6832583023288338,0.48067570041622665,0.6890383709099267,0.4801615126163679,,,0.2163273861362854,724,0.15934065934065933,0.01750768220880693,1.0,"{""Negative"": 0.5454545454545454, ""Neutral"": 0.2379182156133829, ""Positive"": 0.6458852867830424}","[[105, 20, 81], [28, 32, 124], [46, 33, 259]]"
s4_B1_O4_seed42,tinybert_masked_mean_linear_dual_head,42,select,select:02:0.30:random:independent:2,0.5659340659340659,0.49295260752885134,0.659632313905378,0.5106454273118488,0.6669296737565853,0.5100581476837929,,,0.21614375377087763,724,0.14148351648351648,0.01629661939171153,1.0,"{""Negative"": 0.5721649484536082, ""Neutral"": 0.23754789272030652, ""Positive"": 0.6691449814126395}","[[111, 23, 72], [26, 31, 127], [45, 23, 270]]"
s4_B1_O4_seed42,tinybert_masked_mean_linear_dual_head,42,select,select:02:0.50:random:independent:0,0.532967032967033,0.4690078301966289,0.7059283095007701,0.40664334203623853,0.7112924723149083,0.41250609866030236,,,0.3507859006961929,724,0.17445054945054944,0.02154902828190435,1.0,"{""Negative"": 0.5126903553299492, ""Neutral"": 0.24734982332155478, ""Positive"": 0.6469833119383825}","[[101, 31, 74], [34, 35, 115], [53, 33, 252]]"
s4_B1_O4_seed42,tinybert_masked_mean_linear_dual_head,42,select,select:02:0.50:random:independent:1,0.5494505494505495,0.48737794055260936,0.6973854020965091,0.43150527147838535,0.7031435285858646,0.43309263456972646,,,0.35119532701886813,724,0.1717032967032967,0.01957934594540396,1.0,"{""Negative"": 0.5382585751978892, ""Neutral"": 0.2714285714285714, ""Positive"": 0.6524466750313677}","[[102, 24, 80], [27, 38, 119], [44, 34, 260]]"
s4_B1_O4_seed42,tinybert_masked_mean_linear_dual_head,42,select,select:02:0.50:random:independent:2,0.5439560439560439,0.4783145512060103,0.7077506520742572,0.4260575885888814,0.7103045800915704,0.4347856147065471,,,0.35125174458983455,724,0.16483516483516483,0.021888913927276384,1.0,"{""Negative"": 0.5333333333333333, ""Neutral"": 0.2491103202846975, ""Positive"": 0.6525}","[[100, 29, 77], [25, 35, 124], [44, 33, 261]]"
s4_B1_O4_seed42,tinybert_masked_mean_linear_dual_head,42,select,select:12:0.10:random:independent:0,0.5782967032967034,0.5020302789810533,0.6479067897955018,0.5296644012498615,0.6549111734077867,0.529156806817267,,,0.09011852407557222,724,0.12225274725274725,0.015045660464662118,1.0,"{""Negative"": 0.5873417721518988, ""Neutral"": 0.24390243902439024, ""Positive"": 0.6748466257668712}","[[116, 13, 77], [29, 30, 125], [44, 19, 275]]"
s4_B1_O4_seed42,tinybert_masked_mean_linear_dual_head,42,select,select:12:0.10:random:independent:1,0.5782967032967034,0.5020302789810533,0.6479067897955018,0.5296644012498615,0.6549111734077867,0.529156806817267,,,0.09019592878213162,724,0.12225274725274725,0.015045660464662118,1.0,"{""Negative"": 0.5873417721518988, ""Neutral"": 0.24390243902439024, ""Positive"": 0.6748466257668712}","[[116, 13, 77], [29, 30, 125], [44, 19, 275]]"
s4_B1_O4_seed42,tinybert_masked_mean_linear_dual_head,42,select,select:12:0.10:random:independent:2,0.5782967032967034,0.5020302789810533,0.6479067897955018,0.5296644012498615,0.6549111734077867,0.529156806817267,,,0.09018448391793114,724,0.12225274725274725,0.015045660464662118,1.0,"{""Negative"": 0.5873417721518988, ""Neutral"": 0.24390243902439024, ""Positive"": 0.6748466257668712}","[[116, 13, 77], [29, 30, 125], [44, 19, 275]]"
s4_B1_O4_seed42,tinybert_masked_mean_linear_dual_head,42,select,select:12:0.30:random:independent:0,0.5782967032967034,0.5020302789810533,0.6479067897955018,0.5296644012498615,0.6549111734077867,0.529156806817267,,,0.21577850944764493,724,0.12225274725274725,0.015045660464662118,1.0,"{""Negative"": 0.5873417721518988, ""Neutral"": 0.24390243902439024, ""Positive"": 0.6748466257668712}","[[116, 13, 77], [29, 30, 125], [44, 19, 275]]"
s4_B1_O4_seed42,tinybert_masked_mean_linear_dual_head,42,select,select:12:0.30:random:independent:1,0.5782967032967034,0.5020302789810533,0.6479067897955018,0.5296644012498615,0.6549111734077867,0.529156806817267,,,0.2160189805783876,724,0.12225274725274725,0.015045660464662118,1.0,"{""Negative"": 0.5873417721518988, ""Neutral"": 0.24390243902439024, ""Positive"": 0.6748466257668712}","[[116, 13, 77], [29, 30, 125], [44, 19, 275]]"
s4_B1_O4_seed42,tinybert_masked_mean_linear_dual_head,42,select,select:12:0.30:random:independent:2,0.5782967032967034,0.5020302789810533,0.6479067897955018,0.5296644012498615,0.6549111734077867,0.529156806817267,,,0.21623765565574107,724,0.12225274725274725,0.015045660464662118,1.0,"{""Negative"": 0.5873417721518988, ""Neutral"": 0.24390243902439024, ""Positive"": 0.6748466257668712}","[[116, 13, 77], [29, 30, 125], [44, 19, 275]]"
s4_B1_O4_seed42,tinybert_masked_mean_linear_dual_head,42,select,select:12:0.50:random:independent:0,0.5782967032967034,0.5020302789810533,0.6479067897955018,0.5296644012498615,0.6549111734077867,0.529156806817267,,,0.3507132531656354,724,0.12225274725274725,0.015045660464662118,1.0,"{""Negative"": 0.5873417721518988, ""Neutral"": 0.24390243902439024, ""Positive"": 0.6748466257668712}","[[116, 13, 77], [29, 30, 125], [44, 19, 275]]"
s4_B1_O4_seed42,tinybert_masked_mean_linear_dual_head,42,select,select:12:0.50:random:independent:1,0.5782967032967034,0.5020302789810533,0.6479067897955018,0.5296644012498615,0.6549111734077867,0.529156806817267,,,0.3507343430875613,724,0.12225274725274725,0.015045660464662118,1.0,"{""Negative"": 0.5873417721518988, ""Neutral"": 0.24390243902439024, ""Positive"": 0.6748466257668712}","[[116, 13, 77], [29, 30, 125], [44, 19, 275]]"
s4_B1_O4_seed42,tinybert_masked_mean_linear_dual_head,42,select,select:12:0.50:random:independent:2,0.5782967032967034,0.5020302789810533,0.6479067897955018,0.5296644012498615,0.6549111734077867,0.529156806817267,,,0.3509549248224926,724,0.12225274725274725,0.015045660464662118,1.0,"{""Negative"": 0.5873417721518988, ""Neutral"": 0.24390243902439024, ""Positive"": 0.6748466257668712}","[[116, 13, 77], [29, 30, 125], [44, 19, 275]]"
s4_B1_O4_seed42,tinybert_masked_mean_linear_dual_head,42,select,select:012:0.10:random:independent:0,0.5769230769230769,0.5080863763129773,0.6528883357346303,0.5187670246227378,0.6599575536975453,0.5156617062929542,,,0.12558993973665408,724,0.13186813186813187,0.017511046817919217,1.0,"{""Negative"": 0.576530612244898, ""Neutral"": 0.2777777777777778, ""Positive"": 0.6699507389162561}","[[113, 9, 84], [31, 35, 118], [42, 24, 272]]"
s4_B1_O4_seed42,tinybert_masked_mean_linear_dual_head,42,select,select:012:0.10:random:independent:1,0.5810439560439561,0.5079824206605092,0.6599478600193266,0.5028292582130387,0.6653000684148007,0.5028543268230661,,,0.12571082327220762,724,0.13186813186813187,0.016129964368102642,1.0,"{""Negative"": 0.5707070707070707, ""Neutral"": 0.27091633466135456, ""Positive"": 0.6823238566131026}","[[113, 14, 79], [34, 34, 116], [43, 19, 276]]"
s4_B1_O4_seed42,tinybert_masked_mean_linear_dual_head,42,select,select:012:0.10:random:independent:2,0.5659340659340659,0.4911937421704035,0.659497682293828,0.5119686139911221,0.6653003708311039,0.5117220727206773,,,0.1256004676726215,724,0.14148351648351648,0.015656497483012767,1.0,"{""Negative"": 0.570694087403599, ""Neutral"": 0.23622047244094488, ""Positive"": 0.6666666666666666}","[[111, 15, 80], [30, 30, 124], [42, 25, 271]]"
s4_B1_O4_seed42,tinybert_masked_mean_linear_dual_head,42,select,select:012:0.30:random:independent:0,0.5480769230769231,0.48187500000000005,0.6797065677462861,0.48659127852873324,0.6845940869240151,0.4888713260680182,,,0.3162180586060894,724,0.13598901098901098,0.016427975136352767,1.0,"{""Negative"": 0.535, ""Neutral"": 0.265625, ""Positive"": 0.645}","[[107, 15, 84], [30, 34, 120], [57, 23, 258]]"
s4_B1_O4_seed42,tinybert_masked_mean_linear_dual_head,42,select,select:012:0.30:random:independent:1,0.5686813186813187,0.49973995660225845,0.6745831294847795,0.4751235482556224,0.6820560657741646,0.47248549014279556,,,0.3167463590511638,724,0.1401098901098901,0.01849735106974431,1.0,"{""Negative"": 0.5604113110539846, ""Neutral"": 0.2713178294573643, ""Positive"": 0.6674907292954264}","[[109, 16, 81], [29, 35, 120], [45, 23, 270]]"
s4_B1_O4_seed42,tinybert_masked_mean_linear_dual_head,42,select,select:012:0.30:random:independent:2,0.5755494505494505,0.5049080891777521,0.6665470877715356,0.49188196962207864,0.6700638839642384,0.4944164028953766,,,0.31705028085974835,724,0.12912087912087913,0.0170296777268319,1.0,"{""Negative"": 0.5959595959595959, ""Neutral"": 0.2471042471042471, ""Positive"": 0.6716604244694132}","[[118, 17, 71], [29, 32, 123], [43, 26, 269]]"
s4_B1_O4_seed42,tinybert_masked_mean_linear_dual_head,42,select,select:012:0.50:random:independent:0,0.5494505494505495,0.48680144132858255,0.6903452470812169,0.45074237735854633,0.6967149449891032,0.45587441112797383,,,0.5214278455584954,724,0.1662087912087912,0.023316259837388005,1.0,"{""Negative"": 0.539440203562341, ""Neutral"": 0.26618705035971224, ""Positive"": 0.6547770700636942}","[[106, 29, 71], [28, 37, 119], [53, 28, 257]]"
s4_B1_O4_seed42,tinybert_masked_mean_linear_dual_head,42,select,select:012:0.50:random:independent:1,0.5384615384615384,0.4741572099127975,0.6900997688453276,0.4491025847468008,0.6941233495976981,0.4535747643152018,,,0.5211035116402414,724,0.1771978021978022,0.022219079238692156,1.0,"{""Negative"": 0.519893899204244, ""Neutral"": 0.2535211267605634, ""Positive"": 0.6490566037735849}","[[98, 31, 77], [26, 36, 122], [47, 33, 258]]"
s4_B1_O4_seed42,tinybert_masked_mean_linear_dual_head,42,select,select:012:0.50:random:independent:2,0.5590659340659341,0.4875231120930776,0.7077017043627429,0.44323313621894733,0.7150420735764144,0.4440676183009681,,,0.5211950835022432,724,0.13873626373626374,0.018686840387699858,1.0,"{""Negative"": 0.5347043701799485, ""Neutral"": 0.2595419847328244, ""Positive"": 0.6683229813664596}","[[104, 24, 78], [30, 34, 120], [49, 20, 269]]"
s4_B1_O4_seed42,tinybert_masked_mean_linear_dual_head,42,clean,clean:clean,0.5782967032967034,0.5020302789810533,0.6479067897955018,0.5296644012498615,0.6549111734077867,0.529156806817267,,,0.020685516934361863,0,0.12225274725274725,0.015045660464662118,1.0,"{""Negative"": 0.5873417721518988, ""Neutral"": 0.24390243902439024, ""Positive"": 0.6748466257668712}","[[116, 13, 77], [29, 30, 125], [44, 19, 275]]"
s4_B3_O2lr0.01_seed42,bigru_content_gate_time_pool,42,select,select:0:0.10:random:independent:0,0.5796703296703297,0.5181123639925932,0.6674777096891878,0.4968946498769601,0.6732122923610834,0.49755976197858354,,,0.056182048502401064,724,0.14560439560439561,0.016026276605940616,1.0,"{""Negative"": 0.5693430656934306, ""Neutral"": 0.3037037037037037, ""Positive"": 0.6812903225806451}","[[117, 22, 67], [37, 41, 106], [51, 23, 264]]"
s4_B3_O2lr0.01_seed42,bigru_content_gate_time_pool,42,select,select:0:0.10:random:independent:1,0.5810439560439561,0.5252832871283922,0.6668626970749225,0.49471499142987757,0.6710760291962587,0.49775124974129265,,,0.056182048502401064,724,0.15796703296703296,0.01577140860629606,1.0,"{""Negative"": 0.575682382133995, ""Neutral"": 0.3249097472924188, ""Positive"": 0.6752577319587629}","[[116, 21, 69], [32, 45, 107], [49, 27, 262]]"
s4_B3_O2lr0.01_seed42,bigru_content_gate_time_pool,42,select,select:0:0.10:random:independent:2,0.5782967032967034,0.5207429227085604,0.6693505351980636,0.4952944122547528,0.6755805467408929,0.4965426701526652,,,0.056182048502401064,724,0.14972527472527472,0.013924545764317224,1.0,"{""Negative"": 0.5742574257425742, ""Neutral"": 0.3161764705882353, ""Positive"": 0.6717948717948717}","[[116, 20, 70], [31, 43, 110], [51, 25, 262]]"
s4_B3_O2lr0.01_seed42,bigru_content_gate_time_pool,42,select,select:0:0.30:random:independent:0,0.5618131868131868,0.48764516086069953,0.6842485869314563,0.4717866355594381,0.6888802323009369,0.4723662594802654,,,0.12130579873272207,724,0.14148351648351648,0.013948991321158278,1.0,"{""Negative"": 0.5714285714285714, ""Neutral"": 0.22568093385214008, ""Positive"": 0.6658259773013872}","[[116, 19, 71], [35, 29, 120], [49, 25, 264]]"
s4_B3_O2lr0.01_seed42,bigru_content_gate_time_pool,42,select,select:0:0.30:random:independent:1,0.5686813186813187,0.49828556397899454,0.6778023333510199,0.48858492094535333,0.6826217673401666,0.4898964830143259,,,0.12130579873272207,724,0.14835164835164835,0.014161619797864785,1.0,"{""Negative"": 0.5888077858880778, ""Neutral"": 0.23938223938223938, ""Positive"": 0.6666666666666666}","[[121, 19, 66], [33, 31, 120], [51, 25, 262]]"
s4_B3_O2lr0.01_seed42,bigru_content_gate_time_pool,42,select,select:0:0.30:random:independent:2,0.5714285714285714,0.5005944450936854,0.6887783995223815,0.445231363143315,0.6941824202185272,0.4476007581132912,,,0.12130579873272207,724,0.14423076923076922,0.0149913705128767,1.0,"{""Negative"": 0.542713567839196, ""Neutral"": 0.27906976744186046, ""Positive"": 0.68}","[[108, 20, 78], [36, 36, 112], [48, 18, 272]]"
s4_B3_O2lr0.01_seed42,bigru_content_gate_time_pool,42,select,select:0:0.50:random:independent:0,0.5439560439560439,0.46956054783049933,0.7081155310455586,0.4232493352468966,0.7132826925301413,0.4231309666804811,,,0.1909987908537763,724,0.14285714285714285,0.012311423303248296,1.0,"{""Negative"": 0.5365853658536586, ""Neutral"": 0.2222222222222222, ""Positive"": 0.6498740554156172}","[[110, 15, 81], [39, 28, 117], [55, 25, 258]]"
s4_B3_O2lr0.01_seed42,bigru_content_gate_time_pool,42,select,select:0:0.50:random:independent:1,0.5274725274725275,0.45987775652057433,0.7368451016880654,0.36456631693803304,0.7432197019442466,0.36353080847995006,,,0.1909987908537763,724,0.13598901098901098,0.012758993013616611,1.0,"{""Negative"": 0.4927536231884058, ""Neutral"": 0.25396825396825395, ""Positive"": 0.6329113924050633}","[[102, 14, 90], [40, 32, 112], [66, 22, 250]]"
s4_B3_O2lr0.01_seed42,bigru_content_gate_time_pool,42,select,select:0:0.50:random:independent:2,0.532967032967033,0.4638494710237464,0.720939770010163,0.39398209866016165,0.7264602886164909,0.3959120748970051,,,0.1909987908537763,724,0.14835164835164835,0.015213478873457227,1.0,"{""Negative"": 0.5037406483790524, ""Neutral"": 0.2471042471042471, ""Positive"": 0.6407035175879398}","[[101, 21, 84], [33, 32, 119], [61, 22, 255]]"
s4_B3_O2lr0.01_seed42,bigru_content_gate_time_pool,42,select,select:1:0.10:random:independent:0,0.5934065934065934,0.5347696641269405,0.6524330769338942,0.5243048148988433,0.6559873194904527,0.5254953499267233,,,0.056143892214244775,724,0.15796703296703296,0.014973512174786773,1.0,"{""Negative"": 0.5894206549118388, ""Neutral"": 0.3225806451612903, ""Positive"": 0.6923076923076923}","[[117, 23, 66], [33, 45, 106], [41, 27, 270]]"
s4_B3_O2lr0.01_seed42,bigru_content_gate_time_pool,42,select,select:1:0.10:random:independent:1,0.5947802197802198,0.5348788096900959,0.652005418824339,0.5200552283143262,0.6570301798356513,0.5195798857891525,,,0.056143892214244775,724,0.15384615384615385,0.015532743213219301,1.0,"{""Negative"": 0.592964824120603, ""Neutral"": 0.3176895306859206, ""Positive"": 0.6939820742637645}","[[118, 24, 64], [32, 44, 108], [42, 25, 271]]"
s4_B3_O2lr0.01_seed42,bigru_content_gate_time_pool,42,select,select:1:0.10:random:independent:2,0.5906593406593407,0.5335937759027742,0.6523564201049261,0.5239824745642656,0.6559574481069141,0.525616268904376,,,0.056143892214244775,724,0.1662087912087912,0.016507093139197473,1.0,"{""Negative"": 0.5959595959595959, ""Neutral"": 0.3157894736842105, ""Positive"": 0.6890322580645162}","[[118, 27, 61], [30, 45, 109], [42, 29, 267]]"
s4_B3_O2lr0.01_seed42,bigru_content_gate_time_pool,42,select,select:1:0.30:random:independent:0,0.5892857142857143,0.5310931657611957,0.6486928231398238,0.5312884427470873,0.6535306015604554,0.5303196253638808,,,0.12118179079621412,724,0.15521978021978022,0.015724504408862566,1.0,"{""Negative"": 0.6004962779156328, ""Neutral"": 0.30714285714285716, ""Positive"": 0.685640362225097}","[[121, 23, 62], [33, 43, 108], [43, 30, 265]]"
s4_B3_O2lr0.01_seed42,bigru_content_gate_time_pool,42,select,select:1:0.30:random:independent:1,0.5851648351648352,0.5249934304024885,0.6509826370932652,0.5269616520298557,0.6548476303763852,0.5276636726216782,,,0.12118179079621412,724,0.15247252747252749,0.015389792514616972,1.0,"{""Negative"": 0.5885286783042394, ""Neutral"": 0.3, ""Positive"": 0.6864516129032258}","[[118, 24, 64], [35, 42, 107], [42, 30, 266]]"
s4_B3_O2lr0.01_seed42,bigru_content_gate_time_pool,42,select,select:1:0.30:random:independent:2,0.5947802197802198,0.5394957730553612,0.651304820924154,0.5224363993203606,0.6559404113258307,0.522476985054177,,,0.12118179079621412,724,0.16758241758241757,0.016672911531363542,1.0,"{""Negative"": 0.5894206549118388, ""Neutral"": 0.3356643356643357, ""Positive"": 0.6934023285899095}","[[117, 25, 64], [33, 48, 103], [41, 29, 268]]"
s4_B3_O2lr0.01_seed42,bigru_content_gate_time_pool,42,select,select:1:0.50:random:independent:0,0.5975274725274725,0.5423566860649179,0.6441886427674566,0.5373817916505694,0.6493815000394134,0.5375330496925877,,,0.19077939219687765,724,0.15934065934065933,0.015828290308553438,1.0,"{""Negative"": 0.6030150753768844, ""Neutral"": 0.3333333333333333, ""Positive"": 0.6907216494845361}","[[120, 22, 64], [31, 47, 106], [41, 29, 268]]"
s4_B3_O2lr0.01_seed42,bigru_content_gate_time_pool,42,select,select:1:0.50:random:independent:1,0.5989010989010989,0.543315755662322,0.6488669358968898,0.5307059582090683,0.6539042904809281,0.5307028464277848,,,0.19077939219687765,724,0.14560439560439561,0.014238125771627974,1.0,"{""Negative"": 0.6034912718204489, ""Neutral"": 0.3321554770318021, ""Positive"": 0.694300518134715}","[[121, 23, 62], [33, 47, 104], [41, 29, 268]]"
s4_B3_O2lr0.01_seed42,bigru_content_gate_time_pool,42,select,select:1:0.50:random:independent:2,0.5961538461538461,0.5450437166112084,0.6471817600954857,0.5321085183823998,0.6525966527175854,0.5319836645299201,,,0.19077939219687765,724,0.16895604395604397,0.01567191942610092,1.0,"{""Negative"": 0.5935162094763092, ""Neutral"": 0.35051546391752575, ""Positive"": 0.6910994764397905}","[[119, 27, 60], [31, 51, 102], [45, 29, 264]]"
s4_B3_O2lr0.01_seed42,bigru_content_gate_time_pool,42,select,select:2:0.10:random:independent:0,0.592032967032967,0.5311959519395514,0.6539722984762719,0.5177873549278771,0.6590867960252441,0.515330050546431,,,0.05471828184470957,703,0.15384615384615385,0.015119723731909805,1.0,"{""Negative"": 0.5909090909090909, ""Neutral"": 0.3104693140794224, ""Positive"": 0.6922094508301405}","[[117, 24, 65], [32, 43, 109], [41, 26, 271]]"
s4_B3_O2lr0.01_seed42,bigru_content_gate_time_pool,42,select,select:2:0.10:random:independent:1,0.5851648351648352,0.5250140056022409,0.6559050380099687,0.5168394308973727,0.6605679934209847,0.5147954657542534,,,0.054688334898890016,703,0.14285714285714285,0.013222645393693512,1.0,"{""Negative"": 0.595, ""Neutral"": 0.3014705882352941, ""Positive"": 0.6785714285714286}","[[119, 20, 67], [30, 41, 113], [45, 27, 266]]"
s4_B3_O2lr0.01_seed42,bigru_content_gate_time_pool,42,select,select:2:0.10:random:independent:2,0.5865384615384616,0.52551169746904,0.6544639696255408,0.5198426949154068,0.6586273615555531,0.5172411158099353,,,0.05481930502759008,703,0.15521978021978022,0.015046679890254041,1.0,"{""Negative"": 0.5959595959595959, ""Neutral"": 0.296028880866426, ""Positive"": 0.6845466155810983}","[[118, 23, 65], [31, 41, 112], [41, 29, 268]]"
s4_B3_O2lr0.01_seed42,bigru_content_gate_time_pool,42,select,select:2:0.30:random:independent:0,0.592032967032967,0.5279689479430156,0.6508460524538471,0.5236294020065385,0.6552109752300677,0.5200647569879424,,,0.11537182825966232,703,0.13873626373626374,0.011225806497569593,1.0,"{""Negative"": 0.6034912718204489, ""Neutral"": 0.2943396226415094, ""Positive"": 0.6860759493670886}","[[121, 18, 67], [31, 39, 114], [43, 24, 271]]"
s4_B3_O2lr0.01_seed42,bigru_content_gate_time_pool,42,select,select:2:0.30:random:independent:1,0.6002747252747253,0.5358016790272183,0.6515790041197377,0.5234520925018035,0.6559432210083437,0.5218748109379502,,,0.11628030776814742,703,0.13186813186813187,0.010987316689501096,1.0,"{""Negative"": 0.6188118811881188, ""Neutral"": 0.2965779467680608, ""Positive"": 0.6920152091254753}","[[125, 17, 64], [31, 39, 114], [42, 23, 273]]"
s4_B3_O2lr0.01_seed42,bigru_content_gate_time_pool,42,select,select:2:0.30:random:independent:2,0.5934065934065934,0.5259509083880943,0.6537685321665317,0.5199021751371844,0.6580499868614824,0.5167693416292972,,,0.11578318848929205,703,0.13736263736263737,0.011253441612790904,1.0,"{""Negative"": 0.615, ""Neutral"": 0.27692307692307694, ""Positive"": 0.6859296482412061}","[[123, 16, 67], [30, 36, 118], [41, 24, 273]]"
s4_B3_O2lr0.01_seed42,bigru_content_gate_time_pool,42,select,select:2:0.50:random:independent:0,0.5892857142857143,0.5184080903697109,0.652090730243733,0.5216709386573126,0.6562896174747128,0.5208592461683416,,,0.18051985710310411,703,0.1346153846153846,0.011577605228928419,1.0,"{""Negative"": 0.5969387755102041, ""Neutral"": 0.2692307692307692, ""Positive"": 0.6890547263681592}","[[117, 18, 71], [31, 35, 118], [38, 23, 277]]"
s4_B3_O2lr0.01_seed42,bigru_content_gate_time_pool,42,select,select:2:0.50:random:independent:1,0.5810439560439561,0.5091887199830447,0.657089071826997,0.5168282409722633,0.6604465597211946,0.5164845109441226,,,0.18035659556840442,703,0.14560439560439561,0.012009466779424431,1.0,"{""Negative"": 0.5924050632911393, ""Neutral"": 0.2509505703422053, ""Positive"": 0.6842105263157895}","[[117, 22, 67], [31, 33, 120], [41, 24, 273]]"
s4_B3_O2lr0.01_seed42,bigru_content_gate_time_pool,42,select,select:2:0.50:random:independent:2,0.5892857142857143,0.5153626082712037,0.6520969553726798,0.5187065112557131,0.6557302975638227,0.5191065195550482,,,0.18067481495681129,703,0.12912087912087913,0.01081338494396308,1.0,"{""Negative"": 0.5964912280701754, ""Neutral"": 0.25882352941176473, ""Positive"": 0.6907730673316709}","[[119, 19, 68], [32, 33, 119], [42, 19, 277]]"
s4_B3_O2lr0.01_seed42,bigru_content_gate_time_pool,42,select,select:01:0.10:random:independent:0,0.5851648351648352,0.5273411196555845,0.6596632537857189,0.502790254878117,0.6657613491240356,0.5022309156629644,,,0.09164042378228397,724,0.15796703296703296,0.01604776112569066,1.0,"{""Negative"": 0.5812807881773399, ""Neutral"": 0.3176895306859206, ""Positive"": 0.6830530401034929}","[[118, 23, 65], [34, 44, 106], [48, 26, 264]]"
s4_B3_O2lr0.01_seed42,bigru_content_gate_time_pool,42,select,select:01:0.10:random:independent:1,0.5824175824175825,0.527050080092358,0.6624642324203155,0.5047154546161436,0.6669882659667304,0.5084499581851605,,,0.09164042378228397,724,0.15521978021978022,0.015044476068429239,1.0,"{""Negative"": 0.57356608478803, ""Neutral"": 0.32974910394265233, ""Positive"": 0.6778350515463918}","[[115, 24, 67], [30, 46, 108], [50, 25, 263]]"
s4_B3_O2lr0.01_seed42,bigru_content_gate_time_pool,42,select,select:01:0.10:random:independent:2,0.5879120879120879,0.532655018401897,0.6618121406398386,0.49734993081931594,0.6673151380996537,0.5002714923526294,,,0.09164042378228397,724,0.14423076923076922,0.014175028772341025,1.0,"{""Negative"": 0.5975903614457831, ""Neutral"": 0.32592592592592595, ""Positive"": 0.6744487678339819}","[[124, 19, 63], [30, 44, 110], [55, 23, 260]]"
s4_B3_O2lr0.01_seed42,bigru_content_gate_time_pool,42,select,select:01:0.30:random:independent:0,0.5906593406593407,0.5188596783533492,0.6654756238393732,0.5102101449739053,0.6705968643252093,0.5099936636751856,,,0.22180207259457435,724,0.13324175824175824,0.012124193192650002,1.0,"{""Negative"": 0.5798525798525799, ""Neutral"": 0.277992277992278, ""Positive"": 0.6987341772151898}","[[118, 18, 70], [42, 36, 106], [41, 21, 276]]"
s4_B3_O2lr0.01_seed42,bigru_content_gate_time_pool,42,select,select:01:0.30:random:independent:1,0.5769230769230769,0.5109828705370106,0.6693595500995988,0.48816881766791137,0.6749615363295671,0.48955214070677633,,,0.22180207259457435,724,0.13186813186813187,0.013171608711918303,1.0,"{""Negative"": 0.5749385749385749, ""Neutral"": 0.2803030303030303, ""Positive"": 0.6777070063694267}","[[117, 19, 70], [36, 37, 111], [48, 24, 266]]"
s4_B3_O2lr0.01_seed42,bigru_content_gate_time_pool,42,select,select:01:0.30:random:independent:2,0.5686813186813187,0.5041941157718478,0.6819158809163659,0.4606017227508671,0.6856978174227362,0.4639673735713892,,,0.22180207259457435,724,0.15521978021978022,0.016794334554672243,1.0,"{""Negative"": 0.5431472081218274, ""Neutral"": 0.2909090909090909, ""Positive"": 0.6785260482846251}","[[107, 26, 73], [35, 40, 109], [46, 25, 267]]"
s4_B3_O2lr0.01_seed42,bigru_content_gate_time_pool,42,select,select:01:0.50:random:independent:0,0.5604395604395604,0.4920970624034253,0.6979410288005004,0.43920145737066063,0.7047001298793315,0.4371483176418411,,,0.36109266611629226,724,0.16346153846153846,0.016348137756134126,1.0,"{""Negative"": 0.5384615384615384, ""Neutral"": 0.26865671641791045, ""Positive"": 0.6691729323308271}","[[105, 21, 80], [35, 36, 113], [44, 27, 267]]"
s4_B3_O2lr0.01_seed42,bigru_content_gate_time_pool,42,select,select:01:0.50:random:independent:1,0.5645604395604396,0.4986735451810372,0.6889762467626604,0.4299600983692105,0.695127827655217,0.42955560357049827,,,0.36109266611629226,724,0.14972527472527472,0.015213218486689767,1.0,"{""Negative"": 0.5263157894736842, ""Neutral"": 0.2988505747126437, ""Positive"": 0.6708542713567839}","[[105, 18, 83], [37, 39, 108], [51, 20, 267]]"
s4_B3_O2lr0.01_seed42,bigru_content_gate_time_pool,42,select,select:01:0.50:random:independent:2,0.5384615384615384,0.47349299834934705,0.7084036610944259,0.4183515319466053,0.7134683309890494,0.4194985222901674,,,0.36109266611629226,724,0.15384615384615385,0.01473246260662819,1.0,"{""Negative"": 0.4925373134328358, ""Neutral"": 0.2781954887218045, ""Positive"": 0.649746192893401}","[[99, 19, 88], [41, 37, 106], [56, 26, 256]]"
s4_B3_O2lr0.01_seed42,bigru_content_gate_time_pool,42,select,select:02:0.10:random:independent:0,0.5851648351648352,0.5216285551637205,0.6617002397083401,0.5111708798521665,0.6660060829656956,0.5118078737985139,,,0.09025892452344063,724,0.13873626373626374,0.013486269658648378,1.0,"{""Negative"": 0.581453634085213, ""Neutral"": 0.3007518796992481, ""Positive"": 0.6826801517067004}","[[116, 20, 70], [31, 40, 113], [46, 22, 270]]"
s4_B3_O2lr0.01_seed42,bigru_content_gate_time_pool,42,select,select:02:0.10:random:independent:1,0.5824175824175825,0.5183959432057038,0.6706221101184059,0.4906520195376631,0.6759051495272625,0.49272810728664884,,,0.09020706469477802,724,0.13736263736263737,0.012426507195470097,1.0,"{""Negative"": 0.5806451612903226, ""Neutral"": 0.2943396226415094, ""Positive"": 0.6802030456852792}","[[117, 20, 69], [32, 39, 113], [48, 22, 268]]"
s4_B3_O2lr0.01_seed42,bigru_content_gate_time_pool,42,select,select:02:0.10:random:independent:2,0.5865384615384616,0.5268195473752482,0.6618522301434406,0.500923283534982,0.6684765388196395,0.49942920473547053,,,0.09022829257477709,724,0.1401098901098901,0.013489145825590406,1.0,"{""Negative"": 0.5985037406483791, ""Neutral"": 0.30597014925373134, ""Positive"": 0.6759847522236341}","[[120, 16, 70], [30, 41, 113], [45, 27, 266]]"
s4_B3_O2lr0.01_seed42,bigru_content_gate_time_pool,42,select,select:02:0.30:random:independent:0,0.5618131868131868,0.48812982959974266,0.6807589694884617,0.4784407275389952,0.6855972443175103,0.48086325616293,,,0.21662896826569322,724,0.12362637362637363,0.011313877213615311,1.0,"{""Negative"": 0.5459183673469388, ""Neutral"": 0.25098039215686274, ""Positive"": 0.6674907292954264}","[[107, 17, 82], [33, 32, 119], [46, 22, 270]]"
s4_B3_O2lr0.01_seed42,bigru_content_gate_time_pool,42,select,select:02:0.30:random:independent:1,0.570054945054945,0.4905791290223045,0.6883882971026413,0.4590800727104361,0.6921449282595499,0.4598078372526014,,,0.2163273861362854,724,0.12774725274725274,0.008938819070004827,1.0,"{""Negative"": 0.5618556701030928, ""Neutral"": 0.23673469387755103, ""Positive"": 0.6731470230862697}","[[109, 12, 85], [32, 29, 123], [41, 20, 277]]"
s4_B3_O2lr0.01_seed42,bigru_content_gate_time_pool,42,select,select:02:0.30:random:independent:2,0.5412087912087912,0.4660332013930604,0.6840077103664586,0.470060665473591,0.6887888996401331,0.47278551184800094,,,0.21614375377087763,724,0.1304945054945055,0.01225274082574543,1.0,"{""Negative"": 0.5426356589147286, ""Neutral"": 0.2109375, ""Positive"": 0.6445264452644527}","[[105, 17, 84], [28, 27, 129], [48, 28, 262]]"
s4_B3_O2lr0.01_seed42,bigru_content_gate_time_pool,42,select,select:02:0.50:random:independent:0,0.5247252747252747,0.4187233493288672,0.7306775156190843,0.37673342766668977,0.732214075641113,0.37696996580082204,,,0.3507859006961929,724,0.11126373626373626,0.008229641538318042,1.0,"{""Negative"": 0.4911392405063291, ""Neutral"": 0.11818181818181818, ""Positive"": 0.6468489892984542}","[[97, 10, 99], [39, 13, 132], [53, 13, 272]]"
s4_B3_O2lr0.01_seed42,bigru_content_gate_time_pool,42,select,select:02:0.50:random:independent:1,0.5302197802197802,0.4303257329758674,0.7155874902801199,0.3879320096321773,0.7186323406666026,0.39052219967364427,,,0.35119532701886813,724,0.10989010989010989,0.009526190780627204,1.0,"{""Negative"": 0.4884318766066838, ""Neutral"": 0.14782608695652175, ""Positive"": 0.6547192353643967}","[[95, 16, 95], [37, 17, 130], [51, 13, 274]]"
s4_B3_O2lr0.01_seed42,bigru_content_gate_time_pool,42,select,select:02:0.50:random:independent:2,0.5315934065934066,0.4378388447842889,0.7188188181776103,0.39216123348285387,0.723271883497076,0.39378850009703165,,,0.35125174458983455,724,0.12637362637362637,0.011509488394455267,1.0,"{""Negative"": 0.4946808510638298, ""Neutral"": 0.16877637130801687, ""Positive"": 0.6500593119810202}","[[93, 15, 98], [31, 20, 133], [46, 18, 274]]"
s4_B3_O2lr0.01_seed42,bigru_content_gate_time_pool,42,select,select:12:0.10:random:independent:0,0.5934065934065934,0.5309969239995586,0.6521872372383191,0.5247843527532549,0.6555723687531528,0.5248585612183528,,,0.09011852407557222,724,0.14972527472527472,0.015450781548539032,1.0,"{""Negative"": 0.5924050632911393, ""Neutral"": 0.3076923076923077, ""Positive"": 0.6928934010152284}","[[117, 24, 65], [30, 42, 112], [42, 23, 273]]"
s4_B3_O2lr0.01_seed42,bigru_content_gate_time_pool,42,select,select:12:0.10:random:independent:1,0.6002747252747253,0.5377546885307699,0.6558470697957163,0.5181394530070981,0.6594819947719001,0.5182054675914071,,,0.09019592878213162,724,0.1346153846153846,0.012183059255353044,1.0,"{""Negative"": 0.595, ""Neutral"": 0.31851851851851853, ""Positive"": 0.6997455470737913}","[[119, 22, 65], [33, 43, 108], [42, 21, 275]]"
s4_B3_O2lr0.01_seed42,bigru_content_gate_time_pool,42,select,select:12:0.10:random:independent:2,0.5906593406593407,0.534691358843773,0.6547385631068641,0.5196161709872397,0.6589026197171923,0.5200085640399641,,,0.09018448391793114,724,0.15247252747252749,0.014771060041907234,1.0,"{""Negative"": 0.5985037406483791, ""Neutral"": 0.3225806451612903, ""Positive"": 0.6829896907216495}","[[120, 21, 65], [31, 45, 108], [44, 29, 265]]"
s4_B3_O2lr0.01_seed42,bigru_content_gate_time_pool,42,select,select:12:0.30:random:independent:0,0.5934065934065934,0.5291751372661614,0.6464285517104871,0.5360158060672918,0.6506343307894665,0.5343266015892644,,,0.21577850944764493,724,0.1401098901098901,0.013682193113044723,1.0,"{""Negative"": 0.5918367346938775, ""Neutral"": 0.30036630036630035, ""Positive"": 0.695322376738306}","[[116, 23, 67], [32, 41, 111], [38, 25, 275]]"
s4_B3_O2lr0.01_seed42,bigru_content_gate_time_pool,42,select,select:12:0.30:random:independent:1,0.5947802197802198,0.5291314156796391,0.6465200547112132,0.5341164990632506,0.6500197292540918,0.5329280384298009,,,0.2160189805783876,724,0.14423076923076922,0.014297057651220768,1.0,"{""Negative"": 0.6040609137055838, ""Neutral"": 0.28888888888888886, ""Positive"": 0.6944444444444444}","[[119, 23, 64], [30, 39, 115], [39, 24, 275]]"
s4_B3_O2lr0.01_seed42,bigru_content_gate_time_pool,42,select,select:12:0.30:random:independent:2,0.5975274725274725,0.5320633201884547,0.6446846666267613,0.5332430855149098,0.6494115560039223,0.5322674251003823,,,0.21623765565574107,724,0.12774725274725274,0.011761204391210289,1.0,"{""Negative"": 0.6080402010050251, ""Neutral"": 0.29545454545454547, ""Positive"": 0.6926952141057935}","[[121, 17, 68], [32, 39, 113], [39, 24, 275]]"
s4_B3_O2lr0.01_seed42,bigru_content_gate_time_pool,42,select,select:12:0.50:random:independent:0,0.5961538461538461,0.5332198401445304,0.648907727601895,0.5311570885538138,0.6546309339624553,0.5286449021973004,,,0.3507132531656354,724,0.1510989010989011,0.01312926911785789,1.0,"{""Negative"": 0.6077922077922078, ""Neutral"": 0.29927007299270075, ""Positive"": 0.6925972396486826}","[[117, 22, 67], [27, 41, 116], [35, 27, 276]]"
s4_B3_O2lr0.01_seed42,bigru_content_gate_time_pool,42,select,select:12:0.50:random:independent:1,0.603021978021978,0.5396627971254837,0.6440535360657906,0.5372328871770944,0.6489235742867074,0.5363245892814786,,,0.3507343430875613,724,0.13873626373626374,0.011931366836115882,1.0,"{""Negative"": 0.6060606060606061, ""Neutral"": 0.31343283582089554, ""Positive"": 0.6994949494949495}","[[120, 21, 65], [30, 42, 112], [40, 21, 277]]"
s4_B3_O2lr0.01_seed42,bigru_content_gate_time_pool,42,select,select:12:0.50:random:independent:2,0.6016483516483516,0.5402209442355428,0.6451112235469232,0.5330171357706687,0.6507283970918302,0.5319018259487687,,,0.3509549248224926,724,0.14697802197802198,0.012958311850774092,1.0,"{""Negative"": 0.6, ""Neutral"": 0.32116788321167883, ""Positive"": 0.6994949494949495}","[[117, 23, 66], [29, 44, 111], [38, 23, 277]]"
s4_B3_O2lr0.01_seed42,bigru_content_gate_time_pool,42,select,select:012:0.10:random:independent:0,0.5934065934065934,0.5274993247314509,0.6605500350794622,0.5057112119104514,0.6640369679169873,0.5079215563174773,,,0.12558993973665408,724,0.13598901098901098,0.013243425368382543,1.0,"{""Negative"": 0.605, ""Neutral"": 0.2889733840304182, ""Positive"": 0.6885245901639344}","[[121, 19, 66], [30, 38, 116], [43, 22, 273]]"
s4_B3_O2lr0.01_seed42,bigru_content_gate_time_pool,42,select,select:012:0.10:random:independent:1,0.5728021978021978,0.5116395458360121,0.6669732062085645,0.4863693679659766,0.6707104716378336,0.4882216747901757,,,0.12571082327220762,724,0.14148351648351648,0.01372308776502262,1.0,"{""Negative"": 0.5763546798029556, ""Neutral"": 0.291044776119403, ""Positive"": 0.6675191815856778}","[[117, 18, 71], [33, 39, 112], [50, 27, 261]]"
s4_B3_O2lr0.01_seed42,bigru_content_gate_time_pool,42,select,select:012:0.10:random:independent:2,0.592032967032967,0.5337828799688721,0.6626068702177851,0.5067665363590534,0.6705648413306655,0.5070069707365661,,,0.1256004676726215,724,0.1510989010989011,0.01625532137983284,1.0,"{""Negative"": 0.5858585858585859, ""Neutral"": 0.3284671532846715, ""Positive"": 0.6870229007633588}","[[116, 20, 70], [31, 45, 108], [43, 25, 270]]"
s4_B3_O2lr0.01_seed42,bigru_content_gate_time_pool,42,select,select:012:0.30:random:independent:0,0.5728021978021978,0.5059399586875291,0.676849669758255,0.49309701445353576,0.6819555736812097,0.4913033100049458,,,0.3162180586060894,724,0.14560439560439561,0.012073131929452604,1.0,"{""Negative"": 0.5518987341772152, ""Neutral"": 0.2900763358778626, ""Positive"": 0.6758448060075094}","[[109, 18, 79], [34, 38, 112], [46, 22, 270]]"
s4_B3_O2lr0.01_seed42,bigru_content_gate_time_pool,42,select,select:012:0.30:random:independent:1,0.5563186813186813,0.4838706681335943,0.6794559944329926,0.4690541326318136,0.6831064378039318,0.47219243221203117,,,0.3167463590511638,724,0.13736263736263737,0.014390729087472453,1.0,"{""Negative"": 0.5289672544080605, ""Neutral"": 0.25680933852140075, ""Positive"": 0.6658354114713217}","[[105, 20, 81], [35, 33, 116], [51, 20, 267]]"
s4_B3_O2lr0.01_seed42,bigru_content_gate_time_pool,42,select,select:012:0.30:random:independent:2,0.5810439560439561,0.5037408075036847,0.6743001926459617,0.49057968437119837,0.6776811517877402,0.4901135110084431,,,0.31705028085974835,724,0.12087912087912088,0.009306540201014868,1.0,"{""Negative"": 0.5664160401002506, ""Neutral"": 0.2549800796812749, ""Positive"": 0.6898263027295285}","[[113, 17, 76], [38, 32, 114], [42, 18, 278]]"
s4_B3_O2lr0.01_seed42,bigru_content_gate_time_pool,42,select,select:012:0.50:random:independent:0,0.5590659340659341,0.48731998181425973,0.6986988294938518,0.4356104812562116,0.7027553629621373,0.4405275875101576,,,0.5214278455584954,724,0.15247252747252749,0.014339992964472416,1.0,"{""Negative"": 0.5431472081218274, ""Neutral"": 0.2462686567164179, ""Positive"": 0.672544080604534}","[[107, 29, 70], [32, 33, 119], [49, 22, 267]]"
s4_B3_O2lr0.01_seed42,bigru_content_gate_time_pool,42,select,select:012:0.50:random:independent:1,0.5618131868131868,0.492928286426048,0.6833558096862101,0.4657564283958779,0.6885242886114661,0.4661222549138878,,,0.5211035116402414,724,0.1565934065934066,0.011954656589547029,1.0,"{""Negative"": 0.5581395348837209, ""Neutral"": 0.2556390977443609, ""Positive"": 0.6650062266500623}","[[108, 22, 76], [28, 34, 122], [45, 26, 267]]"
s4_B3_O2lr0.01_seed42,bigru_content_gate_time_pool,42,select,select:012:0.50:random:independent:2,0.554945054945055,0.48523105708657016,0.6906103702316981,0.45660779314723754,0.6950784206165226,0.459939827848862,,,0.5211950835022432,724,0.14972527472527472,0.01301885507379423,1.0,"{""Negative"": 0.5268542199488491, ""Neutral"": 0.26217228464419473, ""Positive"": 0.6666666666666666}","[[103, 22, 81], [36, 35, 113], [46, 26, 266]]"
s4_B3_O2lr0.01_seed42,bigru_content_gate_time_pool,42,clean,clean:clean,0.5865384615384616,0.5280542697285081,0.6556096835244242,0.5166447824676423,0.659430076496082,0.5163253250877926,,,0.020685516934361863,0,0.16071428571428573,0.014825614468376713,1.0,"{""Negative"": 0.5843828715365239, ""Neutral"": 0.3142857142857143, ""Positive"": 0.6854942233632862}","[[116, 25, 65], [31, 44, 109], [44, 27, 267]]"
s4_B3_O2lr0.03_seed42,bigru_content_gate_time_pool,42,select,select:0:0.10:random:independent:0,0.5851648351648352,0.5131753279074379,0.67343234447353,0.4951057919139206,0.6779251532388626,0.4921210061756173,,,0.056182048502401064,724,0.11950549450549451,0.00842734857335441,1.0,"{""Negative"": 0.5663265306122449, ""Neutral"": 0.2868525896414343, ""Positive"": 0.6863468634686347}","[[111, 16, 79], [31, 36, 117], [44, 15, 279]]"
s4_B3_O2lr0.03_seed42,bigru_content_gate_time_pool,42,select,select:0:0.10:random:independent:1,0.5837912087912088,0.5106459937954643,0.6738816344309025,0.48630846514423864,0.6778434571684696,0.4852750225705335,,,0.056182048502401064,724,0.11950549450549451,0.00809058064182422,1.0,"{""Negative"": 0.5526315789473685, ""Neutral"": 0.2890625, ""Positive"": 0.6902439024390243}","[[105, 18, 83], [31, 37, 116], [38, 17, 283]]"
s4_B3_O2lr0.03_seed42,bigru_content_gate_time_pool,42,select,select:0:0.10:random:independent:2,0.5741758241758241,0.5087928729251595,0.6741841443314065,0.4945880704361271,0.6779081080918671,0.49390696291288605,,,0.056182048502401064,724,0.12637362637362637,0.009216690497134125,1.0,"{""Negative"": 0.5421994884910486, ""Neutral"": 0.31007751937984496, ""Positive"": 0.6741016109045849}","[[106, 17, 83], [30, 40, 114], [49, 17, 272]]"
s4_B3_O2lr0.03_seed42,bigru_content_gate_time_pool,42,select,select:0:0.30:random:independent:0,0.5576923076923077,0.4605098669960334,0.6942650032670851,0.46429653981692126,0.6962195338577718,0.4636793678544129,,,0.12130579873272207,724,0.09478021978021978,0.005216367611262415,1.0,"{""Negative"": 0.5235602094240838, ""Neutral"": 0.18421052631578946, ""Positive"": 0.6737588652482269}","[[100, 13, 93], [33, 21, 130], [43, 10, 285]]"
s4_B3_O2lr0.03_seed42,bigru_content_gate_time_pool,42,select,select:0:0.30:random:independent:1,0.5604395604395604,0.4686715786319935,0.6911974859429882,0.47505223669880814,0.6920111695269973,0.47701224247068225,,,0.12130579873272207,724,0.1043956043956044,0.005912926804583396,1.0,"{""Negative"": 0.5364583333333334, ""Neutral"": 0.19491525423728814, ""Positive"": 0.6746411483253588}","[[103, 17, 86], [31, 23, 130], [44, 12, 282]]"
s4_B3_O2lr0.03_seed42,bigru_content_gate_time_pool,42,select,select:0:0.30:random:independent:2,0.5659340659340659,0.47668204898179206,0.6979614005816752,0.43457922839466634,0.7005945153797946,0.43682905577200537,,,0.12130579873272207,724,0.10302197802197802,0.0059118930876971435,1.0,"{""Negative"": 0.5092838196286472, ""Neutral"": 0.23829787234042554, ""Positive"": 0.6824644549763034}","[[96, 14, 96], [34, 28, 122], [41, 9, 288]]"
s4_B3_O2lr0.03_seed42,bigru_content_gate_time_pool,42,select,select:0:0.50:random:independent:0,0.5302197802197802,0.42183168043996244,0.7146065799074831,0.4067680873193879,0.7161512885410287,0.40492966599451624,,,0.1909987908537763,724,0.08104395604395605,0.004013904299443731,1.0,"{""Negative"": 0.467966573816156, ""Neutral"": 0.14678899082568808, ""Positive"": 0.6507394766780432}","[[84, 9, 113], [26, 16, 142], [43, 9, 286]]"
s4_B3_O2lr0.03_seed42,bigru_content_gate_time_pool,42,select,select:0:0.50:random:independent:1,0.5,0.39527068488309575,0.7316042178428681,0.34897615911648566,0.7316792659553607,0.3518964160619505,,,0.1909987908537763,724,0.09203296703296704,0.005002173496995653,1.0,"{""Negative"": 0.40217391304347827, ""Neutral"": 0.15315315315315314, ""Positive"": 0.6304849884526559}","[[74, 11, 121], [33, 17, 134], [55, 10, 273]]"
s4_B3_O2lr0.03_seed42,bigru_content_gate_time_pool,42,select,select:0:0.50:random:independent:2,0.5178571428571429,0.41629865089452306,0.7207193341624667,0.3923697999551558,0.7217585300440787,0.39483706377910355,,,0.1909987908537763,724,0.08516483516483517,0.0048726105669124435,1.0,"{""Negative"": 0.4401114206128134, ""Neutral"": 0.168141592920354, ""Positive"": 0.6406429391504018}","[[79, 11, 116], [27, 19, 138], [47, 12, 279]]"
s4_B3_O2lr0.03_seed42,bigru_content_gate_time_pool,42,select,select:1:0.10:random:independent:0,0.6016483516483516,0.5408342954712322,0.6587308972995922,0.5192971116921101,0.6634523942964253,0.5169563380442831,,,0.056143892214244775,724,0.13873626373626374,0.01061277307070239,1.0,"{""Negative"": 0.5927835051546392, ""Neutral"": 0.33210332103321033, ""Positive"": 0.6976160602258469}","[[115, 21, 70], [28, 45, 111], [39, 21, 278]]"
s4_B3_O2lr0.03_seed42,bigru_content_gate_time_pool,42,select,select:1:0.10:random:independent:1,0.5975274725274725,0.5389396446554584,0.6591535460957091,0.5144092878957981,0.6638620684875155,0.5137894367541614,,,0.056143892214244775,724,0.14697802197802198,0.011516056264640128,1.0,"{""Negative"": 0.5876288659793815, ""Neutral"": 0.3382352941176471, ""Positive"": 0.6909547738693468}","[[114, 20, 72], [27, 46, 111], [41, 22, 275]]"
s4_B3_O2lr0.03_seed42,bigru_content_gate_time_pool,42,select,select:1:0.10:random:independent:2,0.6002747252747253,0.540970532576372,0.6583109446488423,0.5177648893286648,0.6630341614395697,0.516803249025608,,,0.056143892214244775,724,0.14972527472527472,0.011992450944196105,1.0,"{""Negative"": 0.6, ""Neutral"": 0.3284671532846715, ""Positive"": 0.6944444444444444}","[[117, 22, 67], [27, 45, 112], [40, 23, 275]]"
s4_B3_O2lr0.03_seed42,bigru_content_gate_time_pool,42,select,select:1:0.30:random:independent:0,0.5906593406593407,0.532825336413412,0.6566224153701216,0.521967063680117,0.6603229295290945,0.522484663084101,,,0.12118179079621412,724,0.1565934065934066,0.011768148409671424,1.0,"{""Negative"": 0.5873417721518988, ""Neutral"": 0.3249097472924188, ""Positive"": 0.6862244897959183}","[[116, 23, 67], [29, 45, 110], [44, 25, 269]]"
s4_B3_O2lr0.03_seed42,bigru_content_gate_time_pool,42,select,select:1:0.30:random:independent:1,0.5961538461538461,0.5327206505328131,0.6567727088597112,0.5223346090202066,0.6605365058217852,0.5221243617681606,,,0.12118179079621412,724,0.14423076923076922,0.010808138975031304,1.0,"{""Negative"": 0.5918367346938775, ""Neutral"": 0.3111111111111111, ""Positive"": 0.6952141057934509}","[[116, 21, 69], [31, 42, 111], [39, 23, 276]]"
s4_B3_O2lr0.03_seed42,bigru_content_gate_time_pool,42,select,select:1:0.30:random:independent:2,0.6043956043956044,0.5424412994341025,0.6573928671606509,0.5195690960862605,0.6619288294127078,0.5181477818244608,,,0.12118179079621412,724,0.14560439560439561,0.011239539592778616,1.0,"{""Negative"": 0.6030927835051546, ""Neutral"": 0.32234432234432236, ""Positive"": 0.7018867924528301}","[[117, 24, 65], [27, 44, 113], [38, 21, 279]]"
s4_B3_O2lr0.03_seed42,bigru_content_gate_time_pool,42,select,select:1:0.50:random:independent:0,0.5947802197802198,0.5380361725351775,0.6537239342783977,0.5287545398798025,0.6580006952690483,0.5288948369956012,,,0.19077939219687765,724,0.15384615384615385,0.011472778676097169,1.0,"{""Negative"": 0.5897435897435898, ""Neutral"": 0.3321554770318021, ""Positive"": 0.6922094508301405}","[[115, 24, 67], [30, 47, 107], [39, 28, 271]]"
s4_B3_O2lr0.03_seed42,bigru_content_gate_time_pool,42,select,select:1:0.50:random:independent:1,0.5906593406593407,0.5317643845407574,0.6566700903465297,0.5206050766376429,0.6605892057190291,0.5200168021264588,,,0.19077939219687765,724,0.15384615384615385,0.01169170820821527,1.0,"{""Negative"": 0.5933503836317136, ""Neutral"": 0.31316725978647686, ""Positive"": 0.6887755102040817}","[[116, 24, 66], [30, 44, 110], [39, 29, 270]]"
s4_B3_O2lr0.03_seed42,bigru_content_gate_time_pool,42,select,select:1:0.50:random:independent:2,0.5906593406593407,0.5327218700087492,0.6547399562685638,0.5225358598055977,0.6581056127670109,0.5232780195758878,,,0.19077939219687765,724,0.15934065934065933,0.012217064648733608,1.0,"{""Negative"": 0.5743589743589743, ""Neutral"": 0.3298245614035088, ""Positive"": 0.6939820742637645}","[[112, 27, 67], [32, 47, 105], [40, 27, 271]]"
s4_B3_O2lr0.03_seed42,bigru_content_gate_time_pool,42,select,select:2:0.10:random:independent:0,0.6002747252747253,0.5354555530366004,0.6613568890187153,0.5123679981624195,0.665258760118197,0.5102095620255437,,,0.05471828184470957,703,0.1304945054945055,0.009620135100246254,1.0,"{""Negative"": 0.6, ""Neutral"": 0.3106060606060606, ""Positive"": 0.6957605985037406}","[[117, 20, 69], [27, 41, 116], [40, 19, 279]]"
s4_B3_O2lr0.03_seed42,bigru_content_gate_time_pool,42,select,select:2:0.10:random:independent:1,0.5961538461538461,0.5339873720244221,0.6616305938164683,0.5115425838370247,0.6660464852274355,0.5096146682190167,,,0.054688334898890016,703,0.13598901098901098,0.010649650643540771,1.0,"{""Negative"": 0.5954198473282443, ""Neutral"": 0.3181818181818182, ""Positive"": 0.688360450563204}","[[117, 19, 70], [26, 42, 116], [44, 19, 275]]"
s4_B3_O2lr0.03_seed42,bigru_content_gate_time_pool,42,select,select:2:0.10:random:independent:2,0.6016483516483516,0.5356630431713034,0.6607509036012864,0.5132832344665559,0.6641289299260569,0.5129195749773708,,,0.05481930502759008,703,0.12912087912087913,0.009341103010604179,1.0,"{""Negative"": 0.6051282051282051, ""Neutral"": 0.3053435114503817, ""Positive"": 0.6965174129353234}","[[118, 19, 69], [27, 40, 117], [39, 19, 280]]"
s4_B3_O2lr0.03_seed42,bigru_content_gate_time_pool,42,select,select:2:0.30:random:independent:0,0.5961538461538461,0.5284867548766391,0.6606674678217241,0.5150337932973397,0.6642182420985262,0.5141770612883712,,,0.11537182825966232,703,0.125,0.0086460524967626,1.0,"{""Negative"": 0.6, ""Neutral"": 0.29571984435797666, ""Positive"": 0.6897404202719407}","[[117, 17, 72], [26, 38, 120], [41, 18, 279]]"
s4_B3_O2lr0.03_seed42,bigru_content_gate_time_pool,42,select,select:2:0.30:random:independent:1,0.6002747252747253,0.5332122081476087,0.6617168357600919,0.5144139408475155,0.6640835040655745,0.5154422645834248,,,0.11628030776814742,703,0.125,0.008228141280902284,1.0,"{""Negative"": 0.6046511627906976, ""Neutral"": 0.30115830115830117, ""Positive"": 0.6938271604938272}","[[117, 18, 71], [25, 39, 120], [39, 18, 281]]"
s4_B3_O2lr0.03_seed42,bigru_content_gate_time_pool,42,select,select:2:0.30:random:independent:2,0.5879120879120879,0.5231070404735944,0.6628927542588121,0.5117894022753731,0.6648858828946006,0.5127551757891743,,,0.11578318848929205,703,0.12912087912087913,0.009218559585017367,1.0,"{""Negative"": 0.59846547314578, ""Neutral"": 0.29343629343629346, ""Positive"": 0.6774193548387096}","[[117, 15, 74], [25, 38, 121], [43, 22, 273]]"
s4_B3_O2lr0.03_seed42,bigru_content_gate_time_pool,42,select,select:2:0.50:random:independent:0,0.592032967032967,0.5204182787734487,0.6630761318402948,0.5150683094391181,0.6652350865194451,0.5167552696315728,,,0.18051985710310411,703,0.12225274725274725,0.007945501118631276,1.0,"{""Negative"": 0.5979381443298969, ""Neutral"": 0.27450980392156865, ""Positive"": 0.6888068880688807}","[[116, 17, 73], [27, 35, 122], [39, 19, 280]]"
s4_B3_O2lr0.03_seed42,bigru_content_gate_time_pool,42,select,select:2:0.50:random:independent:1,0.5892857142857143,0.5227173843605518,0.6652453388318931,0.511018655036434,0.6670688408456364,0.5145027998037299,,,0.18035659556840442,703,0.13598901098901098,0.009400986273358525,1.0,"{""Negative"": 0.5943152454780362, ""Neutral"": 0.2889733840304182, ""Positive"": 0.684863523573201}","[[115, 18, 73], [27, 38, 119], [39, 23, 276]]"
s4_B3_O2lr0.03_seed42,bigru_content_gate_time_pool,42,select,select:2:0.50:random:independent:2,0.5947802197802198,0.5237747781617235,0.6618685481291142,0.512784902449249,0.6633713693929847,0.5152358155125146,,,0.18067481495681129,703,0.12225274725274725,0.007701604272899023,1.0,"{""Negative"": 0.6066838046272494, ""Neutral"": 0.2766798418972332, ""Positive"": 0.687960687960688}","[[118, 15, 73], [26, 35, 123], [39, 19, 280]]"
s4_B3_O2lr0.03_seed42,bigru_content_gate_time_pool,42,select,select:01:0.10:random:independent:0,0.5851648351648352,0.5116209272655571,0.671712658089339,0.4920795371759941,0.6746009471749498,0.4911089914416102,,,0.09164042378228397,724,0.11126373626373626,0.007077184476405587,1.0,"{""Negative"": 0.5706806282722513, ""Neutral"": 0.2788844621513944, ""Positive"": 0.6852976913730255}","[[109, 14, 83], [29, 35, 120], [38, 18, 282]]"
s4_B3_O2lr0.03_seed42,bigru_content_gate_time_pool,42,select,select:01:0.10:random:independent:1,0.570054945054945,0.49362948914459265,0.6737466834405991,0.4991517333836642,0.6757320044504652,0.4988688936130914,,,0.09164042378228397,724,0.11813186813186813,0.007402147799981042,1.0,"{""Negative"": 0.5604113110539846, ""Neutral"": 0.24313725490196078, ""Positive"": 0.6773399014778325}","[[109, 22, 75], [29, 31, 124], [45, 18, 275]]"
s4_B3_O2lr0.03_seed42,bigru_content_gate_time_pool,42,select,select:01:0.10:random:independent:2,0.5851648351648352,0.5163944892845148,0.6695931163075942,0.4977094630226909,0.6730985996475863,0.4965785446633793,,,0.09164042378228397,724,0.11813186813186813,0.008042801785901967,1.0,"{""Negative"": 0.5757575757575758, ""Neutral"": 0.2901960784313726, ""Positive"": 0.6832298136645962}","[[114, 18, 74], [29, 37, 118], [47, 16, 275]]"
s4_B3_O2lr0.03_seed42,bigru_content_gate_time_pool,42,select,select:01:0.30:random:independent:0,0.5782967032967034,0.48308962353463053,0.6754882048990977,0.5026432604538874,0.677762227301143,0.502368142109584,,,0.22180207259457435,724,0.08379120879120878,0.0048340470718608785,1.0,"{""Negative"": 0.5368421052631579, ""Neutral"": 0.21739130434782608, ""Positive"": 0.6950354609929078}","[[102, 12, 92], [37, 25, 122], [35, 9, 294]]"
s4_B3_O2lr0.03_seed42,bigru_content_gate_time_pool,42,select,select:01:0.30:random:independent:1,0.5576923076923077,0.46186121420319065,0.6862379263922664,0.4703233546494105,0.6873656366798249,0.4718219196521156,,,0.22180207259457435,724,0.0782967032967033,0.003778310852996227,1.0,"{""Negative"": 0.5196850393700787, ""Neutral"": 0.19213973799126638, ""Positive"": 0.6737588652482269}","[[99, 12, 95], [34, 22, 128], [42, 11, 285]]"
s4_B3_O2lr0.03_seed42,bigru_content_gate_time_pool,42,select,select:01:0.30:random:independent:2,0.554945054945055,0.4735905673977963,0.6890805757923993,0.45381558737957933,0.6906743959592819,0.4581439300111187,,,0.22180207259457435,724,0.11538461538461539,0.0068430424172369825,1.0,"{""Negative"": 0.49066666666666664, ""Neutral"": 0.2570281124497992, ""Positive"": 0.6730769230769231}","[[92, 21, 93], [31, 32, 121], [46, 12, 280]]"
s4_B3_O2lr0.03_seed42,bigru_content_gate_time_pool,42,select,select:01:0.50:random:independent:0,0.5494505494505495,0.4513887124656431,0.7078074862793569,0.41404206821433637,0.7093413125277128,0.4158091010943932,,,0.36109266611629226,724,0.07554945054945054,0.003919438956630836,1.0,"{""Negative"": 0.5040650406504065, ""Neutral"": 0.18421052631578946, ""Positive"": 0.6658905704307334}","[[93, 9, 104], [32, 21, 131], [38, 14, 286]]"
s4_B3_O2lr0.03_seed42,bigru_content_gate_time_pool,42,select,select:01:0.50:random:independent:1,0.5508241758241759,0.45052031822921923,0.7038139862088763,0.40540982416694965,0.7055061304050109,0.4052731984158342,,,0.36109266611629226,724,0.07967032967032966,0.003915515736099537,1.0,"{""Negative"": 0.49591280653950953, ""Neutral"": 0.18666666666666668, ""Positive"": 0.6689814814814815}","[[91, 9, 106], [32, 21, 131], [38, 11, 289]]"
s4_B3_O2lr0.03_seed42,bigru_content_gate_time_pool,42,select,select:01:0.50:random:independent:2,0.521978021978022,0.42225857566222774,0.7154405986476537,0.3995489630914586,0.7170669126016047,0.3981624150860673,,,0.36109266611629226,724,0.09340659340659341,0.004414920189823178,1.0,"{""Negative"": 0.4462809917355372, ""Neutral"": 0.17391304347826086, ""Positive"": 0.6465816917728853}","[[81, 10, 115], [33, 20, 131], [43, 16, 279]]"
s4_B3_O2lr0.03_seed42,bigru_content_gate_time_pool,42,select,select:02:0.10:random:independent:0,0.5892857142857143,0.5169190674062399,0.6738008321058814,0.5074123736292537,0.6772712732218769,0.5058967305545548,,,0.09025892452344063,724,0.11675824175824176,0.008128880250318856,1.0,"{""Negative"": 0.5684210526315789, ""Neutral"": 0.29133858267716534, ""Positive"": 0.6909975669099757}","[[108, 16, 82], [29, 37, 118], [37, 17, 284]]"
s4_B3_O2lr0.03_seed42,bigru_content_gate_time_pool,42,select,select:02:0.10:random:independent:1,0.5728021978021978,0.49460530891219284,0.6791341805527785,0.48877470987685295,0.6820776192273095,0.488669356632625,,,0.09020706469477802,724,0.12225274725274725,0.008057002972356033,1.0,"{""Negative"": 0.5488126649076517, ""Neutral"": 0.25296442687747034, ""Positive"": 0.6820388349514563}","[[104, 20, 82], [29, 32, 123], [40, 17, 281]]"
s4_B3_O2lr0.03_seed42,bigru_content_gate_time_pool,42,select,select:02:0.10:random:independent:2,0.5989010989010989,0.5281773455920278,0.6689226989137521,0.5004058393552716,0.6734520756558945,0.49833963139461224,,,0.09022829257477709,724,0.12087912087912088,0.00808591723005584,1.0,"{""Negative"": 0.5879265091863517, ""Neutral"": 0.30158730158730157, ""Positive"": 0.6950182260024301}","[[112, 16, 78], [25, 38, 121], [38, 14, 286]]"
s4_B3_O2lr0.03_seed42,bigru_content_gate_time_pool,42,select,select:02:0.30:random:independent:0,0.5686813186813187,0.475896731994293,0.6898527120622244,0.466206101851243,0.6921450550281596,0.46687516454121075,,,0.21662896826569322,724,0.07692307692307693,0.005155201666980244,1.0,"{""Negative"": 0.521978021978022, ""Neutral"": 0.22510822510822512, ""Positive"": 0.6806039488966318}","[[95, 11, 100], [28, 26, 130], [35, 10, 293]]"
s4_B3_O2lr0.03_seed42,bigru_content_gate_time_pool,42,select,select:02:0.30:random:independent:1,0.554945054945055,0.45394395460865383,0.6986841818380681,0.44359678715899015,0.7006339282136421,0.44434904069501835,,,0.2163273861362854,724,0.08104395604395605,0.004473307199180535,1.0,"{""Negative"": 0.5013623978201635, ""Neutral"": 0.1891891891891892, ""Positive"": 0.671280276816609}","[[92, 10, 104], [29, 21, 134], [40, 7, 291]]"
s4_B3_O2lr0.03_seed42,bigru_content_gate_time_pool,42,select,select:02:0.30:random:independent:2,0.5535714285714286,0.45278470212964356,0.6944379087798124,0.4643145231840438,0.695889434205358,0.46495652518293173,,,0.21614375377087763,724,0.08104395604395605,0.004435028763675223,1.0,"{""Negative"": 0.512396694214876, ""Neutral"": 0.1762114537444934, ""Positive"": 0.6697459584295612}","[[93, 14, 99], [25, 20, 139], [39, 9, 290]]"
s4_B3_O2lr0.03_seed42,bigru_content_gate_time_pool,42,select,select:02:0.50:random:independent:0,0.5206043956043956,0.3891780587685542,0.7299328077474937,0.3629269409581881,0.7307520860020624,0.36124345944190894,,,0.3507859006961929,724,0.06043956043956044,0.0026622636950482705,1.0,"{""Negative"": 0.42318840579710143, ""Neutral"": 0.08653846153846154, ""Positive"": 0.6578073089700996}","[[73, 9, 124], [31, 9, 144], [35, 6, 297]]"
s4_B3_O2lr0.03_seed42,bigru_content_gate_time_pool,42,select,select:02:0.50:random:independent:1,0.5192307692307693,0.3908093407259214,0.7211673352121396,0.37396301903159046,0.7213550935132214,0.3767936449903179,,,0.35119532701886813,724,0.050824175824175824,0.0028154774539786705,1.0,"{""Negative"": 0.40606060606060607, ""Neutral"": 0.11707317073170732, ""Positive"": 0.6492942453854506}","[[67, 4, 135], [23, 12, 149], [34, 5, 299]]"
s4_B3_O2lr0.03_seed42,bigru_content_gate_time_pool,42,select,select:02:0.50:random:independent:2,0.5247252747252747,0.4000699340254745,0.7288639229221372,0.37539567799697265,0.7295125383061132,0.37753329073006225,,,0.35125174458983455,724,0.06043956043956044,0.002862431798790387,1.0,"{""Negative"": 0.4, ""Neutral"": 0.14084507042253522, ""Positive"": 0.6593647316538883}","[[66, 9, 131], [26, 15, 143], [32, 5, 301]]"
s4_B3_O2lr0.03_seed42,bigru_content_gate_time_pool,42,select,select:12:0.10:random:independent:0,0.5961538461538461,0.5291408468435703,0.659320104520593,0.518700518634467,0.6621528483267136,0.5170692516806852,,,0.09011852407557222,724,0.12774725274725274,0.009587048363430774,1.0,"{""Negative"": 0.5979381443298969, ""Neutral"": 0.29545454545454547, ""Positive"": 0.6940298507462687}","[[116, 21, 69], [27, 39, 118], [39, 20, 279]]"
s4_B3_O2lr0.03_seed42,bigru_content_gate_time_pool,42,select,select:12:0.10:random:independent:1,0.6002747252747253,0.5377266885161621,0.6607684251158283,0.5154202798681277,0.6646422362421988,0.5138207201153828,,,0.09019592878213162,724,0.1304945054945055,0.009638565415761096,1.0,"{""Negative"": 0.5948717948717949, ""Neutral"": 0.3233082706766917, ""Positive"": 0.695}","[[116, 20, 70], [27, 43, 114], [41, 19, 278]]"
s4_B3_O2lr0.03_seed42,bigru_content_gate_time_pool,42,select,select:12:0.10:random:independent:2,0.6043956043956044,0.5419963477529695,0.6598611525482058,0.51343353025962,0.6639438568247267,0.5129786025775714,,,0.09018448391793114,724,0.13873626373626374,0.010358423271942065,1.0,"{""Negative"": 0.596401028277635, ""Neutral"": 0.3295880149812734, ""Positive"": 0.7}","[[116, 21, 69], [27, 44, 113], [40, 18, 280]]"
s4_B3_O2lr0.03_seed42,bigru_content_gate_time_pool,42,select,select:12:0.30:random:independent:0,0.6071428571428571,0.5389176045318806,0.6556884046721558,0.5290031624560315,0.6595141265770308,0.5263940501095479,,,0.21577850944764493,724,0.12912087912087913,0.008824172657349525,1.0,"{""Negative"": 0.5958549222797928, ""Neutral"": 0.31297709923664124, ""Positive"": 0.7079207920792079}","[[115, 22, 69], [28, 41, 115], [37, 15, 286]]"
s4_B3_O2lr0.03_seed42,bigru_content_gate_time_pool,42,select,select:12:0.30:random:independent:1,0.6016483516483516,0.536903319739143,0.6560528817284013,0.5232631574680388,0.6591467744028605,0.5252125960993166,,,0.2160189805783876,724,0.13873626373626374,0.009843283157750637,1.0,"{""Negative"": 0.596401028277635, ""Neutral"": 0.31343283582089554, ""Positive"": 0.7008760951188986}","[[116, 23, 67], [28, 42, 114], [39, 19, 280]]"
s4_B3_O2lr0.03_seed42,bigru_content_gate_time_pool,42,select,select:12:0.30:random:independent:2,0.6071428571428571,0.5419910954261288,0.6543397782753109,0.5270278755657833,0.658420511852735,0.5254247772549604,,,0.21623765565574107,724,0.13186813186813187,0.00932114720464285,1.0,"{""Negative"": 0.5958549222797928, ""Neutral"": 0.32452830188679244, ""Positive"": 0.7055900621118012}","[[115, 20, 71], [29, 43, 112], [36, 18, 284]]"
s4_B3_O2lr0.03_seed42,bigru_content_gate_time_pool,42,select,select:12:0.50:random:independent:0,0.592032967032967,0.5330018289291326,0.6575226652080469,0.5237526755857859,0.6605117872317711,0.5230943297008032,,,0.3507132531656354,724,0.1510989010989011,0.010367123224737715,1.0,"{""Negative"": 0.5846153846153846, ""Neutral"": 0.3249097472924188, ""Positive"": 0.6894803548795945}","[[114, 22, 70], [30, 45, 109], [40, 26, 272]]"
s4_B3_O2lr0.03_seed42,bigru_content_gate_time_pool,42,select,select:12:0.50:random:independent:1,0.6002747252747253,0.5418459123139011,0.6552759600862861,0.5288294651549362,0.6589253638681679,0.5313740160772649,,,0.3507343430875613,724,0.1510989010989011,0.010574138788107248,1.0,"{""Negative"": 0.5843828715365239, ""Neutral"": 0.34306569343065696, ""Positive"": 0.6980891719745222}","[[116, 20, 70], [34, 47, 103], [41, 23, 274]]"
s4_B3_O2lr0.03_seed42,bigru_content_gate_time_pool,42,select,select:12:0.50:random:independent:2,0.5879120879120879,0.5240844334577086,0.6564394813054293,0.5241728289782164,0.6593270397234636,0.5256457132943483,,,0.3509549248224926,724,0.14835164835164835,0.010133561521880123,1.0,"{""Negative"": 0.5728900255754475, ""Neutral"": 0.30656934306569344, ""Positive"": 0.6927939317319848}","[[112, 24, 70], [33, 42, 109], [40, 24, 274]]"
s4_B3_O2lr0.03_seed42,bigru_content_gate_time_pool,42,select,select:012:0.10:random:independent:0,0.5892857142857143,0.5136265645712409,0.6717789070987767,0.4976551013801899,0.6743890983065345,0.49680665785600386,,,0.12558993973665408,724,0.11263736263736264,0.007080087103293492,1.0,"{""Negative"": 0.5796344647519582, ""Neutral"": 0.2677165354330709, ""Positive"": 0.6935286935286935}","[[111, 18, 77], [30, 34, 120], [36, 18, 284]]"
s4_B3_O2lr0.03_seed42,bigru_content_gate_time_pool,42,select,select:012:0.10:random:independent:1,0.5796703296703297,0.5068938301353283,0.6718084785521983,0.48959083689151683,0.6746453351307926,0.49087908082583154,,,0.12571082327220762,724,0.11126373626373626,0.007015098670363468,1.0,"{""Negative"": 0.5597964376590331, ""Neutral"": 0.2777777777777778, ""Positive"": 0.6831072749691739}","[[110, 17, 79], [32, 35, 117], [45, 16, 277]]"
s4_B3_O2lr0.03_seed42,bigru_content_gate_time_pool,42,select,select:012:0.10:random:independent:2,0.5755494505494505,0.5024601619938095,0.6727326142676849,0.4967220970883089,0.6751486401401132,0.4974579184112775,,,0.1256004676726215,724,0.125,0.00842173958231828,1.0,"{""Negative"": 0.5520833333333334, ""Neutral"": 0.2755905511811024, ""Positive"": 0.6797066014669927}","[[106, 16, 84], [31, 35, 118], [41, 19, 278]]"
s4_B3_O2lr0.03_seed42,bigru_content_gate_time_pool,42,select,select:012:0.30:random:independent:0,0.5755494505494505,0.4899530564809405,0.6855368253404622,0.4816923901934798,0.6880146255064244,0.4824844112269448,,,0.3162180586060894,724,0.0989010989010989,0.005490465804463723,1.0,"{""Negative"": 0.5336927223719676, ""Neutral"": 0.24896265560165975, ""Positive"": 0.6872037914691943}","[[99, 17, 90], [28, 30, 126], [38, 10, 290]]"
s4_B3_O2lr0.03_seed42,bigru_content_gate_time_pool,42,select,select:012:0.30:random:independent:1,0.5590659340659341,0.46984060503075414,0.6877833271964893,0.4636771095384784,0.6900824462306675,0.4645967631788571,,,0.3167463590511638,724,0.09478021978021978,0.00507667382631942,1.0,"{""Negative"": 0.5144356955380578, ""Neutral"": 0.22127659574468084, ""Positive"": 0.6738095238095239}","[[98, 13, 95], [34, 26, 124], [43, 12, 283]]"
s4_B3_O2lr0.03_seed42,bigru_content_gate_time_pool,42,select,select:012:0.30:random:independent:2,0.5741758241758241,0.48078533446009336,0.6880197668389776,0.47341160719223974,0.6903298025622012,0.4729932814674937,,,0.31705028085974835,724,0.09065934065934066,0.004572101782932673,1.0,"{""Negative"": 0.5463917525773195, ""Neutral"": 0.2077922077922078, ""Positive"": 0.6881720430107527}","[[106, 14, 86], [35, 24, 125], [41, 9, 288]]"
s4_B3_O2lr0.03_seed42,bigru_content_gate_time_pool,42,select,select:012:0.50:random:independent:0,0.5425824175824175,0.4462698391312549,0.7018361717018781,0.4278665755691027,0.7019526886818982,0.4289067163036092,,,0.5214278455584954,724,0.10027472527472528,0.004815629543135823,1.0,"{""Negative"": 0.4864864864864865, ""Neutral"": 0.1864406779661017, ""Positive"": 0.6658823529411765}","[[90, 16, 100], [33, 22, 129], [41, 14, 283]]"
s4_B3_O2lr0.03_seed42,bigru_content_gate_time_pool,42,select,select:012:0.50:random:independent:1,0.5618131868131868,0.46526396538801357,0.69863024827382,0.4461339475117794,0.7000732716047563,0.4490967168774635,,,0.5211035116402414,724,0.08379120879120878,0.004314319449443125,1.0,"{""Negative"": 0.5191256830601093, ""Neutral"": 0.19913419913419914, ""Positive"": 0.6775320139697323}","[[95, 12, 99], [30, 23, 131], [35, 12, 291]]"
s4_B3_O2lr0.03_seed42,bigru_content_gate_time_pool,42,select,select:012:0.50:random:independent:2,0.5480769230769231,0.45181825415771465,0.7023602642647432,0.4396882492435198,0.7034545182327198,0.43936665064679387,,,0.5211950835022432,724,0.10027472527472528,0.0051320297999573605,1.0,"{""Negative"": 0.5, ""Neutral"": 0.1864406779661017, ""Positive"": 0.6690140845070423}","[[92, 17, 97], [30, 22, 132], [40, 13, 285]]"
s4_B3_O2lr0.03_seed42,bigru_content_gate_time_pool,42,clean,clean:clean,0.5961538461538461,0.5334464234619091,0.6616481274576183,0.511572991670532,0.6655584427580534,0.5106121749663975,,,0.020685516934361863,0,0.13873626373626374,0.010769169626398277,1.0,"{""Negative"": 0.5939086294416244, ""Neutral"": 0.3146067415730337, ""Positive"": 0.6918238993710691}","[[117, 20, 69], [29, 42, 113], [42, 21, 275]]"
s4_B3_O3rho0.02_seed42,bigru_content_gate_time_pool,42,select,select:0:0.10:random:independent:0,0.5892857142857143,0.5426978890748656,0.657301949119879,0.5011363595467099,0.6637135386303231,0.5014038274301879,,,0.056182048502401064,724,0.1771978021978022,0.018554470958208644,1.0,"{""Negative"": 0.5811138014527845, ""Neutral"": 0.3624161073825503, ""Positive"": 0.6845637583892618}","[[120, 28, 58], [36, 54, 94], [51, 32, 255]]"
s4_B3_O3rho0.02_seed42,bigru_content_gate_time_pool,42,select,select:0:0.10:random:independent:1,0.5782967032967034,0.5312064278176144,0.6603353080543516,0.49864228385930265,0.66630744561553,0.49911951114783665,,,0.056182048502401064,724,0.17307692307692307,0.020334227464651012,1.0,"{""Negative"": 0.5755395683453237, ""Neutral"": 0.3469387755102041, ""Positive"": 0.6711409395973155}","[[120, 25, 61], [37, 51, 96], [54, 34, 250]]"
s4_B3_O3rho0.02_seed42,bigru_content_gate_time_pool,42,select,select:0:0.10:random:independent:2,0.5810439560439561,0.5346062151738978,0.6587206484665254,0.5039773554578502,0.6657519798807718,0.5031499695875515,,,0.056182048502401064,724,0.18269230769230768,0.019859617827685323,1.0,"{""Negative"": 0.5763546798029556, ""Neutral"": 0.3509933774834437, ""Positive"": 0.6764705882352942}","[[117, 28, 61], [35, 53, 96], [48, 37, 253]]"
s4_B3_O3rho0.02_seed42,bigru_content_gate_time_pool,42,select,select:0:0.30:random:independent:0,0.5673076923076923,0.5108653434712486,0.6767788052281672,0.4778646719968751,0.6795334059612027,0.4795291527849838,,,0.12130579873272207,724,0.17032967032967034,0.017232555154072383,1.0,"{""Negative"": 0.551219512195122, ""Neutral"": 0.3076923076923077, ""Positive"": 0.6736842105263158}","[[113, 27, 66], [40, 44, 100], [51, 31, 256]]"
s4_B3_O3rho0.02_seed42,bigru_content_gate_time_pool,42,select,select:0:0.30:random:independent:1,0.570054945054945,0.5114289060903308,0.6725636169739558,0.49108971130734735,0.6751237971360212,0.49371817487331937,,,0.12130579873272207,724,0.15934065934065933,0.015187987151078797,1.0,"{""Negative"": 0.5707317073170731, ""Neutral"": 0.2907801418439716, ""Positive"": 0.6727748691099477}","[[117, 27, 62], [36, 41, 107], [51, 30, 257]]"
s4_B3_O3rho0.02_seed42,bigru_content_gate_time_pool,42,select,select:0:0.30:random:independent:2,0.5714285714285714,0.5115334840546027,0.6838855613832454,0.45165726576132675,0.6901057239795861,0.45405233578447407,,,0.12130579873272207,724,0.14835164835164835,0.0166063564299309,1.0,"{""Negative"": 0.5339805825242718, ""Neutral"": 0.31654676258992803, ""Positive"": 0.6840731070496083}","[[110, 27, 69], [43, 44, 97], [53, 23, 262]]"
s4_B3_O3rho0.02_seed42,bigru_content_gate_time_pool,42,select,select:0:0.50:random:independent:0,0.5384615384615384,0.4706324043485652,0.7062500664098086,0.4258635053258154,0.7091654682491015,0.42618980606225176,,,0.1909987908537763,724,0.14285714285714285,0.011441977538807052,1.0,"{""Negative"": 0.5217391304347826, ""Neutral"": 0.24150943396226415, ""Positive"": 0.6486486486486487}","[[108, 20, 78], [43, 32, 109], [57, 29, 252]]"
s4_B3_O3rho0.02_seed42,bigru_content_gate_time_pool,42,select,select:0:0.50:random:independent:1,0.5247252747252747,0.46565546035885014,0.7307248084697013,0.3745372550297769,0.7344947364027765,0.37269375223607615,,,0.1909987908537763,724,0.1510989010989011,0.014490931860087335,1.0,"{""Negative"": 0.5048076923076923, ""Neutral"": 0.26373626373626374, ""Positive"": 0.6284224250325945}","[[105, 20, 81], [41, 36, 107], [64, 33, 241]]"
s4_B3_O3rho0.02_seed42,bigru_content_gate_time_pool,42,select,select:0:0.50:random:independent:2,0.5357142857142857,0.47733960838719613,0.7174532067060471,0.4005918554074495,0.7205281138962524,0.4049680458904161,,,0.1909987908537763,724,0.15384615384615385,0.013849938324167503,1.0,"{""Negative"": 0.4975609756097561, ""Neutral"": 0.291970802919708, ""Positive"": 0.6424870466321243}","[[102, 25, 79], [37, 40, 107], [65, 25, 248]]"
s4_B3_O3rho0.02_seed42,bigru_content_gate_time_pool,42,select,select:1:0.10:random:independent:0,0.6085164835164835,0.5640067925928193,0.6345044201212925,0.5384341113447222,0.6449492532289126,0.5352212222791727,,,0.056143892214244775,724,0.1813186813186813,0.020206308070038047,1.0,"{""Negative"": 0.6078431372549019, ""Neutral"": 0.3853820598006645, ""Positive"": 0.6987951807228916}","[[124, 27, 55], [33, 58, 93], [45, 32, 261]]"
s4_B3_O3rho0.02_seed42,bigru_content_gate_time_pool,42,select,select:1:0.10:random:independent:1,0.6057692307692307,0.5632800891067614,0.6355279402841743,0.535328723906281,0.64661911476383,0.5293777691668697,,,0.056143892214244775,724,0.18956043956043955,0.022477674503616252,1.0,"{""Negative"": 0.6130653266331658, ""Neutral"": 0.38436482084690554, ""Positive"": 0.6924101198402131}","[[122, 27, 57], [29, 59, 96], [41, 37, 260]]"
s4_B3_O3rho0.02_seed42,bigru_content_gate_time_pool,42,select,select:1:0.10:random:independent:2,0.6016483516483516,0.5579689012168106,0.6335419125442813,0.5372323508979977,0.6445195501015245,0.5339156086686272,,,0.056143892214244775,724,0.19230769230769232,0.02213029937678641,1.0,"{""Negative"": 0.6019900497512438, ""Neutral"": 0.380327868852459, ""Positive"": 0.6915887850467289}","[[121, 27, 58], [32, 58, 94], [43, 36, 259]]"
s4_B3_O3rho0.02_seed42,bigru_content_gate_time_pool,42,select,select:1:0.30:random:independent:0,0.6098901098901099,0.5680528719363671,0.629824209444274,0.5469822535962445,0.6410184186156634,0.5433654291782123,,,0.12118179079621412,724,0.19505494505494506,0.02297563019994196,1.0,"{""Negative"": 0.6093366093366094, ""Neutral"": 0.3948220064724919, ""Positive"": 0.7}","[[124, 28, 54], [34, 61, 89], [43, 36, 259]]"
s4_B3_O3rho0.02_seed42,bigru_content_gate_time_pool,42,select,select:1:0.30:random:independent:1,0.6016483516483516,0.5588314380568992,0.6325852714277067,0.5418382887603154,0.6430640746378801,0.5409521192042565,,,0.12118179079621412,724,0.19230769230769232,0.022345093520395046,1.0,"{""Negative"": 0.5911330049261084, ""Neutral"": 0.39087947882736157, ""Positive"": 0.6944818304172274}","[[120, 27, 59], [36, 60, 88], [44, 36, 258]]"
s4_B3_O3rho0.02_seed42,bigru_content_gate_time_pool,42,select,select:1:0.30:random:independent:2,0.6057692307692307,0.5655789803105703,0.6340487525001988,0.5412566397074755,0.6461166251952258,0.5343682477908092,,,0.12118179079621412,724,0.18956043956043955,0.022772572249870053,1.0,"{""Negative"": 0.6, ""Neutral"": 0.40390879478827363, ""Positive"": 0.6928281461434371}","[[123, 27, 56], [33, 62, 89], [48, 34, 256]]"
s4_B3_O3rho0.02_seed42,bigru_content_gate_time_pool,42,select,select:1:0.50:random:independent:0,0.6112637362637363,0.5733934221573528,0.6241727246922452,0.554939499558805,0.6381365965980177,0.5494892431169834,,,0.19077939219687765,724,0.21428571428571427,0.026002641618882234,1.0,"{""Negative"": 0.6127450980392157, ""Neutral"": 0.4088050314465409, ""Positive"": 0.6986301369863014}","[[125, 30, 51], [33, 65, 86], [44, 39, 255]]"
s4_B3_O3rho0.02_seed42,bigru_content_gate_time_pool,42,select,select:1:0.50:random:independent:1,0.6153846153846154,0.5716693298711675,0.6319825049395744,0.5501309238077731,0.6435315441903096,0.5447151454732861,,,0.19077939219687765,724,0.18543956043956045,0.02126506955590058,1.0,"{""Negative"": 0.6225490196078431, ""Neutral"": 0.3881578947368421, ""Positive"": 0.7043010752688172}","[[127, 27, 52], [33, 59, 92], [42, 34, 262]]"
s4_B3_O3rho0.02_seed42,bigru_content_gate_time_pool,42,select,select:1:0.50:random:independent:2,0.6098901098901099,0.5691179876125737,0.6282850451689337,0.553568275784014,0.6397975244006695,0.5493617402171125,,,0.19077939219687765,724,0.1978021978021978,0.022670175960684543,1.0,"{""Negative"": 0.6014669926650367, ""Neutral"": 0.40384615384615385, ""Positive"": 0.7020408163265306}","[[123, 30, 53], [35, 63, 86], [45, 35, 258]]"
s4_B3_O3rho0.02_seed42,bigru_content_gate_time_pool,42,select,select:2:0.10:random:independent:0,0.6002747252747253,0.552630282940111,0.6395992606214934,0.5306939777623927,0.6493354952628059,0.5269312450279166,,,0.05471828184470957,703,0.17307692307692307,0.01955485052349312,1.0,"{""Negative"": 0.6004962779156328, ""Neutral"": 0.36610169491525424, ""Positive"": 0.6912928759894459}","[[121, 25, 60], [32, 54, 98], [44, 32, 262]]"
s4_B3_O3rho0.02_seed42,bigru_content_gate_time_pool,42,select,select:2:0.10:random:independent:1,0.5947802197802198,0.5490576764762624,0.6407146063209072,0.5279912468645616,0.650909044677494,0.5247470303161442,,,0.054688334898890016,703,0.18681318681318682,0.02106525447290022,1.0,"{""Negative"": 0.595, ""Neutral"": 0.36789297658862874, ""Positive"": 0.6842800528401585}","[[119, 26, 61], [30, 55, 99], [45, 34, 259]]"
s4_B3_O3rho0.02_seed42,bigru_content_gate_time_pool,42,select,select:2:0.10:random:independent:2,0.5961538461538461,0.5513682047478891,0.6389742421021665,0.5298224848908292,0.6483925621096904,0.5271877485448133,,,0.05481930502759008,703,0.17994505494505494,0.020867606106744364,1.0,"{""Negative"": 0.5964912280701754, ""Neutral"": 0.37333333333333335, ""Positive"": 0.6842800528401585}","[[119, 25, 62], [30, 56, 98], [44, 35, 259]]"
s4_B3_O3rho0.02_seed42,bigru_content_gate_time_pool,42,select,select:2:0.30:random:independent:0,0.5934065934065934,0.5431743231400765,0.6372114242906755,0.5332512617215509,0.6469646145251917,0.5292632406931148,,,0.11537182825966232,703,0.16346153846153846,0.020189541960040944,1.0,"{""Negative"": 0.5858585858585859, ""Neutral"": 0.3561643835616438, ""Positive"": 0.6875}","[[116, 25, 65], [31, 52, 101], [43, 31, 264]]"
s4_B3_O3rho0.02_seed42,bigru_content_gate_time_pool,42,select,select:2:0.30:random:independent:1,0.5961538461538461,0.5463320439075754,0.6382434160935191,0.5357070107043228,0.6471566839839568,0.5308824877523498,,,0.11628030776814742,703,0.17582417582417584,0.019514217173561946,1.0,"{""Negative"": 0.5959595959595959, ""Neutral"": 0.35374149659863946, ""Positive"": 0.6892950391644909}","[[118, 26, 62], [30, 52, 102], [42, 32, 264]]"
s4_B3_O3rho0.02_seed42,bigru_content_gate_time_pool,42,select,select:2:0.30:random:independent:2,0.5947802197802198,0.5420990192660379,0.6416579594753764,0.5290589624142275,0.6506137216033844,0.5250001301155215,,,0.11578318848929205,703,0.16346153846153846,0.018838173779599614,1.0,"{""Negative"": 0.5979899497487438, ""Neutral"": 0.3391003460207612, ""Positive"": 0.6892067620286085}","[[119, 26, 61], [30, 49, 105], [43, 30, 265]]"
s4_B3_O3rho0.02_seed42,bigru_content_gate_time_pool,42,select,select:2:0.50:random:independent:0,0.5961538461538461,0.5445101899659912,0.6405806366152325,0.5331451937378396,0.6497995347900132,0.5296061525594866,,,0.18051985710310411,703,0.16895604395604397,0.019238743579379478,1.0,"{""Negative"": 0.5994962216624685, ""Neutral"": 0.3448275862068966, ""Positive"": 0.6892067620286085}","[[119, 25, 62], [30, 50, 104], [42, 31, 265]]"
s4_B3_O3rho0.02_seed42,bigru_content_gate_time_pool,42,select,select:2:0.50:random:independent:1,0.5934065934065934,0.5432904167791656,0.6419631895440784,0.5324780677704845,0.6517271457935919,0.5286470355097999,,,0.18035659556840442,703,0.17445054945054944,0.020015711352785865,1.0,"{""Negative"": 0.5959595959595959, ""Neutral"": 0.34812286689419797, ""Positive"": 0.6857887874837028}","[[118, 25, 63], [30, 51, 103], [42, 33, 263]]"
s4_B3_O3rho0.02_seed42,bigru_content_gate_time_pool,42,select,select:2:0.50:random:independent:2,0.5975274725274725,0.5492197017780102,0.6400799719485608,0.5311141790250525,0.649902080236883,0.5270875440453991,,,0.18067481495681129,703,0.17445054945054944,0.019984832301015384,1.0,"{""Negative"": 0.6005089058524173, ""Neutral"": 0.36054421768707484, ""Positive"": 0.6866059817945384}","[[118, 24, 64], [28, 53, 103], [41, 33, 264]]"
s4_B3_O3rho0.02_seed42,bigru_content_gate_time_pool,42,select,select:01:0.10:random:independent:0,0.5892857142857143,0.5424340354890471,0.6488399790431608,0.5101475744344617,0.6558879794921357,0.5096777748156367,,,0.09164042378228397,724,0.1813186813186813,0.019848654473253655,1.0,"{""Negative"": 0.5980392156862745, ""Neutral"": 0.3501683501683502, ""Positive"": 0.6790945406125166}","[[122, 25, 59], [33, 52, 99], [47, 36, 255]]"
s4_B3_O3rho0.02_seed42,bigru_content_gate_time_pool,42,select,select:01:0.10:random:independent:1,0.5837912087912088,0.5415246108968478,0.6493532589662862,0.5139536963159616,0.6569310123059939,0.5136185192579021,,,0.09164042378228397,724,0.19505494505494506,0.02121369480449747,1.0,"{""Negative"": 0.57356608478803, ""Neutral"": 0.37540453074433655, ""Positive"": 0.675603217158177}","[[115, 30, 61], [31, 58, 95], [49, 37, 252]]"
s4_B3_O3rho0.02_seed42,bigru_content_gate_time_pool,42,select,select:01:0.10:random:independent:2,0.592032967032967,0.5547463319108138,0.6501660929098725,0.5087574285707814,0.65955813945486,0.5077252251380566,,,0.09164042378228397,724,0.18956043956043955,0.021394536192715165,1.0,"{""Negative"": 0.5922330097087378, ""Neutral"": 0.40264026402640263, ""Positive"": 0.6693657219973009}","[[122, 22, 62], [30, 61, 93], [54, 36, 248]]"
s4_B3_O3rho0.02_seed42,bigru_content_gate_time_pool,42,select,select:01:0.30:random:independent:0,0.5961538461538461,0.5359285936168227,0.6539590702621,0.5163311313409003,0.660916035754381,0.5141443095778334,,,0.22180207259457435,724,0.14972527472527472,0.014347542360154808,1.0,"{""Negative"": 0.5902439024390244, ""Neutral"": 0.3188405797101449, ""Positive"": 0.6987012987012987}","[[121, 21, 64], [41, 44, 99], [42, 27, 269]]"
s4_B3_O3rho0.02_seed42,bigru_content_gate_time_pool,42,select,select:01:0.30:random:independent:1,0.5755494505494505,0.5246466974301826,0.6598490422785118,0.49430005267534816,0.6670880790308609,0.4904489305807022,,,0.22180207259457435,724,0.1565934065934066,0.016343067803029174,1.0,"{""Negative"": 0.5845410628019324, ""Neutral"": 0.3262411347517731, ""Positive"": 0.6631578947368421}","[[121, 18, 67], [35, 46, 103], [52, 34, 252]]"
s4_B3_O3rho0.02_seed42,bigru_content_gate_time_pool,42,select,select:01:0.30:random:independent:2,0.5741758241758241,0.5288220551378446,0.6705052453101664,0.4730026304352148,0.6788067694569191,0.4743100567140145,,,0.22180207259457435,724,0.19230769230769232,0.02110045014339816,1.0,"{""Negative"": 0.5864661654135338, ""Neutral"": 0.33774834437086093, ""Positive"": 0.6622516556291391}","[[117, 26, 63], [29, 51, 104], [47, 41, 250]]"
s4_B3_O3rho0.02_seed42,bigru_content_gate_time_pool,42,select,select:01:0.50:random:independent:0,0.5659340659340659,0.5031054705854511,0.6916429847948662,0.4458093482037977,0.6969925065289487,0.44623311753015465,,,0.36109266611629226,724,0.16483516483516483,0.016196203503225533,1.0,"{""Negative"": 0.5544554455445545, ""Neutral"": 0.27956989247311825, ""Positive"": 0.6752910737386805}","[[112, 24, 70], [41, 39, 104], [45, 32, 261]]"
s4_B3_O3rho0.02_seed42,bigru_content_gate_time_pool,42,select,select:01:0.50:random:independent:1,0.5631868131868132,0.5088691099957788,0.6846373865593021,0.4426176947602718,0.6904190639955002,0.44026798634442293,,,0.36109266611629226,724,0.15934065934065933,0.015371074846083972,1.0,"{""Negative"": 0.548926014319809, ""Neutral"": 0.3154121863799283, ""Positive"": 0.662269129287599}","[[115, 20, 71], [42, 44, 98], [56, 31, 251]]"
s4_B3_O3rho0.02_seed42,bigru_content_gate_time_pool,42,select,select:01:0.50:random:independent:2,0.5412087912087912,0.48992781186698603,0.7058917255560447,0.4214863777423223,0.7100786802635252,0.42316374191939576,,,0.36109266611629226,724,0.1717032967032967,0.015237803663051388,1.0,"{""Negative"": 0.5188679245283019, ""Neutral"": 0.30662020905923343, ""Positive"": 0.6442953020134228}","[[110, 25, 71], [44, 44, 96], [64, 34, 240]]"
s4_B3_O3rho0.02_seed42,bigru_content_gate_time_pool,42,select,select:02:0.10:random:independent:0,0.5934065934065934,0.545592171780895,0.6549798102731234,0.5150344894539453,0.6632541195530404,0.5115526693857815,,,0.09025892452344063,724,0.1717032967032967,0.018327371098698825,1.0,"{""Negative"": 0.5882352941176471, ""Neutral"": 0.3642611683848797, ""Positive"": 0.6842800528401585}","[[120, 24, 62], [33, 53, 98], [49, 30, 259]]"
s4_B3_O3rho0.02_seed42,bigru_content_gate_time_pool,42,select,select:02:0.10:random:independent:1,0.5961538461538461,0.5500421609389532,0.6544529994169106,0.5053341691162363,0.663343285420234,0.5028497078716441,,,0.09020706469477802,724,0.17994505494505494,0.0209455153570971,1.0,"{""Negative"": 0.5959595959595959, ""Neutral"": 0.3691275167785235, ""Positive"": 0.6850393700787402}","[[118, 25, 63], [29, 55, 100], [43, 34, 261]]"
s4_B3_O3rho0.02_seed42,bigru_content_gate_time_pool,42,select,select:02:0.10:random:independent:2,0.5906593406593407,0.5394988281338885,0.6525851216471457,0.5125617375925334,0.6594530452953672,0.5114541408668666,,,0.09022829257477709,724,0.16483516483516483,0.016954001082078767,1.0,"{""Negative"": 0.595, ""Neutral"": 0.34385964912280703, ""Positive"": 0.6796368352788587}","[[119, 23, 64], [28, 49, 107], [47, 29, 262]]"
s4_B3_O3rho0.02_seed42,bigru_content_gate_time_pool,42,select,select:02:0.30:random:independent:0,0.5755494505494505,0.5108742120236373,0.6780719437234514,0.4886732699495447,0.6808237503282726,0.48956074505712754,,,0.21662896826569322,724,0.1304945054945055,0.013654997219693857,1.0,"{""Negative"": 0.5700245700245701, ""Neutral"": 0.2857142857142857, ""Positive"": 0.6768837803320562}","[[116, 17, 73], [39, 38, 107], [46, 27, 265]]"
s4_B3_O3rho0.02_seed42,bigru_content_gate_time_pool,42,select,select:02:0.30:random:independent:1,0.570054945054945,0.5035425322036505,0.6853956778740325,0.4600149932168486,0.6906746236740479,0.45989505297142097,,,0.2163273861362854,724,0.1346153846153846,0.013496036018881495,1.0,"{""Negative"": 0.5685279187817259, ""Neutral"": 0.2737642585551331, ""Positive"": 0.6683354192740926}","[[112, 16, 78], [32, 36, 116], [44, 27, 267]]"
s4_B3_O3rho0.02_seed42,bigru_content_gate_time_pool,42,select,select:02:0.30:random:independent:2,0.5494505494505495,0.476321660785771,0.6864016905108815,0.4636234780200539,0.6886857616571853,0.46756454017147,,,0.21614375377087763,724,0.13186813186813187,0.012799874981312633,1.0,"{""Negative"": 0.5382716049382716, ""Neutral"": 0.23076923076923078, ""Positive"": 0.6599241466498104}","[[109, 22, 75], [37, 30, 117], [53, 24, 261]]"
s4_B3_O3rho0.02_seed42,bigru_content_gate_time_pool,42,select,select:02:0.50:random:independent:0,0.5247252747252747,0.4426890462966484,0.7286606141660076,0.37254593821503457,0.7311621611057729,0.37147942699980374,,,0.3507859006961929,724,0.1043956043956044,0.008310525377127495,1.0,"{""Negative"": 0.5024875621890548, ""Neutral"": 0.18775510204081633, ""Positive"": 0.6378244746600742}","[[101, 12, 93], [41, 23, 120], [54, 26, 258]]"
s4_B3_O3rho0.02_seed42,bigru_content_gate_time_pool,42,select,select:02:0.50:random:independent:1,0.5302197802197802,0.4459083619213162,0.7187202958823725,0.382222494037071,0.7241237562681947,0.37996042098881255,,,0.35119532701886813,724,0.11401098901098901,0.010238435405967654,1.0,"{""Negative"": 0.5037783375314862, ""Neutral"": 0.18775510204081633, ""Positive"": 0.6461916461916462}","[[100, 17, 89], [37, 23, 124], [54, 21, 263]]"
s4_B3_O3rho0.02_seed42,bigru_content_gate_time_pool,42,select,select:02:0.50:random:independent:2,0.5288461538461539,0.44711022929184846,0.7187023141224141,0.3902839166783563,0.7214964171615685,0.39083675909387133,,,0.35125174458983455,724,0.10714285714285714,0.010389390632289124,1.0,"{""Negative"": 0.49740932642487046, ""Neutral"": 0.20080321285140562, ""Positive"": 0.6431181485992692}","[[96, 16, 94], [34, 25, 125], [50, 24, 264]]"
s4_B3_O3rho0.02_seed42,bigru_content_gate_time_pool,42,select,select:12:0.10:random:independent:0,0.6057692307692307,0.5610199424197738,0.6336119796063874,0.5369238966295813,0.6443829010598935,0.5340846741877778,,,0.09011852407557222,724,0.18543956043956045,0.021283097541463247,1.0,"{""Negative"": 0.6089108910891089, ""Neutral"": 0.38, ""Positive"": 0.6941489361702128}","[[123, 26, 57], [31, 57, 96], [44, 33, 261]]"
s4_B3_O3rho0.02_seed42,bigru_content_gate_time_pool,42,select,select:12:0.10:random:independent:1,0.6043956043956044,0.5562787659255101,0.6371129777200601,0.5337028892032213,0.6478352607586063,0.5300805380096851,,,0.09019592878213162,724,0.18681318681318682,0.021211601082030886,1.0,"{""Negative"": 0.5935162094763092, ""Neutral"": 0.37333333333333335, ""Positive"": 0.7019867549668874}","[[119, 29, 58], [34, 56, 94], [42, 31, 265]]"
s4_B3_O3rho0.02_seed42,bigru_content_gate_time_pool,42,select,select:12:0.10:random:independent:2,0.6071428571428571,0.5603347502721382,0.6329484292088302,0.5419830200388491,0.6435532322112512,0.5365256707014008,,,0.09018448391793114,724,0.19230769230769232,0.02168548332629623,1.0,"{""Negative"": 0.6165413533834586, ""Neutral"": 0.36789297658862874, ""Positive"": 0.6965699208443272}","[[123, 25, 58], [31, 55, 98], [39, 35, 264]]"
s4_B3_O3rho0.02_seed42,bigru_content_gate_time_pool,42,select,select:12:0.30:random:independent:0,0.6057692307692307,0.5566400531665227,0.6305611795130831,0.549278387179996,0.6414222348901023,0.5445055449253497,,,0.21577850944764493,724,0.17307692307692307,0.01970139071002275,1.0,"{""Negative"": 0.6045340050377834, ""Neutral"": 0.3673469387755102, ""Positive"": 0.6980392156862745}","[[120, 25, 61], [31, 54, 99], [40, 31, 267]]"
s4_B3_O3rho0.02_seed42,bigru_content_gate_time_pool,42,select,select:12:0.30:random:independent:1,0.6043956043956044,0.5564119988157756,0.6340766765156781,0.5434794312827251,0.6442584846537192,0.5386090318589689,,,0.2160189805783876,724,0.1717032967032967,0.019583938073014822,1.0,"{""Negative"": 0.6089108910891089, ""Neutral"": 0.36363636363636365, ""Positive"": 0.6966887417218544}","[[123, 26, 57], [33, 54, 97], [42, 33, 263]]"
s4_B3_O3rho0.02_seed42,bigru_content_gate_time_pool,42,select,select:12:0.30:random:independent:2,0.6016483516483516,0.5516664113943782,0.6309454993867777,0.5469800916545836,0.6404442504396314,0.5449941256979712,,,0.21623765565574107,724,0.1771978021978022,0.019796223320607303,1.0,"{""Negative"": 0.5955334987593052, ""Neutral"": 0.363013698630137, ""Positive"": 0.6964520367936925}","[[120, 23, 63], [36, 53, 95], [41, 32, 265]]"
s4_B3_O3rho0.02_seed42,bigru_content_gate_time_pool,42,select,select:12:0.50:random:independent:0,0.5975274725274725,0.5496031746031745,0.6365403429559463,0.541699478114809,0.6466681953151148,0.5373009941313457,,,0.3507132531656354,724,0.17857142857142858,0.02122371969047811,1.0,"{""Negative"": 0.605, ""Neutral"": 0.35333333333333333, ""Positive"": 0.6904761904761905}","[[121, 26, 59], [33, 53, 98], [40, 37, 261]]"
s4_B3_O3rho0.02_seed42,bigru_content_gate_time_pool,42,select,select:12:0.50:random:independent:1,0.5989010989010989,0.5520234766237387,0.6335052131050891,0.5472547423901595,0.6425498452467414,0.5442852165065566,,,0.3507343430875613,724,0.17582417582417584,0.019984542164255627,1.0,"{""Negative"": 0.6069651741293532, ""Neutral"": 0.3576158940397351, ""Positive"": 0.6914893617021277}","[[122, 28, 56], [32, 54, 98], [42, 36, 260]]"
s4_B3_O3rho0.02_seed42,bigru_content_gate_time_pool,42,select,select:12:0.50:random:independent:2,0.6043956043956044,0.5540200659046547,0.6343743885015065,0.543395508961125,0.6432266970124136,0.5409626154834306,,,0.3509549248224926,724,0.16895604395604397,0.018936730671936013,1.0,"{""Negative"": 0.5985037406483791, ""Neutral"": 0.36551724137931035, ""Positive"": 0.6980392156862745}","[[120, 25, 61], [32, 53, 99], [43, 28, 267]]"
s4_B3_O3rho0.02_seed42,bigru_content_gate_time_pool,42,select,select:012:0.10:random:independent:0,0.5892857142857143,0.53899202235263,0.6475772469841353,0.5208130309146881,0.6547244252933824,0.5191578816891027,,,0.12558993973665408,724,0.17032967032967034,0.019672645756020974,1.0,"{""Negative"": 0.5911330049261084, ""Neutral"": 0.3424657534246575, ""Positive"": 0.683377308707124}","[[120, 25, 61], [34, 50, 100], [46, 33, 259]]"
s4_B3_O3rho0.02_seed42,bigru_content_gate_time_pool,42,select,select:012:0.10:random:independent:1,0.5879120879120879,0.5396220586709822,0.6517099026947887,0.49852759427500565,0.6600975878332015,0.49655371308486623,,,0.12571082327220762,724,0.17857142857142858,0.019067251594282766,1.0,"{""Negative"": 0.5819070904645477, ""Neutral"": 0.3561643835616438, ""Positive"": 0.680794701986755}","[[119, 24, 63], [35, 52, 97], [49, 32, 257]]"
s4_B3_O3rho0.02_seed42,bigru_content_gate_time_pool,42,select,select:012:0.10:random:independent:2,0.6002747252747253,0.555455417524383,0.6496872951711109,0.5172908119845159,0.6607225524302531,0.5132945904275313,,,0.1256004676726215,724,0.18406593406593408,0.02144554082387751,1.0,"{""Negative"": 0.6009852216748769, ""Neutral"": 0.3783783783783784, ""Positive"": 0.6870026525198939}","[[122, 22, 62], [33, 56, 95], [45, 34, 259]]"
s4_B3_O3rho0.02_seed42,bigru_content_gate_time_pool,42,select,select:012:0.30:random:independent:0,0.5810439560439561,0.5267357020985209,0.6724717146903113,0.4961873308894795,0.6769974715854195,0.4971564675153097,,,0.3162180586060894,724,0.15247252747252749,0.01468422434496192,1.0,"{""Negative"": 0.5609756097560976, ""Neutral"": 0.34306569343065696, ""Positive"": 0.6761658031088082}","[[115, 20, 71], [35, 47, 102], [54, 23, 261]]"
s4_B3_O3rho0.02_seed42,bigru_content_gate_time_pool,42,select,select:012:0.30:random:independent:1,0.5604395604395604,0.49431163973331094,0.6758831160321668,0.48567938175428726,0.680117825742115,0.48222260164047415,,,0.3167463590511638,724,0.13598901098901098,0.0154308771526748,1.0,"{""Negative"": 0.5566502463054187, ""Neutral"": 0.26217228464419473, ""Positive"": 0.6641123882503193}","[[113, 18, 75], [39, 35, 110], [48, 30, 260]]"
s4_B3_O3rho0.02_seed42,bigru_content_gate_time_pool,42,select,select:012:0.30:random:independent:2,0.5782967032967034,0.5164498909702605,0.6612139792510933,0.5073508973182365,0.6652246828876681,0.5077317103623638,,,0.31705028085974835,724,0.14285714285714285,0.013913012438603154,1.0,"{""Negative"": 0.5763546798029556, ""Neutral"": 0.2952029520295203, ""Positive"": 0.6777920410783055}","[[117, 20, 69], [36, 40, 108], [47, 27, 264]]"
s4_B3_O3rho0.02_seed42,bigru_content_gate_time_pool,42,select,select:012:0.50:random:independent:0,0.5686813186813187,0.508207205013938,0.6853525728288751,0.46019396317808237,0.6904196515884046,0.45739143797952575,,,0.5214278455584954,724,0.15247252747252749,0.014453977217107684,1.0,"{""Negative"": 0.5597964376590331, ""Neutral"": 0.2939068100358423, ""Positive"": 0.6709183673469388}","[[110, 26, 70], [30, 41, 113], [47, 28, 263]]"
s4_B3_O3rho0.02_seed42,bigru_content_gate_time_pool,42,select,select:012:0.50:random:independent:1,0.5714285714285714,0.5156238350559822,0.6808748177692785,0.46318473314466596,0.6865035004320217,0.4659521855206789,,,0.5211035116402414,724,0.15384615384615385,0.014023267524468374,1.0,"{""Negative"": 0.5482233502538071, ""Neutral"": 0.32857142857142857, ""Positive"": 0.670076726342711}","[[108, 26, 72], [28, 46, 110], [52, 24, 262]]"
s4_B3_O3rho0.02_seed42,bigru_content_gate_time_pool,42,select,select:012:0.50:random:independent:2,0.5576923076923077,0.49418228116671514,0.6869308191773082,0.4697961166385818,0.6922955280118673,0.46910325284336113,,,0.5211950835022432,724,0.15796703296703296,0.014071516474475571,1.0,"{""Negative"": 0.5532994923857868, ""Neutral"": 0.2642857142857143, ""Positive"": 0.6649616368286445}","[[109, 25, 72], [35, 37, 112], [44, 34, 260]]"
s4_B3_O3rho0.02_seed42,bigru_content_gate_time_pool,42,clean,clean:clean,0.6016483516483516,0.5580785545954439,0.6385206527841452,0.5306786732918586,0.6489284295629669,0.5268533778089963,,,0.020685516934361863,0,0.19917582417582416,0.022155406478751492,1.0,"{""Negative"": 0.6019900497512438, ""Neutral"": 0.3815789473684211, ""Positive"": 0.6906666666666667}","[[121, 28, 57], [30, 58, 96], [45, 34, 259]]"
s4_B3_O3rho0.05_seed42,bigru_content_gate_time_pool,42,select,select:0:0.10:random:independent:0,0.5906593406593407,0.546449805821906,0.6563278659443116,0.5021309446402409,0.6637619229975146,0.5011164070583701,,,0.056182048502401064,724,0.19505494505494506,0.017890986997642355,1.0,"{""Negative"": 0.589622641509434, ""Neutral"": 0.36666666666666664, ""Positive"": 0.6830601092896175}","[[125, 29, 52], [37, 55, 92], [56, 32, 250]]"
s4_B3_O3rho0.05_seed42,bigru_content_gate_time_pool,42,select,select:0:0.10:random:independent:1,0.5769230769230769,0.5341523206924416,0.6600829659594613,0.49709996093119,0.6649839514764128,0.49943983786195995,,,0.056182048502401064,724,0.1936813186813187,0.018765727039926003,1.0,"{""Negative"": 0.5619047619047619, ""Neutral"": 0.3684210526315789, ""Positive"": 0.6721311475409836}","[[118, 29, 59], [39, 56, 89], [57, 35, 246]]"
s4_B3_O3rho0.05_seed42,bigru_content_gate_time_pool,42,select,select:0:0.10:random:independent:2,0.5810439560439561,0.5393445401145911,0.6588321046035697,0.5022674789465216,0.6670961650395459,0.5000690279713307,,,0.056182048502401064,724,0.20741758241758243,0.018861668408179023,1.0,"{""Negative"": 0.5748792270531401, ""Neutral"": 0.37012987012987014, ""Positive"": 0.6730245231607629}","[[119, 29, 58], [36, 57, 91], [53, 38, 247]]"
s4_B3_O3rho0.05_seed42,bigru_content_gate_time_pool,42,select,select:0:0.30:random:independent:0,0.5659340659340659,0.5113410108190711,0.6771362790392241,0.4782513419582887,0.6828220387265741,0.47733259883890305,,,0.12130579873272207,724,0.19093406593406592,0.017078049339984473,1.0,"{""Negative"": 0.5700483091787439, ""Neutral"": 0.29553264604810997, ""Positive"": 0.6684420772303595}","[[118, 27, 61], [40, 43, 101], [50, 37, 251]]"
s4_B3_O3rho0.05_seed42,bigru_content_gate_time_pool,42,select,select:0:0.30:random:independent:1,0.5563186813186813,0.5000567401153353,0.6756654219049674,0.4877139778626365,0.6773955464659893,0.49019474186912365,,,0.12130579873272207,724,0.17994505494505494,0.014267569856288341,1.0,"{""Negative"": 0.563855421686747, ""Neutral"": 0.27586206896551724, ""Positive"": 0.6604527296937417}","[[117, 29, 60], [39, 40, 105], [53, 37, 248]]"
s4_B3_O3rho0.05_seed42,bigru_content_gate_time_pool,42,select,select:0:0.30:random:independent:2,0.5782967032967034,0.5234629833841706,0.6819653873160646,0.4497528100208229,0.6896302853966807,0.4510562433169339,,,0.12130579873272207,724,0.17307692307692307,0.016704692881660804,1.0,"{""Negative"": 0.5498783454987834, ""Neutral"": 0.3344947735191638, ""Positive"": 0.6860158311345647}","[[113, 28, 65], [41, 48, 95], [51, 27, 260]]"
s4_B3_O3rho0.05_seed42,bigru_content_gate_time_pool,42,select,select:0:0.50:random:independent:0,0.5398351648351648,0.4775070761288809,0.7071144175738916,0.422177096230782,0.713047094837568,0.4212247513449195,,,0.1909987908537763,724,0.1620879120879121,0.012985366736221445,1.0,"{""Negative"": 0.5285714285714286, ""Neutral"": 0.25735294117647056, ""Positive"": 0.6465968586387435}","[[111, 22, 73], [43, 35, 106], [60, 31, 247]]"
s4_B3_O3rho0.05_seed42,bigru_content_gate_time_pool,42,select,select:0:0.50:random:independent:1,0.5123626373626373,0.45369317194465775,0.7322528462333175,0.3676467752194269,0.7365179876950416,0.36727919843573065,,,0.1909987908537763,724,0.16895604395604397,0.014174675311704915,1.0,"{""Negative"": 0.4892086330935252, ""Neutral"": 0.25, ""Positive"": 0.621870882740448}","[[102, 24, 80], [44, 35, 105], [65, 37, 236]]"
s4_B3_O3rho0.05_seed42,bigru_content_gate_time_pool,42,select,select:0:0.50:random:independent:2,0.5164835164835165,0.457907668463329,0.7178821879630723,0.4001594821779594,0.7204403068184607,0.4043204273257816,,,0.1909987908537763,724,0.18681318681318682,0.014296684502564615,1.0,"{""Negative"": 0.48292682926829267, ""Neutral"": 0.26334519572953735, ""Positive"": 0.6274509803921569}","[[99, 28, 79], [39, 37, 108], [66, 32, 240]]"
s4_B3_O3rho0.05_seed42,bigru_content_gate_time_pool,42,select,select:1:0.10:random:independent:0,0.603021978021978,0.5637827473212473,0.6371420664153584,0.53702413758233,0.644811572220463,0.5337122420033915,,,0.056143892214244775,724,0.20741758241758243,0.019331501999219042,1.0,"{""Negative"": 0.5956416464891041, ""Neutral"": 0.402555910543131, ""Positive"": 0.6931506849315069}","[[123, 30, 53], [35, 63, 86], [49, 36, 253]]"
s4_B3_O3rho0.05_seed42,bigru_content_gate_time_pool,42,select,select:1:0.10:random:independent:1,0.6016483516483516,0.565740721304307,0.635989323532868,0.5330029667362692,0.6453673926611933,0.5285287987280775,,,0.056143892214244775,724,0.22115384615384615,0.021835214958511866,1.0,"{""Negative"": 0.6044226044226044, ""Neutral"": 0.4088050314465409, ""Positive"": 0.6839945280437757}","[[123, 29, 54], [30, 65, 89], [48, 40, 250]]"
s4_B3_O3rho0.05_seed42,bigru_content_gate_time_pool,42,select,select:1:0.10:random:independent:2,0.5989010989010989,0.5604322060289936,0.6355931996200438,0.5341831931702119,0.643829207867384,0.5325401110820496,,,0.056143892214244775,724,0.21565934065934067,0.020675346847517147,1.0,"{""Negative"": 0.6086956521739131, ""Neutral"": 0.3885350318471338, ""Positive"": 0.6840659340659341}","[[126, 29, 51], [33, 61, 90], [49, 40, 249]]"
s4_B3_O3rho0.05_seed42,bigru_content_gate_time_pool,42,select,select:1:0.30:random:independent:0,0.6057692307692307,0.567961301227987,0.6309315900943601,0.5440864153338592,0.6400939936770106,0.540955451631837,,,0.12118179079621412,724,0.2184065934065934,0.0210729457352597,1.0,"{""Negative"": 0.6057692307692307, ""Neutral"": 0.4037854889589905, ""Positive"": 0.69432918395574}","[[126, 29, 51], [37, 64, 83], [47, 40, 251]]"
s4_B3_O3rho0.05_seed42,bigru_content_gate_time_pool,42,select,select:1:0.30:random:independent:1,0.5961538461538461,0.5582198962780698,0.6326630804608648,0.5404864368942779,0.6416645537816233,0.5395324155268806,,,0.12118179079621412,724,0.20604395604395603,0.020882072480317655,1.0,"{""Negative"": 0.5942028985507246, ""Neutral"": 0.3925233644859813, ""Positive"": 0.6879334257975035}","[[123, 32, 51], [37, 63, 84], [48, 42, 248]]"
s4_B3_O3rho0.05_seed42,bigru_content_gate_time_pool,42,select,select:1:0.30:random:independent:2,0.614010989010989,0.5757641479663587,0.6342680122532115,0.539757879178957,0.6435176194133748,0.5348301028084607,,,0.12118179079621412,724,0.20467032967032966,0.019713505961623162,1.0,"{""Negative"": 0.6091127098321343, ""Neutral"": 0.4166666666666667, ""Positive"": 0.7015130674002751}","[[127, 28, 51], [36, 65, 83], [48, 35, 255]]"
s4_B3_O3rho0.05_seed42,bigru_content_gate_time_pool,42,select,select:1:0.50:random:independent:0,0.614010989010989,0.5805506953081631,0.6256716575754541,0.5538154739386486,0.6377864376140329,0.5483963521860766,,,0.19077939219687765,724,0.21978021978021978,0.02360823051865612,1.0,"{""Negative"": 0.6153846153846154, ""Neutral"": 0.4268292682926829, ""Positive"": 0.699438202247191}","[[128, 30, 48], [37, 70, 77], [45, 44, 249]]"
s4_B3_O3rho0.05_seed42,bigru_content_gate_time_pool,42,select,select:1:0.50:random:independent:1,0.6153846153846154,0.5796742204401846,0.6309511828600051,0.5514083436689543,0.6415961410768412,0.5447583218528781,,,0.19077939219687765,724,0.2184065934065934,0.021924493695762784,1.0,"{""Negative"": 0.6231884057971014, ""Neutral"": 0.4148606811145511, ""Positive"": 0.7009735744089013}","[[129, 31, 46], [34, 67, 83], [45, 41, 252]]"
s4_B3_O3rho0.05_seed42,bigru_content_gate_time_pool,42,select,select:1:0.50:random:independent:2,0.6098901098901099,0.5729035696756188,0.6309597177215166,0.5500400629661865,0.6401618310547137,0.5465264844431862,,,0.19077939219687765,724,0.2087912087912088,0.019839268687613064,1.0,"{""Negative"": 0.6076555023923444, ""Neutral"": 0.40993788819875776, ""Positive"": 0.7011173184357542}","[[127, 32, 47], [38, 66, 80], [47, 40, 251]]"
s4_B3_O3rho0.05_seed42,bigru_content_gate_time_pool,42,select,select:2:0.10:random:independent:0,0.5961538461538461,0.5516907879427838,0.6395448422302257,0.5292549190509521,0.6474739841932615,0.5255527122785787,,,0.05471828184470957,703,0.1978021978021978,0.01890289881031264,1.0,"{""Negative"": 0.5888077858880778, ""Neutral"": 0.37623762376237624, ""Positive"": 0.6900269541778976}","[[121, 27, 58], [37, 57, 90], [47, 35, 256]]"
s4_B3_O3rho0.05_seed42,bigru_content_gate_time_pool,42,select,select:2:0.10:random:independent:1,0.5906593406593407,0.5473151681616651,0.6405702552578607,0.5277489344339057,0.6486120785709347,0.5243142738390167,,,0.054688334898890016,703,0.20192307692307693,0.019938510433731828,1.0,"{""Negative"": 0.5951219512195122, ""Neutral"": 0.36482084690553745, ""Positive"": 0.6820027063599459}","[[122, 29, 55], [34, 56, 94], [48, 38, 252]]"
s4_B3_O3rho0.05_seed42,bigru_content_gate_time_pool,42,select,select:2:0.10:random:independent:2,0.5989010989010989,0.5568582704505034,0.637153325530772,0.5319442084468442,0.6464859675462511,0.5264034886715366,,,0.05481930502759008,703,0.20467032967032966,0.020213813173484346,1.0,"{""Negative"": 0.5995085995085995, ""Neutral"": 0.3818770226537217, ""Positive"": 0.6891891891891891}","[[122, 29, 55], [33, 59, 92], [46, 37, 255]]"
s4_B3_O3rho0.05_seed42,bigru_content_gate_time_pool,42,select,select:2:0.30:random:independent:0,0.5947802197802198,0.5479294949362487,0.6376116659960248,0.5301795297349631,0.6456899976685315,0.5273338478266738,,,0.11537182825966232,703,0.18681318681318682,0.01840659973727805,1.0,"{""Negative"": 0.594059405940594, ""Neutral"": 0.36363636363636365, ""Positive"": 0.686092715231788}","[[120, 26, 60], [32, 54, 98], [46, 33, 259]]"
s4_B3_O3rho0.05_seed42,bigru_content_gate_time_pool,42,select,select:2:0.30:random:independent:1,0.5947802197802198,0.5479428102357843,0.638999099032368,0.5312391546599786,0.6452474960555824,0.5286117627035489,,,0.11628030776814742,703,0.18956043956043955,0.017530405099387022,1.0,"{""Negative"": 0.5935162094763092, ""Neutral"": 0.36610169491525424, ""Positive"": 0.6842105263157895}","[[119, 24, 63], [31, 54, 99], [45, 33, 260]]"
s4_B3_O3rho0.05_seed42,bigru_content_gate_time_pool,42,select,select:2:0.30:random:independent:2,0.5989010989010989,0.5525779979063619,0.6399444455818653,0.5268775597006414,0.6485206480189175,0.5227952526200922,,,0.11578318848929205,703,0.19230769230769232,0.018947910216024943,1.0,"{""Negative"": 0.6004962779156328, ""Neutral"": 0.36666666666666664, ""Positive"": 0.6905710491367862}","[[121, 28, 57], [31, 55, 98], [45, 33, 260]]"
s4_B3_O3rho0.05_seed42,bigru_content_gate_time_pool,42,select,select:2:0.50:random:independent:0,0.5975274725274725,0.5503372891320161,0.6396793940734405,0.5300660802657795,0.6475599556649615,0.5261674704626969,,,0.18051985710310411,703,0.18818681318681318,0.01727194405654957,1.0,"{""Negative"": 0.5876543209876544, ""Neutral"": 0.3728813559322034, ""Positive"": 0.6904761904761905}","[[119, 27, 60], [32, 55, 97], [48, 29, 261]]"
s4_B3_O3rho0.05_seed42,bigru_content_gate_time_pool,42,select,select:2:0.50:random:independent:1,0.5961538461538461,0.551114915052627,0.6401887331874325,0.5298922051154831,0.6492745608429087,0.5255047534614323,,,0.18035659556840442,703,0.18543956043956045,0.018750245365181138,1.0,"{""Negative"": 0.5925925925925926, ""Neutral"": 0.3745819397993311, ""Positive"": 0.6861702127659575}","[[120, 27, 59], [31, 56, 97], [48, 32, 258]]"
s4_B3_O3rho0.05_seed42,bigru_content_gate_time_pool,42,select,select:2:0.50:random:independent:2,0.5906593406593407,0.5436406656659122,0.6404942070584294,0.527202809130255,0.6482020053183558,0.5239632203270016,,,0.18067481495681129,703,0.18681318681318682,0.017724719186045314,1.0,"{""Negative"": 0.5914786967418546, ""Neutral"": 0.36054421768707484, ""Positive"": 0.6788990825688074}","[[118, 24, 64], [29, 53, 102], [46, 33, 259]]"
s4_B3_O3rho0.05_seed42,bigru_content_gate_time_pool,42,select,select:01:0.10:random:independent:0,0.6002747252747253,0.5569199689099175,0.6512624960077333,0.5080481716949907,0.658888277520968,0.5064340010775329,,,0.09164042378228397,724,0.1978021978021978,0.018759200034994674,1.0,"{""Negative"": 0.5985401459854015, ""Neutral"": 0.380327868852459, ""Positive"": 0.6918918918918919}","[[123, 28, 55], [35, 58, 91], [47, 35, 256]]"
s4_B3_O3rho0.05_seed42,bigru_content_gate_time_pool,42,select,select:01:0.10:random:independent:1,0.5906593406593407,0.5504971060515508,0.6480292028019062,0.5156655224518346,0.6563126120593522,0.5122376980156695,,,0.09164042378228397,724,0.21153846153846154,0.01921709619285641,1.0,"{""Negative"": 0.5891089108910891, ""Neutral"": 0.3821656050955414, ""Positive"": 0.6802168021680217}","[[119, 31, 56], [31, 60, 93], [48, 39, 251]]"
s4_B3_O3rho0.05_seed42,bigru_content_gate_time_pool,42,select,select:01:0.10:random:independent:2,0.5947802197802198,0.5556935579319857,0.64903479441442,0.5080080992901499,0.6577733764680778,0.5069850663083035,,,0.09164042378228397,724,0.18406593406593408,0.016527036163546553,1.0,"{""Negative"": 0.596244131455399, ""Neutral"": 0.3959731543624161, ""Positive"": 0.674863387978142}","[[127, 21, 58], [36, 59, 89], [57, 34, 247]]"
s4_B3_O3rho0.05_seed42,bigru_content_gate_time_pool,42,select,select:01:0.30:random:independent:0,0.5961538461538461,0.5393751267430119,0.6589163418144642,0.5107281245512411,0.6660545132644884,0.5101264084321627,,,0.22180207259457435,724,0.15796703296703296,0.01452420286921027,1.0,"{""Negative"": 0.576271186440678, ""Neutral"": 0.3392226148409894, ""Positive"": 0.7026315789473684}","[[119, 23, 64], [45, 48, 91], [43, 28, 267]]"
s4_B3_O3rho0.05_seed42,bigru_content_gate_time_pool,42,select,select:01:0.30:random:independent:1,0.5782967032967034,0.5299787062221926,0.6602901600307816,0.4907922301479598,0.669394621016601,0.4867862520831581,,,0.22180207259457435,724,0.17307692307692307,0.01643163440369151,1.0,"{""Negative"": 0.5727923627684964, ""Neutral"": 0.3460207612456747, ""Positive"": 0.6711229946524064}","[[120, 21, 65], [40, 50, 94], [53, 34, 251]]"
s4_B3_O3rho0.05_seed42,bigru_content_gate_time_pool,42,select,select:01:0.30:random:independent:2,0.5576923076923077,0.5108518607201663,0.6714152131791626,0.46823716918603,0.6794444210827351,0.4688982787168914,,,0.22180207259457435,724,0.2032967032967033,0.02081921208581099,1.0,"{""Negative"": 0.5572139303482587, ""Neutral"": 0.3202614379084967, ""Positive"": 0.6550802139037433}","[[112, 32, 62], [32, 49, 103], [52, 41, 245]]"
s4_B3_O3rho0.05_seed42,bigru_content_gate_time_pool,42,select,select:01:0.50:random:independent:0,0.5659340659340659,0.5106987928579394,0.6928691622851313,0.44051579976493566,0.6994302124961965,0.4417830158412897,,,0.36109266611629226,724,0.1813186813186813,0.01786587419888967,1.0,"{""Negative"": 0.5422885572139303, ""Neutral"": 0.3161512027491409, ""Positive"": 0.6736566186107471}","[[109, 27, 70], [40, 46, 98], [47, 34, 257]]"
s4_B3_O3rho0.05_seed42,bigru_content_gate_time_pool,42,select,select:01:0.50:random:independent:1,0.570054945054945,0.5217713507366967,0.6872440171223339,0.4395756052435584,0.6954234993893776,0.43521995420152676,,,0.36109266611629226,724,0.18543956043956045,0.0174321106669667,1.0,"{""Negative"": 0.5454545454545454, ""Neutral"": 0.35051546391752575, ""Positive"": 0.6693440428380187}","[[114, 25, 67], [41, 51, 92], [57, 31, 250]]"
s4_B3_O3rho0.05_seed42,bigru_content_gate_time_pool,42,select,select:01:0.50:random:independent:2,0.5439560439560439,0.4990795933298404,0.7071595353280942,0.4167894155295926,0.7143820929443362,0.4187648928250043,,,0.36109266611629226,724,0.19505494505494506,0.01811095170834726,1.0,"{""Negative"": 0.5130641330166271, ""Neutral"": 0.33663366336633666, ""Positive"": 0.6475409836065574}","[[108, 31, 67], [43, 51, 90], [64, 37, 237]]"
s4_B3_O3rho0.05_seed42,bigru_content_gate_time_pool,42,select,select:02:0.10:random:independent:0,0.5851648351648352,0.543244463100414,0.6556922400288365,0.5120487901012386,0.6621557508523648,0.5112559842399486,,,0.09025892452344063,724,0.19642857142857142,0.017082704527954476,1.0,"{""Negative"": 0.5728155339805825, ""Neutral"": 0.380327868852459, ""Positive"": 0.6765899864682002}","[[118, 28, 60], [35, 58, 91], [53, 35, 250]]"
s4_B3_O3rho0.05_seed42,bigru_content_gate_time_pool,42,select,select:02:0.10:random:independent:1,0.5934065934065934,0.5477914769697715,0.6553502059336956,0.5027855826596861,0.6647011884436994,0.49929229226746047,,,0.09020706469477802,724,0.19642857142857142,0.01907024529069498,1.0,"{""Negative"": 0.5925925925925926, ""Neutral"": 0.3654485049833887, ""Positive"": 0.6853333333333333}","[[120, 27, 59], [33, 55, 96], [46, 35, 257]]"
s4_B3_O3rho0.05_seed42,bigru_content_gate_time_pool,42,select,select:02:0.10:random:independent:2,0.5975274725274725,0.5495363755542514,0.6526518477044099,0.512340501997296,0.6601234410357263,0.508944847354356,,,0.09022829257477709,724,0.17032967032967034,0.015593908236863522,1.0,"{""Negative"": 0.5970873786407767, ""Neutral"": 0.36177474402730375, ""Positive"": 0.6897470039946738}","[[123, 27, 56], [33, 53, 98], [50, 29, 259]]"
s4_B3_O3rho0.05_seed42,bigru_content_gate_time_pool,42,select,select:02:0.30:random:independent:0,0.5769230769230769,0.5150273903943879,0.6750106309944293,0.4894021494040298,0.6813440066506411,0.48789858266728636,,,0.21662896826569322,724,0.15934065934065933,0.01383470909552915,1.0,"{""Negative"": 0.5643564356435643, ""Neutral"": 0.30036630036630035, ""Positive"": 0.6803594351732991}","[[114, 21, 71], [38, 41, 105], [46, 27, 265]]"
s4_B3_O3rho0.05_seed42,bigru_content_gate_time_pool,42,select,select:02:0.30:random:independent:1,0.5714285714285714,0.5103322804163215,0.6849496578760528,0.4544605065164936,0.6900493481124823,0.4551786644755807,,,0.2163273861362854,724,0.1510989010989011,0.012727971347838967,1.0,"{""Negative"": 0.556390977443609, ""Neutral"": 0.3037037037037037, ""Positive"": 0.6709021601016518}","[[111, 17, 78], [36, 41, 107], [46, 28, 264]]"
s4_B3_O3rho0.05_seed42,bigru_content_gate_time_pool,42,select,select:02:0.30:random:independent:2,0.5535714285714286,0.48446607537282976,0.6854419220186853,0.4610210093603172,0.6889766420872248,0.46520394046694075,,,0.21614375377087763,724,0.14285714285714285,0.011365083343535662,1.0,"{""Negative"": 0.5401459854014599, ""Neutral"": 0.25, ""Positive"": 0.6632522407170295}","[[111, 22, 73], [40, 33, 111], [54, 25, 259]]"
s4_B3_O3rho0.05_seed42,bigru_content_gate_time_pool,42,select,select:02:0.50:random:independent:0,0.5260989010989011,0.4487867755765819,0.7294420675889967,0.3672320303162091,0.7331980255504067,0.36615928336173825,,,0.3507859006961929,724,0.13873626373626374,0.009843666530277703,1.0,"{""Negative"": 0.49122807017543857, ""Neutral"": 0.2109375, ""Positive"": 0.6441947565543071}","[[98, 18, 90], [42, 27, 115], [53, 27, 258]]"
s4_B3_O3rho0.05_seed42,bigru_content_gate_time_pool,42,select,select:02:0.50:random:independent:1,0.5260989010989011,0.44605005575863976,0.7160541884834624,0.37394295282974677,0.7224393657531466,0.372188465724051,,,0.35119532701886813,724,0.13598901098901098,0.011361519166933638,1.0,"{""Negative"": 0.49624060150375937, ""Neutral"": 0.20161290322580644, ""Positive"": 0.6402966625463535}","[[99, 17, 90], [37, 25, 122], [57, 22, 259]]"
s4_B3_O3rho0.05_seed42,bigru_content_gate_time_pool,42,select,select:02:0.50:random:independent:2,0.5206043956043956,0.43950813529498184,0.7186095507040456,0.38609552868435987,0.721660920357393,0.38679722434171393,,,0.35125174458983455,724,0.12637362637362637,0.009725143548240374,1.0,"{""Negative"": 0.5, ""Neutral"": 0.18473895582329317, ""Positive"": 0.6337854500616523}","[[99, 15, 92], [37, 23, 124], [54, 27, 257]]"
s4_B3_O3rho0.05_seed42,bigru_content_gate_time_pool,42,select,select:12:0.10:random:independent:0,0.6071428571428571,0.5643627748890907,0.6333137586988263,0.5366896433954057,0.6431168057229165,0.5314224399026803,,,0.09011852407557222,724,0.21153846153846154,0.020915853833759223,1.0,"{""Negative"": 0.6044226044226044, ""Neutral"": 0.38961038961038963, ""Positive"": 0.699055330634278}","[[123, 29, 54], [34, 60, 90], [44, 35, 259]]"
s4_B3_O3rho0.05_seed42,bigru_content_gate_time_pool,42,select,select:12:0.10:random:independent:1,0.6016483516483516,0.5581257350663043,0.6376492359013021,0.5327384433765925,0.6461427763442171,0.5290502905750275,,,0.09019592878213162,724,0.21428571428571427,0.01988782868774219,1.0,"{""Negative"": 0.5945945945945946, ""Neutral"": 0.38436482084690554, ""Positive"": 0.6954177897574124}","[[121, 29, 56], [35, 59, 90], [45, 35, 258]]"
s4_B3_O3rho0.05_seed42,bigru_content_gate_time_pool,42,select,select:12:0.10:random:independent:2,0.6112637362637363,0.5683160583358989,0.6336177989080385,0.541163984137994,0.6432733237692206,0.5350041597238377,,,0.09018448391793114,724,0.2129120879120879,0.020380424191409743,1.0,"{""Negative"": 0.6048780487804878, ""Neutral"": 0.3935483870967742, ""Positive"": 0.7065217391304348}","[[124, 30, 52], [37, 61, 86], [43, 35, 260]]"
s4_B3_O3rho0.05_seed42,bigru_content_gate_time_pool,42,select,select:12:0.30:random:independent:0,0.6057692307692307,0.5593760218290882,0.633599600057353,0.5442896297282038,0.6408166407228826,0.5419330677600561,,,0.21577850944764493,724,0.17994505494505494,0.016497739270198476,1.0,"{""Negative"": 0.6029411764705882, ""Neutral"": 0.3783783783783784, ""Positive"": 0.6968085106382979}","[[123, 25, 58], [34, 56, 94], [45, 31, 262]]"
s4_B3_O3rho0.05_seed42,bigru_content_gate_time_pool,42,select,select:12:0.30:random:independent:1,0.6043956043956044,0.5598274025996562,0.6345625908154053,0.5412297441056313,0.6421936897683765,0.5375648823944347,,,0.2160189805783876,724,0.19505494505494506,0.01757785909300322,1.0,"{""Negative"": 0.6053268765133172, ""Neutral"": 0.3787375415282392, ""Positive"": 0.6954177897574124}","[[125, 28, 53], [34, 57, 93], [48, 32, 258]]"
s4_B3_O3rho0.05_seed42,bigru_content_gate_time_pool,42,select,select:12:0.30:random:independent:2,0.6085164835164835,0.5669012077771202,0.6297118719006632,0.5449003250281156,0.6405226952334927,0.540804462440294,,,0.21623765565574107,724,0.1936813186813187,0.019284663076706968,1.0,"{""Negative"": 0.6034063260340633, ""Neutral"": 0.4, ""Positive"": 0.6972972972972973}","[[124, 26, 56], [35, 61, 88], [46, 34, 258]]"
s4_B3_O3rho0.05_seed42,bigru_content_gate_time_pool,42,select,select:12:0.50:random:independent:0,0.6057692307692307,0.5641796794670408,0.6340669440607939,0.5404504088453752,0.6437288392591034,0.5367726358719984,,,0.3507132531656354,724,0.1936813186813187,0.01906799490180808,1.0,"{""Negative"": 0.6074074074074074, ""Neutral"": 0.39344262295081966, ""Positive"": 0.6916890080428955}","[[123, 25, 58], [32, 60, 92], [44, 36, 258]]"
s4_B3_O3rho0.05_seed42,bigru_content_gate_time_pool,42,select,select:12:0.50:random:independent:1,0.6126373626373627,0.5741144542576607,0.6318617996049779,0.5463044490401225,0.6416748838069347,0.5416116812392703,,,0.3507343430875613,724,0.1978021978021978,0.01905594960965298,1.0,"{""Negative"": 0.6063569682151589, ""Neutral"": 0.4166666666666667, ""Positive"": 0.6993197278911565}","[[124, 28, 54], [33, 65, 86], [46, 35, 257]]"
s4_B3_O3rho0.05_seed42,bigru_content_gate_time_pool,42,select,select:12:0.50:random:independent:2,0.6085164835164835,0.5657810360619577,0.6334473583675184,0.5412769756138378,0.6420859541119701,0.5380403912833966,,,0.3509549248224926,724,0.19642857142857142,0.01841837261711339,1.0,"{""Negative"": 0.6029411764705882, ""Neutral"": 0.3973509933774834, ""Positive"": 0.6970509383378016}","[[123, 27, 56], [32, 60, 92], [47, 31, 260]]"
s4_B3_O3rho0.05_seed42,bigru_content_gate_time_pool,42,select,select:012:0.10:random:independent:0,0.5934065934065934,0.547097519386643,0.646298995021485,0.5197414464530292,0.6540026577076987,0.516684010475605,,,0.12558993973665408,724,0.19230769230769232,0.01919260640611033,1.0,"{""Negative"": 0.6019417475728155, ""Neutral"": 0.35570469798657717, ""Positive"": 0.6836461126005362}","[[124, 25, 57], [35, 53, 96], [47, 36, 255]]"
s4_B3_O3rho0.05_seed42,bigru_content_gate_time_pool,42,select,select:012:0.10:random:independent:1,0.592032967032967,0.5487307873736115,0.653154394149289,0.49907670032308815,0.6606431140994223,0.49747017129438525,,,0.12571082327220762,724,0.1978021978021978,0.017431423182040454,1.0,"{""Negative"": 0.5823389021479713, ""Neutral"": 0.38, ""Positive"": 0.683853459972863}","[[122, 27, 57], [37, 57, 90], [54, 32, 252]]"
s4_B3_O3rho0.05_seed42,bigru_content_gate_time_pool,42,select,select:012:0.10:random:independent:2,0.5975274725274725,0.5552988875957702,0.6507709063826845,0.5137087970033212,0.660832115147099,0.5103284453393891,,,0.1256004676726215,724,0.19917582417582416,0.01929866202590721,1.0,"{""Negative"": 0.5961538461538461, ""Neutral"": 0.3841059602649007, ""Positive"": 0.6856368563685636}","[[124, 25, 57], [36, 58, 90], [50, 35, 253]]"
s4_B3_O3rho0.05_seed42,bigru_content_gate_time_pool,42,select,select:012:0.30:random:independent:0,0.5728021978021978,0.5182007504044611,0.6743663678677937,0.4928237638119765,0.679171423571041,0.4923487699558077,,,0.3162180586060894,724,0.1565934065934066,0.013371572184570869,1.0,"{""Negative"": 0.5598086124401914, ""Neutral"": 0.3237410071942446, ""Positive"": 0.6710526315789473}","[[117, 23, 66], [38, 45, 101], [57, 26, 255]]"
s4_B3_O3rho0.05_seed42,bigru_content_gate_time_pool,42,select,select:012:0.30:random:independent:1,0.5576923076923077,0.4950886558434185,0.6724352757051095,0.4828267085206722,0.6783300654983128,0.4799721767430657,,,0.3167463590511638,724,0.15521978021978022,0.015777611450965588,1.0,"{""Negative"": 0.5507246376811594, ""Neutral"": 0.2730627306273063, ""Positive"": 0.6614785992217899}","[[114, 21, 71], [40, 37, 107], [54, 29, 255]]"
s4_B3_O3rho0.05_seed42,bigru_content_gate_time_pool,42,select,select:012:0.30:random:independent:2,0.5865384615384616,0.5261853886853887,0.6651399756584521,0.5016544286261139,0.6696356956202251,0.500979771737348,,,0.31705028085974835,724,0.14972527472527472,0.012168741649634891,1.0,"{""Negative"": 0.5817307692307693, ""Neutral"": 0.3111111111111111, ""Positive"": 0.6857142857142857}","[[121, 20, 65], [39, 42, 103], [50, 24, 264]]"
s4_B3_O3rho0.05_seed42,bigru_content_gate_time_pool,42,select,select:012:0.50:random:independent:0,0.5563186813186813,0.4977547342067423,0.6897447430310014,0.45337028884625546,0.6947415805790205,0.4532645675824334,,,0.5214278455584954,724,0.17445054945054944,0.01697900849856682,1.0,"{""Negative"": 0.5454545454545454, ""Neutral"": 0.2837370242214533, ""Positive"": 0.6640726329442282}","[[108, 32, 66], [32, 41, 111], [50, 32, 256]]"
s4_B3_O3rho0.05_seed42,bigru_content_gate_time_pool,42,select,select:012:0.50:random:independent:1,0.5631868131868132,0.5103046662912263,0.6833510034672015,0.4586586152888598,0.6889666863205423,0.4642745794628788,,,0.5211035116402414,724,0.17857142857142858,0.015592870374621601,1.0,"{""Negative"": 0.542713567839196, ""Neutral"": 0.32413793103448274, ""Positive"": 0.6640625}","[[108, 30, 68], [30, 47, 107], [54, 29, 255]]"
s4_B3_O3rho0.05_seed42,bigru_content_gate_time_pool,42,select,select:012:0.50:random:independent:2,0.5590659340659341,0.5040392997144126,0.6888742054450725,0.46809670881543664,0.6945144631746378,0.46876240242191963,,,0.5211950835022432,724,0.17857142857142858,0.01582704817917157,1.0,"{""Negative"": 0.5359801488833746, ""Neutral"": 0.3103448275862069, ""Positive"": 0.6657929226736566}","[[108, 28, 70], [38, 45, 101], [51, 33, 254]]"
s4_B3_O3rho0.05_seed42,bigru_content_gate_time_pool,42,clean,clean:clean,0.5934065934065934,0.5545867772648467,0.639688543015653,0.5297299896825722,0.6474668023503989,0.5261339773323962,,,0.020685516934361863,0,0.2032967032967033,0.020172738271976236,1.0,"{""Negative"": 0.5942028985507246, ""Neutral"": 0.3873015873015873, ""Positive"": 0.6822558459422283}","[[123, 30, 53], [35, 61, 88], [50, 40, 248]]"
s5_B3_L1w0.5_seed42,bigru_content_gate_time_pool,42,select,select:0:0.10:random:independent:0,0.5810439560439561,0.5258705051316412,0.6601562755494983,0.5037327050785488,0.6659574792669206,0.5044513193865762,,,0.056182048502401064,724,0.15521978021978022,0.017834310455227292,1.0,"{""Negative"": 0.5835294117647059, ""Neutral"": 0.3176895306859206, ""Positive"": 0.6763925729442971}","[[124, 21, 61], [40, 44, 100], [55, 28, 255]]"
s5_B3_L1w0.5_seed42,bigru_content_gate_time_pool,42,select,select:0:0.10:random:independent:1,0.5796703296703297,0.5271587430963077,0.6613082045435251,0.5022412860049023,0.6674152611509211,0.5015893180546279,,,0.056182048502401064,724,0.14972527472527472,0.017669405042019845,1.0,"{""Negative"": 0.5767441860465117, ""Neutral"": 0.33093525179856115, ""Positive"": 0.6737967914438503}","[[124, 20, 62], [42, 46, 96], [58, 28, 252]]"
s5_B3_L1w0.5_seed42,bigru_content_gate_time_pool,42,select,select:0:0.10:random:independent:2,0.5714285714285714,0.519710297471368,0.6631169140094256,0.501257769004158,0.6692386691990707,0.5018825673918285,,,0.056182048502401064,724,0.1620879120879121,0.018531693096336097,1.0,"{""Negative"": 0.5673758865248227, ""Neutral"": 0.3250883392226148, ""Positive"": 0.6666666666666666}","[[120, 21, 65], [41, 46, 97], [56, 32, 250]]"
s5_B3_L1w0.5_seed42,bigru_content_gate_time_pool,42,select,select:0:0.30:random:independent:0,0.5741758241758241,0.5107251411576503,0.6782689587404767,0.4806214397194743,0.6822271227304425,0.47960137139259984,,,0.12130579873272207,724,0.13324175824175824,0.014081096221293722,1.0,"{""Negative"": 0.5794392523364486, ""Neutral"": 0.2781954887218045, ""Positive"": 0.6745406824146981}","[[124, 18, 64], [44, 37, 103], [54, 27, 257]]"
s5_B3_L1w0.5_seed42,bigru_content_gate_time_pool,42,select,select:0:0.30:random:independent:1,0.5563186813186813,0.49239086087311296,0.6748431833976409,0.49269479198504346,0.6776419167232873,0.4952732321818165,,,0.12130579873272207,724,0.14835164835164835,0.015539216431254868,1.0,"{""Negative"": 0.5534883720930233, ""Neutral"": 0.2631578947368421, ""Positive"": 0.6605263157894737}","[[119, 23, 64], [42, 35, 107], [63, 24, 251]]"
s5_B3_L1w0.5_seed42,bigru_content_gate_time_pool,42,select,select:0:0.30:random:independent:2,0.5673076923076923,0.5021457060693589,0.6859621362082414,0.4504859972453877,0.6923506284531739,0.4540799893573243,,,0.12130579873272207,724,0.12912087912087913,0.015010150339274289,1.0,"{""Negative"": 0.539906103286385, ""Neutral"": 0.28679245283018867, ""Positive"": 0.6797385620915033}","[[115, 23, 68], [47, 38, 99], [58, 20, 260]]"
s5_B3_L1w0.5_seed42,bigru_content_gate_time_pool,42,select,select:0:0.50:random:independent:0,0.5302197802197802,0.4621266735922768,0.709099646125521,0.4259673270095633,0.7119579911948397,0.42671400850710484,,,0.1909987908537763,724,0.1401098901098901,0.01223370899540055,1.0,"{""Negative"": 0.5176470588235295, ""Neutral"": 0.22727272727272727, ""Positive"": 0.6414602346805737}","[[110, 20, 76], [47, 30, 107], [62, 30, 246]]"
s5_B3_L1w0.5_seed42,bigru_content_gate_time_pool,42,select,select:0:0.50:random:independent:1,0.5247252747252747,0.45827787999266434,0.7328326280943313,0.376660806871213,0.7371087102014776,0.37364572814853225,,,0.1909987908537763,724,0.12912087912087913,0.012020280248368834,1.0,"{""Negative"": 0.5011600928074246, ""Neutral"": 0.23754789272030652, ""Positive"": 0.6361256544502618}","[[108, 16, 82], [52, 31, 101], [65, 30, 243]]"
s5_B3_L1w0.5_seed42,bigru_content_gate_time_pool,42,select,select:0:0.50:random:independent:2,0.5233516483516484,0.4610161494788805,0.7204192686429718,0.3991497876252321,0.7229671638745528,0.4036916557162437,,,0.1909987908537763,724,0.14560439560439561,0.012495510931427664,1.0,"{""Negative"": 0.49411764705882355, ""Neutral"": 0.2595419847328244, ""Positive"": 0.6293888166449935}","[[105, 21, 80], [41, 34, 109], [73, 23, 242]]"
s5_B3_L1w0.5_seed42,bigru_content_gate_time_pool,42,select,select:1:0.10:random:independent:0,0.6002747252747253,0.5516131869590832,0.6392833266293774,0.5357278030925343,0.6484078201004765,0.5338076598764192,,,0.056143892214244775,724,0.17445054945054944,0.022688645378262786,1.0,"{""Negative"": 0.5947242206235012, ""Neutral"": 0.36678200692041524, ""Positive"": 0.6933333333333334}","[[124, 23, 59], [38, 53, 93], [49, 29, 260]]"
s5_B3_L1w0.5_seed42,bigru_content_gate_time_pool,42,select,select:1:0.10:random:independent:1,0.5961538461538461,0.5508087091273373,0.6400620693938254,0.5306909395592558,0.6494959980341514,0.5297383728608003,,,0.056143892214244775,724,0.18269230769230768,0.024453746318203077,1.0,"{""Negative"": 0.5947242206235012, ""Neutral"": 0.37037037037037035, ""Positive"": 0.6873315363881402}","[[124, 25, 57], [37, 55, 92], [50, 33, 255]]"
s5_B3_L1w0.5_seed42,bigru_content_gate_time_pool,42,select,select:1:0.10:random:independent:2,0.5975274725274725,0.5494623572946055,0.6385356685650054,0.5349369669596807,0.6474146678286431,0.5339708567350173,,,0.056143892214244775,724,0.18269230769230768,0.023524697888175863,1.0,"{""Negative"": 0.5961538461538461, ""Neutral"": 0.36054421768707484, ""Positive"": 0.6916890080428955}","[[124, 26, 56], [37, 53, 94], [49, 31, 258]]"
s5_B3_L1w0.5_seed42,bigru_content_gate_time_pool,42,select,select:1:0.30:random:independent:0,0.603021978021978,0.5549081273547799,0.6355019511006527,0.5422257948323842,0.6446282043899563,0.5419297688602144,,,0.12118179079621412,724,0.17582417582417584,0.022533072995132467,1.0,"{""Negative"": 0.5975903614457831, ""Neutral"": 0.3711340206185567, ""Positive"": 0.696}","[[124, 23, 59], [38, 54, 92], [47, 30, 261]]"
s5_B3_L1w0.5_seed42,bigru_content_gate_time_pool,42,select,select:1:0.30:random:independent:1,0.5975274725274725,0.5472312273204424,0.6389556642608737,0.5409614058288419,0.6470326316481517,0.5411514574086329,,,0.12118179079621412,724,0.17032967032967034,0.02203872117943816,1.0,"{""Negative"": 0.5857142857142857, ""Neutral"": 0.35986159169550175, ""Positive"": 0.6961178045515395}","[[123, 25, 58], [41, 52, 91], [50, 28, 260]]"
s5_B3_L1w0.5_seed42,bigru_content_gate_time_pool,42,select,select:1:0.30:random:independent:2,0.5989010989010989,0.549683125570532,0.6393408743761398,0.538829109296276,0.6483043562211506,0.5367757248272309,,,0.12118179079621412,724,0.1620879120879121,0.02126975142985255,1.0,"{""Negative"": 0.5938242280285035, ""Neutral"": 0.36363636363636365, ""Positive"": 0.6915887850467289}","[[125, 22, 59], [39, 52, 93], [51, 28, 259]]"
s5_B3_L1w0.5_seed42,bigru_content_gate_time_pool,42,select,select:1:0.50:random:independent:0,0.6071428571428571,0.5622563605657614,0.6317554257357022,0.5528123565554374,0.6425389392240034,0.5499217979113942,,,0.19077939219687765,724,0.1771978021978022,0.022662460979377175,1.0,"{""Negative"": 0.6139088729016786, ""Neutral"": 0.3783783783783784, ""Positive"": 0.6944818304172274}","[[128, 22, 56], [37, 56, 91], [46, 34, 258]]"
s5_B3_L1w0.5_seed42,bigru_content_gate_time_pool,42,select,select:1:0.50:random:independent:1,0.614010989010989,0.5622361943838627,0.6357451278844705,0.5499010379777642,0.6462069500421921,0.5459963379784166,,,0.19077939219687765,724,0.1620879120879121,0.019598520569306808,1.0,"{""Negative"": 0.6139088729016786, ""Neutral"": 0.36363636363636365, ""Positive"": 0.7091633466135459}","[[128, 22, 56], [40, 52, 92], [43, 28, 267]]"
s5_B3_L1w0.5_seed42,bigru_content_gate_time_pool,42,select,select:1:0.50:random:independent:2,0.603021978021978,0.5528043352382913,0.6326066507547603,0.5524302982638261,0.6426569260963864,0.550931740147144,,,0.19077939219687765,724,0.16895604395604397,0.02156382097913014,1.0,"{""Negative"": 0.6038647342995169, ""Neutral"": 0.35494880546075086, ""Positive"": 0.6995994659546061}","[[125, 26, 55], [38, 52, 94], [45, 31, 262]]"
s5_B3_L1w0.5_seed42,bigru_content_gate_time_pool,42,select,select:2:0.10:random:independent:0,0.5906593406593407,0.5392929817062774,0.6422709064013028,0.528593405191612,0.6512266783309835,0.5273226821699442,,,0.05471828184470957,703,0.16483516483516483,0.020263523078325033,1.0,"{""Negative"": 0.5966587112171837, ""Neutral"": 0.3404255319148936, ""Positive"": 0.680794701986755}","[[125, 22, 59], [35, 48, 101], [53, 28, 257]]"
s5_B3_L1w0.5_seed42,bigru_content_gate_time_pool,42,select,select:2:0.10:random:independent:1,0.5824175824175825,0.5292199034375921,0.6449972648958912,0.5236670454051758,0.6529594933573197,0.5244295223876975,,,0.054688334898890016,703,0.16483516483516483,0.02101492077359459,1.0,"{""Negative"": 0.576271186440678, ""Neutral"": 0.3333333333333333, ""Positive"": 0.6780551905387647}","[[119, 23, 64], [36, 47, 101], [52, 28, 258]]"
s5_B3_L1w0.5_seed42,bigru_content_gate_time_pool,42,select,select:2:0.10:random:independent:2,0.5892857142857143,0.5363923736775384,0.6417262955349226,0.5292753528420839,0.6513367097333564,0.5275344801179012,,,0.05481930502759008,703,0.16346153846153846,0.02086047373004667,1.0,"{""Negative"": 0.5845410628019324, ""Neutral"": 0.3404255319148936, ""Positive"": 0.6842105263157895}","[[121, 23, 62], [36, 48, 100], [51, 27, 260]]"
s5_B3_L1w0.5_seed42,bigru_content_gate_time_pool,42,select,select:2:0.30:random:independent:0,0.5851648351648352,0.5275576390093707,0.6413337855025799,0.529739646443037,0.6497064827644563,0.5291972064354913,,,0.11537182825966232,703,0.14697802197802198,0.019299549668421456,1.0,"{""Negative"": 0.5893719806763285, ""Neutral"": 0.31272727272727274, ""Positive"": 0.6805736636245111}","[[122, 22, 62], [35, 43, 106], [51, 26, 261]]"
s5_B3_L1w0.5_seed42,bigru_content_gate_time_pool,42,select,select:2:0.30:random:independent:1,0.5879120879120879,0.5319190879883683,0.6422462892829389,0.5316557040484972,0.6491610453986041,0.5306928604703168,,,0.11628030776814742,703,0.1510989010989011,0.01890049054922311,1.0,"{""Negative"": 0.587378640776699, ""Neutral"": 0.32608695652173914, ""Positive"": 0.6822916666666666}","[[121, 22, 63], [34, 45, 105], [51, 25, 262]]"
s5_B3_L1w0.5_seed42,bigru_content_gate_time_pool,42,select,select:2:0.30:random:independent:2,0.5906593406593407,0.5295651541974437,0.6468482537806362,0.525975774439242,0.6534180546404569,0.5247949507820011,,,0.11578318848929205,703,0.14148351648351648,0.017131100011002886,1.0,"{""Negative"": 0.5985401459854015, ""Neutral"": 0.3037037037037037, ""Positive"": 0.6864516129032258}","[[123, 21, 62], [34, 41, 109], [48, 24, 266]]"
s5_B3_L1w0.5_seed42,bigru_content_gate_time_pool,42,select,select:2:0.50:random:independent:0,0.5906593406593407,0.5333269445050403,0.6456963076632101,0.5317838902675643,0.6531123972323897,0.529377413858666,,,0.18051985710310411,703,0.14835164835164835,0.01872829115112404,1.0,"{""Negative"": 0.5965770171149144, ""Neutral"": 0.3176895306859206, ""Positive"": 0.6857142857142857}","[[122, 23, 61], [33, 44, 107], [48, 26, 264]]"
s5_B3_L1w0.5_seed42,bigru_content_gate_time_pool,42,select,select:2:0.50:random:independent:1,0.5782967032967034,0.5180551945891368,0.6483312459964019,0.5288883135697109,0.6550496515592785,0.5265233792539435,,,0.18035659556840442,703,0.1510989010989011,0.017973901795612257,1.0,"{""Negative"": 0.5770171149144254, ""Neutral"": 0.29927007299270075, ""Positive"": 0.6778783958602846}","[[118, 24, 64], [34, 41, 109], [51, 25, 262]]"
s5_B3_L1w0.5_seed42,bigru_content_gate_time_pool,42,select,select:2:0.50:random:independent:2,0.5851648351648352,0.5291925295865038,0.6458498533195518,0.5284041680449542,0.6530439793848648,0.5258758757719635,,,0.18067481495681129,703,0.15384615384615385,0.018535128584823438,1.0,"{""Negative"": 0.5902439024390244, ""Neutral"": 0.32116788321167883, ""Positive"": 0.6761658031088082}","[[121, 20, 65], [32, 44, 108], [51, 26, 261]]"
s5_B3_L1w0.5_seed42,bigru_content_gate_time_pool,42,select,select:01:0.10:random:independent:0,0.5824175824175825,0.5301253506440796,0.6526595222550762,0.5086624273896518,0.6586733530019666,0.5086968462473918,,,0.09164042378228397,724,0.15796703296703296,0.018056153012763015,1.0,"{""Negative"": 0.5862884160756501, ""Neutral"": 0.33212996389891697, ""Positive"": 0.671957671957672}","[[124, 18, 64], [38, 46, 100], [55, 29, 254]]"
s5_B3_L1w0.5_seed42,bigru_content_gate_time_pool,42,select,select:01:0.10:random:independent:1,0.5837912087912088,0.5378923275171574,0.6528010556007317,0.510786614894458,0.6613017603560545,0.5100599247160512,,,0.09164042378228397,724,0.1620879120879121,0.017711463315956865,1.0,"{""Negative"": 0.5823389021479713, ""Neutral"": 0.3611111111111111, ""Positive"": 0.6702269692923899}","[[122, 22, 62], [34, 52, 98], [57, 30, 251]]"
s5_B3_L1w0.5_seed42,bigru_content_gate_time_pool,42,select,select:01:0.10:random:independent:2,0.5879120879120879,0.5410467247932037,0.6537787117646454,0.5082976225327002,0.6631911184362412,0.5061282982020264,,,0.09164042378228397,724,0.16483516483516483,0.02002701773305352,1.0,"{""Negative"": 0.5868544600938967, ""Neutral"": 0.36428571428571427, ""Positive"": 0.672}","[[125, 18, 63], [36, 51, 97], [59, 27, 252]]"
s5_B3_L1w0.5_seed42,bigru_content_gate_time_pool,42,select,select:01:0.30:random:independent:0,0.5851648351648352,0.520313526967336,0.6629051982888482,0.5102152817381136,0.6684249832427928,0.5091995553188577,,,0.22180207259457435,724,0.1304945054945055,0.013503803672944452,1.0,"{""Negative"": 0.585480093676815, ""Neutral"": 0.2878787878787879, ""Positive"": 0.6875816993464052}","[[125, 15, 66], [48, 38, 98], [48, 27, 263]]"
s5_B3_L1w0.5_seed42,bigru_content_gate_time_pool,42,select,select:01:0.30:random:independent:1,0.5741758241758241,0.5197748658601137,0.6635139915765642,0.492546845132227,0.6718935781506473,0.48866283853934434,,,0.22180207259457435,724,0.1401098901098901,0.015717859084093636,1.0,"{""Negative"": 0.5788235294117647, ""Neutral"": 0.3173431734317343, ""Positive"": 0.6631578947368421}","[[123, 15, 68], [39, 43, 102], [57, 29, 252]]"
s5_B3_L1w0.5_seed42,bigru_content_gate_time_pool,42,select,select:01:0.30:random:independent:2,0.5645604395604396,0.510296887345941,0.6760755353858511,0.46830088109424856,0.6822249187504524,0.4741443347276855,,,0.22180207259457435,724,0.16895604395604397,0.020915139188822155,1.0,"{""Negative"": 0.5632458233890215, ""Neutral"": 0.30714285714285716, ""Positive"": 0.6605019815059445}","[[118, 22, 66], [38, 43, 103], [57, 31, 250]]"
s5_B3_L1w0.5_seed42,bigru_content_gate_time_pool,42,select,select:01:0.50:random:independent:0,0.5645604395604396,0.4969793368200837,0.6939213140011653,0.44491460307907954,0.6987565323546693,0.4447610795323499,,,0.36109266611629226,724,0.13598901098901098,0.01411554199616005,1.0,"{""Negative"": 0.5632458233890215, ""Neutral"": 0.25757575757575757, ""Positive"": 0.6701164294954722}","[[118, 17, 71], [45, 34, 105], [50, 29, 259]]"
s5_B3_L1w0.5_seed42,bigru_content_gate_time_pool,42,select,select:01:0.50:random:independent:1,0.554945054945055,0.49141212851642746,0.687384120950643,0.444809241020256,0.691420555242675,0.44480307083659704,,,0.36109266611629226,724,0.13736263736263737,0.013667299160533226,1.0,"{""Negative"": 0.5404157043879908, ""Neutral"": 0.2706766917293233, ""Positive"": 0.6631439894319683}","[[117, 20, 69], [49, 36, 99], [61, 26, 251]]"
s5_B3_L1w0.5_seed42,bigru_content_gate_time_pool,42,select,select:01:0.50:random:independent:2,0.5343406593406593,0.4782889533732095,0.7104434168443575,0.4208832134735777,0.714901210950012,0.42058884140741115,,,0.36109266611629226,724,0.14423076923076922,0.01398101373001278,1.0,"{""Negative"": 0.527027027027027, ""Neutral"": 0.27611940298507465, ""Positive"": 0.6317204301075269}","[[117, 17, 72], [48, 37, 99], [73, 30, 235]]"
s5_B3_L1w0.5_seed42,bigru_content_gate_time_pool,42,select,select:02:0.10:random:independent:0,0.5782967032967034,0.5242230672686061,0.6584327513967079,0.5135001637381219,0.6640086001358353,0.5133301976217105,,,0.09025892452344063,724,0.14835164835164835,0.018686862827591844,1.0,"{""Negative"": 0.5734597156398105, ""Neutral"": 0.32727272727272727, ""Positive"": 0.6719367588932806}","[[121, 21, 64], [37, 45, 102], [58, 25, 255]]"
s5_B3_L1w0.5_seed42,bigru_content_gate_time_pool,42,select,select:02:0.10:random:independent:1,0.5879120879120879,0.5331850562485898,0.6592314898684949,0.5017180255584357,0.666174631949596,0.5022468692314253,,,0.09020706469477802,724,0.1346153846153846,0.016351400033024314,1.0,"{""Negative"": 0.6, ""Neutral"": 0.32592592592592595, ""Positive"": 0.6736292428198434}","[[126, 15, 65], [35, 44, 105], [53, 27, 258]]"
s5_B3_L1w0.5_seed42,bigru_content_gate_time_pool,42,select,select:02:0.10:random:independent:2,0.5810439560439561,0.5212889071977697,0.6551436659159896,0.515177598522862,0.6635174287360285,0.5129963176453156,,,0.09022829257477709,724,0.14423076923076922,0.016237967373627225,1.0,"{""Negative"": 0.5817307692307693, ""Neutral"": 0.30597014925373134, ""Positive"": 0.6761658031088082}","[[121, 18, 67], [37, 41, 106], [52, 25, 261]]"
s5_B3_L1w0.5_seed42,bigru_content_gate_time_pool,42,select,select:02:0.30:random:independent:0,0.5686813186813187,0.4925648474371394,0.6798581270785695,0.4897285561256623,0.6836094184123634,0.48826102082487544,,,0.21662896826569322,724,0.11538461538461539,0.012960866867267823,1.0,"{""Negative"": 0.5611510791366906, ""Neutral"": 0.23715415019762845, ""Positive"": 0.6793893129770993}","[[117, 17, 72], [45, 30, 109], [49, 22, 267]]"
s5_B3_L1w0.5_seed42,bigru_content_gate_time_pool,42,select,select:02:0.30:random:independent:1,0.5618131868131868,0.4913075133127974,0.6869697506682804,0.46222646423940333,0.6917857002559026,0.4617724296916274,,,0.2163273861362854,724,0.1304945054945055,0.013612095528038649,1.0,"{""Negative"": 0.5700483091787439, ""Neutral"": 0.24313725490196078, ""Positive"": 0.6607369758576874}","[[118, 12, 76], [40, 31, 113], [50, 28, 260]]"
s5_B3_L1w0.5_seed42,bigru_content_gate_time_pool,42,select,select:02:0.30:random:independent:2,0.5412087912087912,0.4661911493995771,0.6865720973288784,0.46047330749569654,0.6901195800535709,0.46374296573356,,,0.21614375377087763,724,0.125,0.012681146554264066,1.0,"{""Negative"": 0.5346062052505967, ""Neutral"": 0.21428571428571427, ""Positive"": 0.6496815286624203}","[[112, 18, 76], [41, 27, 116], [60, 23, 255]]"
s5_B3_L1w0.5_seed42,bigru_content_gate_time_pool,42,select,select:02:0.50:random:independent:0,0.5192307692307693,0.430599647266314,0.7308914147077354,0.3689770744873278,0.7325643138182196,0.3704337815754165,,,0.3507859006961929,724,0.10164835164835165,0.008653633076001654,1.0,"{""Negative"": 0.4950980392156863, ""Neutral"": 0.15966386554621848, ""Positive"": 0.6370370370370371}","[[101, 12, 93], [44, 19, 121], [57, 23, 258]]"
s5_B3_L1w0.5_seed42,bigru_content_gate_time_pool,42,select,select:02:0.50:random:independent:1,0.5260989010989011,0.4381351664204698,0.7199360222767833,0.38016327411231315,0.7249199340918234,0.37971118839383683,,,0.35119532701886813,724,0.10989010989010989,0.0099319199981434,1.0,"{""Negative"": 0.495, ""Neutral"": 0.17872340425531916, ""Positive"": 0.6406820950060901}","[[99, 12, 95], [38, 21, 125], [57, 18, 263]]"
s5_B3_L1w0.5_seed42,bigru_content_gate_time_pool,42,select,select:02:0.50:random:independent:2,0.5233516483516484,0.43711102554386133,0.7208561496102057,0.3906162754829155,0.7235495557312618,0.389764531628095,,,0.35125174458983455,724,0.1043956043956044,0.009169270268672114,1.0,"{""Negative"": 0.4975124378109453, ""Neutral"": 0.175, ""Positive"": 0.6388206388206388}","[[100, 14, 92], [39, 21, 124], [57, 21, 260]]"
s5_B3_L1w0.5_seed42,bigru_content_gate_time_pool,42,select,select:12:0.10:random:independent:0,0.5934065934065934,0.5418390422488253,0.6398141177252099,0.5342461270346819,0.6476960767899732,0.5343240644149566,,,0.09011852407557222,724,0.1662087912087912,0.02267644687889369,1.0,"{""Negative"": 0.5956416464891041, ""Neutral"": 0.34385964912280703, ""Positive"": 0.6860158311345647}","[[123, 22, 61], [36, 49, 99], [48, 30, 260]]"
s5_B3_L1w0.5_seed42,bigru_content_gate_time_pool,42,select,select:12:0.10:random:independent:1,0.592032967032967,0.5394901397165678,0.643611036404345,0.5295467193384186,0.6514704550237773,0.5290293122124283,,,0.09019592878213162,724,0.16483516483516483,0.021206262098596648,1.0,"{""Negative"": 0.585956416464891, ""Neutral"": 0.34385964912280703, ""Positive"": 0.6886543535620053}","[[121, 24, 61], [37, 49, 98], [49, 28, 261]]"
s5_B3_L1w0.5_seed42,bigru_content_gate_time_pool,42,select,select:12:0.10:random:independent:2,0.603021978021978,0.5526207560509447,0.6382897958130628,0.5379590576658787,0.6468658600012761,0.5359436446123389,,,0.09018448391793114,724,0.16758241758241757,0.02129296260747117,1.0,"{""Negative"": 0.60431654676259, ""Neutral"": 0.36042402826855124, ""Positive"": 0.6931216931216931}","[[126, 21, 59], [36, 51, 97], [49, 27, 262]]"
s5_B3_L1w0.5_seed42,bigru_content_gate_time_pool,42,select,select:12:0.30:random:independent:0,0.592032967032967,0.5360115926417749,0.6401961061072711,0.5456388193988987,0.6476139166791525,0.5431737777399489,,,0.21577850944764493,724,0.15384615384615385,0.018136362534040933,1.0,"{""Negative"": 0.5896805896805897, ""Neutral"": 0.33093525179856115, ""Positive"": 0.6874189364461738}","[[120, 21, 65], [35, 46, 103], [46, 27, 265]]"
s5_B3_L1w0.5_seed42,bigru_content_gate_time_pool,42,select,select:12:0.30:random:independent:1,0.5989010989010989,0.5419508051860993,0.639819213492497,0.5406080597494051,0.6470910711418633,0.5394428517901374,,,0.2160189805783876,724,0.14697802197802198,0.01706433404037258,1.0,"{""Negative"": 0.6057692307692307, ""Neutral"": 0.32727272727272727, ""Positive"": 0.6928104575163399}","[[126, 22, 58], [35, 45, 104], [49, 24, 265]]"
s5_B3_L1w0.5_seed42,bigru_content_gate_time_pool,42,select,select:12:0.30:random:independent:2,0.5934065934065934,0.5373101205689771,0.637109145742622,0.5470809610081526,0.6448091817508032,0.5445553965693668,,,0.21623765565574107,724,0.14835164835164835,0.01764264024076881,1.0,"{""Negative"": 0.5907990314769975, ""Neutral"": 0.33093525179856115, ""Positive"": 0.6901960784313725}","[[122, 20, 64], [39, 46, 99], [46, 28, 264]]"
s5_B3_L1w0.5_seed42,bigru_content_gate_time_pool,42,select,select:12:0.50:random:independent:0,0.5947802197802198,0.5393889769509004,0.6415415809575346,0.5413074113518985,0.6509747445010222,0.539312785567812,,,0.3507132531656354,724,0.1510989010989011,0.019364288430783774,1.0,"{""Negative"": 0.5990338164251208, ""Neutral"": 0.32974910394265233, ""Positive"": 0.6893840104849279}","[[124, 22, 60], [36, 46, 102], [48, 27, 263]]"
s5_B3_L1w0.5_seed42,bigru_content_gate_time_pool,42,select,select:12:0.50:random:independent:1,0.5989010989010989,0.5477968770134285,0.6376121461397999,0.5464497210547942,0.6480732712342026,0.5446936792898166,,,0.3507343430875613,724,0.16071428571428573,0.01947818132077272,1.0,"{""Negative"": 0.6063569682151589, ""Neutral"": 0.3448275862068966, ""Positive"": 0.6922060766182299}","[[124, 26, 56], [33, 50, 101], [46, 30, 262]]"
s5_B3_L1w0.5_seed42,bigru_content_gate_time_pool,42,select,select:12:0.50:random:independent:2,0.5989010989010989,0.5420556682890477,0.6362942008070893,0.5470009889970262,0.6447065670483305,0.544727265935752,,,0.3509549248224926,724,0.14560439560439561,0.01764932130841272,1.0,"{""Negative"": 0.6082725060827251, ""Neutral"": 0.32608695652173914, ""Positive"": 0.6918075422626788}","[[125, 21, 60], [34, 45, 105], [46, 26, 266]]"
s5_B3_L1w0.5_seed42,bigru_content_gate_time_pool,42,select,select:012:0.10:random:independent:0,0.5851648351648352,0.5298696800615754,0.6507060913770082,0.5179003036141379,0.6563490367811787,0.5172442443897016,,,0.12558993973665408,724,0.15521978021978022,0.019117704328894616,1.0,"{""Negative"": 0.583732057416268, ""Neutral"": 0.32608695652173914, ""Positive"": 0.6797900262467191}","[[122, 20, 64], [38, 45, 101], [52, 27, 259]]"
s5_B3_L1w0.5_seed42,bigru_content_gate_time_pool,42,select,select:012:0.10:random:independent:1,0.5769230769230769,0.5224473825251339,0.6577845038581026,0.4985493539745212,0.6644217158248137,0.49691257215536294,,,0.12571082327220762,724,0.15934065934065933,0.017327723070553372,1.0,"{""Negative"": 0.5687203791469194, ""Neutral"": 0.3249097472924188, ""Positive"": 0.6737120211360634}","[[120, 20, 66], [41, 45, 98], [55, 28, 255]]"
s5_B3_L1w0.5_seed42,bigru_content_gate_time_pool,42,select,select:012:0.10:random:independent:2,0.5934065934065934,0.5375507296276676,0.6592757025567058,0.5103420360533498,0.6671423791385778,0.5088786964941451,,,0.1256004676726215,724,0.14697802197802198,0.017140230662171,1.0,"{""Negative"": 0.594847775175644, ""Neutral"": 0.33088235294117646, ""Positive"": 0.6869220607661823}","[[127, 17, 62], [42, 45, 97], [52, 26, 260]]"
s5_B3_L1w0.5_seed42,bigru_content_gate_time_pool,42,select,select:012:0.30:random:independent:0,0.5714285714285714,0.510872291673875,0.6766760613156217,0.49482945115877597,0.6804437487703431,0.4958830610251726,,,0.3162180586060894,724,0.12637362637362637,0.012127290552887287,1.0,"{""Negative"": 0.5673758865248227, ""Neutral"": 0.30115830115830117, ""Positive"": 0.6640826873385013}","[[120, 14, 72], [38, 39, 107], [59, 22, 257]]"
s5_B3_L1w0.5_seed42,bigru_content_gate_time_pool,42,select,select:012:0.30:random:independent:1,0.5618131868131868,0.4875581113687318,0.6785661222387146,0.4844041974739441,0.6824869301098471,0.48370966954276934,,,0.3167463590511638,724,0.10989010989010989,0.013214242325027239,1.0,"{""Negative"": 0.5545023696682464, ""Neutral"": 0.23809523809523808, ""Positive"": 0.670076726342711}","[[117, 16, 73], [45, 30, 109], [54, 22, 262]]"
s5_B3_L1w0.5_seed42,bigru_content_gate_time_pool,42,select,select:012:0.30:random:independent:2,0.5837912087912088,0.5160655153254599,0.6644872256729629,0.5054655030070546,0.6683190196936766,0.5058603439128052,,,0.31705028085974835,724,0.12912087912087913,0.013362707235737816,1.0,"{""Negative"": 0.5815602836879432, ""Neutral"": 0.2845849802371542, ""Positive"": 0.6820512820512821}","[[123, 12, 71], [43, 36, 105], [51, 21, 266]]"
s5_B3_L1w0.5_seed42,bigru_content_gate_time_pool,42,select,select:012:0.50:random:independent:0,0.5508241758241759,0.4845902100034718,0.6890491060484732,0.45646721912128735,0.6937323739025537,0.4573586243197776,,,0.5214278455584954,724,0.14835164835164835,0.01370658383815662,1.0,"{""Negative"": 0.5414634146341464, ""Neutral"": 0.25757575757575757, ""Positive"": 0.6547314578005116}","[[111, 21, 74], [36, 34, 114], [57, 25, 256]]"
s5_B3_L1w0.5_seed42,bigru_content_gate_time_pool,42,select,select:012:0.50:random:independent:1,0.570054945054945,0.5065173062180222,0.6847581238719379,0.4620541233590704,0.6901827052665445,0.4656013134948047,,,0.5211035116402414,724,0.1346153846153846,0.012674302539122956,1.0,"{""Negative"": 0.553921568627451, ""Neutral"": 0.29213483146067415, ""Positive"": 0.6734955185659411}","[[113, 23, 70], [35, 39, 110], [54, 21, 263]]"
s5_B3_L1w0.5_seed42,bigru_content_gate_time_pool,42,select,select:012:0.50:random:independent:2,0.5659340659340659,0.5016476287484691,0.6874805226267039,0.47363959107145254,0.6937380380734064,0.4725950347071977,,,0.5211950835022432,724,0.1401098901098901,0.01223547150290438,1.0,"{""Negative"": 0.5588235294117647, ""Neutral"": 0.2803030303030303, ""Positive"": 0.6658163265306123}","[[114, 15, 77], [39, 37, 108], [49, 28, 261]]"
s5_B3_L1w0.5_seed42,bigru_content_gate_time_pool,42,clean,clean:clean,0.5892857142857143,0.5412290118037304,0.6421561302732636,0.5271028480358328,0.6515632890789145,0.5267383756103884,,,0.020685516934361863,0,0.17994505494505494,0.024201704179430076,1.0,"{""Negative"": 0.5845410628019324, ""Neutral"": 0.35738831615120276, ""Positive"": 0.681757656458056}","[[121, 24, 61], [36, 52, 96], [51, 31, 256]]"
s5_B3_L1w2_seed42,bigru_content_gate_time_pool,42,select,select:0:0.10:random:independent:0,0.5769230769230769,0.5251016950269203,0.6580344235583158,0.4982660223937396,0.6648020660658214,0.49831264359598665,,,0.056182048502401064,724,0.1771978021978022,0.017334909944047967,1.0,"{""Negative"": 0.5829383886255924, ""Neutral"": 0.3194444444444444, ""Positive"": 0.6729222520107239}","[[123, 28, 55], [36, 46, 102], [57, 30, 251]]"
s5_B3_L1w2_seed42,bigru_content_gate_time_pool,42,select,select:0:0.10:random:independent:1,0.5755494505494505,0.5251140819506516,0.6581932872451923,0.5015085864187545,0.6651944113629205,0.49858108002980306,,,0.056182048502401064,724,0.18956043956043955,0.019309674443648412,1.0,"{""Negative"": 0.5631067961165048, ""Neutral"": 0.3402777777777778, ""Positive"": 0.671957671957672}","[[116, 25, 65], [36, 49, 99], [54, 30, 254]]"
s5_B3_L1w2_seed42,bigru_content_gate_time_pool,42,select,select:0:0.10:random:independent:2,0.5728021978021978,0.5243448676350762,0.6616444455024305,0.5005538312502186,0.6682418105550684,0.5001490271349542,,,0.056182048502401064,724,0.19230769230769232,0.019263069238440022,1.0,"{""Negative"": 0.5672371638141809, ""Neutral"": 0.33557046979865773, ""Positive"": 0.6702269692923899}","[[116, 29, 61], [35, 50, 99], [52, 35, 251]]"
s5_B3_L1w2_seed42,bigru_content_gate_time_pool,42,select,select:0:0.30:random:independent:0,0.5673076923076923,0.506446211157341,0.6793270967044756,0.4748442547272742,0.683286315904787,0.4749586573633668,,,0.12130579873272207,724,0.16758241758241757,0.01573856045902594,1.0,"{""Negative"": 0.5569007263922519, ""Neutral"": 0.2888086642599278, ""Positive"": 0.6736292428198434}","[[115, 25, 66], [40, 40, 104], [52, 28, 258]]"
s5_B3_L1w2_seed42,bigru_content_gate_time_pool,42,select,select:0:0.30:random:independent:1,0.5673076923076923,0.5063323902822797,0.6747702800856679,0.4875757406145185,0.6777367148660942,0.4888007875638709,,,0.12130579873272207,724,0.1717032967032967,0.014217434067688472,1.0,"{""Negative"": 0.5652173913043478, ""Neutral"": 0.28363636363636363, ""Positive"": 0.6701434159061278}","[[117, 27, 62], [35, 39, 110], [56, 25, 257]]"
s5_B3_L1w2_seed42,bigru_content_gate_time_pool,42,select,select:0:0.30:random:independent:2,0.5645604395604396,0.5019875714888502,0.6845876469009771,0.4500129471150754,0.6909454097039998,0.4486433672537987,,,0.12130579873272207,724,0.15521978021978022,0.015487365018535445,1.0,"{""Negative"": 0.5265700483091788, ""Neutral"": 0.3014705882352941, ""Positive"": 0.6779220779220779}","[[109, 25, 72], [44, 41, 99], [55, 22, 261]]"
s5_B3_L1w2_seed42,bigru_content_gate_time_pool,42,select,select:0:0.50:random:independent:0,0.5315934065934066,0.4624924472584612,0.7069402069288786,0.4217232684435942,0.7107199912604231,0.42235678643769775,,,0.1909987908537763,724,0.14285714285714285,0.011218944770097732,1.0,"{""Negative"": 0.5072463768115942, ""Neutral"": 0.2366412213740458, ""Positive"": 0.6435897435897436}","[[105, 21, 80], [42, 31, 111], [61, 26, 251]]"
s5_B3_L1w2_seed42,bigru_content_gate_time_pool,42,select,select:0:0.50:random:independent:1,0.5178571428571429,0.45213762001953217,0.7338046120292702,0.3605950213894679,0.7374378375013123,0.3632626845780792,,,0.1909987908537763,724,0.14835164835164835,0.014013251237178243,1.0,"{""Negative"": 0.4844124700239808, ""Neutral"": 0.24150943396226415, ""Positive"": 0.6304909560723514}","[[101, 22, 83], [43, 32, 109], [67, 27, 244]]"
s5_B3_L1w2_seed42,bigru_content_gate_time_pool,42,select,select:0:0.50:random:independent:2,0.5274725274725275,0.4609945049297582,0.7188006655315858,0.3973645599171513,0.7225735247605941,0.40093428805922576,,,0.1909987908537763,724,0.14972527472527472,0.013319932997103903,1.0,"{""Negative"": 0.4864864864864865, ""Neutral"": 0.2537313432835821, ""Positive"": 0.6427656850192062}","[[99, 26, 81], [39, 34, 111], [63, 24, 251]]"
s5_B3_L1w2_seed42,bigru_content_gate_time_pool,42,select,select:1:0.10:random:independent:0,0.5934065934065934,0.5477198681578573,0.6374170050489215,0.5355297697909192,0.6453479145766123,0.5345912948590954,,,0.056143892214244775,724,0.1813186813186813,0.019350975656525774,1.0,"{""Negative"": 0.60431654676259, ""Neutral"": 0.3569023569023569, ""Positive"": 0.6819407008086253}","[[126, 26, 54], [34, 53, 97], [51, 34, 253]]"
s5_B3_L1w2_seed42,bigru_content_gate_time_pool,42,select,select:1:0.10:random:independent:1,0.5906593406593407,0.5428953980259875,0.6413106487572684,0.5278626709427277,0.647204871970014,0.5295320860077598,,,0.056143892214244775,724,0.18406593406593408,0.018054887524484604,1.0,"{""Negative"": 0.5927710843373494, ""Neutral"": 0.35135135135135137, ""Positive"": 0.6845637583892618}","[[123, 29, 54], [34, 52, 98], [52, 31, 255]]"
s5_B3_L1w2_seed42,bigru_content_gate_time_pool,42,select,select:1:0.10:random:independent:2,0.5934065934065934,0.5464693363068333,0.6376202657942589,0.5339167560105844,0.6455635335501079,0.5331276494853469,,,0.056143892214244775,724,0.19093406593406592,0.018857601471359915,1.0,"{""Negative"": 0.6028708133971292, ""Neutral"": 0.35374149659863946, ""Positive"": 0.6827956989247311}","[[126, 27, 53], [33, 52, 99], [53, 31, 254]]"
s5_B3_L1w2_seed42,bigru_content_gate_time_pool,42,select,select:1:0.30:random:independent:0,0.6098901098901099,0.5676369772715288,0.6334204097119334,0.5425153026586129,0.6436595412503395,0.5419510699983939,,,0.12118179079621412,724,0.1936813186813187,0.019997717234901673,1.0,"{""Negative"": 0.6142857142857143, ""Neutral"": 0.3920265780730897, ""Positive"": 0.6965986394557823}","[[129, 27, 50], [34, 59, 91], [51, 31, 256]]"
s5_B3_L1w2_seed42,bigru_content_gate_time_pool,42,select,select:1:0.30:random:independent:1,0.6016483516483516,0.5573457309770302,0.6345086515584326,0.5413537970799547,0.6433682323914471,0.5420456636257748,,,0.12118179079621412,724,0.18406593406593408,0.01806286330914104,1.0,"{""Negative"": 0.5966587112171837, ""Neutral"": 0.3825503355704698, ""Positive"": 0.6928281461434371}","[[125, 27, 54], [36, 57, 91], [52, 30, 256]]"
s5_B3_L1w2_seed42,bigru_content_gate_time_pool,42,select,select:1:0.30:random:independent:2,0.6085164835164835,0.5663212969155715,0.6392475871451118,0.5340973485328718,0.6487137579850362,0.531927306210652,,,0.12118179079621412,724,0.18543956043956045,0.019667689088879378,1.0,"{""Negative"": 0.6028708133971292, ""Neutral"": 0.39867109634551495, ""Positive"": 0.6974219810040706}","[[126, 27, 53], [35, 60, 89], [51, 30, 257]]"
s5_B3_L1w2_seed42,bigru_content_gate_time_pool,42,select,select:1:0.50:random:independent:0,0.603021978021978,0.5658190784404377,0.6309328355675707,0.5487836843034847,0.6409623788792517,0.5473477849638269,,,0.19077939219687765,724,0.2087912087912088,0.023262845999395453,1.0,"{""Negative"": 0.6095238095238096, ""Neutral"": 0.4, ""Positive"": 0.6879334257975035}","[[128, 28, 50], [36, 63, 85], [50, 40, 248]]"
s5_B3_L1w2_seed42,bigru_content_gate_time_pool,42,select,select:1:0.50:random:independent:1,0.6098901098901099,0.5678031464075771,0.635113219584017,0.5474308245794856,0.645207971027428,0.5436362089611197,,,0.19077939219687765,724,0.19917582417582416,0.02091084618437421,1.0,"{""Negative"": 0.6135265700483091, ""Neutral"": 0.38961038961038963, ""Positive"": 0.7002724795640327}","[[127, 29, 50], [35, 60, 89], [46, 35, 257]]"
s5_B3_L1w2_seed42,bigru_content_gate_time_pool,42,select,select:1:0.50:random:independent:2,0.6002747252747253,0.5570533875868089,0.6346000374860489,0.5462895420265493,0.642869891184331,0.54657914922599,,,0.19077939219687765,724,0.19093406593406592,0.019420609048410104,1.0,"{""Negative"": 0.5980861244019139, ""Neutral"": 0.3790849673202614, ""Positive"": 0.6939890710382514}","[[125, 30, 51], [37, 58, 89], [50, 34, 254]]"
s5_B3_L1w2_seed42,bigru_content_gate_time_pool,42,select,select:2:0.10:random:independent:0,0.5865384615384616,0.5352711868075873,0.6421869099242511,0.528601084472714,0.6498780180751295,0.5246863551050707,,,0.05471828184470957,703,0.18543956043956045,0.018456670799900543,1.0,"{""Negative"": 0.5951219512195122, ""Neutral"": 0.32989690721649484, ""Positive"": 0.680794701986755}","[[122, 27, 57], [33, 48, 103], [49, 32, 257]]"
s5_B3_L1w2_seed42,bigru_content_gate_time_pool,42,select,select:2:0.10:random:independent:1,0.5837912087912088,0.5284804213897125,0.6437842604945158,0.5251525674600993,0.6506271881900809,0.5233341395517681,,,0.054688334898890016,703,0.17307692307692307,0.01742261001929477,1.0,"{""Negative"": 0.587378640776699, ""Neutral"": 0.3146853146853147, ""Positive"": 0.683377308707124}","[[121, 28, 57], [35, 45, 104], [50, 29, 259]]"
s5_B3_L1w2_seed42,bigru_content_gate_time_pool,42,select,select:2:0.10:random:independent:2,0.5837912087912088,0.5293101098390398,0.640458567031694,0.5303301645659816,0.6476474993933852,0.5262620411753822,,,0.05481930502759008,703,0.1771978021978022,0.017458211330086976,1.0,"{""Negative"": 0.5913461538461539, ""Neutral"": 0.3157894736842105, ""Positive"": 0.680794701986755}","[[123, 27, 56], [35, 45, 104], [52, 29, 257]]"
s5_B3_L1w2_seed42,bigru_content_gate_time_pool,42,select,select:2:0.30:random:independent:0,0.5865384615384616,0.530779518898468,0.6403333214302313,0.529433568881347,0.6476938187113994,0.5260712775040959,,,0.11537182825966232,703,0.17032967032967034,0.017841881290880535,1.0,"{""Negative"": 0.5888077858880778, ""Neutral"": 0.3202846975088968, ""Positive"": 0.6832460732984293}","[[121, 24, 61], [35, 45, 104], [49, 28, 261]]"
s5_B3_L1w2_seed42,bigru_content_gate_time_pool,42,select,select:2:0.30:random:independent:1,0.5865384615384616,0.5331936050992603,0.6411505940702427,0.5310838938235184,0.6466885803339,0.5297591840284451,,,0.11628030776814742,703,0.16346153846153846,0.016924355516353476,1.0,"{""Negative"": 0.58679706601467, ""Neutral"": 0.3321554770318021, ""Positive"": 0.680628272251309}","[[120, 25, 61], [32, 47, 105], [51, 27, 260]]"
s5_B3_L1w2_seed42,bigru_content_gate_time_pool,42,select,select:2:0.30:random:independent:2,0.592032967032967,0.5356658751540061,0.6412197577945642,0.5290753248201079,0.6489804913955075,0.5246353499060535,,,0.11578318848929205,703,0.1662087912087912,0.016794484224538882,1.0,"{""Negative"": 0.5970873786407767, ""Neutral"": 0.32142857142857145, ""Positive"": 0.6884816753926701}","[[123, 25, 58], [34, 45, 105], [49, 26, 263]]"
s5_B3_L1w2_seed42,bigru_content_gate_time_pool,42,select,select:2:0.50:random:independent:0,0.5851648351648352,0.5257202711785008,0.6427961522313265,0.5312448084318261,0.649265976535709,0.5289059837976355,,,0.18051985710310411,703,0.1565934065934066,0.016186735475104262,1.0,"{""Negative"": 0.5888077858880778, ""Neutral"": 0.30434782608695654, ""Positive"": 0.6840052015604682}","[[121, 25, 60], [34, 42, 108], [50, 25, 263]]"
s5_B3_L1w2_seed42,bigru_content_gate_time_pool,42,select,select:2:0.50:random:independent:1,0.5837912087912088,0.5279024919744105,0.6423785969094916,0.5318505248001868,0.6493207864350752,0.5294552916096702,,,0.18035659556840442,703,0.16483516483516483,0.01745146714323661,1.0,"{""Negative"": 0.5833333333333334, ""Neutral"": 0.31802120141342755, ""Positive"": 0.6823529411764706}","[[119, 27, 60], [33, 45, 106], [50, 27, 261]]"
s5_B3_L1w2_seed42,bigru_content_gate_time_pool,42,select,select:2:0.50:random:independent:2,0.5865384615384616,0.5271280497086949,0.642190730979351,0.5283433892515188,0.6491538366292614,0.5253657633611085,,,0.18067481495681129,703,0.17307692307692307,0.016284257137275986,1.0,"{""Negative"": 0.5945945945945946, ""Neutral"": 0.3010752688172043, ""Positive"": 0.6857142857142857}","[[121, 27, 58], [32, 42, 110], [48, 26, 264]]"
s5_B3_L1w2_seed42,bigru_content_gate_time_pool,42,select,select:01:0.10:random:independent:0,0.5934065934065934,0.5470610957637563,0.6503570078868459,0.5071409830646492,0.6579844195825549,0.5060514368873992,,,0.09164042378228397,724,0.18681318681318682,0.018372899298664633,1.0,"{""Negative"": 0.5975903614457831, ""Neutral"": 0.36177474402730375, ""Positive"": 0.6818181818181818}","[[124, 24, 58], [34, 53, 97], [51, 32, 255]]"
s5_B3_L1w2_seed42,bigru_content_gate_time_pool,42,select,select:01:0.10:random:independent:1,0.5851648351648352,0.5425590692586936,0.6495428440183402,0.512570342234955,0.6578622242425579,0.5117553925435855,,,0.09164042378228397,724,0.19230769230769232,0.01939041062271693,1.0,"{""Negative"": 0.5792079207920792, ""Neutral"": 0.3737704918032787, ""Positive"": 0.6746987951807228}","[[117, 28, 61], [31, 57, 96], [50, 36, 252]]"
s5_B3_L1w2_seed42,bigru_content_gate_time_pool,42,select,select:01:0.10:random:independent:2,0.5824175824175825,0.5369143813318423,0.6519137197713767,0.5029251229588299,0.6591178296430671,0.5042751037777626,,,0.09164042378228397,724,0.18269230769230768,0.017316365111209864,1.0,"{""Negative"": 0.5843230403800475, ""Neutral"": 0.3561643835616438, ""Positive"": 0.6702557200538358}","[[123, 23, 60], [36, 52, 96], [56, 33, 249]]"
s5_B3_L1w2_seed42,bigru_content_gate_time_pool,42,select,select:01:0.30:random:independent:0,0.5934065934065934,0.5316976499424797,0.6577171163161706,0.5098042908834277,0.6638088489647259,0.5090831406743846,,,0.22180207259457435,724,0.1510989010989011,0.012934380305386507,1.0,"{""Negative"": 0.580335731414868, ""Neutral"": 0.315018315018315, ""Positive"": 0.6997389033942559}","[[121, 21, 64], [45, 43, 96], [45, 25, 268]]"
s5_B3_L1w2_seed42,bigru_content_gate_time_pool,42,select,select:01:0.30:random:independent:1,0.570054945054945,0.5166128224289518,0.6605563115176919,0.4872058414348778,0.667904187633482,0.48762336865046874,,,0.22180207259457435,724,0.16483516483516483,0.016168590823020582,1.0,"{""Negative"": 0.5617433414043583, ""Neutral"": 0.3249097472924188, ""Positive"": 0.6631853785900783}","[[116, 19, 71], [36, 45, 103], [55, 29, 254]]"
s5_B3_L1w2_seed42,bigru_content_gate_time_pool,42,select,select:01:0.30:random:independent:2,0.5686813186813187,0.5163898472537884,0.6714453783958986,0.4679833234284335,0.6800363219527343,0.46648767383066486,,,0.22180207259457435,724,0.1978021978021978,0.018332819234825423,1.0,"{""Negative"": 0.5658536585365853, ""Neutral"": 0.31399317406143346, ""Positive"": 0.6693227091633466}","[[116, 29, 61], [36, 46, 102], [52, 34, 252]]"
s5_B3_L1w2_seed42,bigru_content_gate_time_pool,42,select,select:01:0.50:random:independent:0,0.5508241758241759,0.4831946404111352,0.6948777967054438,0.4384521142453906,0.6993470688012766,0.43955062603097117,,,0.36109266611629226,724,0.16758241758241757,0.01603134907272818,1.0,"{""Negative"": 0.5454545454545454, ""Neutral"": 0.24175824175824176, ""Positive"": 0.6623711340206185}","[[111, 25, 70], [40, 33, 111], [50, 31, 257]]"
s5_B3_L1w2_seed42,bigru_content_gate_time_pool,42,select,select:01:0.50:random:independent:1,0.5618131868131868,0.5031641520897002,0.6879846858536149,0.4354260718697713,0.6940018143044314,0.43224649853622177,,,0.36109266611629226,724,0.1510989010989011,0.014936047811339514,1.0,"{""Negative"": 0.5428571428571428, ""Neutral"": 0.3025830258302583, ""Positive"": 0.6640522875816993}","[[114, 20, 72], [42, 41, 101], [58, 26, 254]]"
s5_B3_L1w2_seed42,bigru_content_gate_time_pool,42,select,select:01:0.50:random:independent:2,0.5343406593406593,0.4792781340787469,0.7089294740096552,0.41364037053826047,0.7128622830886353,0.416281618960927,,,0.36109266611629226,724,0.17582417582417584,0.015322141494012469,1.0,"{""Negative"": 0.5047169811320755, ""Neutral"": 0.2887323943661972, ""Positive"": 0.6443850267379679}","[[107, 29, 70], [44, 41, 99], [67, 30, 241]]"
s5_B3_L1w2_seed42,bigru_content_gate_time_pool,42,select,select:02:0.10:random:independent:0,0.5906593406593407,0.5406630797563781,0.656962995082009,0.5104018440004064,0.663762519064431,0.5088480998103186,,,0.09025892452344063,724,0.1771978021978022,0.01742319893010042,1.0,"{""Negative"": 0.5749385749385749, ""Neutral"": 0.3611111111111111, ""Positive"": 0.6859395532194481}","[[117, 24, 65], [35, 52, 97], [49, 28, 261]]"
s5_B3_L1w2_seed42,bigru_content_gate_time_pool,42,select,select:02:0.10:random:independent:1,0.5851648351648352,0.5332267103936196,0.6558119326655026,0.5031115976169902,0.6632112162187696,0.5017960988000031,,,0.09020706469477802,724,0.1717032967032967,0.016605314676791102,1.0,"{""Negative"": 0.5833333333333334, ""Neutral"": 0.3392226148409894, ""Positive"": 0.677124183006536}","[[119, 23, 64], [32, 48, 104], [51, 28, 259]]"
s5_B3_L1w2_seed42,bigru_content_gate_time_pool,42,select,select:02:0.10:random:independent:2,0.5879120879120879,0.5339070387158729,0.6529762566914925,0.5082405896903801,0.6598574658906967,0.5070815934612554,,,0.09022829257477709,724,0.17032967032967034,0.01652313858741424,1.0,"{""Negative"": 0.5960591133004927, ""Neutral"": 0.3250883392226148, ""Positive"": 0.6805736636245111}","[[121, 25, 60], [30, 46, 108], [49, 28, 261]]"
s5_B3_L1w2_seed42,bigru_content_gate_time_pool,42,select,select:02:0.30:random:independent:0,0.570054945054945,0.5068255375874511,0.6774060543548438,0.4813488406403802,0.6821136155247607,0.48328069530094736,,,0.21662896826569322,724,0.15247252747252749,0.015686187030235818,1.0,"{""Negative"": 0.5577889447236181, ""Neutral"": 0.2943396226415094, ""Positive"": 0.6683480453972257}","[[111, 17, 78], [33, 39, 112], [48, 25, 265]]"
s5_B3_L1w2_seed42,bigru_content_gate_time_pool,42,select,select:02:0.30:random:independent:1,0.5604395604395604,0.4892107040444636,0.686885596087837,0.4541734251107475,0.6898804973288961,0.4560074623303065,,,0.2163273861362854,724,0.13736263736263737,0.012223818512481976,1.0,"{""Negative"": 0.5454545454545454, ""Neutral"": 0.25882352941176473, ""Positive"": 0.6633540372670808}","[[108, 14, 84], [35, 33, 116], [47, 24, 267]]"
s5_B3_L1w2_seed42,bigru_content_gate_time_pool,42,select,select:02:0.30:random:independent:2,0.5425824175824175,0.4680415416917949,0.6848874905130038,0.4645502948660233,0.6873469261483258,0.46743333412293786,,,0.21614375377087763,724,0.13186813186813187,0.012664205100698458,1.0,"{""Negative"": 0.5346534653465347, ""Neutral"": 0.2178988326848249, ""Positive"": 0.6515723270440251}","[[108, 21, 77], [35, 28, 121], [55, 24, 259]]"
s5_B3_L1w2_seed42,bigru_content_gate_time_pool,42,select,select:02:0.50:random:independent:0,0.5192307692307693,0.42663311660932113,0.7333182228624985,0.3624557573043847,0.7354024315078916,0.3637460517025437,,,0.3507859006961929,724,0.10851648351648352,0.007879745881824374,1.0,"{""Negative"": 0.4897959183673469, ""Neutral"": 0.15319148936170213, ""Positive"": 0.6369119420989143}","[[96, 13, 97], [36, 18, 130], [54, 20, 264]]"
s5_B3_L1w2_seed42,bigru_content_gate_time_pool,42,select,select:02:0.50:random:independent:1,0.5233516483516484,0.43258626378830983,0.7219603399906185,0.37086670256518217,0.7255946539014906,0.37147576903448554,,,0.35119532701886813,724,0.11401098901098901,0.009910928488792953,1.0,"{""Negative"": 0.48717948717948717, ""Neutral"": 0.16806722689075632, ""Positive"": 0.642512077294686}","[[95, 15, 96], [36, 20, 128], [53, 19, 266]]"
s5_B3_L1w2_seed42,bigru_content_gate_time_pool,42,select,select:02:0.50:random:independent:2,0.5260989010989011,0.4413305547686075,0.7180749566878591,0.3866088153002038,0.721162367693998,0.38814419946582424,,,0.35125174458983455,724,0.12225274725274725,0.010842910551435344,1.0,"{""Negative"": 0.4960835509138381, ""Neutral"": 0.18548387096774194, ""Positive"": 0.6424242424242425}","[[95, 18, 93], [32, 23, 129], [50, 23, 265]]"
s5_B3_L1w2_seed42,bigru_content_gate_time_pool,42,select,select:12:0.10:random:independent:0,0.5989010989010989,0.547447033875421,0.6360516331905683,0.5363879978902187,0.6441300523027287,0.532770535691066,,,0.09011852407557222,724,0.17032967032967034,0.01806686386713287,1.0,"{""Negative"": 0.6091127098321343, ""Neutral"": 0.34265734265734266, ""Positive"": 0.6905710491367862}","[[127, 25, 54], [34, 49, 101], [50, 28, 260]]"
s5_B3_L1w2_seed42,bigru_content_gate_time_pool,42,select,select:12:0.10:random:independent:1,0.5934065934065934,0.5402989674834334,0.6397980915426225,0.5352060003832128,0.6470934979484549,0.5319899478790565,,,0.09019592878213162,724,0.1771978021978022,0.017621645487149014,1.0,"{""Negative"": 0.5970873786407767, ""Neutral"": 0.3333333333333333, ""Positive"": 0.6904761904761905}","[[123, 28, 55], [34, 48, 102], [49, 28, 261]]"
s5_B3_L1w2_seed42,bigru_content_gate_time_pool,42,select,select:12:0.10:random:independent:2,0.5961538461538461,0.544968984713361,0.6376498791702665,0.5383054194154012,0.6451596808466282,0.535530896691105,,,0.09018448391793114,724,0.1813186813186813,0.01801196896248794,1.0,"{""Negative"": 0.6072289156626506, ""Neutral"": 0.33793103448275863, ""Positive"": 0.6897470039946738}","[[126, 27, 53], [34, 49, 101], [49, 30, 259]]"
s5_B3_L1w2_seed42,bigru_content_gate_time_pool,42,select,select:12:0.30:random:independent:0,0.592032967032967,0.5423649417632436,0.6352491996364606,0.5443463950520684,0.6424683962825809,0.5431212341151314,,,0.21577850944764493,724,0.1771978021978022,0.017955885225035002,1.0,"{""Negative"": 0.5916870415647921, ""Neutral"": 0.3493150684931507, ""Positive"": 0.686092715231788}","[[121, 26, 59], [34, 51, 99], [48, 31, 259]]"
s5_B3_L1w2_seed42,bigru_content_gate_time_pool,42,select,select:12:0.30:random:independent:1,0.5934065934065934,0.5412193261758855,0.6342520262096117,0.5445182035587618,0.6417929728433571,0.5410588839477128,,,0.2160189805783876,724,0.17994505494505494,0.018462393723158062,1.0,"{""Negative"": 0.6024096385542169, ""Neutral"": 0.3333333333333333, ""Positive"": 0.6879150066401063}","[[125, 27, 54], [34, 48, 102], [50, 29, 259]]"
s5_B3_L1w2_seed42,bigru_content_gate_time_pool,42,select,select:12:0.30:random:independent:2,0.5961538461538461,0.5455962774481984,0.6317591803654538,0.547407624201103,0.640201877823079,0.5444964062484755,,,0.21623765565574107,724,0.17582417582417584,0.017552375517146928,1.0,"{""Negative"": 0.5936739659367397, ""Neutral"": 0.35172413793103446, ""Positive"": 0.6913907284768211}","[[122, 26, 58], [35, 51, 98], [48, 29, 261]]"
s5_B3_L1w2_seed42,bigru_content_gate_time_pool,42,select,select:12:0.50:random:independent:0,0.5947802197802198,0.5475270563923046,0.6366432269785758,0.5433746978034775,0.6463293362316768,0.539114001816017,,,0.3507132531656354,724,0.17994505494505494,0.019810313270994268,1.0,"{""Negative"": 0.5995085995085995, ""Neutral"": 0.3569023569023569, ""Positive"": 0.6861702127659575}","[[122, 26, 58], [33, 53, 98], [46, 34, 258]]"
s5_B3_L1w2_seed42,bigru_content_gate_time_pool,42,select,select:12:0.50:random:independent:1,0.5934065934065934,0.5479070463613511,0.6325863156366316,0.5491494793392772,0.6415116578688497,0.5461208877824844,,,0.3507343430875613,724,0.18269230769230768,0.018385176738081398,1.0,"{""Negative"": 0.5975903614457831, ""Neutral"": 0.3624161073825503, ""Positive"": 0.6837146702557201}","[[124, 28, 54], [33, 54, 97], [52, 32, 254]]"
s5_B3_L1w2_seed42,bigru_content_gate_time_pool,42,select,select:12:0.50:random:independent:2,0.5975274725274725,0.5482539251540977,0.6350356854408161,0.5441310977657199,0.6428392087109387,0.5415965328412498,,,0.3509549248224926,724,0.1771978021978022,0.01744240884960189,1.0,"{""Negative"": 0.5965770171149144, ""Neutral"": 0.3586206896551724, ""Positive"": 0.6895640686922061}","[[122, 26, 58], [32, 52, 100], [49, 28, 261]]"
s5_B3_L1w2_seed42,bigru_content_gate_time_pool,42,select,select:012:0.10:random:independent:0,0.5810439560439561,0.5260072965287838,0.6503271457132566,0.5141702288247475,0.6564873294843422,0.5140523010249544,,,0.12558993973665408,724,0.17857142857142858,0.01734561818448397,1.0,"{""Negative"": 0.5833333333333334, ""Neutral"": 0.3157894736842105, ""Positive"": 0.6788990825688074}","[[119, 24, 63], [36, 45, 103], [47, 32, 259]]"
s5_B3_L1w2_seed42,bigru_content_gate_time_pool,42,select,select:012:0.10:random:independent:1,0.5796703296703297,0.5293083590955932,0.6527830270504231,0.49842812938685493,0.6598348588590602,0.4972582574641122,,,0.12571082327220762,724,0.18543956043956045,0.01705031960667162,1.0,"{""Negative"": 0.5721153846153846, ""Neutral"": 0.3402777777777778, ""Positive"": 0.675531914893617}","[[119, 26, 61], [36, 49, 99], [55, 29, 254]]"
s5_B3_L1w2_seed42,bigru_content_gate_time_pool,42,select,select:012:0.10:random:independent:2,0.5947802197802198,0.5420146050043115,0.6517029953366943,0.5148079181242674,0.6610901828466372,0.5109894628398546,,,0.1256004676726215,724,0.18269230769230768,0.017971281139028596,1.0,"{""Negative"": 0.5893719806763285, ""Neutral"": 0.3462897526501767, ""Positive"": 0.6903820816864296}","[[122, 22, 62], [38, 49, 97], [48, 28, 262]]"
s5_B3_L1w2_seed42,bigru_content_gate_time_pool,42,select,select:012:0.30:random:independent:0,0.5686813186813187,0.510606313347949,0.6753630816241541,0.48810353638740084,0.6789855721539685,0.4911904521332736,,,0.3162180586060894,724,0.14835164835164835,0.014150235021818468,1.0,"{""Negative"": 0.5528846153846154, ""Neutral"": 0.31226765799256506, ""Positive"": 0.6666666666666666}","[[115, 20, 71], [37, 42, 105], [58, 23, 257]]"
s5_B3_L1w2_seed42,bigru_content_gate_time_pool,42,select,select:012:0.30:random:independent:1,0.5618131868131868,0.49693661493635566,0.678004610811829,0.47423696077058125,0.6834183824913842,0.4734318635546574,,,0.3167463590511638,724,0.1510989010989011,0.01574819897965088,1.0,"{""Negative"": 0.5467980295566502, ""Neutral"": 0.2781954887218045, ""Positive"": 0.6658163265306123}","[[111, 18, 77], [39, 37, 108], [50, 27, 261]]"
s5_B3_L1w2_seed42,bigru_content_gate_time_pool,42,select,select:012:0.30:random:independent:2,0.5782967032967034,0.5096521269581037,0.6643868458771771,0.5053818653083569,0.6675095385871828,0.5048389797948234,,,0.31705028085974835,724,0.13324175824175824,0.010436924697319558,1.0,"{""Negative"": 0.5811138014527845, ""Neutral"": 0.2631578947368421, ""Positive"": 0.6846846846846847}","[[120, 22, 64], [40, 35, 109], [47, 25, 266]]"
s5_B3_L1w2_seed42,bigru_content_gate_time_pool,42,select,select:012:0.50:random:independent:0,0.5563186813186813,0.4933775526493185,0.6933018601053855,0.4451794170409367,0.6968670011712954,0.44560861228869425,,,0.5214278455584954,724,0.16895604395604397,0.01601608057734403,1.0,"{""Negative"": 0.5463917525773195, ""Neutral"": 0.2704626334519573, ""Positive"": 0.6632782719186785}","[[106, 29, 71], [29, 38, 117], [47, 30, 261]]"
s5_B3_L1w2_seed42,bigru_content_gate_time_pool,42,select,select:012:0.50:random:independent:1,0.5604395604395604,0.49796162398606564,0.6829682232665,0.46159995797008213,0.6883571756604526,0.4616375351629072,,,0.5211035116402414,724,0.16895604395604397,0.013706648913508916,1.0,"{""Negative"": 0.5367088607594936, ""Neutral"": 0.2888086642599278, ""Positive"": 0.6683673469387755}","[[106, 29, 71], [31, 40, 113], [52, 24, 262]]"
s5_B3_L1w2_seed42,bigru_content_gate_time_pool,42,select,select:012:0.50:random:independent:2,0.5590659340659341,0.49899507881313926,0.6905370495388223,0.4611303667775586,0.6961056793896625,0.45997288256094887,,,0.5211950835022432,724,0.16483516483516483,0.01516463092206926,1.0,"{""Negative"": 0.5486284289276808, ""Neutral"": 0.28169014084507044, ""Positive"": 0.6666666666666666}","[[110, 27, 69], [37, 40, 107], [48, 33, 257]]"
s5_B3_L1w2_seed42,bigru_content_gate_time_pool,42,clean,clean:clean,0.5892857142857143,0.5400731749645923,0.6411254296584444,0.5280618124553103,0.6489199569786561,0.5258580855541721,,,0.020685516934361863,0,0.18681318681318682,0.0191043412376318,1.0,"{""Negative"": 0.5975903614457831, ""Neutral"": 0.3389830508474576, ""Positive"": 0.6836461126005362}","[[124, 28, 54], [35, 50, 99], [50, 33, 255]]"
s5_B3_L2_seed42,bigru_content_gate_time_pool,42,select,select:0:0.10:random:independent:0,0.5728021978021978,0.5459209725071826,0.6540886327832773,0.5011687622886716,0.6655674075277952,0.49958289306767445,,,0.056182048502401064,724,0.23901098901098902,0.030788151990188344,1.0,"{""Negative"": 0.5714285714285714, ""Neutral"": 0.41040462427745666, ""Positive"": 0.6559297218155198}","[[122, 40, 44], [36, 71, 77], [63, 51, 224]]"
s5_B3_L2_seed42,bigru_content_gate_time_pool,42,select,select:0:0.10:random:independent:1,0.5576923076923077,0.5338125983821008,0.6569317202632735,0.5026268609495972,0.665444918196894,0.501020413576438,,,0.056182048502401064,724,0.25686813186813184,0.035590210709016724,1.0,"{""Negative"": 0.5694117647058824, ""Neutral"": 0.39226519337016574, ""Positive"": 0.6397608370702541}","[[121, 40, 45], [41, 71, 72], [57, 67, 214]]"
s5_B3_L2_seed42,bigru_content_gate_time_pool,42,select,select:0:0.10:random:independent:2,0.5645604395604396,0.5396556693878948,0.6576214865148723,0.5008648597247396,0.668382331232571,0.50029651866582,,,0.056182048502401064,724,0.260989010989011,0.0343622836022996,1.0,"{""Negative"": 0.5571428571428572, ""Neutral"": 0.4099722991689751, ""Positive"": 0.6518518518518519}","[[117, 44, 45], [38, 74, 72], [59, 59, 220]]"
s5_B3_L2_seed42,bigru_content_gate_time_pool,42,select,select:0:0.30:random:independent:0,0.5618131868131868,0.5312962583508672,0.6742370685638799,0.4786816205932397,0.6806863960758834,0.47892549138498897,,,0.12130579873272207,724,0.24313186813186813,0.02808740658111624,1.0,"{""Negative"": 0.5700934579439252, ""Neutral"": 0.3688760806916426, ""Positive"": 0.6549192364170338}","[[122, 41, 43], [43, 64, 77], [57, 58, 223]]"
s5_B3_L2_seed42,bigru_content_gate_time_pool,42,select,select:0:0.30:random:independent:1,0.5425824175824175,0.5133074763081639,0.6706099766036885,0.49332253169779533,0.6757568663835607,0.49427046853373374,,,0.12130579873272207,724,0.25274725274725274,0.028757618371782066,1.0,"{""Negative"": 0.5501165501165501, ""Neutral"": 0.3583815028901734, ""Positive"": 0.631424375917768}","[[118, 40, 48], [42, 62, 80], [63, 60, 215]]"
s5_B3_L2_seed42,bigru_content_gate_time_pool,42,select,select:0:0.30:random:independent:2,0.554945054945055,0.5250357966774089,0.6818994044658411,0.45008036294920184,0.6906507128982672,0.45310114581303457,,,0.12130579873272207,724,0.23901098901098902,0.03135999504218881,1.0,"{""Negative"": 0.5235849056603774, ""Neutral"": 0.39655172413793105, ""Positive"": 0.6549707602339181}","[[111, 43, 52], [45, 69, 70], [62, 52, 224]]"
s5_B3_L2_seed42,bigru_content_gate_time_pool,42,select,select:0:0.50:random:independent:0,0.5206043956043956,0.48802749951584773,0.7036402112675074,0.42428798485746516,0.7116430292090217,0.4245030074040409,,,0.1909987908537763,724,0.23214285714285715,0.024760250191030266,1.0,"{""Negative"": 0.5125858123569794, ""Neutral"": 0.33633633633633636, ""Positive"": 0.6151603498542274}","[[112, 37, 57], [48, 56, 80], [71, 56, 211]]"
s5_B3_L2_seed42,bigru_content_gate_time_pool,42,select,select:0:0.50:random:independent:1,0.5013736263736264,0.47261215302452414,0.7288190487420575,0.371729604692958,0.736786438996525,0.37148467995731016,,,0.1909987908537763,724,0.25137362637362637,0.030093306866763057,1.0,"{""Negative"": 0.48951048951048953, ""Neutral"": 0.3333333333333333, ""Positive"": 0.5949926362297496}","[[105, 42, 59], [46, 58, 80], [72, 64, 202]]"
s5_B3_L2_seed42,bigru_content_gate_time_pool,42,select,select:0:0.50:random:independent:2,0.5233516483516484,0.493332359713647,0.7157525256686487,0.3991418286840815,0.7217264521846568,0.4042505468417349,,,0.1909987908537763,724,0.23901098901098902,0.028310363796402463,1.0,"{""Negative"": 0.4928909952606635, ""Neutral"": 0.36950146627565983, ""Positive"": 0.6176046176046176}","[[104, 44, 58], [38, 63, 83], [74, 50, 214]]"
s5_B3_L2_seed42,bigru_content_gate_time_pool,42,select,select:1:0.10:random:independent:0,0.5934065934065934,0.5740917844865551,0.6325142652440202,0.5392104111778637,0.6473081855277357,0.533420787824931,,,0.056143892214244775,724,0.2774725274725275,0.038975326817482704,1.0,"{""Negative"": 0.5961538461538461, ""Neutral"": 0.4574468085106383, ""Positive"": 0.6686746987951807}","[[124, 43, 39], [33, 86, 65], [53, 63, 222]]"
s5_B3_L2_seed42,bigru_content_gate_time_pool,42,select,select:1:0.10:random:independent:1,0.592032967032967,0.5728996934787624,0.6334508443539696,0.5351754065253532,0.6483503650147263,0.5279329033538557,,,0.056143892214244775,724,0.27884615384615385,0.039554175946378445,1.0,"{""Negative"": 0.6072289156626506, ""Neutral"": 0.44680851063829785, ""Positive"": 0.6646616541353384}","[[126, 41, 39], [33, 84, 67], [50, 67, 221]]"
s5_B3_L2_seed42,bigru_content_gate_time_pool,42,select,select:1:0.10:random:independent:2,0.5975274725274725,0.5777449738895521,0.631102487437902,0.5377487166745686,0.6461227986408951,0.5328664427001177,,,0.056143892214244775,724,0.27472527472527475,0.039688939750145424,1.0,"{""Negative"": 0.6072289156626506, ""Neutral"": 0.4533333333333333, ""Positive"": 0.6726726726726727}","[[126, 42, 38], [33, 85, 66], [50, 64, 224]]"
s5_B3_L2_seed42,bigru_content_gate_time_pool,42,select,select:1:0.30:random:independent:0,0.5934065934065934,0.5737065612561522,0.6272539332170408,0.548486436911592,0.6428990024295482,0.5400301613197647,,,0.12118179079621412,724,0.28983516483516486,0.041613017918775363,1.0,"{""Negative"": 0.6187050359712231, ""Neutral"": 0.43271767810026385, ""Positive"": 0.6696969696969697}","[[129, 43, 34], [35, 82, 67], [47, 70, 221]]"
s5_B3_L2_seed42,bigru_content_gate_time_pool,42,select,select:1:0.30:random:independent:1,0.5851648351648352,0.5636752569424432,0.6301921280826678,0.5448803116690876,0.6452949551128588,0.5390480576969803,,,0.12118179079621412,724,0.2802197802197802,0.040954295256471894,1.0,"{""Negative"": 0.5927710843373494, ""Neutral"": 0.42857142857142855, ""Positive"": 0.669683257918552}","[[123, 46, 37], [37, 81, 66], [49, 67, 222]]"
s5_B3_L2_seed42,bigru_content_gate_time_pool,42,select,select:1:0.30:random:independent:2,0.5947802197802198,0.5745797252361043,0.6342191056033903,0.5389804203407954,0.6470923350796431,0.5337064048573833,,,0.12118179079621412,724,0.2692307692307692,0.03861035133845859,1.0,"{""Negative"": 0.6190476190476191, ""Neutral"": 0.43902439024390244, ""Positive"": 0.6656671664167916}","[[130, 38, 38], [34, 81, 69], [50, 66, 222]]"
s5_B3_L2_seed42,bigru_content_gate_time_pool,42,select,select:1:0.50:random:independent:0,0.5892857142857143,0.5697280079874761,0.6251842909512121,0.5519601530055143,0.6393991103191133,0.5484153128911237,,,0.19077939219687765,724,0.27197802197802196,0.04033182660857072,1.0,"{""Negative"": 0.6070588235294118, ""Neutral"": 0.4385026737967914, ""Positive"": 0.6636225266362252}","[[129, 43, 34], [35, 82, 67], [55, 65, 218]]"
s5_B3_L2_seed42,bigru_content_gate_time_pool,42,select,select:1:0.50:random:independent:1,0.5782967032967034,0.5609133684375085,0.6326329117258499,0.5469328312102855,0.644799629553825,0.5432795316876406,,,0.19077939219687765,724,0.2925824175824176,0.044022014318553945,1.0,"{""Negative"": 0.6066350710900474, ""Neutral"": 0.42487046632124353, ""Positive"": 0.6512345679012346}","[[128, 45, 33], [36, 82, 66], [52, 75, 211]]"
s5_B3_L2_seed42,bigru_content_gate_time_pool,42,select,select:1:0.50:random:independent:2,0.5906593406593407,0.5699014287772415,0.6272601409495204,0.5517256753643676,0.641307752656208,0.5479304631850946,,,0.19077939219687765,724,0.2774725274725275,0.04029457912233013,1.0,"{""Negative"": 0.5966587112171837, ""Neutral"": 0.4403183023872679, ""Positive"": 0.6727272727272727}","[[125, 45, 36], [37, 83, 64], [51, 65, 222]]"
s5_B3_L2_seed42,bigru_content_gate_time_pool,42,select,select:2:0.10:random:independent:0,0.5947802197802198,0.573173052964432,0.6354707303093193,0.5318436781307109,0.651203676833065,0.523955109702197,,,0.05471828184470957,703,0.26785714285714285,0.04007279043078095,1.0,"{""Negative"": 0.6048780487804878, ""Neutral"": 0.4420485175202156, ""Positive"": 0.6725925925925926}","[[124, 41, 41], [33, 82, 69], [47, 64, 227]]"
s5_B3_L2_seed42,bigru_content_gate_time_pool,42,select,select:2:0.10:random:independent:1,0.5879120879120879,0.5636098267950409,0.6376808097997292,0.5290175371933338,0.6525134687045855,0.5230242439751461,,,0.054688334898890016,703,0.25961538461538464,0.03782199566708161,1.0,"{""Negative"": 0.5916870415647921, ""Neutral"": 0.42857142857142855, ""Positive"": 0.6705710102489019}","[[121, 42, 43], [33, 78, 73], [49, 60, 229]]"
s5_B3_L2_seed42,bigru_content_gate_time_pool,42,select,select:2:0.10:random:independent:2,0.5892857142857143,0.5648950347904377,0.6360532594435326,0.5310216248443148,0.6504134318207974,0.5249392619007409,,,0.05481930502759008,703,0.2651098901098901,0.037816372410691045,1.0,"{""Negative"": 0.5896805896805897, ""Neutral"": 0.4305177111716621, ""Positive"": 0.6744868035190615}","[[120, 44, 42], [33, 79, 72], [48, 60, 230]]"
s5_B3_L2_seed42,bigru_content_gate_time_pool,42,select,select:2:0.30:random:independent:0,0.5851648351648352,0.5629850623201874,0.6348337033143902,0.5314790032969102,0.6491413011758046,0.5265042678606903,,,0.11537182825966232,703,0.25686813186813184,0.03861019103979016,1.0,"{""Negative"": 0.5833333333333334, ""Neutral"": 0.4438356164383562, ""Positive"": 0.6617862371888726}","[[119, 39, 48], [32, 81, 71], [51, 61, 226]]"
s5_B3_L2_seed42,bigru_content_gate_time_pool,42,select,select:2:0.30:random:independent:1,0.5892857142857143,0.5664547870430222,0.6355182111582423,0.5347427868868807,0.6483795386687904,0.5294557600865585,,,0.11628030776814742,703,0.25686813186813184,0.03653907244113775,1.0,"{""Negative"": 0.5931372549019608, ""Neutral"": 0.43956043956043955, ""Positive"": 0.6666666666666666}","[[121, 39, 46], [32, 80, 72], [49, 61, 228]]"
s5_B3_L2_seed42,bigru_content_gate_time_pool,42,select,select:2:0.30:random:independent:2,0.5824175824175825,0.5607039537126326,0.638293566706531,0.5291155192630638,0.6519296153161961,0.5227569714438501,,,0.11578318848929205,703,0.2623626373626374,0.03925767311125502,1.0,"{""Negative"": 0.6, ""Neutral"": 0.4262295081967213, ""Positive"": 0.6558823529411765}","[[123, 38, 45], [32, 78, 74], [49, 66, 223]]"
s5_B3_L2_seed42,bigru_content_gate_time_pool,42,select,select:2:0.50:random:independent:0,0.5824175824175825,0.55764950849712,0.6390013094734687,0.5308110707485726,0.6505513121680981,0.5267706268390628,,,0.18051985710310411,703,0.25,0.035598746892146683,1.0,"{""Negative"": 0.5916870415647921, ""Neutral"": 0.42134831460674155, ""Positive"": 0.6599131693198264}","[[121, 37, 48], [32, 75, 77], [50, 60, 228]]"
s5_B3_L2_seed42,bigru_content_gate_time_pool,42,select,select:2:0.50:random:independent:1,0.5796703296703297,0.5570424738915652,0.6398868372274952,0.5300879578065738,0.6526988436938724,0.5264396316799117,,,0.18035659556840442,703,0.2664835164835165,0.039217084071719706,1.0,"{""Negative"": 0.5925925925925926, ""Neutral"": 0.425414364640884, ""Positive"": 0.6531204644412192}","[[120, 36, 50], [31, 77, 76], [48, 65, 225]]"
s5_B3_L2_seed42,bigru_content_gate_time_pool,42,select,select:2:0.50:random:independent:2,0.5879120879120879,0.5637220238839475,0.6376642210871473,0.5272683096463096,0.6514734006026289,0.524082167164586,,,0.18067481495681129,703,0.2623626373626374,0.037747524955508475,1.0,"{""Negative"": 0.5925925925925926, ""Neutral"": 0.430939226519337, ""Positive"": 0.6676342525399129}","[[120, 40, 46], [31, 78, 75], [48, 60, 230]]"
s5_B3_L2_seed42,bigru_content_gate_time_pool,42,select,select:01:0.10:random:independent:0,0.5851648351648352,0.5620021449904958,0.6495282970258168,0.5061249562286837,0.657415106181301,0.507438673109213,,,0.09164042378228397,724,0.25,0.03364060801193118,1.0,"{""Negative"": 0.6004728132387707, ""Neutral"": 0.4257703081232493, ""Positive"": 0.6597633136094675}","[[127, 36, 43], [36, 76, 72], [54, 61, 223]]"
s5_B3_L2_seed42,bigru_content_gate_time_pool,42,select,select:01:0.10:random:independent:1,0.5796703296703297,0.5543356580284478,0.6451294437519797,0.5192712171258301,0.6577390847205706,0.5117097450783394,,,0.09164042378228397,724,0.25961538461538464,0.031167745210156663,1.0,"{""Negative"": 0.5734939759036145, ""Neutral"": 0.4257703081232493, ""Positive"": 0.6637426900584795}","[[119, 43, 44], [33, 76, 75], [57, 54, 227]]"
s5_B3_L2_seed42,bigru_content_gate_time_pool,42,select,select:01:0.10:random:independent:2,0.5810439560439561,0.5557446664370348,0.6465859032393321,0.5081151669107468,0.6598500812549021,0.5066131101677693,,,0.09164042378228397,724,0.23901098901098902,0.03027794570788577,1.0,"{""Negative"": 0.5874125874125874, ""Neutral"": 0.42196531791907516, ""Positive"": 0.657856093979442}","[[126, 37, 43], [35, 73, 76], [62, 52, 224]]"
s5_B3_L2_seed42,bigru_content_gate_time_pool,42,select,select:01:0.30:random:independent:0,0.5824175824175825,0.5483376034396442,0.6508874520464094,0.517390436919157,0.6611746074990011,0.5136671022246404,,,0.22180207259457435,724,0.23763736263736263,0.029547039402210772,1.0,"{""Negative"": 0.5761904761904761, ""Neutral"": 0.3848396501457726, ""Positive"": 0.683982683982684}","[[121, 38, 47], [47, 66, 71], [46, 55, 237]]"
s5_B3_L2_seed42,bigru_content_gate_time_pool,42,select,select:01:0.30:random:independent:1,0.5604395604395604,0.5300444124859568,0.6565720687772055,0.4934446330998249,0.6660385503341536,0.4903501752427575,,,0.22180207259457435,724,0.22664835164835165,0.027760988559123574,1.0,"{""Negative"": 0.5573770491803278, ""Neutral"": 0.3834808259587021, ""Positive"": 0.6492753623188405}","[[119, 35, 52], [43, 65, 76], [59, 55, 224]]"
s5_B3_L2_seed42,bigru_content_gate_time_pool,42,select,select:01:0.30:random:independent:2,0.5412087912087912,0.5127803028038168,0.6690786267978803,0.4670942325869318,0.6797173523630661,0.4720742397506395,,,0.22180207259457435,724,0.2692307692307692,0.035950492879576405,1.0,"{""Negative"": 0.5427872860635696, ""Neutral"": 0.3581267217630854, ""Positive"": 0.6374269005847953}","[[111, 50, 45], [36, 65, 83], [56, 64, 218]]"
s5_B3_L2_seed42,bigru_content_gate_time_pool,42,select,select:01:0.50:random:independent:0,0.5425824175824175,0.5136040504342521,0.6914803018508704,0.44118013022352465,0.6975174472657043,0.4443256322870338,,,0.36109266611629226,724,0.25824175824175827,0.031472175083432224,1.0,"{""Negative"": 0.5515587529976019, ""Neutral"": 0.35195530726256985, ""Positive"": 0.6372980910425844}","[[115, 45, 46], [41, 63, 80], [55, 66, 217]]"
s5_B3_L2_seed42,bigru_content_gate_time_pool,42,select,select:01:0.50:random:independent:1,0.5604395604395604,0.5347318937243688,0.6831903666547202,0.4371861940213137,0.6907948654830701,0.4401268468080905,,,0.36109266611629226,724,0.23763736263736263,0.030324155255439845,1.0,"{""Negative"": 0.5501165501165501, ""Neutral"": 0.4127906976744186, ""Positive"": 0.6412884333821376}","[[118, 33, 55], [42, 71, 71], [63, 56, 219]]"
s5_B3_L2_seed42,bigru_content_gate_time_pool,42,select,select:01:0.50:random:independent:2,0.5302197802197802,0.5069139467263638,0.7031998769798858,0.4189101408934511,0.7099580015465208,0.4243400864797922,,,0.36109266611629226,724,0.25686813186813184,0.029293135262583633,1.0,"{""Negative"": 0.5277777777777778, ""Neutral"": 0.38309859154929576, ""Positive"": 0.6098654708520179}","[[114, 39, 53], [42, 68, 74], [70, 64, 204]]"
s5_B3_L2_seed42,bigru_content_gate_time_pool,42,select,select:02:0.10:random:independent:0,0.5714285714285714,0.5461562069081493,0.6548724502141823,0.5115592636826792,0.6645251035608433,0.509461432001061,,,0.09025892452344063,724,0.24862637362637363,0.032740719350795824,1.0,"{""Negative"": 0.5707547169811321, ""Neutral"": 0.4147727272727273, ""Positive"": 0.6529411764705882}","[[121, 39, 46], [37, 73, 74], [60, 56, 222]]"
s5_B3_L2_seed42,bigru_content_gate_time_pool,42,select,select:02:0.10:random:independent:1,0.5837912087912088,0.5590630522437391,0.6514770768789391,0.504523128550222,0.6650066033292276,0.500673131782071,,,0.09020706469477802,724,0.25961538461538464,0.035631897332683043,1.0,"{""Negative"": 0.5902439024390244, ""Neutral"": 0.4222222222222222, ""Positive"": 0.6647230320699709}","[[121, 38, 47], [35, 76, 73], [48, 62, 228]]"
s5_B3_L2_seed42,bigru_content_gate_time_pool,42,select,select:02:0.10:random:independent:2,0.5934065934065934,0.5690365331024902,0.6444835626328549,0.5145966041248675,0.6606480170419993,0.5095738386176499,,,0.09022829257477709,724,0.2445054945054945,0.03459702756490845,1.0,"{""Negative"": 0.583941605839416, ""Neutral"": 0.4507042253521127, ""Positive"": 0.672463768115942}","[[120, 35, 51], [35, 80, 69], [50, 56, 232]]"
s5_B3_L2_seed42,bigru_content_gate_time_pool,42,select,select:02:0.30:random:independent:0,0.5604395604395604,0.5288720810075177,0.6736112332755884,0.4916935194312164,0.6818460987133721,0.4887242628705902,,,0.21662896826569322,724,0.23351648351648352,0.0313204473078169,1.0,"{""Negative"": 0.5603864734299517, ""Neutral"": 0.3775811209439528, ""Positive"": 0.6486486486486487}","[[116, 33, 57], [40, 64, 80], [52, 58, 228]]"
s5_B3_L2_seed42,bigru_content_gate_time_pool,42,select,select:02:0.30:random:independent:1,0.554945054945055,0.5229031659836333,0.684076607068235,0.45524339429805927,0.6909964282710391,0.4574846621972671,,,0.2163273861362854,724,0.23214285714285715,0.030136333053272502,1.0,"{""Negative"": 0.5436893203883495, ""Neutral"": 0.38095238095238093, ""Positive"": 0.6440677966101694}","[[112, 37, 57], [35, 64, 85], [59, 51, 228]]"
s5_B3_L2_seed42,bigru_content_gate_time_pool,42,select,select:02:0.30:random:independent:2,0.5494505494505495,0.5128201501320819,0.6816802368416564,0.46641154941839863,0.6895048238214229,0.46643202933780364,,,0.21614375377087763,724,0.22115384615384615,0.026801794438964716,1.0,"{""Negative"": 0.5536992840095465, ""Neutral"": 0.3425076452599388, ""Positive"": 0.6422535211267606}","[[116, 35, 55], [39, 56, 89], [58, 52, 228]]"
s5_B3_L2_seed42,bigru_content_gate_time_pool,42,select,select:02:0.50:random:independent:0,0.5178571428571429,0.47229089835115795,0.726786644651569,0.36902711489413886,0.7325355143971987,0.3703430630183161,,,0.3507859006961929,724,0.21016483516483517,0.02343413552371683,1.0,"{""Negative"": 0.49406175771971494, ""Neutral"": 0.2948717948717949, ""Positive"": 0.627939142461964}","[[104, 37, 65], [45, 46, 93], [66, 45, 227]]"
s5_B3_L2_seed42,bigru_content_gate_time_pool,42,select,select:02:0.50:random:independent:1,0.5233516483516484,0.478359740534365,0.7139994071082016,0.3825574661453124,0.7241547130058509,0.3796350832214865,,,0.35119532701886813,724,0.20741758241758243,0.024014929368584362,1.0,"{""Negative"": 0.4963855421686747, ""Neutral"": 0.3076923076923077, ""Positive"": 0.6310013717421125}","[[103, 38, 65], [40, 48, 96], [66, 42, 230]]"
s5_B3_L2_seed42,bigru_content_gate_time_pool,42,select,select:02:0.50:random:independent:2,0.5151098901098901,0.4691004629843894,0.7166660071539518,0.3900246314013204,0.7211608964499536,0.3919196915342265,,,0.35125174458983455,724,0.20054945054945056,0.022582691147022847,1.0,"{""Negative"": 0.5147058823529411, ""Neutral"": 0.27741935483870966, ""Positive"": 0.6151761517615176}","[[105, 32, 69], [37, 43, 104], [60, 51, 227]]"
s5_B3_L2_seed42,bigru_content_gate_time_pool,42,select,select:12:0.10:random:independent:0,0.5865384615384616,0.5651211098768235,0.63475762914167,0.5352219414401779,0.6471339978308386,0.5313496600033648,,,0.09011852407557222,724,0.2664835164835165,0.03748880657549579,1.0,"{""Negative"": 0.60431654676259, ""Neutral"": 0.42934782608695654, ""Positive"": 0.6616989567809239}","[[126, 41, 39], [33, 79, 72], [52, 64, 222]]"
s5_B3_L2_seed42,bigru_content_gate_time_pool,42,select,select:12:0.10:random:independent:1,0.5975274725274725,0.5765683069112141,0.635508825217695,0.532418250745696,0.6494674830093652,0.5277483343330281,,,0.09019592878213162,724,0.27197802197802196,0.038512750023095815,1.0,"{""Negative"": 0.6057692307692307, ""Neutral"": 0.45231607629427795, ""Positive"": 0.6716196136701337}","[[126, 38, 42], [34, 83, 67], [50, 62, 226]]"
s5_B3_L2_seed42,bigru_content_gate_time_pool,42,select,select:12:0.10:random:independent:2,0.5934065934065934,0.5720566417876498,0.6322476872899867,0.5425677748420497,0.6455039050082093,0.5349124974161891,,,0.09018448391793114,724,0.27472527472527475,0.03795573883528238,1.0,"{""Negative"": 0.6139088729016786, ""Neutral"": 0.43360433604336046, ""Positive"": 0.6686567164179105}","[[128, 40, 38], [34, 80, 70], [49, 65, 224]]"
s5_B3_L2_seed42,bigru_content_gate_time_pool,42,select,select:12:0.30:random:independent:0,0.5892857142857143,0.5671100076788403,0.6290023942365424,0.5498077475884366,0.6416861880775336,0.5434968764260667,,,0.21577850944764493,724,0.2802197802197802,0.04132500487277795,1.0,"{""Negative"": 0.6120481927710844, ""Neutral"": 0.42162162162162165, ""Positive"": 0.6676602086438153}","[[127, 41, 38], [35, 78, 71], [47, 67, 224]]"
s5_B3_L2_seed42,bigru_content_gate_time_pool,42,select,select:12:0.30:random:independent:1,0.5975274725274725,0.575109899505098,0.6312253349781691,0.5435838459214068,0.6444252016647094,0.5372552452240535,,,0.2160189805783876,724,0.2651098901098901,0.037719027158331406,1.0,"{""Negative"": 0.6095238095238096, ""Neutral"": 0.44321329639889195, ""Positive"": 0.6725925925925926}","[[128, 38, 40], [34, 80, 70], [52, 59, 227]]"
s5_B3_L2_seed42,bigru_content_gate_time_pool,42,select,select:12:0.30:random:independent:2,0.5934065934065934,0.569914033018745,0.6280341414980345,0.5454009874984483,0.6421526555729272,0.5406888064368494,,,0.21623765565574107,724,0.26373626373626374,0.03812357376178542,1.0,"{""Negative"": 0.6048780487804878, ""Neutral"": 0.42934782608695654, ""Positive"": 0.6755162241887905}","[[124, 42, 40], [34, 79, 71], [46, 63, 229]]"
s5_B3_L2_seed42,bigru_content_gate_time_pool,42,select,select:12:0.50:random:independent:0,0.5824175824175825,0.5612179295198163,0.6331333611509466,0.5448262850707747,0.6479258842172695,0.5368446006399392,,,0.3507132531656354,724,0.2692307692307692,0.040191752774243826,1.0,"{""Negative"": 0.6, ""Neutral"": 0.42587601078167114, ""Positive"": 0.6577777777777778}","[[123, 40, 43], [33, 79, 72], [48, 68, 222]]"
s5_B3_L2_seed42,bigru_content_gate_time_pool,42,select,select:12:0.50:random:independent:1,0.5879120879120879,0.5663235246335222,0.6292572921908656,0.5499759069969485,0.6428083129544425,0.5433445587632505,,,0.3507343430875613,724,0.2774725274725275,0.03956282449344193,1.0,"{""Negative"": 0.6004842615012107, ""Neutral"": 0.43478260869565216, ""Positive"": 0.6637037037037037}","[[124, 40, 42], [33, 80, 71], [50, 64, 224]]"
s5_B3_L2_seed42,bigru_content_gate_time_pool,42,select,select:12:0.50:random:independent:2,0.5796703296703297,0.558263213065622,0.6300957280757336,0.546527737888006,0.6433619087725714,0.5406031118866925,,,0.3509549248224926,724,0.2774725274725275,0.04089187634467751,1.0,"{""Negative"": 0.6053268765133172, ""Neutral"": 0.4117647058823529, ""Positive"": 0.6576980568011959}","[[125, 43, 38], [34, 77, 73], [48, 70, 220]]"
s5_B3_L2_seed42,bigru_content_gate_time_pool,42,select,select:012:0.10:random:independent:0,0.5824175824175825,0.557260554347876,0.6430048515725267,0.5180699147984972,0.6549419844881273,0.5158381870592141,,,0.12558993973665408,724,0.25686813186813184,0.03639587682843372,1.0,"{""Negative"": 0.5843230403800475, ""Neutral"": 0.423728813559322, ""Positive"": 0.6637298091042585}","[[123, 35, 48], [40, 75, 69], [52, 60, 226]]"
s5_B3_L2_seed42,bigru_content_gate_time_pool,42,select,select:012:0.10:random:independent:1,0.5782967032967034,0.5539238219192154,0.6485959311047589,0.49804553583552513,0.6617051855313009,0.4944910648034101,,,0.12571082327220762,724,0.25824175824175827,0.03227677588425986,1.0,"{""Negative"": 0.578088578088578, ""Neutral"": 0.42492917847025496, ""Positive"": 0.658753709198813}","[[124, 38, 44], [39, 75, 70], [60, 56, 222]]"
s5_B3_L2_seed42,bigru_content_gate_time_pool,42,select,select:012:0.10:random:independent:2,0.5824175824175825,0.5583331867100672,0.6493881205255022,0.5149359977820256,0.6631618084304116,0.5098616546860196,,,0.1256004676726215,724,0.2554945054945055,0.03540706703836446,1.0,"{""Negative"": 0.5890736342042755, ""Neutral"": 0.4222222222222222, ""Positive"": 0.6637037037037037}","[[124, 40, 42], [37, 76, 71], [54, 60, 224]]"
s5_B3_L2_seed42,bigru_content_gate_time_pool,42,select,select:012:0.30:random:independent:0,0.5604395604395604,0.529159691527741,0.6707267839234609,0.49484760138583667,0.6779609511319834,0.4957508036274403,,,0.3162180586060894,724,0.22939560439560439,0.027215661894595556,1.0,"{""Negative"": 0.5467289719626168, ""Neutral"": 0.39039039039039036, ""Positive"": 0.6503597122302158}","[[117, 39, 50], [38, 65, 81], [67, 45, 226]]"
s5_B3_L2_seed42,bigru_content_gate_time_pool,42,select,select:012:0.30:random:independent:1,0.5618131868131868,0.5353383486600821,0.6681253520839817,0.4862278770397235,0.6784876455696156,0.48295345879082685,,,0.3167463590511638,724,0.24725274725274726,0.03153563167651767,1.0,"{""Negative"": 0.5523809523809524, ""Neutral"": 0.4092219020172911, ""Positive"": 0.6444121915820029}","[[116, 34, 56], [40, 71, 73], [58, 58, 222]]"
s5_B3_L2_seed42,bigru_content_gate_time_pool,42,select,select:012:0.30:random:independent:2,0.5810439560439561,0.5493015139346326,0.6567603895504888,0.5092187977469106,0.6657758874532121,0.5067828410911217,,,0.31705028085974835,724,0.2445054945054945,0.030728025956894015,1.0,"{""Negative"": 0.5918854415274463, ""Neutral"": 0.3826086956521739, ""Positive"": 0.6734104046242775}","[[124, 41, 41], [38, 66, 80], [51, 54, 233]]"
s5_B3_L2_seed42,bigru_content_gate_time_pool,42,select,select:012:0.50:random:independent:0,0.554945054945055,0.5289971592431795,0.6852551516872186,0.451475086658462,0.6922011485036749,0.45677287121684446,,,0.5214278455584954,724,0.2733516483516483,0.03504312404579186,1.0,"{""Negative"": 0.5333333333333333, ""Neutral"": 0.4111111111111111, ""Positive"": 0.6425470332850941}","[[108, 46, 52], [31, 74, 79], [60, 56, 222]]"
s5_B3_L2_seed42,bigru_content_gate_time_pool,42,select,select:012:0.50:random:independent:1,0.5467032967032966,0.5221187975753216,0.6782697612465328,0.4614122062473472,0.6867391713690217,0.4653354670887154,,,0.5211035116402414,724,0.2733516483516483,0.032887008283983214,1.0,"{""Negative"": 0.5340050377833753, ""Neutral"": 0.3967828418230563, ""Positive"": 0.6355685131195336}","[[106, 50, 50], [30, 74, 80], [55, 65, 218]]"
s5_B3_L2_seed42,bigru_content_gate_time_pool,42,select,select:012:0.50:random:independent:2,0.5425824175824175,0.5136170431977406,0.6856741391696446,0.46564687404746047,0.6930945182915081,0.4696393930741351,,,0.5211950835022432,724,0.26373626373626374,0.03326809356273203,1.0,"{""Negative"": 0.5476772616136919, ""Neutral"": 0.3565459610027855, ""Positive"": 0.6366279069767442}","[[112, 43, 51], [40, 64, 80], [51, 68, 219]]"
s5_B3_L2_seed42,bigru_content_gate_time_pool,42,clean,clean:clean,0.5947802197802198,0.5743364183356738,0.635868831023623,0.5324036248796694,0.6513533967414072,0.5249097158044245,,,0.020685516934361863,0,0.27197802197802196,0.038227864269912246,1.0,"{""Negative"": 0.5995203836930456, ""Neutral"": 0.4528301886792453, ""Positive"": 0.6706586826347305}","[[125, 41, 40], [34, 84, 66], [52, 62, 224]]"
s5_B3_L3_seed42,bigru_content_gate_time_pool,42,select,select:0:0.10:random:independent:0,0.5934065934065934,0.5458481749457836,0.6565969480754255,0.5023033178362183,0.6633021953505475,0.5023606870634055,,,0.056182048502401064,724,0.17994505494505494,0.017466109056230427,1.0,"{""Negative"": 0.5825242718446602, ""Neutral"": 0.36610169491525424, ""Positive"": 0.6889185580774366}","[[120, 27, 59], [36, 54, 94], [50, 30, 258]]"
s5_B3_L3_seed42,bigru_content_gate_time_pool,42,select,select:0:0.10:random:independent:1,0.5824175824175825,0.5354012929745866,0.6585297063876967,0.5004688720530046,0.6650251033306531,0.50057010584729,,,0.056182048502401064,724,0.17307692307692307,0.01865407440126106,1.0,"{""Negative"": 0.576271186440678, ""Neutral"": 0.3561643835616438, ""Positive"": 0.6737683089214381}","[[119, 24, 63], [35, 52, 97], [53, 32, 253]]"
s5_B3_L3_seed42,bigru_content_gate_time_pool,42,select,select:0:0.10:random:independent:2,0.5769230769230769,0.5291046411424323,0.6587739834947164,0.5046464358556869,0.6655206481445131,0.5040117547107565,,,0.056182048502401064,724,0.18406593406593408,0.01922657379284501,1.0,"{""Negative"": 0.5671641791044776, ""Neutral"": 0.34551495016611294, ""Positive"": 0.6746347941567065}","[[114, 28, 64], [35, 52, 97], [47, 37, 254]]"
s5_B3_L3_seed42,bigru_content_gate_time_pool,42,select,select:0:0.30:random:independent:0,0.570054945054945,0.5125077551755265,0.6764886528332645,0.4793783208237692,0.6793066562245508,0.4804049887644128,,,0.12130579873272207,724,0.1662087912087912,0.015614027221173376,1.0,"{""Negative"": 0.5601965601965602, ""Neutral"": 0.3028169014084507, ""Positive"": 0.6745098039215687}","[[114, 26, 66], [38, 43, 103], [49, 31, 258]]"
s5_B3_L3_seed42,bigru_content_gate_time_pool,42,select,select:0:0.30:random:independent:1,0.5714285714285714,0.5114777784593155,0.6717716857784397,0.49340842399428203,0.6745746385838304,0.49598857274551245,,,0.12130579873272207,724,0.16346153846153846,0.014081891777325462,1.0,"{""Negative"": 0.5742092457420924, ""Neutral"": 0.2857142857142857, ""Positive"": 0.6745098039215687}","[[118, 27, 61], [36, 40, 108], [51, 29, 258]]"
s5_B3_L3_seed42,bigru_content_gate_time_pool,42,select,select:0:0.30:random:independent:2,0.5728021978021978,0.5132352358987794,0.6828658188080067,0.4534679565580466,0.6889494841120073,0.4557867055921918,,,0.12130579873272207,724,0.14697802197802198,0.015477496443082998,1.0,"{""Negative"": 0.5388349514563107, ""Neutral"": 0.3176895306859206, ""Positive"": 0.6831812255541069}","[[111, 26, 69], [42, 44, 98], [53, 23, 262]]"
s5_B3_L3_seed42,bigru_content_gate_time_pool,42,select,select:0:0.50:random:independent:0,0.5398351648351648,0.47107054224620265,0.7057331959208945,0.42641023339581535,0.7090879245968229,0.42647611016891784,,,0.1909987908537763,724,0.13736263736263737,0.010952724796083276,1.0,"{""Negative"": 0.5194174757281553, ""Neutral"": 0.24334600760456274, ""Positive"": 0.6504481434058899}","[[107, 20, 79], [42, 32, 110], [57, 27, 254]]"
s5_B3_L3_seed42,bigru_content_gate_time_pool,42,select,select:0:0.50:random:independent:1,0.5247252747252747,0.4669026035511943,0.7289632041547816,0.3735039274330366,0.7334016750228929,0.3728000420889646,,,0.1909987908537763,724,0.15521978021978022,0.014522336359682319,1.0,"{""Negative"": 0.4939467312348668, ""Neutral"": 0.2773722627737226, ""Positive"": 0.6293888166449935}","[[102, 21, 83], [40, 38, 106], [65, 31, 242]]"
s5_B3_L3_seed42,bigru_content_gate_time_pool,42,select,select:0:0.50:random:independent:2,0.5343406593406593,0.47631767883198,0.7158123803777189,0.4004115181343828,0.7195876397468804,0.40531797718777124,,,0.1909987908537763,724,0.15521978021978022,0.013816752826455203,1.0,"{""Negative"": 0.4900990099009901, ""Neutral"": 0.2971014492753623, ""Positive"": 0.6417525773195877}","[[99, 25, 82], [36, 41, 107], [63, 26, 249]]"
s5_B3_L3_seed42,bigru_content_gate_time_pool,42,select,select:1:0.10:random:independent:0,0.6057692307692307,0.5611681116842279,0.6348530727114815,0.5386589313223108,0.6440559449493066,0.5362827702263496,,,0.056143892214244775,724,0.18818681318681318,0.01949014424298491,1.0,"{""Negative"": 0.6024691358024692, ""Neutral"": 0.3841059602649007, ""Positive"": 0.6969292389853138}","[[122, 27, 57], [33, 58, 93], [44, 33, 261]]"
s5_B3_L3_seed42,bigru_content_gate_time_pool,42,select,select:1:0.10:random:independent:1,0.6057692307692307,0.5623072102473802,0.635675084914873,0.5361479772795031,0.645815102045762,0.5304898430331972,,,0.056143892214244775,724,0.19505494505494506,0.020753832600028305,1.0,"{""Negative"": 0.6146095717884131, ""Neutral"": 0.3790849673202614, ""Positive"": 0.6932270916334662}","[[122, 27, 57], [29, 58, 97], [40, 37, 261]]"
s5_B3_L3_seed42,bigru_content_gate_time_pool,42,select,select:1:0.10:random:independent:2,0.6016483516483516,0.5587228460171606,0.6335438424698109,0.5378497345437427,0.6440022265497636,0.5344821875424156,,,0.056143892214244775,724,0.20604395604395603,0.021459871594656958,1.0,"{""Negative"": 0.6084788029925187, ""Neutral"": 0.3778501628664495, ""Positive"": 0.6898395721925134}","[[122, 28, 56], [30, 58, 96], [43, 37, 258]]"
s5_B3_L3_seed42,bigru_content_gate_time_pool,42,select,select:1:0.30:random:independent:0,0.6112637362637363,0.5686462394716344,0.629445340378779,0.5478566062792128,0.6397365059417027,0.5440964096575616,,,0.12118179079621412,724,0.19230769230769232,0.020784286568633147,1.0,"{""Negative"": 0.6142506142506142, ""Neutral"": 0.39087947882736157, ""Positive"": 0.7008086253369272}","[[125, 27, 54], [34, 60, 90], [42, 36, 260]]"
s5_B3_L3_seed42,bigru_content_gate_time_pool,42,select,select:1:0.30:random:independent:1,0.5989010989010989,0.554470652479798,0.6318920876623346,0.5431426249704489,0.6415662673547619,0.5417665912853414,,,0.12118179079621412,724,0.19230769230769232,0.02030275588285301,1.0,"{""Negative"": 0.5905707196029777, ""Neutral"": 0.380327868852459, ""Positive"": 0.6925133689839572}","[[119, 27, 60], [35, 58, 91], [43, 36, 259]]"
s5_B3_L3_seed42,bigru_content_gate_time_pool,42,select,select:1:0.30:random:independent:2,0.6071428571428571,0.5635629576202653,0.6331395410837708,0.5417146025603723,0.644548027100717,0.5355379740324329,,,0.12118179079621412,724,0.18818681318681318,0.021342144303547812,1.0,"{""Negative"": 0.6039603960396039, ""Neutral"": 0.39072847682119205, ""Positive"": 0.696}","[[122, 26, 58], [32, 59, 93], [44, 33, 261]]"
s5_B3_L3_seed42,bigru_content_gate_time_pool,42,select,select:1:0.50:random:independent:0,0.6071428571428571,0.5675747653949289,0.6245737077419902,0.554845150768979,0.6372103582259144,0.5497180927756953,,,0.19077939219687765,724,0.2087912087912088,0.023337529764733796,1.0,"{""Negative"": 0.6142506142506142, ""Neutral"": 0.39365079365079364, ""Positive"": 0.6948228882833788}","[[125, 29, 52], [33, 62, 89], [43, 40, 255]]"
s5_B3_L3_seed42,bigru_content_gate_time_pool,42,select,select:1:0.50:random:independent:1,0.6126373626373627,0.5695589876148949,0.6309141296010424,0.5500509966455664,0.6426641893071624,0.5449686761519722,,,0.19077939219687765,724,0.19505494505494506,0.020924539046169637,1.0,"{""Negative"": 0.6153846153846154, ""Neutral"": 0.39087947882736157, ""Positive"": 0.7024128686327078}","[[124, 28, 54], [32, 60, 92], [41, 35, 262]]"
s5_B3_L3_seed42,bigru_content_gate_time_pool,42,select,select:1:0.50:random:independent:2,0.6085164835164835,0.5662779966816972,0.6270769415432608,0.5545417821367866,0.6389438594118334,0.549404390936685,,,0.19077939219687765,724,0.20054945054945056,0.02135297354567018,1.0,"{""Negative"": 0.6059113300492611, ""Neutral"": 0.391025641025641, ""Positive"": 0.7018970189701897}","[[123, 30, 53], [35, 61, 88], [42, 37, 259]]"
s5_B3_L3_seed42,bigru_content_gate_time_pool,42,select,select:2:0.10:random:independent:0,0.6002747252747253,0.5534273425456072,0.6392259040198974,0.5311123607850081,0.6483595179967009,0.5272914811839058,,,0.05471828184470957,703,0.1813186813186813,0.018914551844930908,1.0,"{""Negative"": 0.606516290726817, ""Neutral"": 0.36610169491525424, ""Positive"": 0.6876640419947506}","[[121, 24, 61], [29, 54, 101], [43, 33, 262]]"
s5_B3_L3_seed42,bigru_content_gate_time_pool,42,select,select:2:0.10:random:independent:1,0.6002747252747253,0.5525308629552859,0.6402673436701871,0.5305420361974729,0.6499786812167329,0.5252631550132615,,,0.054688334898890016,703,0.18681318681318682,0.020244623703730633,1.0,"{""Negative"": 0.6025316455696202, ""Neutral"": 0.36486486486486486, ""Positive"": 0.6901960784313725}","[[119, 24, 63], [30, 54, 100], [40, 34, 264]]"
s5_B3_L3_seed42,bigru_content_gate_time_pool,42,select,select:2:0.10:random:independent:2,0.5961538461538461,0.5497582492368072,0.6391925301894055,0.5302974189393855,0.6476189342972177,0.5277857273793496,,,0.05481930502759008,703,0.17994505494505494,0.019049337562689415,1.0,"{""Negative"": 0.592964824120603, ""Neutral"": 0.37037037037037035, ""Positive"": 0.6859395532194481}","[[118, 24, 64], [31, 55, 98], [43, 34, 261]]"
s5_B3_L3_seed42,bigru_content_gate_time_pool,42,select,select:2:0.30:random:independent:0,0.5947802197802198,0.5441579674015599,0.6367761320434511,0.5337272323027022,0.6460066081208924,0.5299114581964551,,,0.11537182825966232,703,0.16895604395604397,0.019080188886444648,1.0,"{""Negative"": 0.5944584382871536, ""Neutral"": 0.35051546391752575, ""Positive"": 0.6875}","[[118, 25, 63], [30, 51, 103], [43, 31, 264]]"
s5_B3_L3_seed42,bigru_content_gate_time_pool,42,select,select:2:0.30:random:independent:1,0.5947802197802198,0.5442582214842488,0.6380395319016916,0.5362994579533189,0.6456820158963348,0.5325060869368143,,,0.11628030776814742,703,0.17307692307692307,0.017446578765947084,1.0,"{""Negative"": 0.5959595959595959, ""Neutral"": 0.3493150684931507, ""Positive"": 0.6875}","[[118, 25, 63], [30, 51, 103], [42, 32, 264]]"
s5_B3_L3_seed42,bigru_content_gate_time_pool,42,select,select:2:0.30:random:independent:2,0.5975274725274725,0.5443228569293721,0.6407956843786351,0.5298793555716116,0.6489319860996617,0.5263465030887429,,,0.11578318848929205,703,0.16483516483516483,0.01702101645224042,1.0,"{""Negative"": 0.5994962216624685, ""Neutral"": 0.34265734265734266, ""Positive"": 0.6908150064683053}","[[119, 24, 63], [30, 49, 105], [42, 29, 267]]"
s5_B3_L3_seed42,bigru_content_gate_time_pool,42,select,select:2:0.50:random:independent:0,0.5989010989010989,0.5468562914200493,0.6390348240025095,0.5349044700810779,0.6475983826791519,0.5314410153194883,,,0.18051985710310411,703,0.1717032967032967,0.017865903288993863,1.0,"{""Negative"": 0.6025316455696202, ""Neutral"": 0.3472222222222222, ""Positive"": 0.6908150064683053}","[[119, 24, 63], [29, 50, 105], [41, 30, 267]]"
s5_B3_L3_seed42,bigru_content_gate_time_pool,42,select,select:2:0.50:random:independent:1,0.5934065934065934,0.5413342740642546,0.6404304615892715,0.5335964192780267,0.6498790297268348,0.5297310424325979,,,0.18035659556840442,703,0.17307692307692307,0.018322749651395357,1.0,"{""Negative"": 0.5918367346938775, ""Neutral"": 0.3448275862068966, ""Positive"": 0.6873385012919897}","[[116, 25, 65], [29, 50, 105], [41, 31, 266]]"
s5_B3_L3_seed42,bigru_content_gate_time_pool,42,select,select:2:0.50:random:independent:2,0.5934065934065934,0.5439103681641423,0.6397858920663432,0.5320372301175075,0.6482888015887731,0.5287408222968193,,,0.18067481495681129,703,0.16758241758241757,0.01767288110118646,1.0,"{""Negative"": 0.5989847715736041, ""Neutral"": 0.35051546391752575, ""Positive"": 0.682230869001297}","[[118, 23, 65], [28, 51, 105], [42, 33, 263]]"
s5_B3_L3_seed42,bigru_content_gate_time_pool,42,select,select:01:0.10:random:independent:0,0.5865384615384616,0.5355185161350294,0.6494316166861372,0.5102620769650569,0.6554511200155613,0.5102631239371843,,,0.09164042378228397,724,0.16346153846153846,0.016748037497216203,1.0,"{""Negative"": 0.5951219512195122, ""Neutral"": 0.3333333333333333, ""Positive"": 0.6781002638522428}","[[122, 23, 61], [34, 48, 102], [48, 33, 257]]"
s5_B3_L3_seed42,bigru_content_gate_time_pool,42,select,select:01:0.10:random:independent:1,0.5837912087912088,0.5400324698826328,0.649604442501936,0.5144234748817204,0.6565115035736708,0.51436618819562,,,0.09164042378228397,724,0.18956043956043955,0.01900111205437845,1.0,"{""Negative"": 0.5714285714285714, ""Neutral"": 0.3713355048859935, ""Positive"": 0.6773333333333333}","[[114, 30, 62], [31, 57, 96], [48, 36, 254]]"
s5_B3_L3_seed42,bigru_content_gate_time_pool,42,select,select:01:0.10:random:independent:2,0.5961538461538461,0.5576867803404252,0.6484017758509287,0.509452826981992,0.6585419847844884,0.5082794100913111,,,0.09164042378228397,724,0.18406593406593408,0.0199076109324019,1.0,"{""Negative"": 0.6014669926650367, ""Neutral"": 0.39867109634551495, ""Positive"": 0.6729222520107239}","[[123, 21, 62], [29, 60, 95], [51, 36, 251]]"
s5_B3_L3_seed42,bigru_content_gate_time_pool,42,select,select:01:0.30:random:independent:0,0.5961538461538461,0.5355192463709221,0.6530663508616633,0.5182265834550586,0.6602835052923023,0.5149489823009512,,,0.22180207259457435,724,0.14560439560439561,0.013976826197613071,1.0,"{""Negative"": 0.5882352941176471, ""Neutral"": 0.3188405797101449, ""Positive"": 0.6994818652849741}","[[120, 19, 67], [43, 44, 97], [39, 29, 270]]"
s5_B3_L3_seed42,bigru_content_gate_time_pool,42,select,select:01:0.30:random:independent:1,0.5714285714285714,0.5209012295276766,0.6585968940222985,0.49595962253872555,0.665497764904093,0.4924962673054656,,,0.22180207259457435,724,0.15521978021978022,0.015101229696155904,1.0,"{""Negative"": 0.5776699029126213, ""Neutral"": 0.3262411347517731, ""Positive"": 0.6587926509186351}","[[119, 18, 69], [34, 46, 104], [53, 34, 251]]"
s5_B3_L3_seed42,bigru_content_gate_time_pool,42,select,select:01:0.30:random:independent:2,0.5714285714285714,0.5227379053694844,0.670460336123849,0.47089972608458347,0.677861335288201,0.47458521505770496,,,0.22180207259457435,724,0.19093406593406592,0.02032141758737328,1.0,"{""Negative"": 0.5757575757575758, ""Neutral"": 0.32666666666666666, ""Positive"": 0.6657894736842105}","[[114, 28, 64], [30, 49, 105], [46, 39, 253]]"
s5_B3_L3_seed42,bigru_content_gate_time_pool,42,select,select:01:0.50:random:independent:0,0.5659340659340659,0.5025243527262556,0.6909276123807979,0.44499824922969033,0.6963285270433587,0.4452040271381546,,,0.36109266611629226,724,0.16071428571428573,0.015407624902903707,1.0,"{""Negative"": 0.5508684863523573, ""Neutral"": 0.2805755395683453, ""Positive"": 0.6761290322580645}","[[111, 24, 71], [41, 39, 104], [45, 31, 262]]"
s5_B3_L3_seed42,bigru_content_gate_time_pool,42,select,select:01:0.50:random:independent:1,0.5659340659340659,0.511676095750829,0.6842779130032921,0.4410318503706713,0.6904120042377694,0.4393762271423098,,,0.36109266611629226,724,0.15934065934065933,0.015001960919363485,1.0,"{""Negative"": 0.5480769230769231, ""Neutral"": 0.3202846975088968, ""Positive"": 0.6666666666666666}","[[114, 22, 70], [41, 45, 98], [55, 30, 253]]"
s5_B3_L3_seed42,bigru_content_gate_time_pool,42,select,select:01:0.50:random:independent:2,0.5480769230769231,0.49584031794657246,0.7035513499534883,0.42335965239619694,0.7088946371011764,0.4241736162018586,,,0.36109266611629226,724,0.17582417582417584,0.014709400778820554,1.0,"{""Negative"": 0.5311004784688995, ""Neutral"": 0.30662020905923343, ""Positive"": 0.6498002663115846}","[[111, 24, 71], [42, 44, 98], [59, 35, 244]]"
s5_B3_L3_seed42,bigru_content_gate_time_pool,42,select,select:02:0.10:random:independent:0,0.5934065934065934,0.5463625439952464,0.6542782895606626,0.5159229347200719,0.6617764408475013,0.5133288785578748,,,0.09025892452344063,724,0.17582417582417584,0.017784017754116886,1.0,"{""Negative"": 0.5862068965517241, ""Neutral"": 0.36860068259385664, ""Positive"": 0.6842800528401585}","[[119, 25, 62], [32, 54, 98], [49, 30, 259]]"
s5_B3_L3_seed42,bigru_content_gate_time_pool,42,select,select:02:0.10:random:independent:1,0.5975274725274725,0.5524952082914613,0.6544339293339587,0.5055772994555134,0.6631595974552681,0.5031101919914112,,,0.09020706469477802,724,0.1813186813186813,0.02011193650460669,1.0,"{""Negative"": 0.59846547314578, ""Neutral"": 0.37583892617449666, ""Positive"": 0.6831812255541069}","[[117, 24, 65], [26, 56, 102], [42, 34, 262]]"
s5_B3_L3_seed42,bigru_content_gate_time_pool,42,select,select:02:0.10:random:independent:2,0.5892857142857143,0.5369984784950983,0.6517629601386058,0.5142217784305477,0.6587628828781237,0.5129091195359163,,,0.09022829257477709,724,0.17032967032967034,0.016509437914970483,1.0,"{""Negative"": 0.5974683544303797, ""Neutral"": 0.33217993079584773, ""Positive"": 0.6813471502590673}","[[118, 26, 62], [27, 48, 109], [44, 31, 263]]"
s5_B3_L3_seed42,bigru_content_gate_time_pool,42,select,select:02:0.30:random:independent:0,0.5755494505494505,0.5108743812742902,0.6772919444080728,0.49013966957589655,0.6804428587125225,0.4903392909286375,,,0.21662896826569322,724,0.1346153846153846,0.013115403414542202,1.0,"{""Negative"": 0.5621890547263682, ""Neutral"": 0.291044776119403, ""Positive"": 0.6793893129770993}","[[113, 18, 75], [39, 39, 106], [44, 27, 267]]"
s5_B3_L3_seed42,bigru_content_gate_time_pool,42,select,select:02:0.30:random:independent:1,0.5673076923076923,0.5016376069929004,0.6848387816073311,0.46050304864582386,0.6894209748645733,0.4613101493400148,,,0.2163273861362854,724,0.14560439560439561,0.014147781001719142,1.0,"{""Negative"": 0.5515463917525774, ""Neutral"": 0.2825278810408922, ""Positive"": 0.6708385481852316}","[[107, 20, 79], [32, 38, 114], [43, 27, 268]]"
s5_B3_L3_seed42,bigru_content_gate_time_pool,42,select,select:02:0.30:random:independent:2,0.5494505494505495,0.4780426162380909,0.6847983316958524,0.4641948304645324,0.6876819056182445,0.46839471664014654,,,0.21614375377087763,724,0.1346153846153846,0.01278389165631526,1.0,"{""Negative"": 0.53, ""Neutral"": 0.24334600760456274, ""Positive"": 0.6607818411097099}","[[106, 23, 77], [36, 32, 116], [52, 24, 262]]"
s5_B3_L3_seed42,bigru_content_gate_time_pool,42,select,select:02:0.50:random:independent:0,0.521978021978022,0.4375645142784393,0.7279295635583637,0.37156099215378846,0.7308392324843086,0.3704480366300566,,,0.3507859006961929,724,0.10851648351648352,0.008191130107297348,1.0,"{""Negative"": 0.494949494949495, ""Neutral"": 0.17813765182186234, ""Positive"": 0.6396063960639606}","[[98, 15, 93], [40, 22, 122], [52, 26, 260]]"
s5_B3_L3_seed42,bigru_content_gate_time_pool,42,select,select:02:0.50:random:independent:1,0.5247252747252747,0.43759752326302204,0.7185691637419737,0.38080470149065393,0.7231254711808576,0.380337953085808,,,0.35119532701886813,724,0.11950549450549451,0.010611251335271766,1.0,"{""Negative"": 0.4884318766066838, ""Neutral"": 0.17959183673469387, ""Positive"": 0.6447688564476886}","[[95, 18, 93], [36, 22, 126], [52, 21, 265]]"
s5_B3_L3_seed42,bigru_content_gate_time_pool,42,select,select:02:0.50:random:independent:2,0.5274725274725275,0.44875917290516637,0.7169642004535257,0.3915080319029806,0.7203992604390606,0.39206276171728144,,,0.35125174458983455,724,0.11538461538461539,0.010297628354060126,1.0,"{""Negative"": 0.4896907216494845, ""Neutral"": 0.216, ""Positive"": 0.6405867970660146}","[[95, 16, 95], [34, 27, 123], [53, 23, 262]]"
s5_B3_L3_seed42,bigru_content_gate_time_pool,42,select,select:12:0.10:random:independent:0,0.6057692307692307,0.5586990003433284,0.6327573538485299,0.5377658026404711,0.6430877834292394,0.5347232021502047,,,0.09011852407557222,724,0.18818681318681318,0.019871771950610392,1.0,"{""Negative"": 0.6084788029925187, ""Neutral"": 0.3728813559322034, ""Positive"": 0.6947368421052632}","[[122, 25, 59], [30, 55, 99], [43, 31, 264]]"
s5_B3_L3_seed42,bigru_content_gate_time_pool,42,select,select:12:0.10:random:independent:1,0.6043956043956044,0.5543547905052849,0.6368465429143101,0.5365338505103304,0.6471784444177872,0.5310513432285863,,,0.09019592878213162,724,0.18543956043956045,0.01947432895379735,1.0,"{""Negative"": 0.5964912280701754, ""Neutral"": 0.36486486486486486, ""Positive"": 0.7017082785808147}","[[119, 27, 60], [34, 54, 96], [40, 31, 267]]"
s5_B3_L3_seed42,bigru_content_gate_time_pool,42,select,select:12:0.10:random:independent:2,0.6085164835164835,0.5632451008631221,0.63291402593847,0.5420509876840047,0.6422839187044691,0.5373243702929535,,,0.09018448391793114,724,0.1936813186813187,0.020560633379065402,1.0,"{""Negative"": 0.6215538847117794, ""Neutral"": 0.37333333333333335, ""Positive"": 0.6948480845442536}","[[124, 24, 58], [30, 56, 98], [39, 36, 263]]"
s5_B3_L3_seed42,bigru_content_gate_time_pool,42,select,select:12:0.30:random:independent:0,0.6043956043956044,0.5540743520878636,0.6296199904275629,0.550137322171989,0.6397186640322536,0.5449942408876709,,,0.21577850944764493,724,0.17582417582417584,0.01880004669082361,1.0,"{""Negative"": 0.6025316455696202, ""Neutral"": 0.36177474402730375, ""Positive"": 0.6979166666666666}","[[119, 25, 62], [31, 53, 100], [39, 31, 268]]"
s5_B3_L3_seed42,bigru_content_gate_time_pool,42,select,select:12:0.30:random:independent:1,0.6085164835164835,0.559906195501879,0.6324233275360949,0.5441742784410826,0.642425254760003,0.5403023093345378,,,0.2160189805783876,724,0.1717032967032967,0.018398848929354453,1.0,"{""Negative"": 0.6104218362282878, ""Neutral"": 0.3711340206185567, ""Positive"": 0.6981627296587927}","[[123, 24, 59], [31, 54, 99], [43, 29, 266]]"
s5_B3_L3_seed42,bigru_content_gate_time_pool,42,select,select:12:0.30:random:independent:2,0.603021978021978,0.5530074834831074,0.6292593772741792,0.5479234899631279,0.6392352806434936,0.5450710913977016,,,0.21623765565574107,724,0.1717032967032967,0.018814916925779083,1.0,"{""Negative"": 0.6, ""Neutral"": 0.36177474402730375, ""Positive"": 0.6972477064220184}","[[120, 24, 62], [34, 53, 97], [40, 32, 266]]"
s5_B3_L3_seed42,bigru_content_gate_time_pool,42,select,select:12:0.50:random:independent:0,0.5961538461538461,0.5465342725016515,0.6360988833845644,0.5421905545260399,0.6448311640747956,0.5384416004367746,,,0.3507132531656354,724,0.1813186813186813,0.019046929132741888,1.0,"{""Negative"": 0.605, ""Neutral"": 0.3469387755102041, ""Positive"": 0.6876640419947506}","[[121, 23, 62], [33, 51, 100], [40, 36, 262]]"
s5_B3_L3_seed42,bigru_content_gate_time_pool,42,select,select:12:0.50:random:independent:1,0.5975274725274725,0.5488453993786688,0.6319405214863819,0.548817398106901,0.6407077504107013,0.545088666107837,,,0.3507343430875613,724,0.1771978021978022,0.018400343294106013,1.0,"{""Negative"": 0.6084788029925187, ""Neutral"": 0.3466666666666667, ""Positive"": 0.6913907284768211}","[[122, 28, 56], [32, 52, 100], [41, 36, 261]]"
s5_B3_L3_seed42,bigru_content_gate_time_pool,42,select,select:12:0.50:random:independent:2,0.6057692307692307,0.5550853815911888,0.6326893331091319,0.5442683286981889,0.6416006784548389,0.5415688177708843,,,0.3509549248224926,724,0.16895604395604397,0.01787635553666687,1.0,"{""Negative"": 0.6, ""Neutral"": 0.36551724137931035, ""Positive"": 0.6997389033942559}","[[120, 25, 61], [32, 53, 99], [42, 28, 268]]"
s5_B3_L3_seed42,bigru_content_gate_time_pool,42,select,select:012:0.10:random:independent:0,0.5906593406593407,0.5405302695352946,0.6468546470188997,0.5220917317378927,0.6539661693949621,0.5199621449183676,,,0.12558993973665408,724,0.17582417582417584,0.018715567909639616,1.0,"{""Negative"": 0.5955334987593052, ""Neutral"": 0.3436426116838488, ""Positive"": 0.6824146981627297}","[[120, 24, 62], [32, 50, 102], [45, 33, 260]]"
s5_B3_L3_seed42,bigru_content_gate_time_pool,42,select,select:012:0.10:random:independent:1,0.5851648351648352,0.536261189634503,0.6511592769559923,0.4994512827972599,0.6589476537665577,0.49776078058900536,,,0.12571082327220762,724,0.17857142857142858,0.017874892893638257,1.0,"{""Negative"": 0.5798525798525799, ""Neutral"": 0.35172413793103446, ""Positive"": 0.6772068511198946}","[[118, 23, 65], [34, 51, 99], [49, 32, 257]]"
s5_B3_L3_seed42,bigru_content_gate_time_pool,42,select,select:012:0.10:random:independent:2,0.5961538461538461,0.5492991118329945,0.6490678847623231,0.5179559295267244,0.6598658116923256,0.5137076573870459,,,0.1256004676726215,724,0.1813186813186813,0.01966384716880518,1.0,"{""Negative"": 0.5885286783042394, ""Neutral"": 0.3716216216216216, ""Positive"": 0.6877470355731226}","[[118, 24, 64], [33, 55, 96], [44, 33, 261]]"
s5_B3_L3_seed42,bigru_content_gate_time_pool,42,select,select:012:0.30:random:independent:0,0.5837912087912088,0.5287520319646322,0.6706165921382197,0.4984548342831019,0.6753383080096362,0.4990840595615742,,,0.3162180586060894,724,0.15521978021978022,0.01357553169118179,1.0,"{""Negative"": 0.5623471882640587, ""Neutral"": 0.3443223443223443, ""Positive"": 0.6795865633074936}","[[115, 20, 71], [35, 47, 102], [53, 22, 263]]"
s5_B3_L3_seed42,bigru_content_gate_time_pool,42,select,select:012:0.30:random:independent:1,0.5673076923076923,0.5033828890069393,0.6743182056196444,0.48727507789785096,0.6793415421660949,0.4835097623476173,,,0.3167463590511638,724,0.14148351648351648,0.015615780839242123,1.0,"{""Negative"": 0.5586034912718204, ""Neutral"": 0.2814814814814815, ""Positive"": 0.6700636942675159}","[[112, 19, 75], [37, 38, 109], [46, 29, 263]]"
s5_B3_L3_seed42,bigru_content_gate_time_pool,42,select,select:012:0.30:random:independent:2,0.5810439560439561,0.5197926704353439,0.6595565854231243,0.5092476846567818,0.6641224375567757,0.5085962753214193,,,0.31705028085974835,724,0.14560439560439561,0.013166288918289509,1.0,"{""Negative"": 0.5777777777777777, ""Neutral"": 0.30036630036630035, ""Positive"": 0.6812339331619537}","[[117, 21, 68], [36, 41, 107], [46, 27, 265]]"
s5_B3_L3_seed42,bigru_content_gate_time_pool,42,select,select:012:0.50:random:independent:0,0.5686813186813187,0.5072551884674431,0.6848339869382126,0.4613834946137999,0.6898899852953196,0.4585289653221089,,,0.5214278455584954,724,0.15934065934065933,0.014367418207400118,1.0,"{""Negative"": 0.5552699228791774, ""Neutral"": 0.2939068100358423, ""Positive"": 0.6725888324873096}","[[108, 27, 71], [29, 41, 114], [46, 27, 265]]"
s5_B3_L3_seed42,bigru_content_gate_time_pool,42,select,select:012:0.50:random:independent:1,0.570054945054945,0.5136563863083076,0.6805112712205276,0.46402642674866934,0.6861290170115183,0.46666913323566106,,,0.5211035116402414,724,0.1565934065934066,0.013280811142765886,1.0,"{""Negative"": 0.5417721518987342, ""Neutral"": 0.3274021352313167, ""Positive"": 0.6717948717948717}","[[107, 27, 72], [30, 46, 108], [52, 24, 262]]"
s5_B3_L3_seed42,bigru_content_gate_time_pool,42,select,select:012:0.50:random:independent:2,0.554945054945055,0.4890542736278749,0.6866954270258137,0.47006219024536844,0.691549180653765,0.46949179005038116,,,0.5211950835022432,724,0.15521978021978022,0.013581916618248917,1.0,"{""Negative"": 0.5510204081632653, ""Neutral"": 0.2545454545454545, ""Positive"": 0.6615969581749049}","[[108, 22, 76], [35, 35, 114], [43, 34, 261]]"
s5_B3_L3_seed42,bigru_content_gate_time_pool,42,clean,clean:clean,0.6043956043956044,0.5604407765762348,0.6378409385138734,0.5332328065136437,0.6480519872537436,0.5277214043489449,,,0.020685516934361863,0,0.20054945054945056,0.020886440025466486,1.0,"{""Negative"": 0.606516290726817, ""Neutral"": 0.3815789473684211, ""Positive"": 0.6932270916334662}","[[121, 27, 58], [30, 58, 96], [42, 35, 261]]"
s5_B3_EMA_seed42,bigru_content_gate_time_pool,42,select,select:0:0.10:random:independent:0,0.5892857142857143,0.5426978890748656,0.657301949119879,0.5011363595467099,0.6637135386303231,0.5014038274301879,,,0.056182048502401064,724,0.1771978021978022,0.018554470958208644,1.0,"{""Negative"": 0.5811138014527845, ""Neutral"": 0.3624161073825503, ""Positive"": 0.6845637583892618}","[[120, 28, 58], [36, 54, 94], [51, 32, 255]]"
s5_B3_EMA_seed42,bigru_content_gate_time_pool,42,select,select:0:0.10:random:independent:1,0.5782967032967034,0.5312064278176144,0.6603353080543516,0.49864228385930265,0.66630744561553,0.49911951114783665,,,0.056182048502401064,724,0.17307692307692307,0.020334227464651012,1.0,"{""Negative"": 0.5755395683453237, ""Neutral"": 0.3469387755102041, ""Positive"": 0.6711409395973155}","[[120, 25, 61], [37, 51, 96], [54, 34, 250]]"
s5_B3_EMA_seed42,bigru_content_gate_time_pool,42,select,select:0:0.10:random:independent:2,0.5810439560439561,0.5346062151738978,0.6587206484665254,0.5039773554578502,0.6657519798807718,0.5031499695875515,,,0.056182048502401064,724,0.18269230769230768,0.019859617827685323,1.0,"{""Negative"": 0.5763546798029556, ""Neutral"": 0.3509933774834437, ""Positive"": 0.6764705882352942}","[[117, 28, 61], [35, 53, 96], [48, 37, 253]]"
s5_B3_EMA_seed42,bigru_content_gate_time_pool,42,select,select:0:0.30:random:independent:0,0.5673076923076923,0.5108653434712486,0.6767788052281672,0.4778646719968751,0.6795334059612027,0.4795291527849838,,,0.12130579873272207,724,0.17032967032967034,0.017232555154072383,1.0,"{""Negative"": 0.551219512195122, ""Neutral"": 0.3076923076923077, ""Positive"": 0.6736842105263158}","[[113, 27, 66], [40, 44, 100], [51, 31, 256]]"
s5_B3_EMA_seed42,bigru_content_gate_time_pool,42,select,select:0:0.30:random:independent:1,0.570054945054945,0.5114289060903308,0.6725636169739558,0.49108971130734735,0.6751237971360212,0.49371817487331937,,,0.12130579873272207,724,0.15934065934065933,0.015187987151078797,1.0,"{""Negative"": 0.5707317073170731, ""Neutral"": 0.2907801418439716, ""Positive"": 0.6727748691099477}","[[117, 27, 62], [36, 41, 107], [51, 30, 257]]"
s5_B3_EMA_seed42,bigru_content_gate_time_pool,42,select,select:0:0.30:random:independent:2,0.5714285714285714,0.5115334840546027,0.6838855613832454,0.45165726576132675,0.6901057239795861,0.45405233578447407,,,0.12130579873272207,724,0.14835164835164835,0.0166063564299309,1.0,"{""Negative"": 0.5339805825242718, ""Neutral"": 0.31654676258992803, ""Positive"": 0.6840731070496083}","[[110, 27, 69], [43, 44, 97], [53, 23, 262]]"
s5_B3_EMA_seed42,bigru_content_gate_time_pool,42,select,select:0:0.50:random:independent:0,0.5384615384615384,0.4706324043485652,0.7062500664098086,0.4258635053258154,0.7091654682491015,0.42618980606225176,,,0.1909987908537763,724,0.14285714285714285,0.011441977538807052,1.0,"{""Negative"": 0.5217391304347826, ""Neutral"": 0.24150943396226415, ""Positive"": 0.6486486486486487}","[[108, 20, 78], [43, 32, 109], [57, 29, 252]]"
s5_B3_EMA_seed42,bigru_content_gate_time_pool,42,select,select:0:0.50:random:independent:1,0.5247252747252747,0.46565546035885014,0.7307248084697013,0.3745372550297769,0.7344947364027765,0.37269375223607615,,,0.1909987908537763,724,0.1510989010989011,0.014490931860087335,1.0,"{""Negative"": 0.5048076923076923, ""Neutral"": 0.26373626373626374, ""Positive"": 0.6284224250325945}","[[105, 20, 81], [41, 36, 107], [64, 33, 241]]"
s5_B3_EMA_seed42,bigru_content_gate_time_pool,42,select,select:0:0.50:random:independent:2,0.5357142857142857,0.47733960838719613,0.7174532067060471,0.4005918554074495,0.7205281138962524,0.4049680458904161,,,0.1909987908537763,724,0.15384615384615385,0.013849938324167503,1.0,"{""Negative"": 0.4975609756097561, ""Neutral"": 0.291970802919708, ""Positive"": 0.6424870466321243}","[[102, 25, 79], [37, 40, 107], [65, 25, 248]]"
s5_B3_EMA_seed42,bigru_content_gate_time_pool,42,select,select:1:0.10:random:independent:0,0.6085164835164835,0.5640067925928193,0.6345044201212925,0.5384341113447222,0.6449492532289126,0.5352212222791727,,,0.056143892214244775,724,0.1813186813186813,0.020206308070038047,1.0,"{""Negative"": 0.6078431372549019, ""Neutral"": 0.3853820598006645, ""Positive"": 0.6987951807228916}","[[124, 27, 55], [33, 58, 93], [45, 32, 261]]"
s5_B3_EMA_seed42,bigru_content_gate_time_pool,42,select,select:1:0.10:random:independent:1,0.6057692307692307,0.5632800891067614,0.6355279402841743,0.535328723906281,0.64661911476383,0.5293777691668697,,,0.056143892214244775,724,0.18956043956043955,0.022477674503616252,1.0,"{""Negative"": 0.6130653266331658, ""Neutral"": 0.38436482084690554, ""Positive"": 0.6924101198402131}","[[122, 27, 57], [29, 59, 96], [41, 37, 260]]"
s5_B3_EMA_seed42,bigru_content_gate_time_pool,42,select,select:1:0.10:random:independent:2,0.6016483516483516,0.5579689012168106,0.6335419125442813,0.5372323508979977,0.6445195501015245,0.5339156086686272,,,0.056143892214244775,724,0.19230769230769232,0.02213029937678641,1.0,"{""Negative"": 0.6019900497512438, ""Neutral"": 0.380327868852459, ""Positive"": 0.6915887850467289}","[[121, 27, 58], [32, 58, 94], [43, 36, 259]]"
s5_B3_EMA_seed42,bigru_content_gate_time_pool,42,select,select:1:0.30:random:independent:0,0.6098901098901099,0.5680528719363671,0.629824209444274,0.5469822535962445,0.6410184186156634,0.5433654291782123,,,0.12118179079621412,724,0.19505494505494506,0.02297563019994196,1.0,"{""Negative"": 0.6093366093366094, ""Neutral"": 0.3948220064724919, ""Positive"": 0.7}","[[124, 28, 54], [34, 61, 89], [43, 36, 259]]"
s5_B3_EMA_seed42,bigru_content_gate_time_pool,42,select,select:1:0.30:random:independent:1,0.6016483516483516,0.5588314380568992,0.6325852714277067,0.5418382887603154,0.6430640746378801,0.5409521192042565,,,0.12118179079621412,724,0.19230769230769232,0.022345093520395046,1.0,"{""Negative"": 0.5911330049261084, ""Neutral"": 0.39087947882736157, ""Positive"": 0.6944818304172274}","[[120, 27, 59], [36, 60, 88], [44, 36, 258]]"
s5_B3_EMA_seed42,bigru_content_gate_time_pool,42,select,select:1:0.30:random:independent:2,0.6057692307692307,0.5655789803105703,0.6340487525001988,0.5412566397074755,0.6461166251952258,0.5343682477908092,,,0.12118179079621412,724,0.18956043956043955,0.022772572249870053,1.0,"{""Negative"": 0.6, ""Neutral"": 0.40390879478827363, ""Positive"": 0.6928281461434371}","[[123, 27, 56], [33, 62, 89], [48, 34, 256]]"
s5_B3_EMA_seed42,bigru_content_gate_time_pool,42,select,select:1:0.50:random:independent:0,0.6112637362637363,0.5733934221573528,0.6241727246922452,0.554939499558805,0.6381365965980177,0.5494892431169834,,,0.19077939219687765,724,0.21428571428571427,0.026002641618882234,1.0,"{""Negative"": 0.6127450980392157, ""Neutral"": 0.4088050314465409, ""Positive"": 0.6986301369863014}","[[125, 30, 51], [33, 65, 86], [44, 39, 255]]"
s5_B3_EMA_seed42,bigru_content_gate_time_pool,42,select,select:1:0.50:random:independent:1,0.6153846153846154,0.5716693298711675,0.6319825049395744,0.5501309238077731,0.6435315441903096,0.5447151454732861,,,0.19077939219687765,724,0.18543956043956045,0.02126506955590058,1.0,"{""Negative"": 0.6225490196078431, ""Neutral"": 0.3881578947368421, ""Positive"": 0.7043010752688172}","[[127, 27, 52], [33, 59, 92], [42, 34, 262]]"
s5_B3_EMA_seed42,bigru_content_gate_time_pool,42,select,select:1:0.50:random:independent:2,0.6098901098901099,0.5691179876125737,0.6282850451689337,0.553568275784014,0.6397975244006695,0.5493617402171125,,,0.19077939219687765,724,0.1978021978021978,0.022670175960684543,1.0,"{""Negative"": 0.6014669926650367, ""Neutral"": 0.40384615384615385, ""Positive"": 0.7020408163265306}","[[123, 30, 53], [35, 63, 86], [45, 35, 258]]"
s5_B3_EMA_seed42,bigru_content_gate_time_pool,42,select,select:2:0.10:random:independent:0,0.6002747252747253,0.552630282940111,0.6395992606214934,0.5306939777623927,0.6493354952628059,0.5269312450279166,,,0.05471828184470957,703,0.17307692307692307,0.01955485052349312,1.0,"{""Negative"": 0.6004962779156328, ""Neutral"": 0.36610169491525424, ""Positive"": 0.6912928759894459}","[[121, 25, 60], [32, 54, 98], [44, 32, 262]]"
s5_B3_EMA_seed42,bigru_content_gate_time_pool,42,select,select:2:0.10:random:independent:1,0.5947802197802198,0.5490576764762624,0.6407146063209072,0.5279912468645616,0.650909044677494,0.5247470303161442,,,0.054688334898890016,703,0.18681318681318682,0.02106525447290022,1.0,"{""Negative"": 0.595, ""Neutral"": 0.36789297658862874, ""Positive"": 0.6842800528401585}","[[119, 26, 61], [30, 55, 99], [45, 34, 259]]"
s5_B3_EMA_seed42,bigru_content_gate_time_pool,42,select,select:2:0.10:random:independent:2,0.5961538461538461,0.5513682047478891,0.6389742421021665,0.5298224848908292,0.6483925621096904,0.5271877485448133,,,0.05481930502759008,703,0.17994505494505494,0.020867606106744364,1.0,"{""Negative"": 0.5964912280701754, ""Neutral"": 0.37333333333333335, ""Positive"": 0.6842800528401585}","[[119, 25, 62], [30, 56, 98], [44, 35, 259]]"
s5_B3_EMA_seed42,bigru_content_gate_time_pool,42,select,select:2:0.30:random:independent:0,0.5934065934065934,0.5431743231400765,0.6372114242906755,0.5332512617215509,0.6469646145251917,0.5292632406931148,,,0.11537182825966232,703,0.16346153846153846,0.020189541960040944,1.0,"{""Negative"": 0.5858585858585859, ""Neutral"": 0.3561643835616438, ""Positive"": 0.6875}","[[116, 25, 65], [31, 52, 101], [43, 31, 264]]"
s5_B3_EMA_seed42,bigru_content_gate_time_pool,42,select,select:2:0.30:random:independent:1,0.5961538461538461,0.5463320439075754,0.6382434160935191,0.5357070107043228,0.6471566839839568,0.5308824877523498,,,0.11628030776814742,703,0.17582417582417584,0.019514217173561946,1.0,"{""Negative"": 0.5959595959595959, ""Neutral"": 0.35374149659863946, ""Positive"": 0.6892950391644909}","[[118, 26, 62], [30, 52, 102], [42, 32, 264]]"
s5_B3_EMA_seed42,bigru_content_gate_time_pool,42,select,select:2:0.30:random:independent:2,0.5947802197802198,0.5420990192660379,0.6416579594753764,0.5290589624142275,0.6506137216033844,0.5250001301155215,,,0.11578318848929205,703,0.16346153846153846,0.018838173779599614,1.0,"{""Negative"": 0.5979899497487438, ""Neutral"": 0.3391003460207612, ""Positive"": 0.6892067620286085}","[[119, 26, 61], [30, 49, 105], [43, 30, 265]]"
s5_B3_EMA_seed42,bigru_content_gate_time_pool,42,select,select:2:0.50:random:independent:0,0.5961538461538461,0.5445101899659912,0.6405806366152325,0.5331451937378396,0.6497995347900132,0.5296061525594866,,,0.18051985710310411,703,0.16895604395604397,0.019238743579379478,1.0,"{""Negative"": 0.5994962216624685, ""Neutral"": 0.3448275862068966, ""Positive"": 0.6892067620286085}","[[119, 25, 62], [30, 50, 104], [42, 31, 265]]"
s5_B3_EMA_seed42,bigru_content_gate_time_pool,42,select,select:2:0.50:random:independent:1,0.5934065934065934,0.5432904167791656,0.6419631895440784,0.5324780677704845,0.6517271457935919,0.5286470355097999,,,0.18035659556840442,703,0.17445054945054944,0.020015711352785865,1.0,"{""Negative"": 0.5959595959595959, ""Neutral"": 0.34812286689419797, ""Positive"": 0.6857887874837028}","[[118, 25, 63], [30, 51, 103], [42, 33, 263]]"
s5_B3_EMA_seed42,bigru_content_gate_time_pool,42,select,select:2:0.50:random:independent:2,0.5975274725274725,0.5492197017780102,0.6400799719485608,0.5311141790250525,0.649902080236883,0.5270875440453991,,,0.18067481495681129,703,0.17445054945054944,0.019984832301015384,1.0,"{""Negative"": 0.6005089058524173, ""Neutral"": 0.36054421768707484, ""Positive"": 0.6866059817945384}","[[118, 24, 64], [28, 53, 103], [41, 33, 264]]"
s5_B3_EMA_seed42,bigru_content_gate_time_pool,42,select,select:01:0.10:random:independent:0,0.5892857142857143,0.5424340354890471,0.6488399790431608,0.5101475744344617,0.6558879794921357,0.5096777748156367,,,0.09164042378228397,724,0.1813186813186813,0.019848654473253655,1.0,"{""Negative"": 0.5980392156862745, ""Neutral"": 0.3501683501683502, ""Positive"": 0.6790945406125166}","[[122, 25, 59], [33, 52, 99], [47, 36, 255]]"
s5_B3_EMA_seed42,bigru_content_gate_time_pool,42,select,select:01:0.10:random:independent:1,0.5837912087912088,0.5415246108968478,0.6493532589662862,0.5139536963159616,0.6569310123059939,0.5136185192579021,,,0.09164042378228397,724,0.19505494505494506,0.02121369480449747,1.0,"{""Negative"": 0.57356608478803, ""Neutral"": 0.37540453074433655, ""Positive"": 0.675603217158177}","[[115, 30, 61], [31, 58, 95], [49, 37, 252]]"
s5_B3_EMA_seed42,bigru_content_gate_time_pool,42,select,select:01:0.10:random:independent:2,0.592032967032967,0.5547463319108138,0.6501660929098725,0.5087574285707814,0.65955813945486,0.5077252251380566,,,0.09164042378228397,724,0.18956043956043955,0.021394536192715165,1.0,"{""Negative"": 0.5922330097087378, ""Neutral"": 0.40264026402640263, ""Positive"": 0.6693657219973009}","[[122, 22, 62], [30, 61, 93], [54, 36, 248]]"
s5_B3_EMA_seed42,bigru_content_gate_time_pool,42,select,select:01:0.30:random:independent:0,0.5961538461538461,0.5359285936168227,0.6539590702621,0.5163311313409003,0.660916035754381,0.5141443095778334,,,0.22180207259457435,724,0.14972527472527472,0.014347542360154808,1.0,"{""Negative"": 0.5902439024390244, ""Neutral"": 0.3188405797101449, ""Positive"": 0.6987012987012987}","[[121, 21, 64], [41, 44, 99], [42, 27, 269]]"
s5_B3_EMA_seed42,bigru_content_gate_time_pool,42,select,select:01:0.30:random:independent:1,0.5755494505494505,0.5246466974301826,0.6598490422785118,0.49430005267534816,0.6670880790308609,0.4904489305807022,,,0.22180207259457435,724,0.1565934065934066,0.016343067803029174,1.0,"{""Negative"": 0.5845410628019324, ""Neutral"": 0.3262411347517731, ""Positive"": 0.6631578947368421}","[[121, 18, 67], [35, 46, 103], [52, 34, 252]]"
s5_B3_EMA_seed42,bigru_content_gate_time_pool,42,select,select:01:0.30:random:independent:2,0.5741758241758241,0.5288220551378446,0.6705052453101664,0.4730026304352148,0.6788067694569191,0.4743100567140145,,,0.22180207259457435,724,0.19230769230769232,0.02110045014339816,1.0,"{""Negative"": 0.5864661654135338, ""Neutral"": 0.33774834437086093, ""Positive"": 0.6622516556291391}","[[117, 26, 63], [29, 51, 104], [47, 41, 250]]"
s5_B3_EMA_seed42,bigru_content_gate_time_pool,42,select,select:01:0.50:random:independent:0,0.5659340659340659,0.5031054705854511,0.6916429847948662,0.4458093482037977,0.6969925065289487,0.44623311753015465,,,0.36109266611629226,724,0.16483516483516483,0.016196203503225533,1.0,"{""Negative"": 0.5544554455445545, ""Neutral"": 0.27956989247311825, ""Positive"": 0.6752910737386805}","[[112, 24, 70], [41, 39, 104], [45, 32, 261]]"
s5_B3_EMA_seed42,bigru_content_gate_time_pool,42,select,select:01:0.50:random:independent:1,0.5631868131868132,0.5088691099957788,0.6846373865593021,0.4426176947602718,0.6904190639955002,0.44026798634442293,,,0.36109266611629226,724,0.15934065934065933,0.015371074846083972,1.0,"{""Negative"": 0.548926014319809, ""Neutral"": 0.3154121863799283, ""Positive"": 0.662269129287599}","[[115, 20, 71], [42, 44, 98], [56, 31, 251]]"
s5_B3_EMA_seed42,bigru_content_gate_time_pool,42,select,select:01:0.50:random:independent:2,0.5412087912087912,0.48992781186698603,0.7058917255560447,0.4214863777423223,0.7100786802635252,0.42316374191939576,,,0.36109266611629226,724,0.1717032967032967,0.015237803663051388,1.0,"{""Negative"": 0.5188679245283019, ""Neutral"": 0.30662020905923343, ""Positive"": 0.6442953020134228}","[[110, 25, 71], [44, 44, 96], [64, 34, 240]]"
s5_B3_EMA_seed42,bigru_content_gate_time_pool,42,select,select:02:0.10:random:independent:0,0.5934065934065934,0.545592171780895,0.6549798102731234,0.5150344894539453,0.6632541195530404,0.5115526693857815,,,0.09025892452344063,724,0.1717032967032967,0.018327371098698825,1.0,"{""Negative"": 0.5882352941176471, ""Neutral"": 0.3642611683848797, ""Positive"": 0.6842800528401585}","[[120, 24, 62], [33, 53, 98], [49, 30, 259]]"
s5_B3_EMA_seed42,bigru_content_gate_time_pool,42,select,select:02:0.10:random:independent:1,0.5961538461538461,0.5500421609389532,0.6544529994169106,0.5053341691162363,0.663343285420234,0.5028497078716441,,,0.09020706469477802,724,0.17994505494505494,0.0209455153570971,1.0,"{""Negative"": 0.5959595959595959, ""Neutral"": 0.3691275167785235, ""Positive"": 0.6850393700787402}","[[118, 25, 63], [29, 55, 100], [43, 34, 261]]"
s5_B3_EMA_seed42,bigru_content_gate_time_pool,42,select,select:02:0.10:random:independent:2,0.5906593406593407,0.5394988281338885,0.6525851216471457,0.5125617375925334,0.6594530452953672,0.5114541408668666,,,0.09022829257477709,724,0.16483516483516483,0.016954001082078767,1.0,"{""Negative"": 0.595, ""Neutral"": 0.34385964912280703, ""Positive"": 0.6796368352788587}","[[119, 23, 64], [28, 49, 107], [47, 29, 262]]"
s5_B3_EMA_seed42,bigru_content_gate_time_pool,42,select,select:02:0.30:random:independent:0,0.5755494505494505,0.5108742120236373,0.6780719437234514,0.4886732699495447,0.6808237503282726,0.48956074505712754,,,0.21662896826569322,724,0.1304945054945055,0.013654997219693857,1.0,"{""Negative"": 0.5700245700245701, ""Neutral"": 0.2857142857142857, ""Positive"": 0.6768837803320562}","[[116, 17, 73], [39, 38, 107], [46, 27, 265]]"
s5_B3_EMA_seed42,bigru_content_gate_time_pool,42,select,select:02:0.30:random:independent:1,0.570054945054945,0.5035425322036505,0.6853956778740325,0.4600149932168486,0.6906746236740479,0.45989505297142097,,,0.2163273861362854,724,0.1346153846153846,0.013496036018881495,1.0,"{""Negative"": 0.5685279187817259, ""Neutral"": 0.2737642585551331, ""Positive"": 0.6683354192740926}","[[112, 16, 78], [32, 36, 116], [44, 27, 267]]"
s5_B3_EMA_seed42,bigru_content_gate_time_pool,42,select,select:02:0.30:random:independent:2,0.5494505494505495,0.476321660785771,0.6864016905108815,0.4636234780200539,0.6886857616571853,0.46756454017147,,,0.21614375377087763,724,0.13186813186813187,0.012799874981312633,1.0,"{""Negative"": 0.5382716049382716, ""Neutral"": 0.23076923076923078, ""Positive"": 0.6599241466498104}","[[109, 22, 75], [37, 30, 117], [53, 24, 261]]"
s5_B3_EMA_seed42,bigru_content_gate_time_pool,42,select,select:02:0.50:random:independent:0,0.5247252747252747,0.4426890462966484,0.7286606141660076,0.37254593821503457,0.7311621611057729,0.37147942699980374,,,0.3507859006961929,724,0.1043956043956044,0.008310525377127495,1.0,"{""Negative"": 0.5024875621890548, ""Neutral"": 0.18775510204081633, ""Positive"": 0.6378244746600742}","[[101, 12, 93], [41, 23, 120], [54, 26, 258]]"
s5_B3_EMA_seed42,bigru_content_gate_time_pool,42,select,select:02:0.50:random:independent:1,0.5302197802197802,0.4459083619213162,0.7187202958823725,0.382222494037071,0.7241237562681947,0.37996042098881255,,,0.35119532701886813,724,0.11401098901098901,0.010238435405967654,1.0,"{""Negative"": 0.5037783375314862, ""Neutral"": 0.18775510204081633, ""Positive"": 0.6461916461916462}","[[100, 17, 89], [37, 23, 124], [54, 21, 263]]"
s5_B3_EMA_seed42,bigru_content_gate_time_pool,42,select,select:02:0.50:random:independent:2,0.5288461538461539,0.44711022929184846,0.7187023141224141,0.3902839166783563,0.7214964171615685,0.39083675909387133,,,0.35125174458983455,724,0.10714285714285714,0.010389390632289124,1.0,"{""Negative"": 0.49740932642487046, ""Neutral"": 0.20080321285140562, ""Positive"": 0.6431181485992692}","[[96, 16, 94], [34, 25, 125], [50, 24, 264]]"
s5_B3_EMA_seed42,bigru_content_gate_time_pool,42,select,select:12:0.10:random:independent:0,0.6057692307692307,0.5610199424197738,0.6336119796063874,0.5369238966295813,0.6443829010598935,0.5340846741877778,,,0.09011852407557222,724,0.18543956043956045,0.021283097541463247,1.0,"{""Negative"": 0.6089108910891089, ""Neutral"": 0.38, ""Positive"": 0.6941489361702128}","[[123, 26, 57], [31, 57, 96], [44, 33, 261]]"
s5_B3_EMA_seed42,bigru_content_gate_time_pool,42,select,select:12:0.10:random:independent:1,0.6043956043956044,0.5562787659255101,0.6371129777200601,0.5337028892032213,0.6478352607586063,0.5300805380096851,,,0.09019592878213162,724,0.18681318681318682,0.021211601082030886,1.0,"{""Negative"": 0.5935162094763092, ""Neutral"": 0.37333333333333335, ""Positive"": 0.7019867549668874}","[[119, 29, 58], [34, 56, 94], [42, 31, 265]]"
s5_B3_EMA_seed42,bigru_content_gate_time_pool,42,select,select:12:0.10:random:independent:2,0.6071428571428571,0.5603347502721382,0.6329484292088302,0.5419830200388491,0.6435532322112512,0.5365256707014008,,,0.09018448391793114,724,0.19230769230769232,0.02168548332629623,1.0,"{""Negative"": 0.6165413533834586, ""Neutral"": 0.36789297658862874, ""Positive"": 0.6965699208443272}","[[123, 25, 58], [31, 55, 98], [39, 35, 264]]"
s5_B3_EMA_seed42,bigru_content_gate_time_pool,42,select,select:12:0.30:random:independent:0,0.6057692307692307,0.5566400531665227,0.6305611795130831,0.549278387179996,0.6414222348901023,0.5445055449253497,,,0.21577850944764493,724,0.17307692307692307,0.01970139071002275,1.0,"{""Negative"": 0.6045340050377834, ""Neutral"": 0.3673469387755102, ""Positive"": 0.6980392156862745}","[[120, 25, 61], [31, 54, 99], [40, 31, 267]]"
s5_B3_EMA_seed42,bigru_content_gate_time_pool,42,select,select:12:0.30:random:independent:1,0.6043956043956044,0.5564119988157756,0.6340766765156781,0.5434794312827251,0.6442584846537192,0.5386090318589689,,,0.2160189805783876,724,0.1717032967032967,0.019583938073014822,1.0,"{""Negative"": 0.6089108910891089, ""Neutral"": 0.36363636363636365, ""Positive"": 0.6966887417218544}","[[123, 26, 57], [33, 54, 97], [42, 33, 263]]"
s5_B3_EMA_seed42,bigru_content_gate_time_pool,42,select,select:12:0.30:random:independent:2,0.6016483516483516,0.5516664113943782,0.6309454993867777,0.5469800916545836,0.6404442504396314,0.5449941256979712,,,0.21623765565574107,724,0.1771978021978022,0.019796223320607303,1.0,"{""Negative"": 0.5955334987593052, ""Neutral"": 0.363013698630137, ""Positive"": 0.6964520367936925}","[[120, 23, 63], [36, 53, 95], [41, 32, 265]]"
s5_B3_EMA_seed42,bigru_content_gate_time_pool,42,select,select:12:0.50:random:independent:0,0.5975274725274725,0.5496031746031745,0.6365403429559463,0.541699478114809,0.6466681953151148,0.5373009941313457,,,0.3507132531656354,724,0.17857142857142858,0.02122371969047811,1.0,"{""Negative"": 0.605, ""Neutral"": 0.35333333333333333, ""Positive"": 0.6904761904761905}","[[121, 26, 59], [33, 53, 98], [40, 37, 261]]"
s5_B3_EMA_seed42,bigru_content_gate_time_pool,42,select,select:12:0.50:random:independent:1,0.5989010989010989,0.5520234766237387,0.6335052131050891,0.5472547423901595,0.6425498452467414,0.5442852165065566,,,0.3507343430875613,724,0.17582417582417584,0.019984542164255627,1.0,"{""Negative"": 0.6069651741293532, ""Neutral"": 0.3576158940397351, ""Positive"": 0.6914893617021277}","[[122, 28, 56], [32, 54, 98], [42, 36, 260]]"
s5_B3_EMA_seed42,bigru_content_gate_time_pool,42,select,select:12:0.50:random:independent:2,0.6043956043956044,0.5540200659046547,0.6343743885015065,0.543395508961125,0.6432266970124136,0.5409626154834306,,,0.3509549248224926,724,0.16895604395604397,0.018936730671936013,1.0,"{""Negative"": 0.5985037406483791, ""Neutral"": 0.36551724137931035, ""Positive"": 0.6980392156862745}","[[120, 25, 61], [32, 53, 99], [43, 28, 267]]"
s5_B3_EMA_seed42,bigru_content_gate_time_pool,42,select,select:012:0.10:random:independent:0,0.5892857142857143,0.53899202235263,0.6475772469841353,0.5208130309146881,0.6547244252933824,0.5191578816891027,,,0.12558993973665408,724,0.17032967032967034,0.019672645756020974,1.0,"{""Negative"": 0.5911330049261084, ""Neutral"": 0.3424657534246575, ""Positive"": 0.683377308707124}","[[120, 25, 61], [34, 50, 100], [46, 33, 259]]"
s5_B3_EMA_seed42,bigru_content_gate_time_pool,42,select,select:012:0.10:random:independent:1,0.5879120879120879,0.5396220586709822,0.6517099026947887,0.49852759427500565,0.6600975878332015,0.49655371308486623,,,0.12571082327220762,724,0.17857142857142858,0.019067251594282766,1.0,"{""Negative"": 0.5819070904645477, ""Neutral"": 0.3561643835616438, ""Positive"": 0.680794701986755}","[[119, 24, 63], [35, 52, 97], [49, 32, 257]]"
s5_B3_EMA_seed42,bigru_content_gate_time_pool,42,select,select:012:0.10:random:independent:2,0.6002747252747253,0.555455417524383,0.6496872951711109,0.5172908119845159,0.6607225524302531,0.5132945904275313,,,0.1256004676726215,724,0.18406593406593408,0.02144554082387751,1.0,"{""Negative"": 0.6009852216748769, ""Neutral"": 0.3783783783783784, ""Positive"": 0.6870026525198939}","[[122, 22, 62], [33, 56, 95], [45, 34, 259]]"
s5_B3_EMA_seed42,bigru_content_gate_time_pool,42,select,select:012:0.30:random:independent:0,0.5810439560439561,0.5267357020985209,0.6724717146903113,0.4961873308894795,0.6769974715854195,0.4971564675153097,,,0.3162180586060894,724,0.15247252747252749,0.01468422434496192,1.0,"{""Negative"": 0.5609756097560976, ""Neutral"": 0.34306569343065696, ""Positive"": 0.6761658031088082}","[[115, 20, 71], [35, 47, 102], [54, 23, 261]]"
s5_B3_EMA_seed42,bigru_content_gate_time_pool,42,select,select:012:0.30:random:independent:1,0.5604395604395604,0.49431163973331094,0.6758831160321668,0.48567938175428726,0.680117825742115,0.48222260164047415,,,0.3167463590511638,724,0.13598901098901098,0.0154308771526748,1.0,"{""Negative"": 0.5566502463054187, ""Neutral"": 0.26217228464419473, ""Positive"": 0.6641123882503193}","[[113, 18, 75], [39, 35, 110], [48, 30, 260]]"
s5_B3_EMA_seed42,bigru_content_gate_time_pool,42,select,select:012:0.30:random:independent:2,0.5782967032967034,0.5164498909702605,0.6612139792510933,0.5073508973182365,0.6652246828876681,0.5077317103623638,,,0.31705028085974835,724,0.14285714285714285,0.013913012438603154,1.0,"{""Negative"": 0.5763546798029556, ""Neutral"": 0.2952029520295203, ""Positive"": 0.6777920410783055}","[[117, 20, 69], [36, 40, 108], [47, 27, 264]]"
s5_B3_EMA_seed42,bigru_content_gate_time_pool,42,select,select:012:0.50:random:independent:0,0.5686813186813187,0.508207205013938,0.6853525728288751,0.46019396317808237,0.6904196515884046,0.45739143797952575,,,0.5214278455584954,724,0.15247252747252749,0.014453977217107684,1.0,"{""Negative"": 0.5597964376590331, ""Neutral"": 0.2939068100358423, ""Positive"": 0.6709183673469388}","[[110, 26, 70], [30, 41, 113], [47, 28, 263]]"
s5_B3_EMA_seed42,bigru_content_gate_time_pool,42,select,select:012:0.50:random:independent:1,0.5714285714285714,0.5156238350559822,0.6808748177692785,0.46318473314466596,0.6865035004320217,0.4659521855206789,,,0.5211035116402414,724,0.15384615384615385,0.014023267524468374,1.0,"{""Negative"": 0.5482233502538071, ""Neutral"": 0.32857142857142857, ""Positive"": 0.670076726342711}","[[108, 26, 72], [28, 46, 110], [52, 24, 262]]"
s5_B3_EMA_seed42,bigru_content_gate_time_pool,42,select,select:012:0.50:random:independent:2,0.5576923076923077,0.49418228116671514,0.6869308191773082,0.4697961166385818,0.6922955280118673,0.46910325284336113,,,0.5211950835022432,724,0.15796703296703296,0.014071516474475571,1.0,"{""Negative"": 0.5532994923857868, ""Neutral"": 0.2642857142857143, ""Positive"": 0.6649616368286445}","[[109, 25, 72], [35, 37, 112], [44, 34, 260]]"
s5_B3_EMA_seed42,bigru_content_gate_time_pool,42,clean,clean:clean,0.6016483516483516,0.5580785545954439,0.6385206527841452,0.5306786732918586,0.6489284295629669,0.5268533778089963,,,0.020685516934361863,0,0.19917582417582416,0.022155406478751492,1.0,"{""Negative"": 0.6019900497512438, ""Neutral"": 0.3815789473684211, ""Positive"": 0.6906666666666667}","[[121, 28, 57], [30, 58, 96], [45, 34, 259]]"
s6_B3_loss_seed43,bigru_content_gate_time_pool,43,select,select:0:0.10:random:independent:0,0.5631868131868132,0.5243875740086201,0.6695992372817022,0.494944883575912,0.6787342130997126,0.4919518902675814,,,0.056182048502401064,724,0.19230769230769232,0.02420023661100889,1.0,"{""Negative"": 0.56, ""Neutral"": 0.36129032258064514, ""Positive"": 0.651872399445215}","[[119, 27, 60], [40, 56, 88], [60, 43, 235]]"
s6_B3_loss_seed43,bigru_content_gate_time_pool,43,select,select:0:0.10:random:independent:1,0.5659340659340659,0.5302717122464844,0.6644200836735132,0.4940339465620862,0.670075357382462,0.49564909781309946,,,0.056182048502401064,724,0.2087912087912088,0.028009097636726446,1.0,"{""Negative"": 0.5613207547169812, ""Neutral"": 0.375, ""Positive"": 0.6544943820224719}","[[119, 28, 59], [42, 60, 82], [57, 48, 233]]"
s6_B3_loss_seed43,bigru_content_gate_time_pool,43,select,select:0:0.10:random:independent:2,0.554945054945055,0.5197114184511452,0.6672469954992409,0.4950938976645319,0.6760328537221629,0.494139508473968,,,0.056182048502401064,724,0.21016483516483517,0.027307580098061522,1.0,"{""Negative"": 0.5542168674698795, ""Neutral"": 0.3597560975609756, ""Positive"": 0.6451612903225806}","[[115, 33, 58], [38, 59, 87], [56, 52, 230]]"
s6_B3_loss_seed43,bigru_content_gate_time_pool,43,select,select:0:0.30:random:independent:0,0.5508241758241759,0.5070417602880469,0.6901940926796727,0.4598667096957936,0.694508776650764,0.4639326019071653,,,0.12130579873272207,724,0.17857142857142858,0.021934344162280246,1.0,"{""Negative"": 0.5324074074074074, ""Neutral"": 0.33774834437086093, ""Positive"": 0.6509695290858726}","[[115, 29, 62], [46, 51, 87], [65, 38, 235]]"
s6_B3_loss_seed43,bigru_content_gate_time_pool,43,select,select:0:0.30:random:independent:1,0.5425824175824175,0.5020248961615266,0.6854000610486041,0.47696588092085096,0.6885993885858864,0.48113849185043206,,,0.12130579873272207,724,0.19642857142857142,0.022812519953334397,1.0,"{""Negative"": 0.5299539170506913, ""Neutral"": 0.3365695792880259, ""Positive"": 0.6395511921458625}","[[115, 33, 58], [43, 52, 89], [70, 40, 228]]"
s6_B3_loss_seed43,bigru_content_gate_time_pool,43,select,select:0:0.30:random:independent:2,0.5398351648351648,0.4904383585188157,0.6998680105041488,0.4362936744769388,0.7044632703956257,0.4382716531791752,,,0.12130579873272207,724,0.16483516483516483,0.019427857816356472,1.0,"{""Negative"": 0.4988344988344988, ""Neutral"": 0.3230240549828179, ""Positive"": 0.6494565217391305}","[[107, 31, 68], [46, 47, 91], [70, 29, 239]]"
s6_B3_loss_seed43,bigru_content_gate_time_pool,43,select,select:0:0.50:random:independent:0,0.5206043956043956,0.47256629169169556,0.7194535680502326,0.4002189738255857,0.7231764396368577,0.4044141476086637,,,0.1909987908537763,724,0.1662087912087912,0.018841404080904692,1.0,"{""Negative"": 0.5033407572383074, ""Neutral"": 0.28865979381443296, ""Positive"": 0.6256983240223464}","[[113, 28, 65], [53, 42, 89], [77, 37, 224]]"
s6_B3_loss_seed43,bigru_content_gate_time_pool,43,select,select:0:0.50:random:independent:1,0.5096153846153846,0.4607371268370677,0.7444303156792974,0.3601133451917874,0.7492481013619249,0.36203788898761213,,,0.1909987908537763,724,0.16758241758241757,0.019198642912232777,1.0,"{""Negative"": 0.5087719298245614, ""Neutral"": 0.2638888888888889, ""Positive"": 0.6095505617977528}","[[116, 20, 70], [59, 38, 87], [75, 46, 217]]"
s6_B3_loss_seed43,bigru_content_gate_time_pool,43,select,select:0:0.50:random:independent:2,0.5178571428571429,0.4685829226055988,0.7263126428285327,0.3887073074443738,0.729067652806087,0.3932080122896293,,,0.1909987908537763,724,0.16895604395604397,0.018601511257712904,1.0,"{""Negative"": 0.4977578475336323, ""Neutral"": 0.2847222222222222, ""Positive"": 0.6232686980609419}","[[111, 25, 70], [54, 41, 89], [75, 38, 225]]"
s6_B3_loss_seed43,bigru_content_gate_time_pool,43,select,select:1:0.10:random:independent:0,0.5741758241758241,0.5446246676441793,0.6497079505238376,0.5209248436358134,0.6596875036119965,0.5200766305992126,,,0.056143892214244775,724,0.22664835164835165,0.03289996890026748,1.0,"{""Negative"": 0.5686746987951807, ""Neutral"": 0.40707964601769914, ""Positive"": 0.6581196581196581}","[[118, 32, 56], [38, 69, 77], [53, 54, 231]]"
s6_B3_loss_seed43,bigru_content_gate_time_pool,43,select,select:1:0.10:random:independent:1,0.570054945054945,0.5411286978756524,0.6475135243994911,0.5210925334387773,0.6581589684701412,0.5191421452460804,,,0.056143892214244775,724,0.23351648351648352,0.03327075813523196,1.0,"{""Negative"": 0.5687203791469194, ""Neutral"": 0.40236686390532544, ""Positive"": 0.6522988505747126}","[[120, 33, 53], [38, 68, 78], [58, 53, 227]]"
s6_B3_loss_seed43,bigru_content_gate_time_pool,43,select,select:1:0.10:random:independent:2,0.5741758241758241,0.5455478888790003,0.6458249958577535,0.5256571187617876,0.6553511337676484,0.5258701402759526,,,0.056143892214244775,724,0.22939560439560439,0.032918300367081224,1.0,"{""Negative"": 0.5755395683453237, ""Neutral"": 0.40588235294117647, ""Positive"": 0.6552217453505007}","[[120, 33, 53], [36, 69, 79], [55, 54, 229]]"
s6_B3_loss_seed43,bigru_content_gate_time_pool,43,select,select:1:0.30:random:independent:0,0.5755494505494505,0.5492580663416299,0.6437025707894077,0.5333480497875009,0.6532074222187665,0.5328751145202651,,,0.12118179079621412,724,0.23763736263736263,0.0374621585797498,1.0,"{""Negative"": 0.5933014354066986, ""Neutral"": 0.40229885057471265, ""Positive"": 0.6521739130434783}","[[124, 33, 49], [36, 70, 78], [52, 61, 225]]"
s6_B3_loss_seed43,bigru_content_gate_time_pool,43,select,select:1:0.30:random:independent:1,0.5769230769230769,0.5472894421328598,0.6454102823834805,0.5291501509571511,0.6558447335309421,0.5282731113274565,,,0.12118179079621412,724,0.2239010989010989,0.0322617082253078,1.0,"{""Negative"": 0.5714285714285714, ""Neutral"": 0.4094955489614243, ""Positive"": 0.6609442060085837}","[[120, 32, 54], [39, 69, 76], [55, 52, 231]]"
s6_B3_loss_seed43,bigru_content_gate_time_pool,43,select,select:1:0.30:random:independent:2,0.5810439560439561,0.5540091136242465,0.6433202092744922,0.5312445447170362,0.6532632411588085,0.531184141752855,,,0.12118179079621412,724,0.22802197802197802,0.03529110681275417,1.0,"{""Negative"": 0.5890736342042755, ""Neutral"": 0.4139941690962099, ""Positive"": 0.6589595375722543}","[[124, 33, 49], [36, 71, 77], [55, 55, 228]]"
s6_B3_loss_seed43,bigru_content_gate_time_pool,43,select,select:1:0.50:random:independent:0,0.5837912087912088,0.5582245559835711,0.6406966614211101,0.5430697403741699,0.6515571863114179,0.5413878479643474,,,0.19077939219687765,724,0.23626373626373626,0.03568643897799877,1.0,"{""Negative"": 0.5885167464114832, ""Neutral"": 0.42528735632183906, ""Positive"": 0.6608695652173913}","[[123, 33, 50], [36, 74, 74], [53, 57, 228]]"
s6_B3_loss_seed43,bigru_content_gate_time_pool,43,select,select:1:0.50:random:independent:1,0.570054945054945,0.5464483471904323,0.6447428438307102,0.5376015831877746,0.6546365852048109,0.5381620594817991,,,0.19077939219687765,724,0.24587912087912087,0.039390912681770925,1.0,"{""Negative"": 0.5754716981132075, ""Neutral"": 0.4169014084507042, ""Positive"": 0.6469719350073855}","[[122, 37, 47], [37, 74, 73], [59, 60, 219]]"
s6_B3_loss_seed43,bigru_content_gate_time_pool,43,select,select:1:0.50:random:independent:2,0.5782967032967034,0.5556041568316284,0.6410833407818247,0.5411231830971831,0.6529292613370242,0.5405475030220902,,,0.19077939219687765,724,0.25686813186813184,0.037953820153772015,1.0,"{""Negative"": 0.5851318944844125, ""Neutral"": 0.42777777777777776, ""Positive"": 0.6539027982326951}","[[122, 36, 48], [36, 77, 71], [53, 63, 222]]"
s6_B3_loss_seed43,bigru_content_gate_time_pool,43,select,select:2:0.10:random:independent:0,0.5728021978021978,0.5422616066180422,0.6502631540739602,0.5184065451672679,0.6610955828583318,0.5175958799308105,,,0.05471828184470957,703,0.22252747252747251,0.03284938562488859,1.0,"{""Negative"": 0.5769230769230769, ""Neutral"": 0.3963963963963964, ""Positive"": 0.6534653465346535}","[[120, 30, 56], [36, 66, 82], [54, 53, 231]]"
s6_B3_loss_seed43,bigru_content_gate_time_pool,43,select,select:2:0.10:random:independent:1,0.5673076923076923,0.536026084267926,0.6514327501060381,0.519005970156664,0.6607326709007804,0.5185049940262458,,,0.054688334898890016,703,0.22252747252747251,0.0315101131333816,1.0,"{""Negative"": 0.576271186440678, ""Neutral"": 0.382089552238806, ""Positive"": 0.6497175141242938}","[[119, 32, 55], [35, 64, 85], [53, 55, 230]]"
s6_B3_loss_seed43,bigru_content_gate_time_pool,43,select,select:2:0.10:random:independent:2,0.570054945054945,0.538182361184892,0.6487335164620306,0.5225041403944917,0.6597417932602444,0.5201102232485599,,,0.05481930502759008,703,0.2239010989010989,0.03223706625757104,1.0,"{""Negative"": 0.5755395683453237, ""Neutral"": 0.3855421686746988, ""Positive"": 0.6534653465346535}","[[120, 32, 54], [36, 64, 84], [55, 52, 231]]"
s6_B3_loss_seed43,bigru_content_gate_time_pool,43,select,select:2:0.30:random:independent:0,0.5673076923076923,0.5337598864111216,0.6557458904299721,0.5142954826854096,0.6624478332053584,0.5149760605676147,,,0.11537182825966232,703,0.22527472527472528,0.0350159434076112,1.0,"{""Negative"": 0.5742092457420924, ""Neutral"": 0.37349397590361444, ""Positive"": 0.6535764375876578}","[[118, 34, 54], [34, 62, 88], [53, 52, 233]]"
s6_B3_loss_seed43,bigru_content_gate_time_pool,43,select,select:2:0.30:random:independent:1,0.5851648351648352,0.5526754430474072,0.6474090601731849,0.526760987352847,0.6591732744600849,0.524714132990988,,,0.11628030776814742,703,0.22664835164835165,0.03610194183595806,1.0,"{""Negative"": 0.5790754257907542, ""Neutral"": 0.40476190476190477, ""Positive"": 0.6741889985895627}","[[119, 34, 53], [37, 68, 79], [49, 50, 239]]"
s6_B3_loss_seed43,bigru_content_gate_time_pool,43,select,select:2:0.30:random:independent:2,0.5686813186813187,0.5368113752755331,0.6545403341950705,0.5173097947072662,0.6619647307856172,0.5189185906375114,,,0.11578318848929205,703,0.22252747252747251,0.034090721779130397,1.0,"{""Negative"": 0.5748792270531401, ""Neutral"": 0.382089552238806, ""Positive"": 0.6534653465346535}","[[119, 34, 53], [35, 64, 85], [54, 53, 231]]"
s6_B3_loss_seed43,bigru_content_gate_time_pool,43,select,select:2:0.50:random:independent:0,0.5741758241758241,0.5440261068954402,0.6541436173729619,0.5206300400255839,0.663759072645117,0.5188089850860047,,,0.18051985710310411,703,0.2348901098901099,0.0370974851845344,1.0,"{""Negative"": 0.587378640776699, ""Neutral"": 0.3893805309734513, ""Positive"": 0.6553191489361702}","[[121, 34, 51], [33, 66, 85], [52, 55, 231]]"
s6_B3_loss_seed43,bigru_content_gate_time_pool,43,select,select:2:0.50:random:independent:1,0.5714285714285714,0.5395235284433362,0.6523224566556104,0.5238579265783737,0.6621551488060504,0.5234588192984728,,,0.18035659556840442,703,0.22115384615384615,0.0354703868465846,1.0,"{""Negative"": 0.5811138014527845, ""Neutral"": 0.382089552238806, ""Positive"": 0.655367231638418}","[[120, 33, 53], [35, 64, 85], [52, 54, 232]]"
s6_B3_loss_seed43,bigru_content_gate_time_pool,43,select,select:2:0.50:random:independent:2,0.5659340659340659,0.5341643277000542,0.6552315917450853,0.5172909940909637,0.6646845644252928,0.5155153041603295,,,0.18067481495681129,703,0.23214285714285715,0.03576944781059993,1.0,"{""Negative"": 0.5790754257907542, ""Neutral"": 0.3727810650887574, ""Positive"": 0.6506364922206507}","[[119, 34, 53], [35, 63, 86], [51, 57, 230]]"
s6_B3_loss_seed43,bigru_content_gate_time_pool,43,select,select:01:0.10:random:independent:0,0.5645604395604396,0.5292796743109028,0.659239713231908,0.5020931499297115,0.6684481189944423,0.5011149593883226,,,0.09164042378228397,724,0.20741758241758243,0.029690975600354122,1.0,"{""Negative"": 0.5721153846153846, ""Neutral"": 0.367601246105919, ""Positive"": 0.6481223922114048}","[[119, 26, 61], [38, 59, 87], [53, 52, 233]]"
s6_B3_loss_seed43,bigru_content_gate_time_pool,43,select,select:01:0.10:random:independent:1,0.5645604395604396,0.529355638747555,0.6573270206065439,0.5006250999249101,0.6651656254217704,0.5011166802398916,,,0.09164042378228397,724,0.2087912087912088,0.02745485785497086,1.0,"{""Negative"": 0.5673076923076923, ""Neutral"": 0.36809815950920244, ""Positive"": 0.6526610644257703}","[[118, 33, 55], [36, 60, 88], [56, 49, 233]]"
s6_B3_loss_seed43,bigru_content_gate_time_pool,43,select,select:01:0.10:random:independent:2,0.5590659340659341,0.52403509355325,0.6586587209417126,0.5005425622752956,0.6678167476426237,0.49789151142239224,,,0.09164042378228397,724,0.20741758241758243,0.027937323770629095,1.0,"{""Negative"": 0.5761904761904761, ""Neutral"": 0.35625, ""Positive"": 0.6396648044692738}","[[121, 30, 55], [33, 57, 94], [60, 49, 229]]"
s6_B3_loss_seed43,bigru_content_gate_time_pool,43,select,select:01:0.30:random:independent:0,0.5659340659340659,0.5220492962115167,0.6662766454467139,0.5014843183657447,0.6696068299025972,0.5040850968274231,,,0.22180207259457435,724,0.18406593406593408,0.020896631758901607,1.0,"{""Negative"": 0.5558194774346793, ""Neutral"": 0.3464052287581699, ""Positive"": 0.663923182441701}","[[117, 25, 64], [46, 53, 85], [52, 44, 242]]"
s6_B3_loss_seed43,bigru_content_gate_time_pool,43,select,select:01:0.30:random:independent:1,0.5618131868131868,0.5223055757406136,0.677328901623478,0.4684602470348937,0.6820224422045502,0.4725445936679933,,,0.22180207259457435,724,0.19917582417582416,0.02254913776026281,1.0,"{""Negative"": 0.5518867924528302, ""Neutral"": 0.36129032258064514, ""Positive"": 0.6537396121883656}","[[117, 28, 61], [41, 56, 87], [60, 42, 236]]"
s6_B3_loss_seed43,bigru_content_gate_time_pool,43,select,select:01:0.30:random:independent:2,0.5412087912087912,0.5000773969470138,0.6924210816788621,0.4527390081332087,0.6962159552488599,0.45974131561042,,,0.22180207259457435,724,0.19230769230769232,0.021902342594318745,1.0,"{""Negative"": 0.5364705882352941, ""Neutral"": 0.3258785942492013, ""Positive"": 0.637883008356546}","[[114, 34, 58], [40, 51, 93], [65, 44, 229]]"
s6_B3_loss_seed43,bigru_content_gate_time_pool,43,select,select:01:0.50:random:independent:0,0.5480769230769231,0.5061192598025752,0.6985919063703372,0.43909695898589407,0.7021623140106306,0.4430337015971933,,,0.36109266611629226,724,0.18406593406593408,0.019526456413289102,1.0,"{""Negative"": 0.5348314606741573, ""Neutral"": 0.33663366336633666, ""Positive"": 0.6468926553672316}","[[119, 26, 61], [53, 51, 80], [67, 42, 229]]"
s6_B3_loss_seed43,bigru_content_gate_time_pool,43,select,select:01:0.50:random:independent:1,0.5315934065934066,0.4916715092396881,0.7008373660354579,0.4262623810280015,0.7061564403721694,0.4268739517379932,,,0.36109266611629226,724,0.18406593406593408,0.019422286466547995,1.0,"{""Negative"": 0.5279642058165548, ""Neutral"": 0.32558139534883723, ""Positive"": 0.6214689265536724}","[[118, 24, 64], [49, 49, 86], [74, 44, 220]]"
s6_B3_loss_seed43,bigru_content_gate_time_pool,43,select,select:01:0.50:random:independent:2,0.5151098901098901,0.4753778806925421,0.7203111203511174,0.4129158153179411,0.7239225693264526,0.4173923960828425,,,0.36109266611629226,724,0.18681318681318682,0.018534385525126134,1.0,"{""Negative"": 0.5066079295154186, ""Neutral"": 0.3092105263157895, ""Positive"": 0.6103151862464183}","[[115, 25, 66], [56, 47, 81], [77, 48, 213]]"
s6_B3_loss_seed43,bigru_content_gate_time_pool,43,select,select:02:0.10:random:independent:0,0.5604395604395604,0.523800938497276,0.6624795463167336,0.5014862416133302,0.6689907598736502,0.5034673890180716,,,0.09025892452344063,724,0.21153846153846154,0.029556522580254613,1.0,"{""Negative"": 0.5714285714285714, ""Neutral"": 0.35185185185185186, ""Positive"": 0.6481223922114048}","[[118, 31, 57], [36, 57, 91], [53, 52, 233]]"
s6_B3_loss_seed43,bigru_content_gate_time_pool,43,select,select:02:0.10:random:independent:1,0.5618131868131868,0.522537185008924,0.671855480403183,0.4833321046958648,0.6794908561278135,0.4842888349714816,,,0.09020706469477802,724,0.20054945054945056,0.028815990670004874,1.0,"{""Negative"": 0.5686746987951807, ""Neutral"": 0.3470031545741325, ""Positive"": 0.6519337016574586}","[[118, 30, 58], [37, 55, 92], [54, 48, 236]]"
s6_B3_loss_seed43,bigru_content_gate_time_pool,43,select,select:02:0.10:random:independent:2,0.5645604395604396,0.5251086179759276,0.656539432120747,0.5115392416150177,0.6645778784308337,0.509938348479239,,,0.09022829257477709,724,0.19230769230769232,0.02665013497866649,1.0,"{""Negative"": 0.5645933014354066, ""Neutral"": 0.35331230283911674, ""Positive"": 0.6574202496532594}","[[118, 31, 57], [39, 56, 89], [55, 46, 237]]"
s6_B3_loss_seed43,bigru_content_gate_time_pool,43,select,select:02:0.30:random:independent:0,0.5439560439560439,0.4947362703793317,0.6896421345885659,0.45951908025062493,0.6921636913723958,0.4612933149413929,,,0.21662896826569322,724,0.17994505494505494,0.022110539842173864,1.0,"{""Negative"": 0.524822695035461, ""Neutral"": 0.3108108108108108, ""Positive"": 0.6485753052917232}","[[111, 26, 69], [47, 46, 91], [59, 40, 239]]"
s6_B3_loss_seed43,bigru_content_gate_time_pool,43,select,select:02:0.30:random:independent:1,0.5508241758241759,0.5030953427560244,0.7057839093219797,0.4278607506820037,0.7088908254754842,0.43041767242998974,,,0.2163273861362854,724,0.16483516483516483,0.020514143519459682,1.0,"{""Negative"": 0.5377358490566038, ""Neutral"": 0.3263888888888889, ""Positive"": 0.6451612903225806}","[[114, 22, 70], [41, 47, 96], [63, 35, 240]]"
s6_B3_loss_seed43,bigru_content_gate_time_pool,43,select,select:02:0.30:random:independent:2,0.5563186813186813,0.5092796737318542,0.6891084634623296,0.4483526473364252,0.6929430730070325,0.4538152653589209,,,0.21614375377087763,724,0.1717032967032967,0.021091609140526463,1.0,"{""Negative"": 0.5598086124401914, ""Neutral"": 0.3219178082191781, ""Positive"": 0.646112600536193}","[[117, 22, 67], [37, 47, 100], [58, 39, 241]]"
s6_B3_loss_seed43,bigru_content_gate_time_pool,43,select,select:02:0.50:random:independent:0,0.5288461538461539,0.4789334745033777,0.733794597980728,0.3643553714680079,0.7394950931334029,0.3601598919071445,,,0.3507859006961929,724,0.15796703296703296,0.016744979018996378,1.0,"{""Negative"": 0.4930232558139535, ""Neutral"": 0.3120567375886525, ""Positive"": 0.6317204301075269}","[[106, 24, 76], [45, 44, 95], [73, 30, 235]]"
s6_B3_loss_seed43,bigru_content_gate_time_pool,43,select,select:02:0.50:random:independent:1,0.5260989010989011,0.46762177312175596,0.724326701763391,0.37038848235345806,0.7283638424373099,0.3693709804618233,,,0.35119532701886813,724,0.15384615384615385,0.014391057600809649,1.0,"{""Negative"": 0.508235294117647, ""Neutral"": 0.2656826568265683, ""Positive"": 0.6289473684210526}","[[108, 20, 78], [43, 36, 105], [68, 31, 239]]"
s6_B3_loss_seed43,bigru_content_gate_time_pool,43,select,select:02:0.50:random:independent:2,0.5054945054945055,0.44304869867937996,0.7315325946259936,0.3741497264957346,0.7330230904888915,0.37591058201413746,,,0.35125174458983455,724,0.14148351648351648,0.014924205465631168,1.0,"{""Negative"": 0.4835680751173709, ""Neutral"": 0.23220973782771537, ""Positive"": 0.6133682830930537}","[[103, 20, 83], [45, 31, 108], [72, 32, 234]]"
s6_B3_loss_seed43,bigru_content_gate_time_pool,43,select,select:12:0.10:random:independent:0,0.5728021978021978,0.5424385894142375,0.6475607067682504,0.5242450905695836,0.6569185676053166,0.5253377929465616,,,0.09011852407557222,724,0.2239010989010989,0.03298442274519948,1.0,"{""Negative"": 0.5789473684210527, ""Neutral"": 0.3940298507462687, ""Positive"": 0.6543385490753911}","[[121, 33, 52], [35, 66, 83], [56, 52, 230]]"
s6_B3_loss_seed43,bigru_content_gate_time_pool,43,select,select:12:0.10:random:independent:1,0.5673076923076923,0.5369017519060145,0.6476432287140556,0.5237366097784286,0.6571482871889373,0.5225554012648823,,,0.09019592878213162,724,0.22802197802197802,0.03355775691244423,1.0,"{""Negative"": 0.5700483091787439, ""Neutral"": 0.38823529411764707, ""Positive"": 0.6524216524216524}","[[118, 34, 54], [37, 66, 81], [53, 56, 229]]"
s6_B3_loss_seed43,bigru_content_gate_time_pool,43,select,select:12:0.10:random:independent:2,0.5728021978021978,0.5418600701637429,0.6471664251116094,0.5257007744695676,0.6568011387358778,0.5262524281106633,,,0.09018448391793114,724,0.22252747252747251,0.03261913839771648,1.0,"{""Negative"": 0.5755395683453237, ""Neutral"": 0.39285714285714285, ""Positive"": 0.6571834992887624}","[[120, 33, 53], [37, 66, 81], [54, 53, 231]]"
s6_B3_loss_seed43,bigru_content_gate_time_pool,43,select,select:12:0.30:random:independent:0,0.570054945054945,0.5433954839531036,0.6445297570670064,0.5380999953034257,0.6525692260634809,0.5410123331559166,,,0.21577850944764493,724,0.2403846153846154,0.03815153892979558,1.0,"{""Negative"": 0.5783132530120482, ""Neutral"": 0.4034582132564842, ""Positive"": 0.6484149855907781}","[[120, 34, 52], [35, 70, 79], [54, 59, 225]]"
s6_B3_loss_seed43,bigru_content_gate_time_pool,43,select,select:12:0.30:random:independent:1,0.5741758241758241,0.5470674642336845,0.6475522511982533,0.5275603638576694,0.6593352430167475,0.5267814109575876,,,0.2160189805783876,724,0.2348901098901099,0.03752796100611379,1.0,"{""Negative"": 0.5707317073170731, ""Neutral"": 0.4161849710982659, ""Positive"": 0.6542857142857142}","[[117, 36, 53], [32, 72, 80], [55, 54, 229]]"
s6_B3_loss_seed43,bigru_content_gate_time_pool,43,select,select:12:0.30:random:independent:2,0.5810439560439561,0.5534841628959276,0.6408582808514811,0.5301558314944204,0.6519879414469699,0.5316629997785274,,,0.21623765565574107,724,0.22939560439560439,0.03580229056124872,1.0,"{""Negative"": 0.5769230769230769, ""Neutral"": 0.4235294117647059, ""Positive"": 0.66}","[[120, 33, 53], [34, 72, 78], [56, 51, 231]]"
s6_B3_loss_seed43,bigru_content_gate_time_pool,43,select,select:12:0.50:random:independent:0,0.5755494505494505,0.5494133052623665,0.6451723094757257,0.5330964684888521,0.6547680507506152,0.5342132660144593,,,0.3507132531656354,724,0.24313186813186813,0.038991109222081585,1.0,"{""Negative"": 0.5865384615384616, ""Neutral"": 0.41040462427745666, ""Positive"": 0.6512968299711815}","[[122, 33, 51], [34, 71, 79], [54, 58, 226]]"
s6_B3_loss_seed43,bigru_content_gate_time_pool,43,select,select:12:0.50:random:independent:1,0.5851648351648352,0.5589887456255277,0.6402894478970729,0.5447773311151739,0.6508761680209089,0.544404340581289,,,0.3507343430875613,724,0.2403846153846154,0.03810256896771613,1.0,"{""Negative"": 0.6080760095011877, ""Neutral"": 0.40804597701149425, ""Positive"": 0.660844250363901}","[[128, 35, 43], [34, 71, 79], [53, 58, 227]]"
s6_B3_loss_seed43,bigru_content_gate_time_pool,43,select,select:12:0.50:random:independent:2,0.5755494505494505,0.5511632430562032,0.648657518445512,0.5283297796474964,0.6560174934809085,0.5327524253109979,,,0.3509549248224926,724,0.23626373626373626,0.037243328268087086,1.0,"{""Negative"": 0.5910165484633569, ""Neutral"": 0.4161849710982659, ""Positive"": 0.6462882096069869}","[[125, 33, 48], [33, 72, 79], [59, 57, 222]]"
s6_B3_loss_seed43,bigru_content_gate_time_pool,43,select,select:012:0.10:random:independent:0,0.5659340659340659,0.5312285958057927,0.6579986637497567,0.5072743256040165,0.6631747786196174,0.5091995222458047,,,0.12558993973665408,724,0.20467032967032966,0.026141290728184954,1.0,"{""Negative"": 0.5728155339805825, ""Neutral"": 0.37267080745341613, ""Positive"": 0.6481994459833795}","[[118, 28, 60], [34, 60, 90], [54, 50, 234]]"
s6_B3_loss_seed43,bigru_content_gate_time_pool,43,select,select:012:0.10:random:independent:1,0.5604395604395604,0.5230746663772416,0.6617247212891538,0.5003102666918171,0.6691554771367829,0.4980016189560718,,,0.12571082327220762,724,0.2087912087912088,0.027126156003132545,1.0,"{""Negative"": 0.5632458233890215, ""Neutral"": 0.35514018691588783, ""Positive"": 0.6508379888268156}","[[118, 29, 59], [41, 57, 86], [54, 51, 233]]"
s6_B3_loss_seed43,bigru_content_gate_time_pool,43,select,select:012:0.10:random:independent:2,0.5645604395604396,0.5284508116596799,0.6661261210667482,0.498721550391898,0.6736570518837403,0.4997754690466597,,,0.1256004676726215,724,0.20467032967032966,0.027488052225600065,1.0,"{""Negative"": 0.5673076923076923, ""Neutral"": 0.3653250773993808, ""Positive"": 0.6527196652719666}","[[118, 29, 59], [39, 59, 86], [53, 51, 234]]"
s6_B3_loss_seed43,bigru_content_gate_time_pool,43,select,select:012:0.30:random:independent:0,0.5439560439560439,0.505881862037035,0.6930527159740473,0.4567430975002673,0.698077785220908,0.46139388869188547,,,0.3162180586060894,724,0.1936813186813187,0.023200717835732132,1.0,"{""Negative"": 0.5173210161662818, ""Neutral"": 0.358974358974359, ""Positive"": 0.6413502109704642}","[[112, 33, 61], [44, 56, 84], [71, 39, 228]]"
s6_B3_loss_seed43,bigru_content_gate_time_pool,43,select,select:012:0.30:random:independent:1,0.5315934065934066,0.48744503324324456,0.6943257223724274,0.4604061609442209,0.6976443890042112,0.4616780569018475,,,0.3167463590511638,724,0.18269230769230768,0.022648069462014343,1.0,"{""Negative"": 0.5153664302600472, ""Neutral"": 0.31683168316831684, ""Positive"": 0.6301369863013698}","[[109, 26, 71], [45, 48, 91], [63, 45, 230]]"
s6_B3_loss_seed43,bigru_content_gate_time_pool,43,select,select:012:0.30:random:independent:2,0.5645604395604396,0.5151790561463917,0.6718980440252184,0.4939697991113028,0.6764808119156981,0.4924964921972765,,,0.31705028085974835,724,0.17445054945054944,0.022154482263666425,1.0,"{""Negative"": 0.5539906103286385, ""Neutral"": 0.3221476510067114, ""Positive"": 0.6693989071038251}","[[118, 27, 61], [48, 48, 88], [54, 39, 245]]"
s6_B3_loss_seed43,bigru_content_gate_time_pool,43,select,select:012:0.50:random:independent:0,0.5480769230769231,0.4964215590150783,0.6934533626932979,0.45512615319719013,0.6980435760220983,0.45550578898639754,,,0.5214278455584954,724,0.16758241758241757,0.017425590234081988,1.0,"{""Negative"": 0.5433255269320844, ""Neutral"": 0.29553264604810997, ""Positive"": 0.6504065040650406}","[[116, 29, 61], [42, 43, 99], [63, 35, 240]]"
s6_B3_loss_seed43,bigru_content_gate_time_pool,43,select,select:012:0.50:random:independent:1,0.532967032967033,0.48526651077184263,0.6978579334023624,0.4474753665582928,0.7011988849704062,0.4517536132254102,,,0.5211035116402414,724,0.19093406593406592,0.021848816342741904,1.0,"{""Negative"": 0.5097087378640777, ""Neutral"": 0.30128205128205127, ""Positive"": 0.644808743169399}","[[105, 37, 64], [43, 47, 94], [58, 44, 236]]"
s6_B3_loss_seed43,bigru_content_gate_time_pool,43,select,select:012:0.50:random:independent:2,0.5563186813186813,0.5094783229686569,0.6965274300903573,0.4549888495040144,0.7019216339858658,0.45805163170910396,,,0.5211950835022432,724,0.17445054945054944,0.018328911265843434,1.0,"{""Negative"": 0.5583524027459954, ""Neutral"": 0.31543624161073824, ""Positive"": 0.6546463245492372}","[[122, 24, 60], [50, 47, 87], [59, 43, 236]]"
s6_B3_loss_seed43,bigru_content_gate_time_pool,43,clean,clean:clean,0.5714285714285714,0.5393399298488498,0.6499614006518519,0.5203562378705836,0.6602640888809769,0.5189226556941264,,,0.020685516934361863,0,0.21703296703296704,0.03048930464050026,1.0,"{""Negative"": 0.5748218527315915, ""Neutral"": 0.3878787878787879, ""Positive"": 0.6553191489361702}","[[121, 31, 54], [38, 64, 82], [56, 51, 231]]"
s6_B3_loss_seed44,bigru_content_gate_time_pool,44,select,select:0:0.10:random:independent:0,0.5673076923076923,0.541710044611599,0.6637478559412882,0.5002651542900012,0.6791590192344982,0.49801845142487317,,,0.056182048502401064,724,0.27884615384615385,0.051296245794268426,1.0,"{""Negative"": 0.5492227979274611, ""Neutral"": 0.42162162162162165, ""Positive"": 0.6542857142857142}","[[106, 45, 55], [28, 78, 78], [46, 63, 229]]"
s6_B3_loss_seed44,bigru_content_gate_time_pool,44,select,select:0:0.10:random:independent:1,0.570054945054945,0.5480570296834828,0.6568981707491554,0.5050507470263385,0.6716381666444979,0.5055827815716831,,,0.056182048502401064,724,0.3021978021978022,0.054915245606136184,1.0,"{""Negative"": 0.5620253164556962, ""Neutral"": 0.432, ""Positive"": 0.6501457725947521}","[[111, 44, 51], [29, 81, 74], [49, 66, 223]]"
s6_B3_loss_seed44,bigru_content_gate_time_pool,44,select,select:0:0.10:random:independent:2,0.5631868131868132,0.5386665054654424,0.6604028369112247,0.4998841345554171,0.6751639844931581,0.4996949951869053,,,0.056182048502401064,724,0.30494505494505497,0.05495813351497054,1.0,"{""Negative"": 0.5417721518987342, ""Neutral"": 0.42021276595744683, ""Positive"": 0.654014598540146}","[[107, 46, 53], [35, 79, 70], [47, 67, 224]]"
s6_B3_loss_seed44,bigru_content_gate_time_pool,44,select,select:0:0.30:random:independent:0,0.5563186813186813,0.5297312218753412,0.6764387193924042,0.4693979561210779,0.6905648993369151,0.47123520987019724,,,0.12130579873272207,724,0.30357142857142855,0.05300881179771743,1.0,"{""Negative"": 0.5233160621761658, ""Neutral"": 0.4126984126984127, ""Positive"": 0.653179190751445}","[[101, 51, 54], [32, 78, 74], [47, 65, 226]]"
s6_B3_loss_seed44,bigru_content_gate_time_pool,44,select,select:0:0.30:random:independent:1,0.5590659340659341,0.5301544706675817,0.6792930450311893,0.48408528496163783,0.6912362920580902,0.486632879610442,,,0.12130579873272207,724,0.2857142857142857,0.050769786378356455,1.0,"{""Negative"": 0.5406824146981627, ""Neutral"": 0.3935309973045822, ""Positive"": 0.65625}","[[103, 49, 54], [30, 73, 81], [42, 65, 231]]"
s6_B3_loss_seed44,bigru_content_gate_time_pool,44,select,select:0:0.30:random:independent:2,0.5467032967032966,0.512894398838443,0.6800638708889893,0.449327481774914,0.6927904905853691,0.4548834743941353,,,0.12130579873272207,724,0.28708791208791207,0.05073058124462162,1.0,"{""Negative"": 0.4776902887139108, ""Neutral"": 0.4, ""Positive"": 0.6609929078014184}","[[91, 57, 58], [34, 74, 76], [50, 55, 233]]"
s6_B3_loss_seed44,bigru_content_gate_time_pool,44,select,select:0:0.50:random:independent:0,0.5302197802197802,0.49663603754751257,0.7029674665306459,0.4207595677734424,0.7145081320521678,0.41832735643637237,,,0.1909987908537763,724,0.2774725274725275,0.04270950260320371,1.0,"{""Negative"": 0.5012787723785166, ""Neutral"": 0.3539325842696629, ""Positive"": 0.6346967559943583}","[[98, 48, 60], [35, 63, 86], [52, 61, 225]]"
s6_B3_loss_seed44,bigru_content_gate_time_pool,44,select,select:0:0.50:random:independent:1,0.5096153846153846,0.4783647082698979,0.7253690520310795,0.3666037937364072,0.734745218106392,0.36726577505073843,,,0.1909987908537763,724,0.2815934065934066,0.04632105629895251,1.0,"{""Negative"": 0.47738693467336685, ""Neutral"": 0.34540389972144847, ""Positive"": 0.6123032904148784}","[[95, 46, 65], [40, 62, 82], [57, 67, 214]]"
s6_B3_loss_seed44,bigru_content_gate_time_pool,44,select,select:0:0.50:random:independent:2,0.5302197802197802,0.49875878049252664,0.7090831054569928,0.41099905288129585,0.7179346020937294,0.41555132956661733,,,0.1909987908537763,724,0.2706043956043956,0.04500417841728572,1.0,"{""Negative"": 0.494949494949495, ""Neutral"": 0.3697478991596639, ""Positive"": 0.631578947368421}","[[98, 48, 60], [35, 66, 83], [57, 59, 222]]"
s6_B3_loss_seed44,bigru_content_gate_time_pool,44,select,select:1:0.10:random:independent:0,0.5824175824175825,0.5603457288424921,0.643644146493765,0.5273999199904491,0.6588388934915701,0.5271693418590985,,,0.056143892214244775,724,0.31868131868131866,0.060554738270024666,1.0,"{""Negative"": 0.5633074935400517, ""Neutral"": 0.4461538461538462, ""Positive"": 0.6715758468335787}","[[109, 52, 45], [29, 87, 68], [43, 67, 228]]"
s6_B3_loss_seed44,bigru_content_gate_time_pool,44,select,select:1:0.10:random:independent:1,0.5824175824175825,0.5609060821749758,0.6430297784798502,0.5279256966896947,0.6570465639694133,0.53099998218472,,,0.056143892214244775,724,0.3118131868131868,0.0591702200314337,1.0,"{""Negative"": 0.5639686684073107, ""Neutral"": 0.45012787723785164, ""Positive"": 0.6686217008797654}","[[108, 50, 48], [28, 88, 68], [41, 69, 228]]"
s6_B3_loss_seed44,bigru_content_gate_time_pool,44,select,select:1:0.10:random:independent:2,0.5892857142857143,0.5684045013508761,0.6405661969336834,0.529567063557348,0.6573023129264813,0.5301443261397636,,,0.056143892214244775,724,0.3173076923076923,0.059677802318899506,1.0,"{""Negative"": 0.5699481865284974, ""Neutral"": 0.46272493573264784, ""Positive"": 0.6725403817914831}","[[110, 50, 46], [26, 90, 68], [44, 65, 229]]"
s6_B3_loss_seed44,bigru_content_gate_time_pool,44,select,select:1:0.30:random:independent:0,0.5865384615384616,0.5638513704037896,0.6370010690514285,0.5426772643507526,0.6536659993292703,0.5395360550051636,,,0.12118179079621412,724,0.2980769230769231,0.05591260803144548,1.0,"{""Negative"": 0.5743589743589743, ""Neutral"": 0.4427083333333333, ""Positive"": 0.6744868035190615}","[[112, 48, 46], [31, 85, 68], [41, 67, 230]]"
s6_B3_loss_seed44,bigru_content_gate_time_pool,44,select,select:1:0.30:random:independent:1,0.5865384615384616,0.5651830481598892,0.638414689864906,0.5362291532300968,0.6526079439547855,0.5373971682883496,,,0.12118179079621412,724,0.30357142857142855,0.05855508531015979,1.0,"{""Negative"": 0.5758354755784062, ""Neutral"": 0.4461538461538462, ""Positive"": 0.6735598227474151}","[[112, 50, 44], [30, 87, 67], [41, 69, 228]]"
s6_B3_loss_seed44,bigru_content_gate_time_pool,44,select,select:1:0.30:random:independent:2,0.5810439560439561,0.5588432488802441,0.6393989301402981,0.5390681360315984,0.6539023853991959,0.5366072156842678,,,0.12118179079621412,724,0.30631868131868134,0.05829910170911596,1.0,"{""Negative"": 0.5647668393782384, ""Neutral"": 0.442159383033419, ""Positive"": 0.6696035242290749}","[[109, 50, 47], [30, 86, 68], [41, 69, 228]]"
s6_B3_loss_seed44,bigru_content_gate_time_pool,44,select,select:1:0.50:random:independent:0,0.5934065934065934,0.5718731772055033,0.6328986937130874,0.5453295401321081,0.6478733516062846,0.5434188163653209,,,0.19077939219687765,724,0.3090659340659341,0.05788107982025697,1.0,"{""Negative"": 0.5882352941176471, ""Neutral"": 0.44387755102040816, ""Positive"": 0.6835066864784547}","[[115, 52, 39], [31, 87, 66], [39, 69, 230]]"
s6_B3_loss_seed44,bigru_content_gate_time_pool,44,select,select:1:0.50:random:independent:1,0.5824175824175825,0.5630205884347215,0.637354841655853,0.5425670204772448,0.6524332228863796,0.5411782088885949,,,0.19077939219687765,724,0.31043956043956045,0.06252465812912682,1.0,"{""Negative"": 0.5882352941176471, ""Neutral"": 0.4321608040201005, ""Positive"": 0.6686656671664168}","[[115, 52, 39], [31, 86, 67], [39, 76, 223]]"
s6_B3_loss_seed44,bigru_content_gate_time_pool,44,select,select:1:0.50:random:independent:2,0.5934065934065934,0.5721667711027517,0.6315962081229867,0.5518292467067395,0.6469441820191895,0.5486099546578331,,,0.19077939219687765,724,0.29945054945054944,0.058212706961998574,1.0,"{""Negative"": 0.5912596401028277, ""Neutral"": 0.44274809160305345, ""Positive"": 0.6824925816023739}","[[115, 52, 39], [30, 87, 67], [38, 70, 230]]"
s6_B3_loss_seed44,bigru_content_gate_time_pool,44,select,select:2:0.10:random:independent:0,0.5796703296703297,0.5571776233849702,0.6466689409904919,0.5245036452603737,0.6619917531702463,0.5249102993359843,,,0.05471828184470957,703,0.31456043956043955,0.06158917085953302,1.0,"{""Negative"": 0.5647668393782384, ""Neutral"": 0.4381443298969072, ""Positive"": 0.6686217008797654}","[[109, 51, 46], [29, 85, 70], [42, 68, 228]]"
s6_B3_loss_seed44,bigru_content_gate_time_pool,44,select,select:2:0.10:random:independent:1,0.5810439560439561,0.5571175731110228,0.6465478910390984,0.5265028291858248,0.6622636794511761,0.5256057395387858,,,0.054688334898890016,703,0.31043956043956045,0.06051310029331144,1.0,"{""Negative"": 0.5625, ""Neutral"": 0.43636363636363634, ""Positive"": 0.6724890829694323}","[[108, 52, 46], [28, 84, 72], [42, 65, 231]]"
s6_B3_loss_seed44,bigru_content_gate_time_pool,44,select,select:2:0.10:random:independent:2,0.5755494505494505,0.5497472952617065,0.6471203742944277,0.524411159825178,0.6622166639593031,0.5249078444681611,,,0.05481930502759008,703,0.30494505494505497,0.05849006619365824,1.0,"{""Negative"": 0.5535248041775457, ""Neutral"": 0.4251968503937008, ""Positive"": 0.6705202312138728}","[[106, 52, 48], [29, 81, 74], [42, 64, 232]]"
s6_B3_loss_seed44,bigru_content_gate_time_pool,44,select,select:2:0.30:random:independent:0,0.5631868131868132,0.5364367328232106,0.6512784706754344,0.5231321336503854,0.6621266525484376,0.5264466337680728,,,0.11537182825966232,703,0.29532967032967034,0.05847568113589351,1.0,"{""Negative"": 0.546875, ""Neutral"": 0.4053333333333333, ""Positive"": 0.6571018651362984}","[[105, 48, 53], [31, 76, 77], [42, 67, 229]]"
s6_B3_loss_seed44,bigru_content_gate_time_pool,44,select,select:2:0.30:random:independent:1,0.5741758241758241,0.5504748481492667,0.6468257201108958,0.5217721373460471,0.660882930383905,0.5249151024290142,,,0.11628030776814742,703,0.3159340659340659,0.06359007239081374,1.0,"{""Negative"": 0.5506493506493506, ""Neutral"": 0.43410852713178294, ""Positive"": 0.6666666666666666}","[[106, 51, 49], [31, 84, 69], [42, 68, 228]]"
s6_B3_loss_seed44,bigru_content_gate_time_pool,44,select,select:2:0.30:random:independent:2,0.5810439560439561,0.5569191526040552,0.6444735167707224,0.5275074466737757,0.6638897109807438,0.5238463906982587,,,0.11578318848929205,703,0.3076923076923077,0.06315467104254352,1.0,"{""Negative"": 0.5544041450777202, ""Neutral"": 0.44386422976501305, ""Positive"": 0.6724890829694323}","[[107, 51, 48], [29, 85, 70], [44, 63, 231]]"
s6_B3_loss_seed44,bigru_content_gate_time_pool,44,select,select:2:0.50:random:independent:0,0.5659340659340659,0.5399096890254699,0.6502159394749082,0.5248305130510762,0.6633923457638657,0.5270146271345226,,,0.18051985710310411,703,0.3008241758241758,0.06174582451933196,1.0,"{""Negative"": 0.5445026178010471, ""Neutral"": 0.4114583333333333, ""Positive"": 0.663768115942029}","[[104, 52, 50], [32, 79, 73], [40, 69, 229]]"
s6_B3_loss_seed44,bigru_content_gate_time_pool,44,select,select:2:0.50:random:independent:1,0.5755494505494505,0.5502258760335296,0.651843561191251,0.520554290050303,0.6656486778980591,0.523319732681485,,,0.18035659556840442,703,0.28846153846153844,0.0590463028574219,1.0,"{""Negative"": 0.5529715762273901, ""Neutral"": 0.432, ""Positive"": 0.6657060518731989}","[[107, 46, 53], [31, 81, 72], [43, 64, 231]]"
s6_B3_loss_seed44,bigru_content_gate_time_pool,44,select,select:2:0.50:random:independent:2,0.5728021978021978,0.5462691252833277,0.6531335683023209,0.5132652649364742,0.6661186132139967,0.5188087069315144,,,0.18067481495681129,703,0.29395604395604397,0.059610183552652594,1.0,"{""Negative"": 0.5520833333333334, ""Neutral"": 0.41909814323607425, ""Positive"": 0.6676258992805756}","[[106, 49, 51], [31, 79, 74], [41, 65, 232]]"
s6_B3_loss_seed44,bigru_content_gate_time_pool,44,select,select:01:0.10:random:independent:0,0.5824175824175825,0.5566118178809626,0.656074782801829,0.5054648052259806,0.671809325311947,0.5040080048271893,,,0.09164042378228397,724,0.29395604395604397,0.051863591571897266,1.0,"{""Negative"": 0.5526315789473685, ""Neutral"": 0.4409448818897638, ""Positive"": 0.6762589928057554}","[[105, 48, 53], [31, 84, 69], [38, 65, 235]]"
s6_B3_loss_seed44,bigru_content_gate_time_pool,44,select,select:01:0.10:random:independent:1,0.5728021978021978,0.5471783619213668,0.6528706263925758,0.5121692329812172,0.6695341530798392,0.5109121378919783,,,0.09164042378228397,724,0.29395604395604397,0.055174346698779644,1.0,"{""Negative"": 0.5501285347043702, ""Neutral"": 0.4266666666666667, ""Positive"": 0.6647398843930635}","[[107, 49, 50], [30, 80, 74], [46, 62, 230]]"
s6_B3_loss_seed44,bigru_content_gate_time_pool,44,select,select:01:0.10:random:independent:2,0.5590659340659341,0.5347666541749686,0.6548992031296776,0.5068315833796111,0.6685800615974425,0.5044214549789642,,,0.09164042378228397,724,0.29532967032967034,0.05339324712889207,1.0,"{""Negative"": 0.5505050505050505, ""Neutral"": 0.4075067024128686, ""Positive"": 0.6462882096069869}","[[109, 46, 51], [32, 76, 76], [49, 67, 222]]"
s6_B3_loss_seed44,bigru_content_gate_time_pool,44,select,select:01:0.30:random:independent:0,0.5810439560439561,0.5514746184602645,0.6584899160172749,0.5092755279992354,0.670542442142595,0.5083729908898597,,,0.22180207259457435,724,0.27472527472527475,0.04548401738352009,1.0,"{""Negative"": 0.5641025641025641, ""Neutral"": 0.4132231404958678, ""Positive"": 0.6770981507823614}","[[110, 42, 54], [36, 75, 73], [38, 62, 238]]"
s6_B3_loss_seed44,bigru_content_gate_time_pool,44,select,select:01:0.30:random:independent:1,0.5673076923076923,0.5373061901923363,0.6740414194821329,0.46822124373849616,0.6835585300053296,0.4756320005649396,,,0.22180207259457435,724,0.27197802197802196,0.045516758243551295,1.0,"{""Negative"": 0.5417721518987342, ""Neutral"": 0.40443213296398894, ""Positive"": 0.6657142857142857}","[[107, 47, 52], [34, 73, 77], [48, 57, 233]]"
s6_B3_loss_seed44,bigru_content_gate_time_pool,44,select,select:01:0.30:random:independent:2,0.5398351648351648,0.5103850050658562,0.6768507963766599,0.4639111408663397,0.6873055617836724,0.46936338067066524,,,0.22180207259457435,724,0.30494505494505497,0.04716382274633417,1.0,"{""Negative"": 0.5, ""Neutral"": 0.3882978723404255, ""Positive"": 0.6428571428571429}","[[95, 56, 55], [29, 73, 82], [50, 63, 225]]"
s6_B3_loss_seed44,bigru_content_gate_time_pool,44,select,select:01:0.50:random:independent:0,0.5494505494505495,0.5207120547527054,0.6896356864061084,0.44218571528023703,0.6994377491883115,0.44322814775477604,,,0.36109266611629226,724,0.28708791208791207,0.04394911527104758,1.0,"{""Negative"": 0.5113924050632911, ""Neutral"": 0.39572192513368987, ""Positive"": 0.6550218340611353}","[[101, 53, 52], [38, 74, 72], [50, 63, 225]]"
s6_B3_loss_seed44,bigru_content_gate_time_pool,44,select,select:01:0.50:random:independent:1,0.5521978021978022,0.5236945849608333,0.6864776055088493,0.43668212543057017,0.6969422959098286,0.4311000218395733,,,0.36109266611629226,724,0.29120879120879123,0.042387081372975324,1.0,"{""Negative"": 0.5257731958762887, ""Neutral"": 0.3967391304347826, ""Positive"": 0.6485714285714286}","[[102, 48, 56], [32, 73, 79], [48, 63, 227]]"
s6_B3_loss_seed44,bigru_content_gate_time_pool,44,select,select:01:0.50:random:independent:2,0.5233516483516484,0.49409802259514074,0.7081552607144138,0.41340333239878435,0.713407488734267,0.41836899732173277,,,0.36109266611629226,724,0.2815934065934066,0.03946965819153484,1.0,"{""Negative"": 0.48854961832061067, ""Neutral"": 0.3665768194070081, ""Positive"": 0.6271676300578035}","[[96, 48, 62], [41, 68, 75], [50, 71, 217]]"
s6_B3_loss_seed44,bigru_content_gate_time_pool,44,select,select:02:0.10:random:independent:0,0.5535714285714286,0.5269723315634364,0.6633458345813165,0.4980847051355885,0.6753055794358991,0.5011414027587272,,,0.09025892452344063,724,0.29532967032967034,0.053132829227535934,1.0,"{""Negative"": 0.517948717948718, ""Neutral"": 0.4173441734417344, ""Positive"": 0.6456241032998565}","[[101, 48, 57], [30, 77, 77], [53, 60, 225]]"
s6_B3_loss_seed44,bigru_content_gate_time_pool,44,select,select:02:0.10:random:independent:1,0.5769230769230769,0.5508249699576823,0.6629132861225078,0.5009442004664812,0.6794402997347189,0.49843372967558713,,,0.09020706469477802,724,0.28846153846153844,0.05371490409869577,1.0,"{""Negative"": 0.5581395348837209, ""Neutral"": 0.4305177111716621, ""Positive"": 0.6638176638176638}","[[108, 44, 54], [28, 79, 77], [45, 60, 233]]"
s6_B3_loss_seed44,bigru_content_gate_time_pool,44,select,select:02:0.10:random:independent:2,0.5879120879120879,0.563872938529273,0.653007171900161,0.514728168517783,0.6704106357276112,0.5110102339169028,,,0.09022829257477709,724,0.28983516483516486,0.05475304607344524,1.0,"{""Negative"": 0.5751295336787565, ""Neutral"": 0.4450402144772118, ""Positive"": 0.6714490674318508}","[[111, 44, 51], [27, 83, 74], [42, 62, 234]]"
s6_B3_loss_seed44,bigru_content_gate_time_pool,44,select,select:02:0.30:random:independent:0,0.5590659340659341,0.5263819602863947,0.6812211255971875,0.47724148338818645,0.6941153485389365,0.4766088297751581,,,0.21662896826569322,724,0.2733516483516483,0.048061279197626705,1.0,"{""Negative"": 0.538860103626943, ""Neutral"": 0.38202247191011235, ""Positive"": 0.6582633053221288}","[[104, 44, 58], [33, 68, 83], [43, 60, 235]]"
s6_B3_loss_seed44,bigru_content_gate_time_pool,44,select,select:02:0.30:random:independent:1,0.5453296703296703,0.5120939379714161,0.6955638547445637,0.4431101183100839,0.7090308182095024,0.44335496013752124,,,0.2163273861362854,724,0.27884615384615385,0.05236120325850916,1.0,"{""Negative"": 0.5133689839572193, ""Neutral"": 0.3756906077348066, ""Positive"": 0.6472222222222223}","[[96, 46, 64], [31, 68, 85], [41, 64, 233]]"
s6_B3_loss_seed44,bigru_content_gate_time_pool,44,select,select:02:0.30:random:independent:2,0.5604395604395604,0.5216737260942113,0.6800150632389381,0.4685607734083413,0.6957043037893107,0.4682393497844542,,,0.21614375377087763,724,0.25824175824175827,0.04528445800392182,1.0,"{""Negative"": 0.5013477088948787, ""Neutral"": 0.3942857142857143, ""Positive"": 0.6693877551020408}","[[93, 51, 62], [26, 69, 89], [46, 46, 246]]"
s6_B3_loss_seed44,bigru_content_gate_time_pool,44,select,select:02:0.50:random:independent:0,0.5178571428571429,0.47336718695301894,0.7260956025689923,0.3653398697393552,0.7384415962989186,0.35874302065122193,,,0.3507859006961929,724,0.2541208791208791,0.0407999907360054,1.0,"{""Negative"": 0.4619289340101523, ""Neutral"": 0.3241590214067278, ""Positive"": 0.6340136054421769}","[[91, 43, 72], [39, 53, 92], [58, 47, 233]]"
s6_B3_loss_seed44,bigru_content_gate_time_pool,44,select,select:02:0.50:random:independent:1,0.5384615384615384,0.48774427299814976,0.7180705839111255,0.37123808377020456,0.7312380138191057,0.36423919943164346,,,0.35119532701886813,724,0.21703296703296704,0.03490584074139268,1.0,"{""Negative"": 0.46648793565683644, ""Neutral"": 0.34394904458598724, ""Positive"": 0.6527958387516255}","[[87, 36, 83], [33, 54, 97], [47, 40, 251]]"
s6_B3_loss_seed44,bigru_content_gate_time_pool,44,select,select:02:0.50:random:independent:2,0.5274725274725275,0.48204639450652925,0.7199505984454774,0.39312127529001084,0.7289463451162881,0.3883748156490176,,,0.35125174458983455,724,0.24587912087912087,0.04288412036039345,1.0,"{""Negative"": 0.4702702702702703, ""Neutral"": 0.3323442136498516, ""Positive"": 0.6435246995994659}","[[87, 46, 73], [31, 56, 97], [46, 51, 241]]"
s6_B3_loss_seed44,bigru_content_gate_time_pool,44,select,select:12:0.10:random:independent:0,0.5879120879120879,0.5642622024991021,0.6402035313076944,0.5332939721694343,0.6573141471298596,0.531184149517676,,,0.09011852407557222,724,0.30494505494505497,0.060445601992849464,1.0,"{""Negative"": 0.5729166666666666, ""Neutral"": 0.44155844155844154, ""Positive"": 0.6783114992721979}","[[110, 51, 45], [28, 85, 71], [40, 65, 233]]"
s6_B3_loss_seed44,bigru_content_gate_time_pool,44,select,select:12:0.10:random:independent:1,0.5769230769230769,0.5541169512925438,0.6443151864055748,0.5266002939455964,0.659749928488304,0.5273441087366405,,,0.09019592878213162,724,0.3076923076923077,0.061046831956432075,1.0,"{""Negative"": 0.5535248041775457, ""Neutral"": 0.442159383033419, ""Positive"": 0.6666666666666666}","[[106, 51, 49], [29, 86, 69], [42, 68, 228]]"
s6_B3_loss_seed44,bigru_content_gate_time_pool,44,select,select:12:0.10:random:independent:2,0.5851648351648352,0.5623788759689923,0.6408273279345953,0.5320152575773063,0.6565515866533822,0.5311058507398756,,,0.09018448391793114,724,0.30631868131868134,0.06006769043070437,1.0,"{""Negative"": 0.5677083333333334, ""Neutral"": 0.4479166666666667, ""Positive"": 0.6715116279069767}","[[109, 49, 48], [27, 86, 71], [42, 65, 231]]"
s6_B3_loss_seed44,bigru_content_gate_time_pool,44,select,select:12:0.30:random:independent:0,0.5837912087912088,0.559904172300102,0.6410247232373272,0.5408892665613249,0.6549858505950197,0.5424209562314644,,,0.21577850944764493,724,0.28708791208791207,0.05659136811801038,1.0,"{""Negative"": 0.5846153846153846, ""Neutral"": 0.425531914893617, ""Positive"": 0.6695652173913044}","[[114, 44, 48], [31, 80, 73], [39, 68, 231]]"
s6_B3_loss_seed44,bigru_content_gate_time_pool,44,select,select:12:0.30:random:independent:1,0.5851648351648352,0.560510402991606,0.6398147839948699,0.5372611510557226,0.6552240386103781,0.5341683681838538,,,0.2160189805783876,724,0.29945054945054944,0.058782599155121774,1.0,"{""Negative"": 0.5663265306122449, ""Neutral"": 0.4368421052631579, ""Positive"": 0.6783625730994152}","[[111, 51, 44], [31, 83, 70], [44, 62, 232]]"
s6_B3_loss_seed44,bigru_content_gate_time_pool,44,select,select:12:0.30:random:independent:2,0.5741758241758241,0.5504883775605135,0.6417158532945418,0.5343017717841401,0.6530093052475662,0.5372114821700101,,,0.21623765565574107,724,0.2967032967032967,0.05838641806969439,1.0,"{""Negative"": 0.5677749360613811, ""Neutral"": 0.4199475065616798, ""Positive"": 0.6637426900584795}","[[111, 51, 44], [29, 80, 75], [45, 66, 227]]"
s6_B3_loss_seed44,bigru_content_gate_time_pool,44,select,select:12:0.50:random:independent:0,0.5714285714285714,0.5497792413552299,0.6404229501396337,0.5357349125453723,0.6544388109859038,0.534421946259313,,,0.3507132531656354,724,0.2980769230769231,0.05901241365107041,1.0,"{""Negative"": 0.576530612244898, ""Neutral"": 0.418848167539267, ""Positive"": 0.6539589442815249}","[[113, 46, 47], [30, 80, 74], [43, 72, 223]]"
s6_B3_loss_seed44,bigru_content_gate_time_pool,44,select,select:12:0.50:random:independent:1,0.5782967032967034,0.5583546710929674,0.6392276341516155,0.5351998476647098,0.6517178189920282,0.5384302704912501,,,0.3507343430875613,724,0.29945054945054944,0.06058832436855677,1.0,"{""Negative"": 0.5778894472361809, ""Neutral"": 0.44327176781002636, ""Positive"": 0.6539027982326951}","[[115, 40, 51], [32, 84, 68], [45, 71, 222]]"
s6_B3_loss_seed44,bigru_content_gate_time_pool,44,select,select:12:0.50:random:independent:2,0.5810439560439561,0.5594252776487479,0.6369787305477229,0.5377574443372769,0.6490248190750788,0.539449000247593,,,0.3509549248224926,724,0.3008241758241758,0.059353134383212075,1.0,"{""Negative"": 0.5879396984924623, ""Neutral"": 0.42857142857142855, ""Positive"": 0.6617647058823529}","[[117, 42, 47], [33, 81, 70], [42, 71, 225]]"
s6_B3_loss_seed44,bigru_content_gate_time_pool,44,select,select:012:0.10:random:independent:0,0.5741758241758241,0.5480209558608838,0.6566479712376802,0.5067455565760589,0.6726743116882722,0.5078055152592665,,,0.12558993973665408,724,0.28846153846153844,0.05255208462971251,1.0,"{""Negative"": 0.5526315789473685, ""Neutral"": 0.4266666666666667, ""Positive"": 0.6647646219686163}","[[105, 46, 55], [29, 80, 75], [40, 65, 233]]"
s6_B3_loss_seed44,bigru_content_gate_time_pool,44,select,select:012:0.10:random:independent:1,0.5686813186813187,0.5418742257683037,0.6605392556138009,0.49390547692966574,0.6741636068621589,0.4952998843660528,,,0.12571082327220762,724,0.28296703296703296,0.04942378519080824,1.0,"{""Negative"": 0.5541561712846348, ""Neutral"": 0.4143646408839779, ""Positive"": 0.6571018651362984}","[[110, 43, 53], [32, 75, 77], [49, 60, 229]]"
s6_B3_loss_seed44,bigru_content_gate_time_pool,44,select,select:012:0.10:random:independent:2,0.5824175824175825,0.5584462851110025,0.6562614241474524,0.5080569959682318,0.6714094979688525,0.507125829393611,,,0.1256004676726215,724,0.29395604395604397,0.05405833818844549,1.0,"{""Negative"": 0.5575447570332481, ""Neutral"": 0.44919786096256686, ""Positive"": 0.6685962373371924}","[[109, 43, 54], [32, 84, 68], [44, 63, 231]]"
s6_B3_loss_seed44,bigru_content_gate_time_pool,44,select,select:012:0.30:random:independent:0,0.5439560439560439,0.509991627789583,0.6821562195435003,0.4754735314452953,0.6905991792279694,0.48230845596041894,,,0.3162180586060894,724,0.25961538461538464,0.04433560962803907,1.0,"{""Negative"": 0.48704663212435234, ""Neutral"": 0.39215686274509803, ""Positive"": 0.6507713884992987}","[[94, 50, 62], [33, 70, 81], [53, 53, 232]]"
s6_B3_loss_seed44,bigru_content_gate_time_pool,44,select,select:012:0.30:random:independent:1,0.5563186813186813,0.5258154268431786,0.6791181289604896,0.46215781454188243,0.6897881132458429,0.467186054898539,,,0.3167463590511638,724,0.2623626373626374,0.04679566625875758,1.0,"{""Negative"": 0.5319693094629157, ""Neutral"": 0.39660056657223797, ""Positive"": 0.648876404494382}","[[104, 37, 65], [36, 70, 78], [45, 62, 231]]"
s6_B3_loss_seed44,bigru_content_gate_time_pool,44,select,select:012:0.30:random:independent:2,0.5810439560439561,0.549566139073379,0.6676573883956114,0.4901818511216406,0.681175450835336,0.4936035736480054,,,0.31705028085974835,724,0.25,0.046313058317919355,1.0,"{""Negative"": 0.5626598465473146, ""Neutral"": 0.41379310344827586, ""Positive"": 0.6722454672245467}","[[110, 37, 59], [33, 72, 79], [42, 55, 241]]"
s6_B3_loss_seed44,bigru_content_gate_time_pool,44,select,select:012:0.50:random:independent:0,0.5453296703296703,0.5092589511991753,0.6902014468503522,0.4478068946212913,0.6993835616119943,0.4509833923000241,,,0.5214278455584954,724,0.2706043956043956,0.04196991420517584,1.0,"{""Negative"": 0.5144356955380578, ""Neutral"": 0.36056338028169016, ""Positive"": 0.6527777777777778}","[[98, 50, 58], [31, 64, 89], [46, 57, 235]]"
s6_B3_loss_seed44,bigru_content_gate_time_pool,44,select,select:012:0.50:random:independent:1,0.5439560439560439,0.5077212289172218,0.690763653710501,0.4533068453565054,0.6994258013124076,0.45968483719768355,,,0.5211035116402414,724,0.27197802197802196,0.04361772550723546,1.0,"{""Negative"": 0.483695652173913, ""Neutral"": 0.3856749311294766, ""Positive"": 0.6537931034482759}","[[89, 52, 65], [29, 70, 85], [44, 57, 237]]"
s6_B3_loss_seed44,bigru_content_gate_time_pool,44,select,select:012:0.50:random:independent:2,0.5563186813186813,0.5256699084272854,0.6913525690408362,0.4472038080876301,0.7019352301965457,0.45355907801363476,,,0.5211950835022432,724,0.2774725274725275,0.046054165972253445,1.0,"{""Negative"": 0.5181347150259067, ""Neutral"": 0.40443213296398894, ""Positive"": 0.6544428772919605}","[[100, 45, 61], [33, 73, 78], [47, 59, 232]]"
s6_B3_loss_seed44,bigru_content_gate_time_pool,44,clean,clean:clean,0.5824175824175825,0.5597659770367446,0.6450254127339511,0.5254590354619164,0.6608531267975795,0.5254617743089238,,,0.020685516934361863,0,0.3118131868131868,0.060225437971204505,1.0,"{""Negative"": 0.5654450261780105, ""Neutral"": 0.44329896907216493, ""Positive"": 0.6705539358600583}","[[108, 51, 47], [27, 86, 71], [41, 67, 230]]"
s6_B3_optimizer_seed43,bigru_content_gate_time_pool,43,select,select:0:0.10:random:independent:0,0.5590659340659341,0.49788513941360196,0.6755979205607303,0.48902379929593565,0.6802956705431935,0.4884025516042769,,,0.056182048502401064,724,0.13598901098901098,0.01198080837212421,1.0,"{""Negative"": 0.5507246376811594, ""Neutral"": 0.2857142857142857, ""Positive"": 0.6572164948453608}","[[114, 16, 76], [39, 38, 107], [55, 28, 255]]"
s6_B3_optimizer_seed43,bigru_content_gate_time_pool,43,select,select:0:0.10:random:independent:1,0.5521978021978022,0.49115705129623244,0.6715206917557743,0.48978965657410073,0.6710099946876353,0.4936915661373443,,,0.056182048502401064,724,0.14148351648351648,0.013615956648844447,1.0,"{""Negative"": 0.5467625899280576, ""Neutral"": 0.2730627306273063, ""Positive"": 0.6536458333333334}","[[114, 19, 73], [41, 37, 106], [56, 31, 251]]"
s6_B3_optimizer_seed43,bigru_content_gate_time_pool,43,select,select:0:0.10:random:independent:2,0.5480769230769231,0.4826245910082168,0.6738242368668809,0.4923272788397134,0.6776618908036623,0.49154771963363086,,,0.056182048502401064,724,0.1346153846153846,0.012844428638254222,1.0,"{""Negative"": 0.551219512195122, ""Neutral"": 0.2462686567164179, ""Positive"": 0.6503856041131105}","[[113, 18, 75], [39, 33, 112], [52, 33, 253]]"
s6_B3_optimizer_seed43,bigru_content_gate_time_pool,43,select,select:0:0.30:random:independent:0,0.5576923076923077,0.48767211954511086,0.6915114469243397,0.4620294414212963,0.6949057169642381,0.46310019306461875,,,0.12130579873272207,724,0.12225274725274725,0.01237767694061929,1.0,"{""Negative"": 0.5471698113207547, ""Neutral"": 0.256, ""Positive"": 0.659846547314578}","[[116, 13, 77], [43, 32, 109], [59, 21, 258]]"
s6_B3_optimizer_seed43,bigru_content_gate_time_pool,43,select,select:0:0.30:random:independent:1,0.5618131868131868,0.49476028212357614,0.6863335621427867,0.4765470279201507,0.6899568443084237,0.4778354714052034,,,0.12130579873272207,724,0.13324175824175824,0.011521370798652317,1.0,"{""Negative"": 0.5437352245862884, ""Neutral"": 0.2755905511811024, ""Positive"": 0.6649550706033376}","[[115, 15, 76], [43, 35, 106], [59, 20, 259]]"
s6_B3_optimizer_seed43,bigru_content_gate_time_pool,43,select,select:0:0.30:random:independent:2,0.5439560439560439,0.47105385706625197,0.7007341822474459,0.4349686696754524,0.7052435109898407,0.4349288849038895,,,0.12130579873272207,724,0.10851648351648352,0.009190711578681737,1.0,"{""Negative"": 0.514018691588785, ""Neutral"": 0.24691358024691357, ""Positive"": 0.6522292993630573}","[[110, 14, 82], [45, 30, 109], [67, 15, 256]]"
s6_B3_optimizer_seed43,bigru_content_gate_time_pool,43,select,select:0:0.50:random:independent:0,0.5315934065934066,0.446472264119323,0.7192565551484515,0.40434429984670606,0.7245371420663055,0.4041810084002762,,,0.1909987908537763,724,0.11126373626373626,0.00986309645776074,1.0,"{""Negative"": 0.5248868778280543, ""Neutral"": 0.17094017094017094, ""Positive"": 0.6435897435897436}","[[116, 13, 77], [50, 20, 114], [70, 17, 251]]"
s6_B3_optimizer_seed43,bigru_content_gate_time_pool,43,select,select:0:0.50:random:independent:1,0.5315934065934066,0.44909619043131704,0.7446752206602021,0.3611644268339184,0.7514884483841873,0.3591257037952066,,,0.1909987908537763,724,0.12225274725274725,0.011934549003245901,1.0,"{""Negative"": 0.5146726862302483, ""Neutral"": 0.18487394957983194, ""Positive"": 0.6477419354838709}","[[114, 12, 80], [56, 22, 106], [67, 20, 251]]"
s6_B3_optimizer_seed43,bigru_content_gate_time_pool,43,select,select:0:0.50:random:independent:2,0.5260989010989011,0.44146047213467704,0.7274658460417536,0.39016509824617174,0.7315914184673802,0.390237199832624,,,0.1909987908537763,724,0.13324175824175824,0.010774768277249491,1.0,"{""Negative"": 0.4844124700239808, ""Neutral"": 0.19327731092436976, ""Positive"": 0.6466916354556804}","[[101, 14, 91], [48, 23, 113], [62, 17, 259]]"
s6_B3_optimizer_seed43,bigru_content_gate_time_pool,43,select,select:1:0.10:random:independent:0,0.5631868131868132,0.507838533645723,0.658260444009386,0.5146062749112961,0.6608808473683894,0.5176698063716864,,,0.056143892214244775,724,0.1565934065934066,0.016387500883941794,1.0,"{""Negative"": 0.5644768856447688, ""Neutral"": 0.3010752688172043, ""Positive"": 0.6579634464751958}","[[116, 20, 70], [36, 42, 106], [53, 33, 252]]"
s6_B3_optimizer_seed43,bigru_content_gate_time_pool,43,select,select:1:0.10:random:independent:1,0.5673076923076923,0.5117515370974224,0.6560485726943465,0.5153016564958312,0.660082425566513,0.5156607455571836,,,0.056143892214244775,724,0.16346153846153846,0.016760346001742792,1.0,"{""Negative"": 0.5825242718446602, ""Neutral"": 0.2939068100358423, ""Positive"": 0.6588235294117647}","[[120, 19, 67], [35, 41, 108], [51, 35, 252]]"
s6_B3_optimizer_seed43,bigru_content_gate_time_pool,43,select,select:1:0.10:random:independent:2,0.5659340659340659,0.5119427754269185,0.652756284667437,0.5225986272394278,0.6563382674773622,0.5235649865515252,,,0.056143892214244775,724,0.16346153846153846,0.017407813153782307,1.0,"{""Negative"": 0.5811138014527845, ""Neutral"": 0.2968197879858657, ""Positive"": 0.6578947368421053}","[[120, 20, 66], [36, 42, 106], [51, 37, 250]]"
s6_B3_optimizer_seed43,bigru_content_gate_time_pool,43,select,select:1:0.30:random:independent:0,0.5673076923076923,0.5145624642235264,0.6511254041194343,0.5271488762324045,0.6538434798450588,0.530518438439301,,,0.12118179079621412,724,0.16071428571428573,0.016377590726479724,1.0,"{""Negative"": 0.5817307692307693, ""Neutral"": 0.3049645390070922, ""Positive"": 0.6569920844327177}","[[121, 19, 66], [36, 43, 105], [53, 36, 249]]"
s6_B3_optimizer_seed43,bigru_content_gate_time_pool,43,select,select:1:0.30:random:independent:1,0.5673076923076923,0.5172578532578532,0.65445493995124,0.5218142027618964,0.6583491572956708,0.5237869174436705,,,0.12118179079621412,724,0.16346153846153846,0.018105289275927857,1.0,"{""Negative"": 0.5714285714285714, ""Neutral"": 0.32167832167832167, ""Positive"": 0.6586666666666666}","[[120, 21, 65], [38, 46, 100], [56, 35, 247]]"
s6_B3_optimizer_seed43,bigru_content_gate_time_pool,43,select,select:1:0.30:random:independent:2,0.5714285714285714,0.5205931585177573,0.6510408751645177,0.5246599000789143,0.6539823641708878,0.5272083605638009,,,0.12118179079621412,724,0.15384615384615385,0.016652031914926653,1.0,"{""Negative"": 0.5741626794258373, ""Neutral"": 0.3262411347517731, ""Positive"": 0.6613756613756614}","[[120, 19, 67], [37, 46, 101], [55, 33, 250]]"
s6_B3_optimizer_seed43,bigru_content_gate_time_pool,43,select,select:1:0.50:random:independent:0,0.5810439560439561,0.5260517294765302,0.6472261566543153,0.5381552635177143,0.6526730382037196,0.5368593398894759,,,0.19077939219687765,724,0.15247252747252749,0.01628913722336292,1.0,"{""Negative"": 0.5879518072289157, ""Neutral"": 0.31654676258992803, ""Positive"": 0.6736566186107471}","[[122, 19, 65], [37, 44, 103], [50, 31, 257]]"
s6_B3_optimizer_seed43,bigru_content_gate_time_pool,43,select,select:1:0.50:random:independent:1,0.5769230769230769,0.5252874182110618,0.6496189353656392,0.533791255919618,0.6558074568152673,0.533121983054811,,,0.19077939219687765,724,0.15384615384615385,0.018001944379803243,1.0,"{""Negative"": 0.5823389021479713, ""Neutral"": 0.3250883392226148, ""Positive"": 0.6684350132625995}","[[122, 21, 63], [37, 46, 101], [54, 32, 252]]"
s6_B3_optimizer_seed43,bigru_content_gate_time_pool,43,select,select:1:0.50:random:independent:2,0.5782967032967034,0.5280545785192877,0.6483510385558664,0.5370713778502492,0.6545232675616517,0.5364706701702263,,,0.19077939219687765,724,0.16758241758241757,0.018978116753103805,1.0,"{""Negative"": 0.5825242718446602, ""Neutral"": 0.3287671232876712, ""Positive"": 0.6728723404255319}","[[120, 25, 61], [36, 48, 100], [50, 35, 253]]"
s6_B3_optimizer_seed43,bigru_content_gate_time_pool,43,select,select:2:0.10:random:independent:0,0.5673076923076923,0.508800054112554,0.6589134767089571,0.5120459923116321,0.6622590612630349,0.514606420786397,,,0.05471828184470957,703,0.14148351648351648,0.015001825673829069,1.0,"{""Negative"": 0.5714285714285714, ""Neutral"": 0.2909090909090909, ""Positive"": 0.6640625}","[[118, 20, 68], [37, 40, 107], [52, 31, 255]]"
s6_B3_optimizer_seed43,bigru_content_gate_time_pool,43,select,select:2:0.10:random:independent:1,0.5728021978021978,0.5155043548643731,0.6579870898002125,0.5138959941768885,0.6615110260247673,0.5161833126463466,,,0.054688334898890016,703,0.14835164835164835,0.01458385420188021,1.0,"{""Negative"": 0.5735294117647058, ""Neutral"": 0.3054545454545455, ""Positive"": 0.6675291073738681}","[[117, 20, 69], [34, 42, 108], [51, 29, 258]]"
s6_B3_optimizer_seed43,bigru_content_gate_time_pool,43,select,select:2:0.10:random:independent:2,0.5686813186813187,0.5101971599836267,0.6569936334213221,0.515008240979836,0.6603819224062365,0.5180260928432473,,,0.05481930502759008,703,0.14835164835164835,0.014693786348038158,1.0,"{""Negative"": 0.5756097560975609, ""Neutral"": 0.2909090909090909, ""Positive"": 0.6640726329442282}","[[118, 20, 68], [35, 40, 109], [51, 31, 256]]"
s6_B3_optimizer_seed43,bigru_content_gate_time_pool,43,select,select:2:0.30:random:independent:0,0.5782967032967034,0.5157188015109806,0.6578637325036493,0.5131219432823506,0.6624771619476583,0.5133404330992531,,,0.11537182825966232,703,0.13598901098901098,0.014850853160117845,1.0,"{""Negative"": 0.5911330049261084, ""Neutral"": 0.2825278810408922, ""Positive"": 0.6734955185659411}","[[120, 19, 67], [33, 38, 113], [47, 28, 263]]"
s6_B3_optimizer_seed43,bigru_content_gate_time_pool,43,select,select:2:0.30:random:independent:1,0.5824175824175825,0.5187515744605787,0.6542964648724258,0.5234176166354066,0.6598237068827295,0.5226109669636538,,,0.11628030776814742,703,0.12912087912087913,0.013646743877416294,1.0,"{""Negative"": 0.5907990314769975, ""Neutral"": 0.28679245283018867, ""Positive"": 0.6786632390745502}","[[122, 18, 66], [36, 38, 110], [49, 25, 264]]"
s6_B3_optimizer_seed43,bigru_content_gate_time_pool,43,select,select:2:0.30:random:independent:2,0.5686813186813187,0.5034908700322234,0.658872634045444,0.5142650817512354,0.6618283199015903,0.517013817604404,,,0.11578318848929205,703,0.13186813186813187,0.01452780337588923,1.0,"{""Negative"": 0.5714285714285714, ""Neutral"": 0.2706766917293233, ""Positive"": 0.6683673469387755}","[[116, 20, 70], [34, 36, 114], [50, 26, 262]]"
s6_B3_optimizer_seed43,bigru_content_gate_time_pool,43,select,select:2:0.50:random:independent:0,0.5755494505494505,0.5070048414744888,0.6586606903485462,0.5187684892626618,0.6632993105238632,0.5182256993458063,,,0.18051985710310411,703,0.13186813186813187,0.013289592147550985,1.0,"{""Negative"": 0.5862068965517241, ""Neutral"": 0.26053639846743293, ""Positive"": 0.6742712294043093}","[[119, 20, 67], [32, 34, 118], [49, 23, 266]]"
s6_B3_optimizer_seed43,bigru_content_gate_time_pool,43,select,select:2:0.50:random:independent:1,0.5728021978021978,0.5070082452512025,0.6585010541244768,0.5207784100384062,0.6627311964805883,0.521093400610309,,,0.18035659556840442,703,0.12774725274725274,0.014467512178322772,1.0,"{""Negative"": 0.58679706601467, ""Neutral"": 0.2641509433962264, ""Positive"": 0.670076726342711}","[[120, 19, 67], [34, 35, 115], [49, 27, 262]]"
s6_B3_optimizer_seed43,bigru_content_gate_time_pool,43,select,select:2:0.50:random:independent:2,0.5769230769230769,0.5097655180613571,0.6592973029421417,0.515019054618535,0.6647096739961653,0.5143608182704359,,,0.18067481495681129,703,0.125,0.013091274017183581,1.0,"{""Negative"": 0.58679706601467, ""Neutral"": 0.2681992337164751, ""Positive"": 0.6743002544529262}","[[120, 18, 68], [34, 35, 115], [49, 24, 265]]"
s6_B3_optimizer_seed43,bigru_content_gate_time_pool,43,select,select:01:0.10:random:independent:0,0.570054945054945,0.5082112708951988,0.6649974808562097,0.49830725932413644,0.6707602002796114,0.49718692712716334,,,0.09164042378228397,724,0.1401098901098901,0.014978653332415028,1.0,"{""Negative"": 0.5560975609756098, ""Neutral"": 0.29411764705882354, ""Positive"": 0.6744186046511628}","[[114, 20, 72], [41, 40, 103], [49, 28, 261]]"
s6_B3_optimizer_seed43,bigru_content_gate_time_pool,43,select,select:01:0.10:random:independent:1,0.5686813186813187,0.5107319030046132,0.66204072796013,0.49712608872869885,0.6668435113739918,0.49872746365137394,,,0.09164042378228397,724,0.14285714285714285,0.016306070613214273,1.0,"{""Negative"": 0.5714285714285714, ""Neutral"": 0.2949640287769784, ""Positive"": 0.6658031088082902}","[[116, 23, 67], [33, 41, 110], [51, 30, 257]]"
s6_B3_optimizer_seed43,bigru_content_gate_time_pool,43,select,select:01:0.10:random:independent:2,0.5590659340659341,0.5010838701169179,0.665001914586659,0.496171561220895,0.6690668157317194,0.49677150325425795,,,0.09164042378228397,724,0.12637362637362637,0.01257262647605941,1.0,"{""Negative"": 0.569377990430622, ""Neutral"": 0.2878787878787879, ""Positive"": 0.6459948320413437}","[[119, 15, 72], [32, 38, 114], [61, 27, 250]]"
s6_B3_optimizer_seed43,bigru_content_gate_time_pool,43,select,select:01:0.30:random:independent:0,0.5741758241758241,0.49705095336163296,0.6650490491696602,0.5020940144767678,0.6703393987858423,0.499872062729447,,,0.22180207259457435,724,0.12362637362637363,0.010941885968246549,1.0,"{""Negative"": 0.558252427184466, ""Neutral"": 0.24603174603174602, ""Positive"": 0.6868686868686869}","[[115, 16, 75], [46, 31, 107], [45, 21, 272]]"
s6_B3_optimizer_seed43,bigru_content_gate_time_pool,43,select,select:01:0.30:random:independent:1,0.5645604395604396,0.49682479086482934,0.6787439851791894,0.4695521513625779,0.6831924305553292,0.4698398342726716,,,0.22180207259457435,724,0.11950549450549451,0.010731915535826931,1.0,"{""Negative"": 0.5590361445783133, ""Neutral"": 0.2698412698412698, ""Positive"": 0.6615969581749049}","[[116, 11, 79], [39, 34, 111], [54, 23, 261]]"
s6_B3_optimizer_seed43,bigru_content_gate_time_pool,43,select,select:01:0.30:random:independent:2,0.5590659340659341,0.4927205181386438,0.6926140710353278,0.45519135954424317,0.6972079496104066,0.45874211491155265,,,0.22180207259457435,724,0.12774725274725274,0.01282583700483153,1.0,"{""Negative"": 0.5558194774346793, ""Neutral"": 0.2625482625482625, ""Positive"": 0.6597938144329897}","[[117, 19, 70], [38, 34, 112], [60, 22, 256]]"
s6_B3_optimizer_seed43,bigru_content_gate_time_pool,43,select,select:01:0.50:random:independent:0,0.5494505494505495,0.47594369178473067,0.7003661309756012,0.4387464350312269,0.7039608534407586,0.4406475044437315,,,0.36109266611629226,724,0.125,0.01103949389475101,1.0,"{""Negative"": 0.535796766743649, ""Neutral"": 0.23481781376518218, ""Positive"": 0.6572164948453608}","[[116, 14, 76], [48, 29, 107], [63, 20, 255]]"
s6_B3_optimizer_seed43,bigru_content_gate_time_pool,43,select,select:01:0.50:random:independent:1,0.5453296703296703,0.4750003608753392,0.7025494242443324,0.42603017573954005,0.7082003760330665,0.42401924266642754,,,0.36109266611629226,724,0.12912087912087913,0.011802379989767305,1.0,"{""Negative"": 0.5217391304347826, ""Neutral"": 0.24701195219123506, ""Positive"": 0.65625}","[[114, 16, 76], [51, 31, 102], [66, 20, 252]]"
s6_B3_optimizer_seed43,bigru_content_gate_time_pool,43,select,select:01:0.50:random:independent:2,0.5288461538461539,0.45474972316142265,0.723405642639649,0.4087641155944844,0.7264849641795301,0.4122818704996269,,,0.36109266611629226,724,0.13324175824175824,0.011180234486613792,1.0,"{""Negative"": 0.5123595505617977, ""Neutral"": 0.208, ""Positive"": 0.6438896189224704}","[[114, 19, 73], [53, 26, 105], [72, 21, 245]]"
s6_B3_optimizer_seed43,bigru_content_gate_time_pool,43,select,select:02:0.10:random:independent:0,0.5728021978021978,0.5138112887237759,0.6659268635119464,0.5004591767518691,0.6708828834688885,0.5002848091899456,,,0.09025892452344063,724,0.13873626373626374,0.014915715666037502,1.0,"{""Negative"": 0.5693430656934306, ""Neutral"": 0.3037037037037037, ""Positive"": 0.6683870967741935}","[[117, 18, 71], [36, 41, 107], [52, 27, 259]]"
s6_B3_optimizer_seed43,bigru_content_gate_time_pool,43,select,select:02:0.10:random:independent:1,0.5645604395604396,0.49634264393013644,0.6767048632766111,0.4823779758490659,0.6802619874431332,0.48389974886986975,,,0.09020706469477802,724,0.12225274725274725,0.012846664510458542,1.0,"{""Negative"": 0.5609756097560976, ""Neutral"": 0.26053639846743293, ""Positive"": 0.6675159235668789}","[[115, 17, 74], [39, 34, 111], [50, 26, 262]]"
s6_B3_optimizer_seed43,bigru_content_gate_time_pool,43,select,select:02:0.10:random:independent:2,0.5686813186813187,0.5034534035207889,0.6608030642396803,0.5079478753142698,0.665749666150557,0.5071480793352166,,,0.09022829257477709,724,0.1304945054945055,0.0144075092528916,1.0,"{""Negative"": 0.5601965601965602, ""Neutral"": 0.2792452830188679, ""Positive"": 0.6709183673469388}","[[114, 19, 73], [37, 37, 110], [50, 25, 263]]"
s6_B3_optimizer_seed43,bigru_content_gate_time_pool,43,select,select:02:0.30:random:independent:0,0.5535714285714286,0.46968095110895014,0.6904684907071046,0.46268667250034695,0.6930203475915202,0.459831223380013,,,0.21662896826569322,724,0.10164835164835165,0.009398058530530676,1.0,"{""Negative"": 0.5323741007194245, ""Neutral"": 0.20833333333333334, ""Positive"": 0.6683354192740926}","[[111, 14, 81], [46, 25, 113], [54, 17, 267]]"
s6_B3_optimizer_seed43,bigru_content_gate_time_pool,43,select,select:02:0.30:random:independent:1,0.5535714285714286,0.4767063568285086,0.7083293314591542,0.4268358551624366,0.7103044821491854,0.4288054383631347,,,0.2163273861362854,724,0.08928571428571429,0.008356342551316861,1.0,"{""Negative"": 0.5371702637889688, ""Neutral"": 0.24034334763948498, ""Positive"": 0.652605459057072}","[[112, 5, 89], [40, 28, 116], [59, 16, 263]]"
s6_B3_optimizer_seed43,bigru_content_gate_time_pool,43,select,select:02:0.30:random:independent:2,0.5576923076923077,0.4729784338836344,0.6926663897044875,0.4480195017948896,0.6942746054104806,0.45181349454053965,,,0.21614375377087763,724,0.10027472527472528,0.009546658762937392,1.0,"{""Negative"": 0.5405405405405406, ""Neutral"": 0.21008403361344538, ""Positive"": 0.6683107274969173}","[[110, 15, 81], [38, 25, 121], [53, 14, 271]]"
s6_B3_optimizer_seed43,bigru_content_gate_time_pool,43,select,select:02:0.50:random:independent:0,0.5357142857142857,0.4459623044142444,0.7362989336647585,0.3627505229222698,0.7403074357464172,0.3613401538117846,,,0.3507859006961929,724,0.09752747252747253,0.007011424634744833,1.0,"{""Negative"": 0.5024154589371981, ""Neutral"": 0.18834080717488788, ""Positive"": 0.6471306471306472}","[[104, 7, 95], [42, 21, 121], [62, 11, 265]]"
s6_B3_optimizer_seed43,bigru_content_gate_time_pool,43,select,select:02:0.50:random:independent:1,0.5302197802197802,0.43295267058707915,0.7277545015598391,0.3652551230081794,0.7299433884282525,0.366608174342553,,,0.35119532701886813,724,0.09065934065934066,0.007035357562231494,1.0,"{""Negative"": 0.47619047619047616, ""Neutral"": 0.17272727272727273, ""Positive"": 0.6499402628434886}","[[95, 8, 103], [41, 19, 124], [57, 9, 272]]"
s6_B3_optimizer_seed43,bigru_content_gate_time_pool,43,select,select:02:0.50:random:independent:2,0.5274725274725275,0.4278445527265411,0.7320389946965479,0.3726543371436635,0.7343578468957036,0.37330962713639604,,,0.35125174458983455,724,0.09203296703296704,0.0072400809813004275,1.0,"{""Negative"": 0.49261083743842365, ""Neutral"": 0.14746543778801843, ""Positive"": 0.6434573829531812}","[[100, 7, 99], [40, 16, 128], [60, 10, 268]]"
s6_B3_optimizer_seed43,bigru_content_gate_time_pool,43,select,select:12:0.10:random:independent:0,0.5673076923076923,0.5098505391134917,0.6544567093608552,0.5194606825374751,0.6572572518175898,0.521917835997156,,,0.09011852407557222,724,0.14560439560439561,0.015533884586479802,1.0,"{""Negative"": 0.5879518072289157, ""Neutral"": 0.28363636363636363, ""Positive"": 0.6579634464751958}","[[122, 18, 66], [35, 39, 110], [52, 34, 252]]"
s6_B3_optimizer_seed43,bigru_content_gate_time_pool,43,select,select:12:0.10:random:independent:1,0.5673076923076923,0.5106773727359576,0.6534075906489085,0.5176938699978062,0.6580895426296782,0.5193171185293248,,,0.09019592878213162,724,0.1510989010989011,0.015585060187787391,1.0,"{""Negative"": 0.5756097560975609, ""Neutral"": 0.2949640287769784, ""Positive"": 0.6614583333333334}","[[118, 19, 69], [36, 41, 107], [50, 34, 254]]"
s6_B3_optimizer_seed43,bigru_content_gate_time_pool,43,select,select:12:0.10:random:independent:2,0.5714285714285714,0.5140838421289528,0.6535974150103937,0.5235652422466456,0.6574896833767275,0.5240339749899712,,,0.09018448391793114,724,0.15247252747252749,0.016077706256762636,1.0,"{""Negative"": 0.5902439024390244, ""Neutral"": 0.2888086642599278, ""Positive"": 0.6631989596879063}","[[121, 19, 66], [34, 40, 110], [49, 34, 255]]"
s6_B3_optimizer_seed43,bigru_content_gate_time_pool,43,select,select:12:0.30:random:independent:0,0.5741758241758241,0.5169551475841302,0.6496561848680397,0.5348353075177147,0.6529637395716426,0.5380268122563101,,,0.21577850944764493,724,0.14697802197802198,0.01698032650026892,1.0,"{""Negative"": 0.5770171149144254, ""Neutral"": 0.3054545454545455, ""Positive"": 0.6683937823834197}","[[118, 21, 67], [33, 42, 109], [52, 28, 258]]"
s6_B3_optimizer_seed43,bigru_content_gate_time_pool,43,select,select:12:0.30:random:independent:1,0.570054945054945,0.5111278892751864,0.6540291977178265,0.524483848827941,0.6594157643836237,0.5242598863593362,,,0.2160189805783876,724,0.13873626373626374,0.016643501979378715,1.0,"{""Negative"": 0.5756097560975609, ""Neutral"": 0.291970802919708, ""Positive"": 0.6658031088082902}","[[118, 23, 65], [32, 40, 112], [54, 27, 257]]"
s6_B3_optimizer_seed43,bigru_content_gate_time_pool,43,select,select:12:0.30:random:independent:2,0.5837912087912088,0.5220616290213759,0.6469390561067305,0.5295967580782218,0.6519550245951166,0.5298880462009824,,,0.21623765565574107,724,0.12774725274725274,0.01478974313636894,1.0,"{""Negative"": 0.5970873786407767, ""Neutral"": 0.29213483146067415, ""Positive"": 0.676962676962677}","[[123, 18, 65], [34, 39, 111], [49, 26, 263]]"
s6_B3_optimizer_seed43,bigru_content_gate_time_pool,43,select,select:12:0.50:random:independent:0,0.5837912087912088,0.5274326639269223,0.6483422757208266,0.531890939041499,0.6552130318359359,0.5319410631608278,,,0.3507132531656354,724,0.13873626373626374,0.01774461557400914,1.0,"{""Negative"": 0.5951219512195122, ""Neutral"": 0.31272727272727274, ""Positive"": 0.6744487678339819}","[[122, 19, 65], [33, 43, 108], [49, 29, 260]]"
s6_B3_optimizer_seed43,bigru_content_gate_time_pool,43,select,select:12:0.50:random:independent:1,0.5782967032967034,0.522841079965004,0.6473242383055798,0.5423205319419769,0.6518418738250058,0.5406232557950672,,,0.3507343430875613,724,0.13873626373626374,0.01741533862198447,1.0,"{""Negative"": 0.5990338164251208, ""Neutral"": 0.3010752688172043, ""Positive"": 0.6684141546526867}","[[124, 19, 63], [35, 42, 107], [49, 34, 255]]"
s6_B3_optimizer_seed43,bigru_content_gate_time_pool,43,select,select:12:0.50:random:independent:2,0.5810439560439561,0.5268562969233308,0.6521833508743443,0.5277728219912444,0.657311501613419,0.5280802917171843,,,0.3509549248224926,724,0.13873626373626374,0.015360851042476163,1.0,"{""Negative"": 0.6014319809069213, ""Neutral"": 0.3115942028985507, ""Positive"": 0.6675427069645203}","[[126, 18, 62], [34, 43, 107], [53, 31, 254]]"
s6_B3_optimizer_seed43,bigru_content_gate_time_pool,43,select,select:012:0.10:random:independent:0,0.570054945054945,0.5,0.6619654699167298,0.5066566496695062,0.6650497474615554,0.5064616666719498,,,0.12558993973665408,724,0.11263736263736264,0.009113855416671587,1.0,"{""Negative"": 0.5833333333333334, ""Neutral"": 0.25, ""Positive"": 0.6666666666666666}","[[119, 16, 71], [33, 32, 119], [50, 24, 264]]"
s6_B3_optimizer_seed43,bigru_content_gate_time_pool,43,select,select:012:0.10:random:independent:1,0.5618131868131868,0.4947457873819061,0.6669745081840308,0.4963141197819351,0.6693062921192825,0.49682111088163183,,,0.12571082327220762,724,0.12774725274725274,0.012064466754645928,1.0,"{""Negative"": 0.5525672371638142, ""Neutral"": 0.2641509433962264, ""Positive"": 0.6675191815856778}","[[113, 17, 76], [42, 35, 107], [48, 29, 261]]"
s6_B3_optimizer_seed43,bigru_content_gate_time_pool,43,select,select:012:0.10:random:independent:2,0.5618131868131868,0.49782292786539045,0.6712665616662129,0.4962179618057074,0.6750455813195843,0.4972074812135105,,,0.1256004676726215,724,0.1304945054945055,0.013541817684185047,1.0,"{""Negative"": 0.5590361445783133, ""Neutral"": 0.2737642585551331, ""Positive"": 0.6606683804627249}","[[116, 16, 74], [39, 36, 109], [54, 27, 257]]"
s6_B3_optimizer_seed43,bigru_content_gate_time_pool,43,select,select:012:0.30:random:independent:0,0.5370879120879121,0.46072140904127434,0.6965773961800877,0.4591304063047023,0.6983736075005483,0.46211132282944445,,,0.3162180586060894,724,0.11675824175824176,0.011325810522139892,1.0,"{""Negative"": 0.5260663507109005, ""Neutral"": 0.21224489795918366, ""Positive"": 0.6438529784537389}","[[111, 17, 78], [39, 26, 119], [66, 18, 254]]"
s6_B3_optimizer_seed43,bigru_content_gate_time_pool,43,select,select:012:0.30:random:independent:1,0.5453296703296703,0.46985273259396304,0.696586347752613,0.45788713085670535,0.6997954537477958,0.45679354700906993,,,0.3167463590511638,724,0.11950549450549451,0.011553813478219639,1.0,"{""Negative"": 0.5192307692307693, ""Neutral"": 0.23293172690763053, ""Positive"": 0.6573957016434893}","[[108, 17, 81], [43, 29, 112], [59, 19, 260]]"
s6_B3_optimizer_seed43,bigru_content_gate_time_pool,43,select,select:012:0.30:random:independent:2,0.570054945054945,0.4891082352537044,0.6749440788181682,0.4887028324942763,0.6779861794324121,0.488454862660035,,,0.31705028085974835,724,0.10027472527472528,0.009647730419743848,1.0,"{""Negative"": 0.5555555555555556, ""Neutral"": 0.23430962343096234, ""Positive"": 0.6774595267745953}","[[115, 11, 80], [43, 28, 113], [50, 16, 272]]"
s6_B3_optimizer_seed43,bigru_content_gate_time_pool,43,select,select:012:0.50:random:independent:0,0.554945054945055,0.472594993778745,0.6951960665750716,0.4530839972890126,0.6980273647740443,0.45604889090197126,,,0.5214278455584954,724,0.11813186813186813,0.009452465004993828,1.0,"{""Negative"": 0.5352798053527981, ""Neutral"": 0.21666666666666667, ""Positive"": 0.6658385093167701}","[[110, 15, 81], [40, 26, 118], [55, 15, 268]]"
s6_B3_optimizer_seed43,bigru_content_gate_time_pool,43,select,select:012:0.50:random:independent:1,0.5425824175824175,0.45499988990453194,0.7012109093495532,0.4467484397159895,0.7027925341236558,0.44911997562323513,,,0.5211035116402414,724,0.11401098901098901,0.010528061216570192,1.0,"{""Negative"": 0.5138539042821159, ""Neutral"": 0.18775510204081633, ""Positive"": 0.6633906633906634}","[[102, 20, 84], [39, 23, 122], [50, 18, 270]]"
s6_B3_optimizer_seed43,bigru_content_gate_time_pool,43,select,select:012:0.50:random:independent:2,0.5631868131868132,0.4833683907855302,0.6993709029871765,0.4548315924454844,0.7026518668242536,0.45592122399734436,,,0.5211950835022432,724,0.10989010989010989,0.008601420909297336,1.0,"{""Negative"": 0.5552941176470588, ""Neutral"": 0.2222222222222222, ""Positive"": 0.6725888324873096}","[[118, 14, 74], [46, 27, 111], [55, 18, 265]]"
s6_B3_optimizer_seed43,bigru_content_gate_time_pool,43,clean,clean:clean,0.5714285714285714,0.5150320421628799,0.6574331916543973,0.5145015346601503,0.6610273175302299,0.5160600112484511,,,0.020685516934361863,0,0.14972527472527472,0.015567961059029696,1.0,"{""Negative"": 0.576271186440678, ""Neutral"": 0.302158273381295, ""Positive"": 0.6666666666666666}","[[119, 20, 67], [37, 42, 105], [51, 32, 255]]"
s6_B3_optimizer_seed44,bigru_content_gate_time_pool,44,select,select:0:0.10:random:independent:0,0.5782967032967034,0.529119014905428,0.6682552717636329,0.5033207318985746,0.6790572051828788,0.4992753899358362,,,0.056182048502401064,724,0.18406593406593408,0.027884622793898473,1.0,"{""Negative"": 0.5751295336787565, ""Neutral"": 0.33774834437086093, ""Positive"": 0.6744791666666666}","[[111, 27, 68], [30, 51, 103], [39, 40, 259]]"
s6_B3_optimizer_seed44,bigru_content_gate_time_pool,44,select,select:0:0.10:random:independent:1,0.5755494505494505,0.5301139196814386,0.6644801031095723,0.5025426737330498,0.6740512402144844,0.5037983304335213,,,0.056182048502401064,724,0.18818681318681318,0.02730228500507035,1.0,"{""Negative"": 0.5529715762273901, ""Neutral"": 0.36721311475409835, ""Positive"": 0.6701570680628273}","[[107, 25, 74], [32, 56, 96], [42, 40, 256]]"
s6_B3_optimizer_seed44,bigru_content_gate_time_pool,44,select,select:0:0.10:random:independent:2,0.5673076923076923,0.5173333116347311,0.666693330956881,0.49934139398901617,0.6758420023514511,0.49933547910355175,,,0.056182048502401064,724,0.18681318681318682,0.026916664775256272,1.0,"{""Negative"": 0.5483028720626631, ""Neutral"": 0.3344262295081967, ""Positive"": 0.6692708333333334}","[[105, 26, 75], [35, 51, 98], [37, 44, 257]]"
s6_B3_optimizer_seed44,bigru_content_gate_time_pool,44,select,select:0:0.30:random:independent:0,0.570054945054945,0.510217422451465,0.681977109478365,0.473026522745885,0.6902642555657651,0.4727841668103834,,,0.12130579873272207,724,0.16758241758241757,0.021586617720061606,1.0,"{""Negative"": 0.5319148936170213, ""Neutral"": 0.3194444444444444, ""Positive"": 0.6792929292929293}","[[100, 27, 79], [32, 46, 106], [38, 31, 269]]"
s6_B3_optimizer_seed44,bigru_content_gate_time_pool,44,select,select:0:0.30:random:independent:1,0.5645604395604396,0.502057256685083,0.6835103032344809,0.4889378677770383,0.6899755160314042,0.49000867537405457,,,0.12130579873272207,724,0.16071428571428573,0.021920019710031182,1.0,"{""Negative"": 0.5308310991957105, ""Neutral"": 0.2986111111111111, ""Positive"": 0.6767295597484276}","[[99, 31, 76], [29, 43, 112], [39, 30, 269]]"
s6_B3_optimizer_seed44,bigru_content_gate_time_pool,44,select,select:0:0.30:random:independent:2,0.5590659340659341,0.4928610541017009,0.6854024515370992,0.4551145888426525,0.6926373809545332,0.4558633942354919,,,0.12130579873272207,724,0.15384615384615385,0.01911268117778249,1.0,"{""Negative"": 0.5091863517060368, ""Neutral"": 0.2918149466192171, ""Positive"": 0.6775818639798489}","[[97, 30, 79], [35, 41, 108], [43, 26, 269]]"
s6_B3_optimizer_seed44,bigru_content_gate_time_pool,44,select,select:0:0.50:random:independent:0,0.5439560439560439,0.4802790823581564,0.7036592736454128,0.42780243010363583,0.7135311842097768,0.42298819969243734,,,0.1909987908537763,724,0.17032967032967034,0.020540579046317183,1.0,"{""Negative"": 0.48404255319148937, ""Neutral"": 0.2968197879858657, ""Positive"": 0.6599749058971142}","[[91, 30, 85], [31, 42, 111], [48, 27, 263]]"
s6_B3_optimizer_seed44,bigru_content_gate_time_pool,44,select,select:0:0.50:random:independent:1,0.5357142857142857,0.47261419481252825,0.7242215272461566,0.3775432453892731,0.733231669783101,0.3717670187248211,,,0.1909987908537763,724,0.1510989010989011,0.019192467428768404,1.0,"{""Negative"": 0.4896907216494845, ""Neutral"": 0.2775800711743772, ""Positive"": 0.650571791613723}","[[95, 24, 87], [39, 39, 106], [48, 34, 256]]"
s6_B3_optimizer_seed44,bigru_content_gate_time_pool,44,select,select:0:0.50:random:independent:2,0.5480769230769231,0.4869533652201949,0.7071008765246597,0.42318451530460444,0.7164812349601761,0.41955591605085635,,,0.1909987908537763,724,0.15796703296703296,0.019432587430478782,1.0,"{""Negative"": 0.4869109947643979, ""Neutral"": 0.31316725978647686, ""Positive"": 0.6607818411097099}","[[93, 27, 86], [33, 44, 107], [50, 26, 262]]"
s6_B3_optimizer_seed44,bigru_content_gate_time_pool,44,select,select:1:0.10:random:independent:0,0.592032967032967,0.545137651020004,0.6480015947629545,0.5281668145768003,0.6600418893804589,0.5260998651413235,,,0.056143892214244775,724,0.18818681318681318,0.02892404191986054,1.0,"{""Negative"": 0.5818181818181818, ""Neutral"": 0.3660130718954248, ""Positive"": 0.6875816993464052}","[[112, 28, 66], [30, 56, 98], [37, 38, 263]]"
s6_B3_optimizer_seed44,bigru_content_gate_time_pool,44,select,select:1:0.10:random:independent:1,0.5934065934065934,0.5500213302022535,0.6469226533944299,0.5301490487479728,0.6586273800950129,0.5298710145688954,,,0.056143892214244775,724,0.20192307692307693,0.03067509241107401,1.0,"{""Negative"": 0.583554376657825, ""Neutral"": 0.379746835443038, ""Positive"": 0.6867627785058977}","[[110, 30, 66], [27, 60, 97], [34, 42, 262]]"
s6_B3_optimizer_seed44,bigru_content_gate_time_pool,44,select,select:1:0.10:random:independent:2,0.592032967032967,0.5481403908563828,0.6459987032521229,0.5305647578981334,0.6579770861183304,0.5288976546398958,,,0.056143892214244775,724,0.19642857142857142,0.030135323392141325,1.0,"{""Negative"": 0.5796344647519582, ""Neutral"": 0.38064516129032255, ""Positive"": 0.6841415465268676}","[[111, 27, 68], [29, 59, 96], [37, 40, 261]]"
s6_B3_optimizer_seed44,bigru_content_gate_time_pool,44,select,select:1:0.30:random:independent:0,0.5947802197802198,0.5491716429217356,0.6440219102319453,0.5391792020518837,0.6548411133699119,0.5379858663956438,,,0.12118179079621412,724,0.17994505494505494,0.02798140274275626,1.0,"{""Negative"": 0.596401028277635, ""Neutral"": 0.36245954692556637, ""Positive"": 0.6886543535620053}","[[116, 26, 64], [33, 56, 95], [34, 43, 261]]"
s6_B3_optimizer_seed44,bigru_content_gate_time_pool,44,select,select:1:0.30:random:independent:1,0.5961538461538461,0.5502559403748073,0.6426974108631549,0.5374938080846964,0.6546842955247305,0.5337149055945711,,,0.12118179079621412,724,0.18269230769230768,0.026845543949568007,1.0,"{""Negative"": 0.5818181818181818, ""Neutral"": 0.3778501628664495, ""Positive"": 0.6910994764397905}","[[112, 27, 67], [31, 58, 95], [36, 38, 264]]"
s6_B3_optimizer_seed44,bigru_content_gate_time_pool,44,select,select:1:0.30:random:independent:2,0.5906593406593407,0.5445620986369133,0.6450085362971238,0.5345785869629827,0.6557428725114972,0.5343611569274314,,,0.12118179079621412,724,0.18269230769230768,0.027608723950942788,1.0,"{""Negative"": 0.5882352941176471, ""Neutral"": 0.36303630363036304, ""Positive"": 0.6824146981627297}","[[115, 26, 65], [30, 55, 99], [40, 38, 260]]"
s6_B3_optimizer_seed44,bigru_content_gate_time_pool,44,select,select:1:0.50:random:independent:0,0.6085164835164835,0.5664049273171777,0.635635699442291,0.5439507280539123,0.6492523198773327,0.5405548267199404,,,0.19077939219687765,724,0.19093406593406592,0.028880344808470085,1.0,"{""Negative"": 0.6035805626598465, ""Neutral"": 0.3961661341853035, ""Positive"": 0.699468085106383}","[[118, 27, 61], [32, 62, 90], [35, 40, 263]]"
s6_B3_optimizer_seed44,bigru_content_gate_time_pool,44,select,select:1:0.50:random:independent:1,0.6043956043956044,0.5610948177412355,0.641223307302152,0.5381756961339259,0.6538134931617385,0.5383542609673932,,,0.19077939219687765,724,0.18956043956043955,0.02974918237994988,1.0,"{""Negative"": 0.5939086294416244, ""Neutral"": 0.38977635782747605, ""Positive"": 0.6995994659546061}","[[117, 29, 60], [34, 61, 89], [37, 39, 262]]"
s6_B3_optimizer_seed44,bigru_content_gate_time_pool,44,select,select:1:0.50:random:independent:2,0.5989010989010989,0.5578329681013486,0.6388782910378343,0.5443605725468366,0.6487040743027087,0.5463398441174745,,,0.19077939219687765,724,0.18956043956043955,0.029321943145048813,1.0,"{""Negative"": 0.5903307888040712, ""Neutral"": 0.3924050632911392, ""Positive"": 0.6907630522088354}","[[116, 28, 62], [33, 62, 89], [38, 42, 258]]"
s6_B3_optimizer_seed44,bigru_content_gate_time_pool,44,select,select:2:0.10:random:independent:0,0.5851648351648352,0.5368199143692566,0.6528166695684031,0.5237456624219707,0.6641384124663751,0.5226536386231111,,,0.05471828184470957,703,0.19093406593406592,0.02946797673490185,1.0,"{""Negative"": 0.5684210526315789, ""Neutral"": 0.35714285714285715, ""Positive"": 0.6848958333333334}","[[108, 31, 67], [29, 55, 100], [37, 38, 263]]"
s6_B3_optimizer_seed44,bigru_content_gate_time_pool,44,select,select:2:0.10:random:independent:1,0.5810439560439561,0.531738145719093,0.6525088728998225,0.5254117573238604,0.6634301990833502,0.5242697319604164,,,0.054688334898890016,703,0.19230769230769232,0.029925736013930906,1.0,"{""Negative"": 0.5623342175066313, ""Neutral"": 0.35064935064935066, ""Positive"": 0.682230869001297}","[[106, 32, 68], [28, 54, 102], [37, 38, 263]]"
s6_B3_optimizer_seed44,bigru_content_gate_time_pool,44,select,select:2:0.10:random:independent:2,0.5796703296703297,0.5319704986371653,0.653817285899425,0.5229090106233082,0.6633178729993793,0.5241139935974082,,,0.05481930502759008,703,0.19093406593406592,0.029563463872196254,1.0,"{""Negative"": 0.5608465608465608, ""Neutral"": 0.35714285714285715, ""Positive"": 0.6779220779220779}","[[106, 30, 70], [28, 55, 101], [38, 39, 261]]"
s6_B3_optimizer_seed44,bigru_content_gate_time_pool,44,select,select:2:0.30:random:independent:0,0.5851648351648352,0.5333491378093868,0.6521183197743864,0.5304382339037417,0.6639690735725338,0.5256256880175969,,,0.11537182825966232,703,0.17582417582417584,0.028286638805515813,1.0,"{""Negative"": 0.5669291338582677, ""Neutral"": 0.3466666666666667, ""Positive"": 0.6864516129032258}","[[108, 29, 69], [30, 52, 102], [37, 35, 266]]"
s6_B3_optimizer_seed44,bigru_content_gate_time_pool,44,select,select:2:0.30:random:independent:1,0.5824175824175825,0.5307391414782829,0.6514570046580099,0.5244267164843842,0.6623752464918973,0.5230093626550807,,,0.11628030776814742,703,0.18269230769230768,0.029416780326654624,1.0,"{""Negative"": 0.5616797900262467, ""Neutral"": 0.3466666666666667, ""Positive"": 0.6838709677419355}","[[107, 29, 70], [30, 52, 102], [38, 35, 265]]"
s6_B3_optimizer_seed44,bigru_content_gate_time_pool,44,select,select:2:0.30:random:independent:2,0.5782967032967034,0.5250631154445472,0.6565004832941261,0.521505986780996,0.6653724580665457,0.5223451546502955,,,0.11578318848929205,703,0.17445054945054944,0.02843550009399161,1.0,"{""Negative"": 0.5654450261780105, ""Neutral"": 0.3310810810810811, ""Positive"": 0.6786632390745502}","[[108, 27, 71], [30, 49, 105], [38, 36, 264]]"
s6_B3_optimizer_seed44,bigru_content_gate_time_pool,44,select,select:2:0.50:random:independent:0,0.5810439560439561,0.5270792274339772,0.6522312568706307,0.529760768191484,0.6639632719087896,0.5268327194248622,,,0.18051985710310411,703,0.17582417582417584,0.03001008112288111,1.0,"{""Negative"": 0.5736434108527132, ""Neutral"": 0.3254237288135593, ""Positive"": 0.6821705426356589}","[[111, 28, 67], [31, 48, 105], [39, 35, 264]]"
s6_B3_optimizer_seed44,bigru_content_gate_time_pool,44,select,select:2:0.50:random:independent:1,0.5728021978021978,0.515128630503675,0.6575785636037588,0.5238407146950337,0.666317020849949,0.5229778507475012,,,0.18035659556840442,703,0.1662087912087912,0.027545087833571565,1.0,"{""Negative"": 0.5641025641025641, ""Neutral"": 0.30344827586206896, ""Positive"": 0.6778350515463918}","[[110, 29, 67], [32, 44, 108], [42, 33, 263]]"
s6_B3_optimizer_seed44,bigru_content_gate_time_pool,44,select,select:2:0.50:random:independent:2,0.5837912087912088,0.529026692443873,0.6570342232047119,0.5178365884727978,0.667451125160269,0.5175108326565087,,,0.18067481495681129,703,0.16895604395604397,0.028799877382479196,1.0,"{""Negative"": 0.5662337662337662, ""Neutral"": 0.33447098976109213, ""Positive"": 0.6863753213367609}","[[109, 27, 70], [32, 49, 103], [38, 33, 267]]"
s6_B3_optimizer_seed44,bigru_content_gate_time_pool,44,select,select:01:0.10:random:independent:0,0.5892857142857143,0.5396095298334388,0.659525060607542,0.5067400802600862,0.671799838926725,0.50551815527954,,,0.09164042378228397,724,0.18681318681318682,0.0260816480342094,1.0,"{""Negative"": 0.5546666666666666, ""Neutral"": 0.37254901960784315, ""Positive"": 0.6916129032258065}","[[104, 28, 74], [32, 57, 95], [33, 37, 268]]"
s6_B3_optimizer_seed44,bigru_content_gate_time_pool,44,select,select:01:0.10:random:independent:1,0.5837912087912088,0.5362240247794884,0.6593508696528745,0.509557042343928,0.6703796753209534,0.5106953181870205,,,0.09164042378228397,724,0.17994505494505494,0.027630378983898477,1.0,"{""Negative"": 0.5572916666666666, ""Neutral"": 0.3708609271523179, ""Positive"": 0.6805194805194805}","[[107, 26, 73], [31, 56, 97], [40, 36, 262]]"
s6_B3_optimizer_seed44,bigru_content_gate_time_pool,44,select,select:01:0.10:random:independent:2,0.5851648351648352,0.5362500089294643,0.6595062657397117,0.5068219982745944,0.6700654136641258,0.5041269806371509,,,0.09164042378228397,724,0.18543956043956045,0.02551364398597033,1.0,"{""Negative"": 0.5766233766233766, ""Neutral"": 0.34983498349834985, ""Positive"": 0.6822916666666666}","[[111, 26, 69], [32, 53, 99], [36, 40, 262]]"
s6_B3_optimizer_seed44,bigru_content_gate_time_pool,44,select,select:01:0.30:random:independent:0,0.5728021978021978,0.5122219482724554,0.6644032274974899,0.508764521735065,0.6697207841776557,0.510737504394682,,,0.22180207259457435,724,0.15796703296703296,0.018522681216240584,1.0,"{""Negative"": 0.5564304461942258, ""Neutral"": 0.3017543859649123, ""Positive"": 0.6784810126582278}","[[106, 23, 77], [34, 43, 107], [35, 35, 268]]"
s6_B3_optimizer_seed44,bigru_content_gate_time_pool,44,select,select:01:0.30:random:independent:1,0.5673076923076923,0.5113284482821757,0.6777838086974571,0.47180756209077973,0.6831540886394598,0.4767674193017403,,,0.22180207259457435,724,0.16483516483516483,0.020406209012890583,1.0,"{""Negative"": 0.5435897435897435, ""Neutral"": 0.3194444444444444, ""Positive"": 0.6709511568123393}","[[106, 26, 74], [33, 46, 105], [45, 32, 261]]"
s6_B3_optimizer_seed44,bigru_content_gate_time_pool,44,select,select:01:0.30:random:independent:2,0.5563186813186813,0.5006892256673589,0.6821097385819306,0.46747059958833365,0.6872371739892105,0.47009359446462745,,,0.22180207259457435,724,0.18269230769230768,0.02092150726554977,1.0,"{""Negative"": 0.5175202156334232, ""Neutral"": 0.31788079470198677, ""Positive"": 0.6666666666666666}","[[96, 33, 77], [29, 48, 107], [40, 37, 261]]"
s6_B3_optimizer_seed44,bigru_content_gate_time_pool,44,select,select:01:0.50:random:independent:0,0.5631868131868132,0.5036855188703865,0.6906377178957338,0.45083512842553936,0.6999822080411672,0.44655533498835887,,,0.36109266611629226,724,0.17994505494505494,0.02166293105660723,1.0,"{""Negative"": 0.5117493472584856, ""Neutral"": 0.31543624161073824, ""Positive"": 0.6838709677419355}","[[98, 35, 73], [38, 47, 99], [41, 32, 265]]"
s6_B3_optimizer_seed44,bigru_content_gate_time_pool,44,select,select:01:0.50:random:independent:1,0.5659340659340659,0.5118035480402985,0.6882527199886411,0.43553200676400455,0.6966334805046055,0.4295757308838614,,,0.36109266611629226,724,0.16346153846153846,0.018373973619250153,1.0,"{""Negative"": 0.5208333333333334, ""Neutral"": 0.3436426116838488, ""Positive"": 0.6709346991037132}","[[100, 26, 80], [33, 50, 101], [45, 31, 262]]"
s6_B3_optimizer_seed44,bigru_content_gate_time_pool,44,select,select:01:0.50:random:independent:2,0.5384615384615384,0.486180244875897,0.7073684580452905,0.422438945189525,0.713265202990682,0.4195078655858195,,,0.36109266611629226,724,0.19917582417582416,0.022845580259333927,1.0,"{""Negative"": 0.4883116883116883, ""Neutral"": 0.3141025641025641, ""Positive"": 0.6561264822134387}","[[94, 35, 77], [40, 49, 95], [45, 44, 249]]"
s6_B3_optimizer_seed44,bigru_content_gate_time_pool,44,select,select:02:0.10:random:independent:0,0.5714285714285714,0.5222529954810341,0.6681760720290898,0.5004919718462468,0.6785190322354517,0.499842463883246,,,0.09025892452344063,724,0.18818681318681318,0.02751464587679276,1.0,"{""Negative"": 0.5411140583554377, ""Neutral"": 0.35294117647058826, ""Positive"": 0.6727037516170763}","[[102, 31, 73], [28, 54, 102], [41, 37, 260]]"
s6_B3_optimizer_seed44,bigru_content_gate_time_pool,44,select,select:02:0.10:random:independent:1,0.5851648351648352,0.5359315677496207,0.671086217517725,0.496709777869811,0.6803136459490345,0.49698188287205836,,,0.09020706469477802,724,0.16895604395604397,0.02613511313913124,1.0,"{""Negative"": 0.5706806282722513, ""Neutral"": 0.3593220338983051, ""Positive"": 0.6777920410783055}","[[109, 21, 76], [30, 53, 101], [37, 37, 264]]"
s6_B3_optimizer_seed44,bigru_content_gate_time_pool,44,select,select:02:0.10:random:independent:2,0.5851648351648352,0.5358644880239106,0.6619169639975242,0.5106570264006723,0.672815535294281,0.5095353202252227,,,0.09022829257477709,724,0.18681318681318682,0.02807916164470243,1.0,"{""Negative"": 0.5818181818181818, ""Neutral"": 0.3443708609271523, ""Positive"": 0.6814044213263979}","[[112, 28, 66], [29, 52, 103], [38, 38, 262]]"
s6_B3_optimizer_seed44,bigru_content_gate_time_pool,44,select,select:02:0.30:random:independent:0,0.5810439560439561,0.5210635516617995,0.682543925439509,0.48497808731401193,0.692940936551767,0.4798812396527173,,,0.21662896826569322,724,0.1565934065934066,0.02260087613532995,1.0,"{""Negative"": 0.544, ""Neutral"": 0.3333333333333333, ""Positive"": 0.685857321652065}","[[102, 24, 80], [30, 47, 107], [37, 27, 274]]"
s6_B3_optimizer_seed44,bigru_content_gate_time_pool,44,select,select:02:0.30:random:independent:1,0.5673076923076923,0.5003126150738116,0.6986652372254203,0.44800694651632755,0.7080232650809154,0.44740834136854496,,,0.2163273861362854,724,0.15521978021978022,0.020680592039505858,1.0,"{""Negative"": 0.5095890410958904, ""Neutral"": 0.3115942028985507, ""Positive"": 0.6797546012269938}","[[93, 24, 89], [30, 43, 111], [36, 25, 277]]"
s6_B3_optimizer_seed44,bigru_content_gate_time_pool,44,select,select:02:0.30:random:independent:2,0.554945054945055,0.48956471058197937,0.690389519031223,0.4644719553415479,0.6956426446776387,0.46983322043501835,,,0.21614375377087763,724,0.15934065934065933,0.02089788386977308,1.0,"{""Negative"": 0.5041551246537396, ""Neutral"": 0.2978723404255319, ""Positive"": 0.6666666666666666}","[[91, 30, 85], [23, 42, 119], [41, 26, 271]]"
s6_B3_optimizer_seed44,bigru_content_gate_time_pool,44,select,select:02:0.50:random:independent:0,0.521978021978022,0.43899937857749344,0.7312423107037586,0.36452703084431315,0.7363657371274063,0.36483759355616696,,,0.3507859006961929,724,0.13736263736263737,0.01616733405158579,1.0,"{""Negative"": 0.44086021505376344, ""Neutral"": 0.2248062015503876, ""Positive"": 0.6513317191283293}","[[82, 24, 100], [36, 29, 119], [48, 21, 269]]"
s6_B3_optimizer_seed44,bigru_content_gate_time_pool,44,select,select:02:0.50:random:independent:1,0.5412087912087912,0.446608003588888,0.7223669318793975,0.37945978707422306,0.7289230885383274,0.3724478987693768,,,0.35119532701886813,724,0.11401098901098901,0.014008208837646703,1.0,"{""Negative"": 0.4676056338028169, ""Neutral"": 0.20242914979757085, ""Positive"": 0.6697892271662763}","[[83, 23, 100], [29, 25, 130], [37, 15, 286]]"
s6_B3_optimizer_seed44,bigru_content_gate_time_pool,44,select,select:02:0.50:random:independent:2,0.5439560439560439,0.4602213223023277,0.7224002226295871,0.3959646710004819,0.7264691387241767,0.3968674508442497,,,0.35125174458983455,724,0.11950549450549451,0.014129431517741509,1.0,"{""Negative"": 0.46458923512747874, ""Neutral"": 0.25098039215686274, ""Positive"": 0.6650943396226415}","[[82, 17, 107], [31, 32, 121], [34, 22, 282]]"
s6_B3_optimizer_seed44,bigru_content_gate_time_pool,44,select,select:12:0.10:random:independent:0,0.5851648351648352,0.5362525430564135,0.6469926354526491,0.5314826957501765,0.6592554918203789,0.5298129196556915,,,0.09011852407557222,724,0.18681318681318682,0.02965237973742596,1.0,"{""Negative"": 0.5796344647519582, ""Neutral"": 0.34415584415584416, ""Positive"": 0.6849673202614379}","[[111, 31, 64], [30, 53, 101], [36, 40, 262]]"
s6_B3_optimizer_seed44,bigru_content_gate_time_pool,44,select,select:12:0.10:random:independent:1,0.5865384615384616,0.5391199790028868,0.6503999315939106,0.5263383466094923,0.6603256869181008,0.5269059902661406,,,0.09019592878213162,724,0.18818681318681318,0.02868504048913389,1.0,"{""Negative"": 0.5744125326370757, ""Neutral"": 0.36065573770491804, ""Positive"": 0.6822916666666666}","[[110, 29, 67], [28, 55, 101], [39, 37, 262]]"
s6_B3_optimizer_seed44,bigru_content_gate_time_pool,44,select,select:12:0.10:random:independent:2,0.5934065934065934,0.5442410207358184,0.6470406545795009,0.5310663142761531,0.6578616931942384,0.5296731069587366,,,0.09018448391793114,724,0.18269230769230768,0.02878884680999832,1.0,"{""Negative"": 0.5796344647519582, ""Neutral"": 0.35947712418300654, ""Positive"": 0.6936114732724902}","[[111, 30, 65], [31, 55, 98], [35, 37, 266]]"
s6_B3_optimizer_seed44,bigru_content_gate_time_pool,44,select,select:12:0.30:random:independent:0,0.5947802197802198,0.54413904479128,0.6445066459880753,0.543932037408314,0.6556595292781572,0.5425837707790339,,,0.21577850944764493,724,0.1771978021978022,0.029237722873802365,1.0,"{""Negative"": 0.5927835051546392, ""Neutral"": 0.34782608695652173, ""Positive"": 0.6918075422626788}","[[115, 26, 65], [32, 52, 100], [35, 37, 266]]"
s6_B3_optimizer_seed44,bigru_content_gate_time_pool,44,select,select:12:0.30:random:independent:1,0.5934065934065934,0.5454737153129554,0.6467170664579167,0.5336464565307539,0.6561984424991022,0.5328338210520985,,,0.2160189805783876,724,0.17994505494505494,0.027884067270217028,1.0,"{""Negative"": 0.5969387755102041, ""Neutral"": 0.35451505016722407, ""Positive"": 0.6849673202614379}","[[117, 24, 65], [31, 53, 100], [38, 38, 262]]"
s6_B3_optimizer_seed44,bigru_content_gate_time_pool,44,select,select:12:0.30:random:independent:2,0.5989010989010989,0.5510703388023808,0.6433188793696955,0.5368507312429617,0.6545683309067409,0.535002703585877,,,0.21623765565574107,724,0.16758241758241757,0.024682120209776767,1.0,"{""Negative"": 0.5918367346938775, ""Neutral"": 0.37037037037037035, ""Positive"": 0.6910039113428944}","[[116, 25, 65], [30, 55, 99], [40, 33, 265]]"
s6_B3_optimizer_seed44,bigru_content_gate_time_pool,44,select,select:12:0.50:random:independent:0,0.5892857142857143,0.5429537677155684,0.6416775129761506,0.5373787026960438,0.6549508483149111,0.5323714715995277,,,0.3507132531656354,724,0.17857142857142858,0.02987680016327854,1.0,"{""Negative"": 0.581151832460733, ""Neutral"": 0.36363636363636365, ""Positive"": 0.6840731070496083}","[[111, 29, 66], [28, 56, 100], [37, 39, 262]]"
s6_B3_optimizer_seed44,bigru_content_gate_time_pool,44,select,select:12:0.50:random:independent:1,0.5934065934065934,0.5482580082338672,0.6439831468558573,0.5354302432320796,0.6536767110023852,0.5340707574856134,,,0.3507343430875613,724,0.17994505494505494,0.02899392340872641,1.0,"{""Negative"": 0.5933503836317136, ""Neutral"": 0.36721311475409835, ""Positive"": 0.6842105263157895}","[[116, 26, 64], [30, 56, 98], [39, 39, 260]]"
s6_B3_optimizer_seed44,bigru_content_gate_time_pool,44,select,select:12:0.50:random:independent:2,0.5934065934065934,0.5433982040366578,0.6413377508703414,0.5384796587784156,0.6507127566089096,0.5371740021992613,,,0.3509549248224926,724,0.16895604395604397,0.02614364192145211,1.0,"{""Negative"": 0.5953002610966057, ""Neutral"": 0.3466666666666667, ""Positive"": 0.6882276843467011}","[[114, 25, 67], [30, 52, 102], [33, 39, 266]]"
s6_B3_optimizer_seed44,bigru_content_gate_time_pool,44,select,select:012:0.10:random:independent:0,0.5851648351648352,0.5389266171848709,0.6617919092339228,0.5086027732919558,0.6732739652814037,0.5099663757080798,,,0.12558993973665408,724,0.1978021978021978,0.029530035992900095,1.0,"{""Negative"": 0.5684210526315789, ""Neutral"": 0.36421725239616615, ""Positive"": 0.6841415465268676}","[[108, 29, 69], [32, 57, 95], [34, 43, 261]]"
s6_B3_optimizer_seed44,bigru_content_gate_time_pool,44,select,select:012:0.10:random:independent:1,0.5851648351648352,0.53577089836684,0.6642962620722969,0.49712268469269333,0.6761010850032607,0.4949176118337356,,,0.12571082327220762,724,0.1771978021978022,0.025837216941234503,1.0,"{""Negative"": 0.5633074935400517, ""Neutral"": 0.36, ""Positive"": 0.6840052015604682}","[[109, 26, 71], [33, 54, 97], [39, 36, 263]]"
s6_B3_optimizer_seed44,bigru_content_gate_time_pool,44,select,select:012:0.10:random:independent:2,0.5837912087912088,0.5365792259788947,0.661970381233309,0.5095995060202,0.6712295382928389,0.5091454304078632,,,0.1256004676726215,724,0.1813186813186813,0.026396555081763105,1.0,"{""Negative"": 0.5616797900262467, ""Neutral"": 0.3684210526315789, ""Positive"": 0.6796368352788587}","[[107, 27, 72], [29, 56, 99], [39, 37, 262]]"
s6_B3_optimizer_seed44,bigru_content_gate_time_pool,44,select,select:012:0.30:random:independent:0,0.5618131868131868,0.5030880394168628,0.6817131607456522,0.4867013157241128,0.6903081763648315,0.4865712834107925,,,0.3162180586060894,724,0.1510989010989011,0.02029080808230645,1.0,"{""Negative"": 0.520618556701031, ""Neutral"": 0.3202846975088968, ""Positive"": 0.6683608640406608}","[[101, 25, 80], [33, 45, 106], [48, 27, 263]]"
s6_B3_optimizer_seed44,bigru_content_gate_time_pool,44,select,select:012:0.30:random:independent:1,0.5645604395604396,0.5041972704596591,0.6804831122680025,0.46772691055698196,0.6896043024588745,0.4679485983286341,,,0.3167463590511638,724,0.14697802197802198,0.01848529384460423,1.0,"{""Negative"": 0.5185185185185185, ""Neutral"": 0.3249097472924188, ""Positive"": 0.6691635455680399}","[[98, 20, 88], [32, 45, 107], [42, 28, 268]]"
s6_B3_optimizer_seed44,bigru_content_gate_time_pool,44,select,select:012:0.30:random:independent:2,0.5837912087912088,0.5195268575916326,0.6760463984431965,0.49266137049553055,0.6823153314999417,0.4935474815282226,,,0.31705028085974835,724,0.14560439560439561,0.01829278391724923,1.0,"{""Negative"": 0.5721784776902887, ""Neutral"": 0.3014705882352941, ""Positive"": 0.684931506849315}","[[109, 19, 78], [31, 41, 112], [35, 28, 275]]"
s6_B3_optimizer_seed44,bigru_content_gate_time_pool,44,select,select:012:0.50:random:independent:0,0.5659340659340659,0.49044192457797314,0.6915833473281874,0.45832707123038186,0.6979943669482984,0.45458410593882886,,,0.5214278455584954,724,0.13873626373626374,0.014859920866762872,1.0,"{""Negative"": 0.5205479452054794, ""Neutral"": 0.26373626373626374, ""Positive"": 0.687041564792176}","[[95, 30, 81], [30, 36, 118], [34, 23, 281]]"
s6_B3_optimizer_seed44,bigru_content_gate_time_pool,44,select,select:012:0.50:random:independent:1,0.5521978021978022,0.4805354611172157,0.6915140811672169,0.46149640403078807,0.6989021124267071,0.46080759463733884,,,0.5211035116402414,724,0.14285714285714285,0.017677192734869625,1.0,"{""Negative"": 0.48044692737430167, ""Neutral"": 0.2888086642599278, ""Positive"": 0.6723507917174177}","[[86, 28, 92], [29, 40, 115], [37, 25, 276]]"
s6_B3_optimizer_seed44,bigru_content_gate_time_pool,44,select,select:012:0.50:random:independent:2,0.5645604395604396,0.5002485550862523,0.6947773813216978,0.4599025737004031,0.7010251720087951,0.4577373450523505,,,0.5211950835022432,724,0.1510989010989011,0.018493457975066626,1.0,"{""Negative"": 0.5411140583554377, ""Neutral"": 0.2888086642599278, ""Positive"": 0.6708229426433915}","[[102, 21, 83], [32, 40, 112], [37, 32, 269]]"
s6_B3_optimizer_seed44,bigru_content_gate_time_pool,44,clean,clean:clean,0.5892857142857143,0.5439836219876737,0.6503168039366275,0.5256762580463228,0.6626358741925067,0.5238800275472346,,,0.020685516934361863,0,0.19230769230769232,0.03047538133521492,1.0,"{""Negative"": 0.5736842105263158, ""Neutral"": 0.3741935483870968, ""Positive"": 0.6840731070496083}","[[109, 29, 68], [28, 58, 98], [37, 39, 262]]"
s6_B2_baseline_seed43,three_modality_masked_mean_concat_mlp,43,select,select:0:0.10:random:independent:0,0.570054945054945,0.5084887235526622,0.6623136174538515,0.4855520709049457,0.673621106282923,0.4837242692086415,,,0.056182048502401064,724,0.16758241758241757,0.02412442759071057,1.0,"{""Negative"": 0.5741176470588235, ""Neutral"": 0.27941176470588236, ""Positive"": 0.6719367588932806}","[[122, 21, 63], [43, 38, 103], [54, 29, 255]]"
s6_B2_baseline_seed43,three_modality_masked_mean_concat_mlp,43,select,select:0:0.10:random:independent:1,0.5631868131868132,0.508182529060658,0.6584733317257698,0.4948372113826323,0.6694846284837375,0.48912302428554816,,,0.056182048502401064,724,0.18269230769230768,0.024745242890067767,1.0,"{""Negative"": 0.5653206650831354, ""Neutral"": 0.2978723404255319, ""Positive"": 0.6613545816733067}","[[119, 19, 68], [44, 42, 98], [52, 37, 249]]"
s6_B2_baseline_seed43,three_modality_masked_mean_concat_mlp,43,select,select:0:0.10:random:independent:2,0.5659340659340659,0.5098339169310163,0.6623733576023706,0.485579544007068,0.6737958217221364,0.485886396117829,,,0.056182048502401064,724,0.18543956043956045,0.02492422098604921,1.0,"{""Negative"": 0.5550239234449761, ""Neutral"": 0.30604982206405695, ""Positive"": 0.6684280052840158}","[[116, 22, 68], [43, 43, 98], [53, 32, 253]]"
s6_B2_baseline_seed43,three_modality_masked_mean_concat_mlp,43,select,select:0:0.30:random:independent:0,0.5824175824175825,0.5339260053400917,0.6603067447320655,0.4903306126915223,0.6749173468113161,0.48438911339013,,,0.12130579873272207,724,0.2032967032967033,0.026574506842926816,1.0,"{""Negative"": 0.5851318944844125, ""Neutral"": 0.3401360544217687, ""Positive"": 0.676510067114094}","[[122, 23, 61], [40, 50, 94], [49, 37, 252]]"
s6_B2_baseline_seed43,three_modality_masked_mean_concat_mlp,43,select,select:0:0.30:random:independent:1,0.5686813186813187,0.5163877659276538,0.6666583361489801,0.495875197002341,0.675707304520164,0.49414798114286024,,,0.12130579873272207,724,0.1978021978021978,0.02727297512695275,1.0,"{""Negative"": 0.5714285714285714, ""Neutral"": 0.30927835051546393, ""Positive"": 0.6684563758389261}","[[120, 25, 61], [42, 45, 97], [52, 37, 249]]"
s6_B2_baseline_seed43,three_modality_masked_mean_concat_mlp,43,select,select:0:0.30:random:independent:2,0.5659340659340659,0.505062689282355,0.6743297218890615,0.45591146559565005,0.6840722727036657,0.458478533662539,,,0.12130579873272207,724,0.17307692307692307,0.026139430116603128,1.0,"{""Negative"": 0.5380952380952381, ""Neutral"": 0.3025830258302583, ""Positive"": 0.6745098039215687}","[[113, 22, 71], [45, 41, 98], [56, 24, 258]]"
s6_B2_baseline_seed43,three_modality_masked_mean_concat_mlp,43,select,select:0:0.50:random:independent:0,0.554945054945055,0.5086413147086599,0.6836748898077833,0.4627445987301251,0.695750898436917,0.46240474654298125,,,0.1909987908537763,724,0.19917582417582416,0.03146865774173044,1.0,"{""Negative"": 0.5620608899297423, ""Neutral"": 0.31543624161073824, ""Positive"": 0.6484268125854993}","[[120, 27, 59], [40, 47, 97], [61, 40, 237]]"
s6_B2_baseline_seed43,three_modality_masked_mean_concat_mlp,43,select,select:0:0.50:random:independent:1,0.5425824175824175,0.5004050154674616,0.7077926419675208,0.4005201983055674,0.7190678045687721,0.4056524146297389,,,0.1909987908537763,724,0.23763736263736263,0.03691163165290779,1.0,"{""Negative"": 0.5253012048192771, ""Neutral"": 0.3365695792880259, ""Positive"": 0.639344262295082}","[[109, 25, 72], [44, 52, 88], [56, 48, 234]]"
s6_B2_baseline_seed43,three_modality_masked_mean_concat_mlp,43,select,select:0:0.50:random:independent:2,0.5521978021978022,0.5009578820687399,0.6944928285369322,0.437393010907143,0.7009789548660142,0.4464947574832894,,,0.1909987908537763,724,0.2184065934065934,0.03245544596401268,1.0,"{""Negative"": 0.526829268292683, ""Neutral"": 0.3164983164983165, ""Positive"": 0.6595460614152203}","[[108, 34, 64], [37, 47, 100], [59, 32, 247]]"
s6_B2_baseline_seed43,three_modality_masked_mean_concat_mlp,43,select,select:1:0.10:random:independent:0,0.5810439560439561,0.520586109181866,0.6519477495105912,0.5037364532071027,0.6652484574060309,0.4971026115675118,,,0.056143892214244775,724,0.1771978021978022,0.025191580079329087,1.0,"{""Negative"": 0.5721153846153846, ""Neutral"": 0.3010752688172043, ""Positive"": 0.6885676741130092}","[[119, 23, 64], [45, 42, 97], [46, 30, 262]]"
s6_B2_baseline_seed43,three_modality_masked_mean_concat_mlp,43,select,select:1:0.10:random:independent:1,0.5810439560439561,0.5233573670901932,0.6512855728891366,0.5055703320688016,0.664407998765435,0.4972656234950218,,,0.056143892214244775,724,0.18543956043956045,0.025769302848495726,1.0,"{""Negative"": 0.5831325301204819, ""Neutral"": 0.3017543859649123, ""Positive"": 0.6851851851851852}","[[121, 24, 61], [43, 43, 98], [45, 34, 259]]"
s6_B2_baseline_seed43,three_modality_masked_mean_concat_mlp,43,select,select:1:0.10:random:independent:2,0.5810439560439561,0.5236748289584362,0.6519044419984348,0.5016631538293584,0.6650114868573107,0.49628214427756195,,,0.056143892214244775,724,0.17032967032967034,0.026146310920974972,1.0,"{""Negative"": 0.5741626794258373, ""Neutral"": 0.30985915492957744, ""Positive"": 0.6870026525198939}","[[120, 24, 62], [45, 44, 95], [47, 32, 259]]"
s6_B2_baseline_seed43,three_modality_masked_mean_concat_mlp,43,select,select:1:0.30:random:independent:0,0.5755494505494505,0.5176222220899276,0.6545274742752216,0.5041073141411272,0.6654252447517317,0.5002520083315696,,,0.12118179079621412,724,0.1717032967032967,0.02540822861963617,1.0,"{""Negative"": 0.5734597156398105, ""Neutral"": 0.302158273381295, ""Positive"": 0.6772486772486772}","[[121, 23, 62], [42, 42, 100], [53, 29, 256]]"
s6_B2_baseline_seed43,three_modality_masked_mean_concat_mlp,43,select,select:1:0.30:random:independent:1,0.5714285714285714,0.5126754099113054,0.6519701937681688,0.5062226189163803,0.6643316644399969,0.5014165515511289,,,0.12118179079621412,724,0.17582417582417584,0.026110607793858622,1.0,"{""Negative"": 0.569377990430622, ""Neutral"": 0.2949640287769784, ""Positive"": 0.6736842105263158}","[[119, 22, 65], [42, 41, 101], [51, 31, 256]]"
s6_B2_baseline_seed43,three_modality_masked_mean_concat_mlp,43,select,select:1:0.30:random:independent:2,0.5769230769230769,0.5161322633087599,0.6567101539283341,0.4996778790803568,0.6706397697741452,0.49242017877664057,,,0.12118179079621412,724,0.17994505494505494,0.028087756997327944,1.0,"{""Negative"": 0.569377990430622, ""Neutral"": 0.2939068100358423, ""Positive"": 0.6851119894598156}","[[119, 24, 63], [45, 41, 98], [48, 30, 260]]"
s6_B2_baseline_seed43,three_modality_masked_mean_concat_mlp,43,select,select:1:0.50:random:independent:0,0.5865384615384616,0.5344075261041925,0.6477892238388969,0.5132712359585034,0.6645308560611818,0.5025603771926771,,,0.19077939219687765,724,0.19230769230769232,0.028232802444594085,1.0,"{""Negative"": 0.6024096385542169, ""Neutral"": 0.3262411347517731, ""Positive"": 0.6745718050065876}","[[125, 16, 65], [38, 46, 100], [46, 36, 256]]"
s6_B2_baseline_seed43,three_modality_masked_mean_concat_mlp,43,select,select:1:0.50:random:independent:1,0.5782967032967034,0.5215289383718141,0.6553732811663366,0.5058521303332869,0.6690864138484928,0.5004275054141026,,,0.19077939219687765,724,0.17857142857142858,0.026315855305163945,1.0,"{""Negative"": 0.5904761904761905, ""Neutral"": 0.2968197879858657, ""Positive"": 0.6772908366533864}","[[124, 22, 60], [42, 42, 100], [48, 35, 255]]"
s6_B2_baseline_seed43,three_modality_masked_mean_concat_mlp,43,select,select:1:0.50:random:independent:2,0.5824175824175825,0.5233397908192862,0.6549227499629233,0.5058581897626246,0.6683856064033474,0.49915464431661,,,0.19077939219687765,724,0.18269230769230768,0.025786736663835186,1.0,"{""Negative"": 0.5853658536585366, ""Neutral"": 0.30324909747292417, ""Positive"": 0.6814044213263979}","[[120, 20, 66], [39, 42, 103], [45, 31, 262]]"
s6_B2_baseline_seed43,three_modality_masked_mean_concat_mlp,43,select,select:2:0.10:random:independent:0,0.5741758241758241,0.5134680147247866,0.6519847309357507,0.5045432525073813,0.6633931348908816,0.49871967741782036,,,0.05471828184470957,703,0.17032967032967034,0.02531990983806407,1.0,"{""Negative"": 0.5727923627684964, ""Neutral"": 0.28776978417266186, ""Positive"": 0.6798418972332015}","[[120, 21, 65], [46, 40, 98], [47, 33, 258]]"
s6_B2_baseline_seed43,three_modality_masked_mean_concat_mlp,43,select,select:2:0.10:random:independent:1,0.5782967032967034,0.5180537773895079,0.6519192508315171,0.503492778307787,0.6639606814708684,0.497353392042594,,,0.054688334898890016,703,0.16895604395604397,0.025580483764303066,1.0,"{""Negative"": 0.5755395683453237, ""Neutral"": 0.2971014492753623, ""Positive"": 0.6815203145478375}","[[120, 20, 66], [44, 41, 99], [47, 31, 260]]"
s6_B2_baseline_seed43,three_modality_masked_mean_concat_mlp,43,select,select:2:0.10:random:independent:2,0.5769230769230769,0.5178450935029882,0.6516560218337396,0.5048911918762031,0.6639913410014872,0.498517169736932,,,0.05481930502759008,703,0.17445054945054944,0.026367208763583987,1.0,"{""Negative"": 0.5817307692307693, ""Neutral"": 0.29285714285714287, ""Positive"": 0.6789473684210526}","[[121, 21, 64], [43, 41, 100], [46, 34, 258]]"
s6_B2_baseline_seed43,three_modality_masked_mean_concat_mlp,43,select,select:2:0.30:random:independent:0,0.5796703296703297,0.5199376346072683,0.6511059015737023,0.5056715502104314,0.6639187971777973,0.49864757389578224,,,0.11537182825966232,703,0.16758241758241757,0.025309220328341635,1.0,"{""Negative"": 0.5845410628019324, ""Neutral"": 0.29285714285714287, ""Positive"": 0.6824146981627297}","[[121, 21, 64], [43, 41, 100], [44, 34, 260]]"
s6_B2_baseline_seed43,three_modality_masked_mean_concat_mlp,43,select,select:2:0.30:random:independent:1,0.5755494505494505,0.5176435422120708,0.6499104181904868,0.5068321350547162,0.6624346748982674,0.5015775494634472,,,0.11628030776814742,703,0.1717032967032967,0.025617108636456387,1.0,"{""Negative"": 0.5755395683453237, ""Neutral"": 0.3010752688172043, ""Positive"": 0.6763157894736842}","[[120, 20, 66], [43, 42, 99], [48, 33, 257]]"
s6_B2_baseline_seed43,three_modality_masked_mean_concat_mlp,43,select,select:2:0.30:random:independent:2,0.5755494505494505,0.5170882464520604,0.6517205459573318,0.5032433166014705,0.6640042509176195,0.4973701648046248,,,0.11578318848929205,703,0.17445054945054944,0.025250439825428874,1.0,"{""Negative"": 0.5823389021479713, ""Neutral"": 0.2907801418439716, ""Positive"": 0.6781456953642384}","[[122, 23, 61], [43, 41, 100], [48, 34, 256]]"
s6_B2_baseline_seed43,three_modality_masked_mean_concat_mlp,43,select,select:2:0.50:random:independent:0,0.5851648351648352,0.5276014109347443,0.6519772006444731,0.5042648516665349,0.6641234492794815,0.502678338335182,,,0.18051985710310411,703,0.1771978021978022,0.025641922510552972,1.0,"{""Negative"": 0.5904761904761905, ""Neutral"": 0.30714285714285716, ""Positive"": 0.6851851851851852}","[[124, 22, 60], [42, 43, 99], [48, 31, 259]]"
s6_B2_baseline_seed43,three_modality_masked_mean_concat_mlp,43,select,select:2:0.50:random:independent:1,0.5714285714285714,0.514270314679426,0.6514016955799177,0.5033325760626071,0.664166066404125,0.4995774988540774,,,0.18035659556840442,703,0.19230769230769232,0.02733873636840566,1.0,"{""Negative"": 0.5721153846153846, ""Neutral"": 0.2978723404255319, ""Positive"": 0.6728232189973615}","[[119, 22, 65], [42, 42, 100], [49, 34, 255]]"
s6_B2_baseline_seed43,three_modality_masked_mean_concat_mlp,43,select,select:2:0.50:random:independent:2,0.5796703296703297,0.5215117893473161,0.652030994339904,0.5020505032718099,0.6646464075384646,0.4959626685893989,,,0.18067481495681129,703,0.17307692307692307,0.024821059685608795,1.0,"{""Negative"": 0.5823389021479713, ""Neutral"": 0.30324909747292417, ""Positive"": 0.6789473684210526}","[[122, 19, 65], [43, 42, 99], [48, 32, 258]]"
s6_B2_baseline_seed43,three_modality_masked_mean_concat_mlp,43,select,select:01:0.10:random:independent:0,0.5714285714285714,0.5121848122151218,0.6585527698320853,0.49353073543807513,0.6684678615129087,0.48983676034720597,,,0.09164042378228397,724,0.17994505494505494,0.024601871697524827,1.0,"{""Negative"": 0.5679611650485437, ""Neutral"": 0.2949640287769784, ""Positive"": 0.6736292428198434}","[[117, 20, 69], [42, 41, 101], [47, 33, 258]]"
s6_B2_baseline_seed43,three_modality_masked_mean_concat_mlp,43,select,select:01:0.10:random:independent:1,0.5714285714285714,0.5124928162571848,0.6587015655598916,0.49139729937577936,0.6697925875426506,0.49102337172518046,,,0.09164042378228397,724,0.16895604395604397,0.02475196947333669,1.0,"{""Negative"": 0.5686746987951807, ""Neutral"": 0.296028880866426, ""Positive"": 0.6727748691099477}","[[118, 22, 66], [40, 41, 103], [51, 30, 257]]"
s6_B2_baseline_seed43,three_modality_masked_mean_concat_mlp,43,select,select:01:0.10:random:independent:2,0.5604395604395604,0.49818405422120593,0.6605130658330661,0.48695144301328724,0.6706189796092515,0.48469263513644556,,,0.09164042378228397,724,0.16758241758241757,0.024202859511170637,1.0,"{""Negative"": 0.569377990430622, ""Neutral"": 0.26373626373626374, ""Positive"": 0.661437908496732}","[[119, 20, 67], [41, 36, 107], [52, 33, 253]]"
s6_B2_baseline_seed43,three_modality_masked_mean_concat_mlp,43,select,select:01:0.30:random:independent:0,0.5728021978021978,0.5153620542313913,0.6574107360171175,0.5010421083495801,0.6713855022322744,0.49559714444822,,,0.22180207259457435,724,0.18956043956043955,0.02999052089899164,1.0,"{""Negative"": 0.5756097560975609, ""Neutral"": 0.2968197879858657, ""Positive"": 0.6736566186107471}","[[118, 21, 67], [41, 42, 101], [45, 36, 257]]"
s6_B2_baseline_seed43,three_modality_masked_mean_concat_mlp,43,select,select:01:0.30:random:independent:1,0.5741758241758241,0.519898925069329,0.6644377649790187,0.47720685228187293,0.6751267111410546,0.4759213424700079,,,0.22180207259457435,724,0.18269230769230768,0.024871931826047453,1.0,"{""Negative"": 0.5865384615384616, ""Neutral"": 0.30824372759856633, ""Positive"": 0.6649145860709592}","[[122, 19, 65], [36, 43, 105], [52, 33, 253]]"
s6_B2_baseline_seed43,three_modality_masked_mean_concat_mlp,43,select,select:01:0.30:random:independent:2,0.5563186813186813,0.5068826322692871,0.6822373286560954,0.4515728428929551,0.6927516215130979,0.4552492714391056,,,0.22180207259457435,724,0.1936813186813187,0.02995085930498982,1.0,"{""Negative"": 0.5714285714285714, ""Neutral"": 0.3013698630136986, ""Positive"": 0.6478494623655914}","[[120, 27, 59], [34, 44, 106], [60, 37, 241]]"
s6_B2_baseline_seed43,three_modality_masked_mean_concat_mlp,43,select,select:01:0.50:random:independent:0,0.5576923076923077,0.505556047591082,0.6917836556435784,0.43526333508741566,0.6999680700348588,0.44218043575572813,,,0.36109266611629226,724,0.20054945054945056,0.03163523607820651,1.0,"{""Negative"": 0.5576923076923077, ""Neutral"": 0.3003412969283277, ""Positive"": 0.6586345381526104}","[[116, 25, 65], [42, 44, 98], [52, 40, 246]]"
s6_B2_baseline_seed43,three_modality_masked_mean_concat_mlp,43,select,select:01:0.50:random:independent:1,0.5576923076923077,0.5100425883694524,0.6950717071959733,0.4235280229212832,0.7071438911156652,0.42152360852366055,,,0.36109266611629226,724,0.20192307692307693,0.03324623573929849,1.0,"{""Negative"": 0.5510688836104513, ""Neutral"": 0.32323232323232326, ""Positive"": 0.6558265582655827}","[[116, 27, 63], [41, 48, 95], [58, 38, 242]]"
s6_B2_baseline_seed43,three_modality_masked_mean_concat_mlp,43,select,select:01:0.50:random:independent:2,0.5302197802197802,0.48562320449847435,0.7113570943909123,0.4129990323803197,0.7207104740562019,0.4184724189111726,,,0.36109266611629226,724,0.21428571428571427,0.0360212076157833,1.0,"{""Negative"": 0.524822695035461, ""Neutral"": 0.30976430976430974, ""Positive"": 0.6222826086956522}","[[111, 21, 74], [43, 46, 95], [63, 46, 229]]"
s6_B2_baseline_seed43,three_modality_masked_mean_concat_mlp,43,select,select:02:0.10:random:independent:0,0.5659340659340659,0.5116133665642691,0.6609078267144777,0.49352126777211136,0.67221299506587,0.49091916998593876,,,0.09025892452344063,724,0.17032967032967034,0.02469166219748997,1.0,"{""Negative"": 0.5748218527315915, ""Neutral"": 0.302158273381295, ""Positive"": 0.6578599735799208}","[[121, 18, 67], [39, 42, 103], [55, 34, 249]]"
s6_B2_baseline_seed43,three_modality_masked_mean_concat_mlp,43,select,select:02:0.10:random:independent:1,0.5837912087912088,0.5322232573056619,0.6604705564721969,0.4904117058502982,0.6746555369866726,0.48475063279507,,,0.09020706469477802,724,0.1771978021978022,0.02631896718063156,1.0,"{""Negative"": 0.5952380952380952, ""Neutral"": 0.33212996389891697, ""Positive"": 0.6693017127799736}","[[125, 14, 67], [38, 46, 100], [51, 33, 254]]"
s6_B2_baseline_seed43,three_modality_masked_mean_concat_mlp,43,select,select:02:0.10:random:independent:2,0.5769230769230769,0.5189695133845077,0.6581058358570678,0.4898373927223395,0.6707096616884662,0.4839187021459046,,,0.09022829257477709,724,0.18406593406593408,0.02342010954666913,1.0,"{""Negative"": 0.5980861244019139, ""Neutral"": 0.28776978417266186, ""Positive"": 0.6710526315789473}","[[125, 20, 61], [38, 40, 106], [49, 34, 255]]"
s6_B2_baseline_seed43,three_modality_masked_mean_concat_mlp,43,select,select:02:0.30:random:independent:0,0.5728021978021978,0.522705633565487,0.6727624228782461,0.4758081294957359,0.6841578254412864,0.4709200898723591,,,0.21662896826569322,724,0.19230769230769232,0.025269572311738545,1.0,"{""Negative"": 0.5849056603773585, ""Neutral"": 0.31833910034602075, ""Positive"": 0.6648721399730821}","[[124, 20, 62], [42, 46, 96], [52, 39, 247]]"
s6_B2_baseline_seed43,three_modality_masked_mean_concat_mlp,43,select,select:02:0.30:random:independent:1,0.5741758241758241,0.5192336311747325,0.6803274468149718,0.4665589335362684,0.6939333995706964,0.46057582069506686,,,0.2163273861362854,724,0.19093406593406592,0.02739030776782176,1.0,"{""Negative"": 0.5823389021479713, ""Neutral"": 0.30604982206405695, ""Positive"": 0.6693121693121693}","[[122, 20, 64], [40, 43, 101], [51, 34, 253]]"
s6_B2_baseline_seed43,three_modality_masked_mean_concat_mlp,43,select,select:02:0.30:random:independent:2,0.5576923076923077,0.5042768649761683,0.6674446962206553,0.4847429537982187,0.6775993988120028,0.4814899046621829,,,0.21614375377087763,724,0.17582417582417584,0.023718475021557002,1.0,"{""Negative"": 0.5714285714285714, ""Neutral"": 0.2949640287769784, ""Positive"": 0.6464379947229552}","[[120, 20, 66], [34, 41, 109], [60, 33, 245]]"
s6_B2_baseline_seed43,three_modality_masked_mean_concat_mlp,43,select,select:02:0.50:random:independent:0,0.5467032967032966,0.4976140864180622,0.7077656566628752,0.4169116120882981,0.7186705502793372,0.41907622427776675,,,0.3507859006961929,724,0.2129120879120879,0.03439733813104353,1.0,"{""Negative"": 0.5424528301886793, ""Neutral"": 0.3010033444816054, ""Positive"": 0.6493860845839018}","[[115, 29, 62], [44, 45, 95], [59, 41, 238]]"
s6_B2_baseline_seed43,three_modality_masked_mean_concat_mlp,43,select,select:02:0.50:random:independent:1,0.5521978021978022,0.49213265076620777,0.6922347889431639,0.42958163795539095,0.7017392100303198,0.4337432029403647,,,0.35119532701886813,724,0.2032967032967033,0.03228412216151604,1.0,"{""Negative"": 0.5388349514563107, ""Neutral"": 0.27177700348432055, ""Positive"": 0.665785997357992}","[[111, 30, 65], [43, 39, 102], [52, 34, 252]]"
s6_B2_baseline_seed43,three_modality_masked_mean_concat_mlp,43,select,select:02:0.50:random:independent:2,0.5590659340659341,0.5127227224818717,0.701991879597906,0.4279037291829788,0.7105149303033313,0.432568987345994,,,0.35125174458983455,724,0.21428571428571427,0.03144746643683085,1.0,"{""Negative"": 0.5563549160671463, ""Neutral"": 0.3277591973244147, ""Positive"": 0.654054054054054}","[[116, 27, 63], [38, 49, 97], [57, 39, 242]]"
s6_B2_baseline_seed43,three_modality_masked_mean_concat_mlp,43,select,select:12:0.10:random:independent:0,0.5837912087912088,0.5241877368429257,0.6519214129139715,0.5026374296910305,0.6649249279091216,0.49516245511885415,,,0.09011852407557222,724,0.16895604395604397,0.02483726679262971,1.0,"{""Negative"": 0.5845410628019324, ""Neutral"": 0.302158273381295, ""Positive"": 0.6858638743455497}","[[121, 21, 64], [42, 42, 100], [45, 31, 262]]"
s6_B2_baseline_seed43,three_modality_masked_mean_concat_mlp,43,select,select:12:0.10:random:independent:1,0.5755494505494505,0.5170209176788124,0.6533584626841129,0.5024179757890521,0.6658778861497662,0.49592846758225445,,,0.09019592878213162,724,0.17307692307692307,0.024687406989124062,1.0,"{""Negative"": 0.5721153846153846, ""Neutral"": 0.3, ""Positive"": 0.6789473684210526}","[[119, 22, 65], [43, 42, 99], [48, 32, 258]]"
s6_B2_baseline_seed43,three_modality_masked_mean_concat_mlp,43,select,select:12:0.10:random:independent:2,0.5796703296703297,0.5185707893015731,0.6517416296736332,0.5040521334422333,0.6640512639008064,0.49769298307808796,,,0.09018448391793114,724,0.17032967032967034,0.025880302478085978,1.0,"{""Negative"": 0.583732057416268, ""Neutral"": 0.28776978417266186, ""Positive"": 0.6842105263157895}","[[122, 23, 61], [43, 40, 101], [47, 31, 260]]"
s6_B2_baseline_seed43,three_modality_masked_mean_concat_mlp,43,select,select:12:0.30:random:independent:0,0.5714285714285714,0.5113933845789319,0.6532466125740655,0.5065664628924991,0.666237152411518,0.49926694651316667,,,0.21577850944764493,724,0.18269230769230768,0.028387953025814917,1.0,"{""Negative"": 0.5734939759036145, ""Neutral"": 0.28169014084507044, ""Positive"": 0.678996036988111}","[[119, 26, 61], [43, 40, 101], [47, 34, 257]]"
s6_B2_baseline_seed43,three_modality_masked_mean_concat_mlp,43,select,select:12:0.30:random:independent:1,0.570054945054945,0.51355600970304,0.6566540204923605,0.4991461909893883,0.6678626305595742,0.49502765012126404,,,0.2160189805783876,724,0.17445054945054944,0.026248107801541524,1.0,"{""Negative"": 0.5734939759036145, ""Neutral"": 0.2978723404255319, ""Positive"": 0.6693017127799736}","[[119, 21, 66], [41, 42, 101], [49, 35, 254]]"
s6_B2_baseline_seed43,three_modality_masked_mean_concat_mlp,43,select,select:12:0.30:random:independent:2,0.5796703296703297,0.5225033352284773,0.6521153318016953,0.499792859477894,0.6658242319612687,0.4930825872033004,,,0.21623765565574107,724,0.17445054945054944,0.02579169274438838,1.0,"{""Negative"": 0.5795724465558195, ""Neutral"": 0.30714285714285716, ""Positive"": 0.680794701986755}","[[122, 22, 62], [43, 43, 98], [50, 31, 257]]"
s6_B2_baseline_seed43,three_modality_masked_mean_concat_mlp,43,select,select:12:0.50:random:independent:0,0.5645604395604396,0.5050502403445036,0.6598972756283471,0.4996945273384029,0.6730729949764221,0.4931356335346722,,,0.3507132531656354,724,0.18818681318681318,0.025466794732349137,1.0,"{""Negative"": 0.5693430656934306, ""Neutral"": 0.2826086956521739, ""Positive"": 0.6631989596879063}","[[117, 19, 70], [39, 39, 106], [49, 34, 255]]"
s6_B2_baseline_seed43,three_modality_masked_mean_concat_mlp,43,select,select:12:0.50:random:independent:1,0.5686813186813187,0.5111919691350267,0.6592837350310942,0.49718852197177626,0.6711950220387035,0.49247851899591255,,,0.3507343430875613,724,0.18269230769230768,0.026431664532633337,1.0,"{""Negative"": 0.5728155339805825, ""Neutral"": 0.2949640287769784, ""Positive"": 0.6657963446475196}","[[118, 18, 70], [40, 41, 103], [48, 35, 255]]"
s6_B2_baseline_seed43,three_modality_masked_mean_concat_mlp,43,select,select:12:0.50:random:independent:2,0.5714285714285714,0.5102516968325791,0.6556330815335505,0.5022775342589777,0.6662470380673927,0.5008650592553631,,,0.3509549248224926,724,0.17032967032967034,0.0239889835613442,1.0,"{""Negative"": 0.5721153846153846, ""Neutral"": 0.2867647058823529, ""Positive"": 0.671875}","[[119, 20, 67], [40, 39, 105], [51, 29, 258]]"
s6_B2_baseline_seed43,three_modality_masked_mean_concat_mlp,43,select,select:012:0.10:random:independent:0,0.5892857142857143,0.5332606286063415,0.6533756800215486,0.49771667251685014,0.6682394983657575,0.4911769001281253,,,0.12558993973665408,724,0.18269230769230768,0.02608362472446758,1.0,"{""Negative"": 0.5907990314769975, ""Neutral"": 0.3249097472924188, ""Positive"": 0.6840731070496083}","[[122, 18, 66], [39, 45, 100], [46, 30, 262]]"
s6_B2_baseline_seed43,three_modality_masked_mean_concat_mlp,43,select,select:012:0.10:random:independent:1,0.5714285714285714,0.5151135953332774,0.6626727570110706,0.48313355335156327,0.673283825994656,0.4827880235458022,,,0.12571082327220762,724,0.17445054945054944,0.025061488197776136,1.0,"{""Negative"": 0.5835294117647059, ""Neutral"": 0.296028880866426, ""Positive"": 0.6657824933687002}","[[124, 17, 65], [43, 41, 100], [52, 35, 251]]"
s6_B2_baseline_seed43,three_modality_masked_mean_concat_mlp,43,select,select:012:0.10:random:independent:2,0.5728021978021978,0.5151381373427009,0.6630321015748328,0.48960047137100343,0.6730183634461175,0.49107445458415805,,,0.1256004676726215,724,0.16758241758241757,0.02493365345215988,1.0,"{""Negative"": 0.5700483091787439, ""Neutral"": 0.30434782608695654, ""Positive"": 0.6710182767624021}","[[118, 19, 69], [40, 42, 102], [50, 31, 257]]"
s6_B2_baseline_seed43,three_modality_masked_mean_concat_mlp,43,select,select:012:0.30:random:independent:0,0.5535714285714286,0.504522716238033,0.6904820615670771,0.46124263471387333,0.6997005448943378,0.4588289914361148,,,0.3162180586060894,724,0.18406593406593408,0.02515875626000893,1.0,"{""Negative"": 0.558891454965358, ""Neutral"": 0.31316725978647686, ""Positive"": 0.6415094339622641}","[[121, 19, 66], [40, 44, 100], [66, 34, 238]]"
s6_B2_baseline_seed43,three_modality_masked_mean_concat_mlp,43,select,select:012:0.30:random:independent:1,0.5494505494505495,0.4920950097578089,0.6836288425585051,0.45550771026491116,0.6947799261786033,0.45398529880005645,,,0.3167463590511638,724,0.17582417582417584,0.026532903886955887,1.0,"{""Negative"": 0.5355450236966824, ""Neutral"": 0.2846975088967972, ""Positive"": 0.6560424966799469}","[[113, 25, 68], [44, 40, 100], [59, 32, 247]]"
s6_B2_baseline_seed43,three_modality_masked_mean_concat_mlp,43,select,select:012:0.30:random:independent:2,0.5686813186813187,0.5125673536102827,0.6658226906174978,0.48963592417526747,0.6766628186895824,0.48850507674847915,,,0.31705028085974835,724,0.1813186813186813,0.027830693399709148,1.0,"{""Negative"": 0.5910165484633569, ""Neutral"": 0.2826855123674912, ""Positive"": 0.664}","[[125, 19, 62], [43, 40, 101], [49, 40, 249]]"
s6_B2_baseline_seed43,three_modality_masked_mean_concat_mlp,43,select,select:012:0.50:random:independent:0,0.554945054945055,0.49154945566600333,0.6894673804512591,0.46038574967840845,0.7018799536537179,0.4550922276742833,,,0.5214278455584954,724,0.18818681318681318,0.027468548962306025,1.0,"{""Negative"": 0.557919621749409, ""Neutral"": 0.2527075812274368, ""Positive"": 0.6640211640211641}","[[118, 27, 61], [43, 35, 106], [56, 31, 251]]"
s6_B2_baseline_seed43,three_modality_masked_mean_concat_mlp,43,select,select:012:0.50:random:independent:1,0.5453296703296703,0.49132737087365186,0.693772161606945,0.44427642509072457,0.7019746439636347,0.44895795848605174,,,0.5211035116402414,724,0.21978021978021978,0.032869460886833506,1.0,"{""Negative"": 0.5378973105134475, ""Neutral"": 0.28187919463087246, ""Positive"": 0.6542056074766355}","[[110, 35, 61], [37, 42, 105], [56, 37, 245]]"
s6_B2_baseline_seed43,three_modality_masked_mean_concat_mlp,43,select,select:012:0.50:random:independent:2,0.5453296703296703,0.4925609813958638,0.7003613254338978,0.4519018985045173,0.71199271518668,0.45401244564964743,,,0.5211950835022432,724,0.2032967032967033,0.03263738133823141,1.0,"{""Negative"": 0.5497630331753555, ""Neutral"": 0.2827586206896552, ""Positive"": 0.6451612903225806}","[[116, 25, 65], [42, 41, 101], [58, 40, 240]]"
s6_B2_baseline_seed43,three_modality_masked_mean_concat_mlp,43,clean,clean:clean,0.5796703296703297,0.5189754919262651,0.6516894942622181,0.5042924801883595,0.6636580746479532,0.4981432003004274,,,0.020685516934361863,0,0.1662087912087912,0.025150019671878993,1.0,"{""Negative"": 0.5769230769230769, ""Neutral"": 0.2949640287769784, ""Positive"": 0.6850393700787402}","[[120, 22, 64], [44, 41, 99], [46, 31, 261]]"
s6_B2_baseline_seed44,three_modality_masked_mean_concat_mlp,44,select,select:0:0.10:random:independent:0,0.5714285714285714,0.5175006481721546,0.6587350807603081,0.498272161090833,0.6695386162641775,0.49466912326091345,,,0.056182048502401064,724,0.17994505494505494,0.02839958893237533,1.0,"{""Negative"": 0.5615763546798029, ""Neutral"": 0.31724137931034485, ""Positive"": 0.6736842105263158}","[[114, 25, 67], [39, 46, 99], [47, 35, 256]]"
s6_B2_baseline_seed44,three_modality_masked_mean_concat_mlp,44,select,select:0:0.10:random:independent:1,0.5604395604395604,0.5141037532214155,0.6560761372379303,0.5039531393252557,0.6650631028089344,0.5025117477878573,,,0.056182048502401064,724,0.18956043956043955,0.029148828831622068,1.0,"{""Negative"": 0.5617433414043583, ""Neutral"": 0.32558139534883723, ""Positive"": 0.6549865229110512}","[[116, 24, 66], [40, 49, 95], [51, 44, 243]]"
s6_B2_baseline_seed44,three_modality_masked_mean_concat_mlp,44,select,select:0:0.10:random:independent:2,0.5631868131868132,0.5141390469813637,0.6580517448056572,0.5005951668033587,0.6664335070904549,0.49868337686975656,,,0.056182048502401064,724,0.1813186813186813,0.025623876625434548,1.0,"{""Negative"": 0.5631067961165048, ""Neutral"": 0.32413793103448274, ""Positive"": 0.6551724137931034}","[[116, 21, 69], [37, 47, 100], [53, 38, 247]]"
s6_B2_baseline_seed44,three_modality_masked_mean_concat_mlp,44,select,select:0:0.30:random:independent:0,0.5659340659340659,0.5146839874882433,0.6629454078028162,0.4959314007154913,0.6711684184246134,0.4913959783979846,,,0.12130579873272207,724,0.20467032967032966,0.028030181850013988,1.0,"{""Negative"": 0.5656565656565656, ""Neutral"": 0.3081967213114754, ""Positive"": 0.6701986754966888}","[[112, 30, 64], [37, 47, 100], [41, 44, 253]]"
s6_B2_baseline_seed44,three_modality_masked_mean_concat_mlp,44,select,select:0:0.30:random:independent:1,0.5590659340659341,0.5125747147298282,0.6654628104019541,0.5089177702095619,0.6693937930119849,0.5104209247175686,,,0.12130579873272207,724,0.21703296703296704,0.03155919319540671,1.0,"{""Negative"": 0.5591939546599496, ""Neutral"": 0.31545741324921134, ""Positive"": 0.6630727762803235}","[[111, 35, 60], [36, 50, 98], [44, 48, 246]]"
s6_B2_baseline_seed44,three_modality_masked_mean_concat_mlp,44,select,select:0:0.30:random:independent:2,0.5604395604395604,0.5027287777493133,0.6677201567459647,0.47437250469975306,0.6770286281813181,0.46991957062942025,,,0.12130579873272207,724,0.18956043956043955,0.028703015662619204,1.0,"{""Negative"": 0.5278450363196125, ""Neutral"": 0.3003412969283277, ""Positive"": 0.68}","[[109, 31, 66], [49, 44, 91], [49, 34, 255]]"
s6_B2_baseline_seed44,three_modality_masked_mean_concat_mlp,44,select,select:0:0.50:random:independent:0,0.5521978021978022,0.5182348949954584,0.6829078867152251,0.46174712108024746,0.692311376768195,0.464090420338458,,,0.1909987908537763,724,0.23626373626373626,0.0337523846783972,1.0,"{""Negative"": 0.5576923076923077, ""Neutral"": 0.3575757575757576, ""Positive"": 0.6394366197183099}","[[116, 34, 56], [36, 59, 89], [58, 53, 227]]"
s6_B2_baseline_seed44,three_modality_masked_mean_concat_mlp,44,select,select:0:0.50:random:independent:1,0.5302197802197802,0.4997970470781688,0.706708661001454,0.4091939279252501,0.7150118950892568,0.41515571920928845,,,0.1909987908537763,724,0.2623626373626374,0.038049344768674,1.0,"{""Negative"": 0.5196078431372549, ""Neutral"": 0.36046511627906974, ""Positive"": 0.6193181818181818}","[[106, 37, 63], [37, 62, 85], [59, 61, 218]]"
s6_B2_baseline_seed44,three_modality_masked_mean_concat_mlp,44,select,select:0:0.50:random:independent:2,0.5508241758241759,0.5143517794836227,0.6859747051348807,0.4535768243931705,0.6963033391403259,0.4552523015765851,,,0.1909987908537763,724,0.23901098901098902,0.036529063440454035,1.0,"{""Negative"": 0.5409429280397022, ""Neutral"": 0.3575757575757576, ""Positive"": 0.6445366528354081}","[[109, 36, 61], [34, 59, 91], [54, 51, 233]]"
s6_B2_baseline_seed44,three_modality_masked_mean_concat_mlp,44,select,select:1:0.10:random:independent:0,0.5782967032967034,0.5302116213423494,0.6498644956062948,0.5145565398557909,0.6615081189742701,0.5090751959312592,,,0.056143892214244775,724,0.18681318681318682,0.02744739039102262,1.0,"{""Negative"": 0.5843828715365239, ""Neutral"": 0.33783783783783783, ""Positive"": 0.6684141546526867}","[[116, 22, 68], [32, 50, 102], [43, 40, 255]]"
s6_B2_baseline_seed44,three_modality_masked_mean_concat_mlp,44,select,select:1:0.10:random:independent:1,0.5755494505494505,0.5281040564373898,0.6500871475259435,0.5136752990212822,0.661386584387171,0.5096639219674571,,,0.056143892214244775,724,0.19917582417582416,0.02887362941169477,1.0,"{""Negative"": 0.575, ""Neutral"": 0.34, ""Positive"": 0.6693121693121693}","[[115, 25, 66], [34, 51, 99], [45, 40, 253]]"
s6_B2_baseline_seed44,three_modality_masked_mean_concat_mlp,44,select,select:1:0.10:random:independent:2,0.5837912087912088,0.5341012643320909,0.648866818246708,0.5158262287127736,0.660857524446488,0.510888552272165,,,0.056143892214244775,724,0.18543956043956045,0.02727665299329047,1.0,"{""Negative"": 0.5873417721518988, ""Neutral"": 0.33783783783783783, ""Positive"": 0.677124183006536}","[[116, 24, 66], [32, 50, 102], [41, 38, 259]]"
s6_B2_baseline_seed44,three_modality_masked_mean_concat_mlp,44,select,select:1:0.30:random:independent:0,0.592032967032967,0.5414180661126089,0.6469045355878853,0.5224799379520096,0.6599190556341884,0.514213325924016,,,0.12118179079621412,724,0.1771978021978022,0.02726568056450604,1.0,"{""Negative"": 0.5979899497487438, ""Neutral"": 0.3412969283276451, ""Positive"": 0.6849673202614379}","[[119, 23, 64], [33, 50, 101], [40, 36, 262]]"
s6_B2_baseline_seed44,three_modality_masked_mean_concat_mlp,44,select,select:1:0.30:random:independent:1,0.5796703296703297,0.530859322076064,0.6511365985009451,0.5133111292556534,0.6636478649631429,0.508337024158736,,,0.12118179079621412,724,0.18956043956043955,0.028980227820661206,1.0,"{""Negative"": 0.5728643216080402, ""Neutral"": 0.3469387755102041, ""Positive"": 0.6727748691099477}","[[114, 22, 70], [34, 51, 99], [44, 37, 257]]"
s6_B2_baseline_seed44,three_modality_masked_mean_concat_mlp,44,select,select:1:0.30:random:independent:2,0.5782967032967034,0.5241511511717171,0.652547922802741,0.5141535878709027,0.6637464870575939,0.5094716299766114,,,0.12118179079621412,724,0.18269230769230768,0.02647798012322286,1.0,"{""Negative"": 0.5721518987341773, ""Neutral"": 0.3197278911564626, ""Positive"": 0.6805736636245111}","[[113, 26, 67], [36, 47, 101], [40, 37, 261]]"
s6_B2_baseline_seed44,three_modality_masked_mean_concat_mlp,44,select,select:1:0.50:random:independent:0,0.5879120879120879,0.53989722209843,0.6464216065942914,0.5195500215461701,0.6615674855126129,0.5127750288738816,,,0.19077939219687765,724,0.18269230769230768,0.032245736996698506,1.0,"{""Negative"": 0.5879396984924623, ""Neutral"": 0.35374149659863946, ""Positive"": 0.6780104712041884}","[[117, 23, 66], [31, 52, 101], [44, 35, 259]]"
s6_B2_baseline_seed44,three_modality_masked_mean_concat_mlp,44,select,select:1:0.50:random:independent:1,0.5824175824175825,0.5332164653871613,0.6499738472287799,0.5170128372864243,0.6628877718851052,0.5106949030093406,,,0.19077939219687765,724,0.17857142857142858,0.028673055145873146,1.0,"{""Negative"": 0.5778894472361809, ""Neutral"": 0.34459459459459457, ""Positive"": 0.6771653543307087}","[[115, 26, 65], [32, 51, 101], [45, 35, 258]]"
s6_B2_baseline_seed44,three_modality_masked_mean_concat_mlp,44,select,select:1:0.50:random:independent:2,0.5837912087912088,0.5330315558735558,0.6491502877631931,0.5142526739146737,0.6618118114835981,0.5109401739432455,,,0.19077939219687765,724,0.18406593406593408,0.029100308108481243,1.0,"{""Negative"": 0.5771144278606966, ""Neutral"": 0.3412969283276451, ""Positive"": 0.6806833114323259}","[[116, 25, 65], [35, 50, 99], [45, 34, 259]]"
s6_B2_baseline_seed44,three_modality_masked_mean_concat_mlp,44,select,select:2:0.10:random:independent:0,0.5851648351648352,0.5372650576307288,0.6471808558082515,0.5172658853262666,0.6602946612600156,0.5111508622023836,,,0.05471828184470957,703,0.19093406593406592,0.0276965042718287,1.0,"{""Negative"": 0.5905707196029777, ""Neutral"": 0.34576271186440677, ""Positive"": 0.6754617414248021}","[[119, 23, 64], [33, 51, 100], [45, 37, 256]]"
s6_B2_baseline_seed44,three_modality_masked_mean_concat_mlp,44,select,select:2:0.10:random:independent:1,0.5837912087912088,0.5354959432177774,0.6473619996176562,0.517518581321978,0.660736947038958,0.5107945564436253,,,0.054688334898890016,703,0.19093406593406592,0.028062500887208585,1.0,"{""Negative"": 0.5864661654135338, ""Neutral"": 0.34459459459459457, ""Positive"": 0.6754270696452037}","[[117, 23, 66], [33, 51, 100], [43, 38, 257]]"
s6_B2_baseline_seed44,three_modality_masked_mean_concat_mlp,44,select,select:2:0.10:random:independent:2,0.5810439560439561,0.533141725985868,0.6478656828245373,0.5167386775709786,0.6606395810018652,0.511161375558448,,,0.05481930502759008,703,0.18818681318681318,0.027819129751667705,1.0,"{""Negative"": 0.5829145728643216, ""Neutral"": 0.34459459459459457, ""Positive"": 0.6719160104986877}","[[116, 23, 67], [32, 51, 101], [44, 38, 256]]"
s6_B2_baseline_seed44,three_modality_masked_mean_concat_mlp,44,select,select:2:0.30:random:independent:0,0.592032967032967,0.544017545725979,0.6446920870556773,0.5196708812689607,0.6577717768857357,0.5127437318689313,,,0.11537182825966232,703,0.1936813186813187,0.02711886848296438,1.0,"{""Negative"": 0.5979899497487438, ""Neutral"": 0.3525423728813559, ""Positive"": 0.6815203145478375}","[[119, 22, 65], [32, 52, 100], [41, 37, 260]]"
s6_B2_baseline_seed44,three_modality_masked_mean_concat_mlp,44,select,select:2:0.30:random:independent:1,0.5810439560439561,0.531983596658865,0.6470697103361344,0.5205002116229079,0.6594245188490866,0.5142651666983893,,,0.11628030776814742,703,0.18818681318681318,0.026725822960609914,1.0,"{""Negative"": 0.5835411471321695, ""Neutral"": 0.33783783783783783, ""Positive"": 0.6745718050065876}","[[117, 23, 66], [35, 50, 99], [43, 39, 256]]"
s6_B2_baseline_seed44,three_modality_masked_mean_concat_mlp,44,select,select:2:0.30:random:independent:2,0.5837912087912088,0.5360258539708254,0.6483197370334804,0.5170349925285069,0.6613657945910325,0.5105013252713095,,,0.11578318848929205,703,0.19505494505494506,0.028284225539863105,1.0,"{""Negative"": 0.5914786967418546, ""Neutral"": 0.3411371237458194, ""Positive"": 0.6754617414248021}","[[118, 24, 64], [33, 51, 100], [42, 40, 256]]"
s6_B2_baseline_seed44,three_modality_masked_mean_concat_mlp,44,select,select:2:0.50:random:independent:0,0.5865384615384616,0.5397154336898206,0.6484735462499188,0.5192460382699471,0.6601410729114662,0.5134121822880395,,,0.18051985710310411,703,0.18956043956043955,0.02793749812089807,1.0,"{""Negative"": 0.5935162094763092, ""Neutral"": 0.3501683501683502, ""Positive"": 0.6754617414248021}","[[119, 22, 65], [33, 52, 99], [43, 39, 256]]"
s6_B2_baseline_seed44,three_modality_masked_mean_concat_mlp,44,select,select:2:0.50:random:independent:1,0.5906593406593407,0.5450842789883051,0.6463151555315356,0.5179222430546918,0.6617818127596076,0.5102354367229488,,,0.18035659556840442,703,0.19230769230769232,0.029347721695711648,1.0,"{""Negative"": 0.5935162094763092, ""Neutral"": 0.36363636363636365, ""Positive"": 0.6781002638522428}","[[119, 22, 65], [32, 54, 98], [44, 37, 257]]"
s6_B2_baseline_seed44,three_modality_masked_mean_concat_mlp,44,select,select:2:0.50:random:independent:2,0.5824175824175825,0.5327144108566421,0.6494184792647487,0.5139564096478668,0.6621424733676466,0.5081660510934931,,,0.18067481495681129,703,0.18681318681318682,0.026396862544524637,1.0,"{""Negative"": 0.581453634085213, ""Neutral"": 0.3412969283276451, ""Positive"": 0.675392670157068}","[[116, 22, 68], [34, 50, 100], [43, 37, 258]]"
s6_B2_baseline_seed44,three_modality_masked_mean_concat_mlp,44,select,select:01:0.10:random:independent:0,0.5755494505494505,0.5224304921416216,0.6524381310289215,0.504826018108178,0.6637120585847687,0.49903706631263667,,,0.09164042378228397,724,0.18269230769230768,0.027790233370055862,1.0,"{""Negative"": 0.58, ""Neutral"": 0.31186440677966104, ""Positive"": 0.6754270696452037}","[[116, 25, 65], [37, 46, 101], [41, 40, 257]]"
s6_B2_baseline_seed44,three_modality_masked_mean_concat_mlp,44,select,select:01:0.10:random:independent:1,0.5810439560439561,0.5331630803819897,0.6479914328385841,0.5140121117888631,0.6616435066418169,0.5045570488842548,,,0.09164042378228397,724,0.18543956043956045,0.02755383408018848,1.0,"{""Negative"": 0.57356608478803, ""Neutral"": 0.35135135135135137, ""Positive"": 0.6745718050065876}","[[115, 25, 66], [33, 52, 99], [47, 35, 256]]"
s6_B2_baseline_seed44,three_modality_masked_mean_concat_mlp,44,select,select:01:0.10:random:independent:2,0.5714285714285714,0.5204708152275245,0.6594634790694116,0.49743401527818154,0.6678426819495283,0.4930385226433109,,,0.09164042378228397,724,0.17994505494505494,0.02480621739072868,1.0,"{""Negative"": 0.582089552238806, ""Neutral"": 0.3161512027491409, ""Positive"": 0.6631716906946264}","[[117, 20, 69], [35, 46, 103], [44, 41, 253]]"
s6_B2_baseline_seed44,three_modality_masked_mean_concat_mlp,44,select,select:01:0.30:random:independent:0,0.5755494505494505,0.5250548835605694,0.6493523877163428,0.5100588428319657,0.6607611262480022,0.505273380972575,,,0.22180207259457435,724,0.20604395604395603,0.03067191379015835,1.0,"{""Negative"": 0.5597964376590331, ""Neutral"": 0.3355263157894737, ""Positive"": 0.6798418972332015}","[[110, 28, 68], [38, 51, 95], [39, 41, 258]]"
s6_B2_baseline_seed44,three_modality_masked_mean_concat_mlp,44,select,select:01:0.30:random:independent:1,0.5659340659340659,0.5217630305476963,0.6621419713296652,0.48265446973073817,0.6747357500947316,0.47560417756387113,,,0.22180207259457435,724,0.2184065934065934,0.03425811649187171,1.0,"{""Negative"": 0.5575447570332481, ""Neutral"": 0.34726688102893893, ""Positive"": 0.6604774535809018}","[[109, 30, 67], [30, 54, 100], [46, 43, 249]]"
s6_B2_baseline_seed44,three_modality_masked_mean_concat_mlp,44,select,select:01:0.30:random:independent:2,0.5370879120879121,0.48723336750949303,0.6736327762739753,0.4626528073629277,0.6783635047325803,0.4661914663735075,,,0.22180207259457435,724,0.2087912087912088,0.030792104674859357,1.0,"{""Negative"": 0.5409429280397022, ""Neutral"": 0.27741935483870966, ""Positive"": 0.6433378196500673}","[[109, 35, 62], [37, 43, 104], [51, 48, 239]]"
s6_B2_baseline_seed44,three_modality_masked_mean_concat_mlp,44,select,select:01:0.50:random:independent:0,0.5590659340659341,0.5227777696244224,0.6831475981835972,0.4459606742663998,0.6911445741418872,0.45134443844646793,,,0.36109266611629226,724,0.25,0.03919289995789691,1.0,"{""Negative"": 0.5594059405940595, ""Neutral"": 0.3597560975609756, ""Positive"": 0.649171270718232}","[[113, 34, 59], [33, 59, 92], [52, 51, 235]]"
s6_B2_baseline_seed44,three_modality_masked_mean_concat_mlp,44,select,select:01:0.50:random:independent:1,0.5480769230769231,0.5170202619925507,0.6789489522551729,0.4407035121460039,0.6918885286099145,0.4399028817537865,,,0.36109266611629226,724,0.24862637362637363,0.04014162499236946,1.0,"{""Negative"": 0.542713567839196, ""Neutral"": 0.3742690058479532, ""Positive"": 0.6340782122905028}","[[108, 38, 60], [29, 64, 91], [55, 56, 227]]"
s6_B2_baseline_seed44,three_modality_masked_mean_concat_mlp,44,select,select:01:0.50:random:independent:2,0.5274725274725275,0.4934510012526303,0.7046196335465207,0.41362523498291204,0.7147407953212918,0.41893911839935555,,,0.36109266611629226,724,0.24862637362637363,0.03784483382653158,1.0,"{""Negative"": 0.507177033492823, ""Neutral"": 0.3525835866261398, ""Positive"": 0.6205923836389281}","[[106, 36, 64], [39, 58, 87], [67, 51, 220]]"
s6_B2_baseline_seed44,three_modality_masked_mean_concat_mlp,44,select,select:02:0.10:random:independent:0,0.5631868131868132,0.5128543468791966,0.6598180643214056,0.5013437387222601,0.6650276319379662,0.5033123809397803,,,0.09025892452344063,724,0.1813186813186813,0.025883625681575508,1.0,"{""Negative"": 0.5665024630541872, ""Neutral"": 0.3150684931506849, ""Positive"": 0.6569920844327177}","[[115, 24, 67], [34, 46, 104], [51, 38, 249]]"
s6_B2_baseline_seed44,three_modality_masked_mean_concat_mlp,44,select,select:02:0.10:random:independent:1,0.5810439560439561,0.5315483991761841,0.6576396677746387,0.5012376947543759,0.6683525345339388,0.49935839783679675,,,0.09020706469477802,724,0.18818681318681318,0.02585589750481176,1.0,"{""Negative"": 0.5714285714285714, ""Neutral"": 0.3469387755102041, ""Positive"": 0.6762778505897772}","[[114, 24, 68], [34, 51, 99], [45, 35, 258]]"
s6_B2_baseline_seed44,three_modality_masked_mean_concat_mlp,44,select,select:02:0.10:random:independent:2,0.592032967032967,0.5432120994957211,0.6498995635585962,0.5091227942047781,0.6625821693969256,0.5022282303553492,,,0.09022829257477709,724,0.18269230769230768,0.024896364124344438,1.0,"{""Negative"": 0.6004962779156328, ""Neutral"": 0.34576271186440677, ""Positive"": 0.683377308707124}","[[121, 21, 64], [36, 51, 97], [40, 39, 259]]"
s6_B2_baseline_seed44,three_modality_masked_mean_concat_mlp,44,select,select:02:0.30:random:independent:0,0.570054945054945,0.5243592657949679,0.6595956691953466,0.5001201380787366,0.6711270417276115,0.4942965314578192,,,0.21662896826569322,724,0.20467032967032966,0.029245683872208487,1.0,"{""Negative"": 0.5693069306930693, ""Neutral"": 0.33440514469453375, ""Positive"": 0.6693657219973009}","[[115, 28, 63], [40, 52, 92], [43, 47, 248]]"
s6_B2_baseline_seed44,three_modality_masked_mean_concat_mlp,44,select,select:02:0.30:random:independent:1,0.5645604395604396,0.5178666751482286,0.6783732017125402,0.47552093786457394,0.6898969117920477,0.46888954106724545,,,0.2163273861362854,724,0.2087912087912088,0.03064317477135868,1.0,"{""Negative"": 0.5651105651105651, ""Neutral"": 0.32362459546925565, ""Positive"": 0.6648648648648648}","[[115, 31, 60], [38, 50, 96], [48, 44, 246]]"
s6_B2_baseline_seed44,three_modality_masked_mean_concat_mlp,44,select,select:02:0.30:random:independent:2,0.5576923076923077,0.5141251097329596,0.6570578559223236,0.5025335999654,0.6687018389501456,0.49949230971455594,,,0.21614375377087763,724,0.21428571428571427,0.03366201265589385,1.0,"{""Negative"": 0.5518987341772152, ""Neutral"": 0.33544303797468356, ""Positive"": 0.6550335570469799}","[[109, 33, 64], [32, 53, 99], [48, 46, 244]]"
s6_B2_baseline_seed44,three_modality_masked_mean_concat_mlp,44,select,select:02:0.50:random:independent:0,0.5480769230769231,0.5132875245795385,0.7009481006931267,0.4161338562225622,0.7096426450713936,0.41958592371513714,,,0.3507859006961929,724,0.24313186813186813,0.03394149680327582,1.0,"{""Negative"": 0.5406698564593302, ""Neutral"": 0.3597560975609756, ""Positive"": 0.6394366197183099}","[[113, 36, 57], [37, 59, 88], [62, 49, 227]]"
s6_B2_baseline_seed44,three_modality_masked_mean_concat_mlp,44,select,select:02:0.50:random:independent:1,0.5494505494505495,0.508222764009801,0.6868772891593913,0.4345247756201518,0.6963148472221712,0.4345244005296863,,,0.35119532701886813,724,0.22802197802197802,0.036199129523627534,1.0,"{""Negative"": 0.5307125307125307, ""Neutral"": 0.34375, ""Positive"": 0.6502057613168725}","[[108, 35, 63], [38, 55, 91], [55, 46, 237]]"
s6_B2_baseline_seed44,three_modality_masked_mean_concat_mlp,44,select,select:02:0.50:random:independent:2,0.5508241758241759,0.5102484219621964,0.6974301426731868,0.4351117028220824,0.7041054355993785,0.4415048850096018,,,0.35125174458983455,724,0.23076923076923078,0.03824491963977669,1.0,"{""Negative"": 0.5440806045340051, ""Neutral"": 0.3363914373088685, ""Positive"": 0.6502732240437158}","[[108, 36, 62], [35, 55, 94], [48, 52, 238]]"
s6_B2_baseline_seed44,three_modality_masked_mean_concat_mlp,44,select,select:12:0.10:random:independent:0,0.5824175824175825,0.5325567000344743,0.6478529223280498,0.5153472360375334,0.6613989890537706,0.5085416652622802,,,0.09011852407557222,724,0.19093406593406592,0.028041831796894685,1.0,"{""Negative"": 0.5829145728643216, ""Neutral"": 0.3367003367003367, ""Positive"": 0.6780551905387647}","[[116, 25, 65], [34, 50, 100], [42, 38, 258]]"
s6_B2_baseline_seed44,three_modality_masked_mean_concat_mlp,44,select,select:12:0.10:random:independent:1,0.5782967032967034,0.5272641106843654,0.6506083326806897,0.5139220364537352,0.6612430442237183,0.5096793743365863,,,0.09019592878213162,724,0.18543956043956045,0.026120739632198117,1.0,"{""Negative"": 0.58, ""Neutral"": 0.32989690721649484, ""Positive"": 0.6718954248366014}","[[116, 22, 68], [34, 48, 102], [44, 37, 257]]"
s6_B2_baseline_seed44,three_modality_masked_mean_concat_mlp,44,select,select:12:0.10:random:independent:2,0.5879120879120879,0.5389096005856411,0.6481865620974205,0.5168673594025086,0.660442880091288,0.5110708558179694,,,0.09018448391793114,724,0.18818681318681318,0.028304255750333213,1.0,"{""Negative"": 0.59, ""Neutral"": 0.3469387755102041, ""Positive"": 0.6797900262467191}","[[118, 23, 65], [33, 51, 100], [43, 36, 259]]"
s6_B2_baseline_seed44,three_modality_masked_mean_concat_mlp,44,select,select:12:0.30:random:independent:0,0.5741758241758241,0.525608789829525,0.6488299434358029,0.5179593801680412,0.6610785231408715,0.5118885768569652,,,0.21577850944764493,724,0.20054945054945056,0.030343743351228778,1.0,"{""Negative"": 0.570694087403599, ""Neutral"": 0.3333333333333333, ""Positive"": 0.6727989487516426}","[[111, 29, 66], [32, 51, 101], [40, 42, 256]]"
s6_B2_baseline_seed44,three_modality_masked_mean_concat_mlp,44,select,select:12:0.30:random:independent:1,0.5810439560439561,0.5310683322009592,0.6482984966179376,0.5181311709925233,0.6619642959436872,0.5107815946610726,,,0.2160189805783876,724,0.18956043956043955,0.028962210614156426,1.0,"{""Negative"": 0.5816326530612245, ""Neutral"": 0.33444816053511706, ""Positive"": 0.677124183006536}","[[114, 26, 66], [32, 50, 102], [40, 39, 259]]"
s6_B2_baseline_seed44,three_modality_masked_mean_concat_mlp,44,select,select:12:0.30:random:independent:2,0.5879120879120879,0.5405234679868719,0.6467548934963828,0.5139124135505289,0.6605385007633531,0.5072477124187449,,,0.21623765565574107,724,0.1978021978021978,0.027978409103815858,1.0,"{""Negative"": 0.5778894472361809, ""Neutral"": 0.3612040133779264, ""Positive"": 0.6824769433465085}","[[115, 25, 66], [34, 54, 96], [43, 36, 259]]"
s6_B2_baseline_seed44,three_modality_masked_mean_concat_mlp,44,select,select:12:0.50:random:independent:0,0.5851648351648352,0.5360357617271236,0.6523045053988,0.5079405285782546,0.6655070032632736,0.5023943039197001,,,0.3507132531656354,724,0.18406593406593408,0.029399656479011528,1.0,"{""Negative"": 0.5743073047858942, ""Neutral"": 0.35494880546075086, ""Positive"": 0.6788511749347258}","[[114, 23, 69], [33, 52, 99], [44, 34, 260]]"
s6_B2_baseline_seed44,three_modality_masked_mean_concat_mlp,44,select,select:12:0.50:random:independent:1,0.5837912087912088,0.5399505520801416,0.6514458529628896,0.5105578886936284,0.6658656317996536,0.5034364856567214,,,0.3507343430875613,724,0.19505494505494506,0.030294426236334413,1.0,"{""Negative"": 0.582716049382716, ""Neutral"": 0.36423841059602646, ""Positive"": 0.6728971962616822}","[[118, 23, 65], [35, 55, 94], [46, 40, 252]]"
s6_B2_baseline_seed44,three_modality_masked_mean_concat_mlp,44,select,select:12:0.50:random:independent:2,0.5837912087912088,0.5332589810935939,0.6499299278790356,0.5126661331038136,0.6614047037284043,0.5108971816394142,,,0.3509549248224926,724,0.1771978021978022,0.025768830251386696,1.0,"{""Negative"": 0.5793450881612091, ""Neutral"": 0.3424657534246575, ""Positive"": 0.6779661016949152}","[[115, 21, 70], [35, 50, 99], [41, 37, 260]]"
s6_B2_baseline_seed44,three_modality_masked_mean_concat_mlp,44,select,select:012:0.10:random:independent:0,0.5810439560439561,0.5354227914895829,0.6526259592597997,0.5061231177211286,0.666323427082766,0.5004088303432723,,,0.12558993973665408,724,0.20604395604395603,0.031467089770505066,1.0,"{""Negative"": 0.595, ""Neutral"": 0.3365695792880259, ""Positive"": 0.6746987951807228}","[[119, 27, 60], [35, 52, 97], [40, 46, 252]]"
s6_B2_baseline_seed44,three_modality_masked_mean_concat_mlp,44,select,select:012:0.10:random:independent:1,0.5755494505494505,0.5308200326013514,0.65662220341632,0.498157980637415,0.6664826507055825,0.4958613325981559,,,0.12571082327220762,724,0.18681318681318682,0.02660479318569977,1.0,"{""Negative"": 0.5783132530120482, ""Neutral"": 0.3501683501683502, ""Positive"": 0.6639784946236559}","[[120, 21, 65], [38, 52, 94], [51, 40, 247]]"
s6_B2_baseline_seed44,three_modality_masked_mean_concat_mlp,44,select,select:012:0.10:random:independent:2,0.5714285714285714,0.5235381280044256,0.6591793909568012,0.5028136604634879,0.6677297618685311,0.5007904504464589,,,0.1256004676726215,724,0.1978021978021978,0.027261276180026953,1.0,"{""Negative"": 0.572139303482587, ""Neutral"": 0.33003300330033003, ""Positive"": 0.6684420772303595}","[[115, 28, 63], [35, 50, 99], [46, 41, 251]]"
s6_B2_baseline_seed44,three_modality_masked_mean_concat_mlp,44,select,select:012:0.30:random:independent:0,0.5576923076923077,0.5117999020183736,0.6753485361960808,0.47628855354391286,0.685774326524032,0.46983643025894484,,,0.3162180586060894,724,0.18956043956043955,0.0280448397436476,1.0,"{""Negative"": 0.5520581113801453, ""Neutral"": 0.3257328990228013, ""Positive"": 0.657608695652174}","[[114, 31, 61], [39, 50, 95], [54, 42, 242]]"
s6_B2_baseline_seed44,three_modality_masked_mean_concat_mlp,44,select,select:012:0.30:random:independent:1,0.5590659340659341,0.5127568685875624,0.6745655158768235,0.46990826234456345,0.6837756588574049,0.4682977544576561,,,0.3167463590511638,724,0.2032967032967033,0.02937387299635908,1.0,"{""Negative"": 0.5410628019323671, ""Neutral"": 0.33774834437086093, ""Positive"": 0.6594594594594595}","[[112, 26, 68], [43, 51, 90], [53, 41, 244]]"
s6_B2_baseline_seed44,three_modality_masked_mean_concat_mlp,44,select,select:012:0.30:random:independent:2,0.5851648351648352,0.5366173772498141,0.6592015377222591,0.4993443972825146,0.6695550504539695,0.49538406273822116,,,0.31705028085974835,724,0.18681318681318682,0.028535862619839196,1.0,"{""Negative"": 0.5770171149144254, ""Neutral"": 0.3501683501683502, ""Positive"": 0.6826666666666666}","[[118, 26, 62], [38, 52, 94], [47, 35, 256]]"
s6_B2_baseline_seed44,three_modality_masked_mean_concat_mlp,44,select,select:012:0.50:random:independent:0,0.5467032967032966,0.5030643736912569,0.6895660394746933,0.45543161723685766,0.7010113802728254,0.44927326010940577,,,0.5214278455584954,724,0.21428571428571427,0.03315856987025875,1.0,"{""Negative"": 0.5528846153846154, ""Neutral"": 0.3072100313479624, ""Positive"": 0.6490984743411928}","[[115, 39, 52], [38, 49, 97], [57, 47, 234]]"
s6_B2_baseline_seed44,three_modality_masked_mean_concat_mlp,44,select,select:012:0.50:random:independent:1,0.5412087912087912,0.49761196540057306,0.6889353733389751,0.4491937036356104,0.6966594890230796,0.4530797218700028,,,0.5211035116402414,724,0.22664835164835165,0.0353903942322993,1.0,"{""Negative"": 0.528395061728395, ""Neutral"": 0.31875, ""Positive"": 0.6456908344733242}","[[107, 39, 60], [36, 51, 97], [56, 46, 236]]"
s6_B2_baseline_seed44,three_modality_masked_mean_concat_mlp,44,select,select:012:0.50:random:independent:2,0.5590659340659341,0.5208621588929349,0.6911405622503259,0.4586531865799094,0.7051652835932776,0.4533327924118647,,,0.5211950835022432,724,0.23626373626373626,0.034712266238136114,1.0,"{""Negative"": 0.5427872860635696, ""Neutral"": 0.36419753086419754, ""Positive"": 0.6556016597510373}","[[111, 35, 60], [37, 59, 88], [55, 46, 237]]"
s6_B2_baseline_seed44,three_modality_masked_mean_concat_mlp,44,clean,clean:clean,0.5837912087912088,0.5355898532308796,0.6474621262811697,0.517461504448433,0.6604667719387051,0.511211586019251,,,0.020685516934361863,0,0.18681318681318682,0.027567036496680023,1.0,"{""Negative"": 0.5864661654135338, ""Neutral"": 0.34576271186440677, ""Positive"": 0.6745406824146981}","[[117, 22, 67], [33, 51, 100], [43, 38, 257]]"
s5_B3_EMA_seed42,bigru_content_gate_time_pool,42,select,select:0:0.10:random:independent:0,0.5865384615384616,0.5185134256257228,0.6602615831460763,0.5017885760652057,0.667580757325945,0.499072863768323,,,0.056182048502401064,724,0.13186813186813187,0.014969521626887416,1.0,"{""Negative"": 0.582716049382716, ""Neutral"": 0.2868217054263566, ""Positive"": 0.6860025220680959}","[[118, 19, 69], [33, 37, 114], [48, 18, 272]]"
s5_B3_EMA_seed42,bigru_content_gate_time_pool,42,select,select:0:0.10:random:independent:1,0.5741758241758241,0.5054779629317455,0.6635557313088696,0.4975638156208081,0.6683007551070589,0.49761559379249015,,,0.056182048502401064,724,0.13186813186813187,0.014518107151297421,1.0,"{""Negative"": 0.5714285714285714, ""Neutral"": 0.2681992337164751, ""Positive"": 0.6768060836501901}","[[116, 19, 71], [36, 35, 113], [48, 23, 267]]"
s5_B3_EMA_seed42,bigru_content_gate_time_pool,42,select,select:0:0.10:random:independent:2,0.5865384615384616,0.5214014297665789,0.6641427878081962,0.5021089138191913,0.669694749664024,0.4995616542027878,,,0.056182048502401064,724,0.1346153846153846,0.012829891666057672,1.0,"{""Negative"": 0.5835411471321695, ""Neutral"": 0.29545454545454547, ""Positive"": 0.6852085967130215}","[[117, 18, 71], [34, 39, 111], [44, 23, 271]]"
s5_B3_EMA_seed42,bigru_content_gate_time_pool,42,select,select:0:0.30:random:independent:0,0.5741758241758241,0.5013008402468425,0.6808543396284702,0.47654315702144406,0.6832400218604112,0.4754561633306994,,,0.12130579873272207,724,0.12774725274725274,0.01131222522507657,1.0,"{""Negative"": 0.5664160401002506, ""Neutral"": 0.2608695652173913, ""Positive"": 0.6766169154228856}","[[113, 15, 78], [35, 33, 116], [45, 21, 272]]"
s5_B3_EMA_seed42,bigru_content_gate_time_pool,42,select,select:0:0.30:random:independent:1,0.5673076923076923,0.4950049506309833,0.6771220513498555,0.4909160963508446,0.6789163305618606,0.49350020269209854,,,0.12130579873272207,724,0.1346153846153846,0.012547660550655246,1.0,"{""Negative"": 0.5454545454545454, ""Neutral"": 0.26459143968871596, ""Positive"": 0.6749688667496887}","[[108, 21, 77], [33, 34, 117], [49, 18, 271]]"
s5_B3_EMA_seed42,bigru_content_gate_time_pool,42,select,select:0:0.30:random:independent:2,0.5563186813186813,0.4763744277653572,0.685707003313614,0.4551683390575162,0.6907458723021241,0.45289690526349435,,,0.12130579873272207,724,0.11813186813186813,0.011894612532166334,1.0,"{""Negative"": 0.535, ""Neutral"": 0.22580645161290322, ""Positive"": 0.6683168316831684}","[[107, 17, 82], [38, 28, 118], [49, 19, 270]]"
s5_B3_EMA_seed42,bigru_content_gate_time_pool,42,select,select:0:0.50:random:independent:0,0.5425824175824175,0.4582811116853394,0.7066358769145968,0.42208634183880156,0.7094216615749667,0.42160662243173236,,,0.1909987908537763,724,0.12087912087912088,0.008397731283413512,1.0,"{""Negative"": 0.5228426395939086, ""Neutral"": 0.19433198380566802, ""Positive"": 0.6576687116564417}","[[103, 18, 85], [36, 24, 124], [49, 21, 268]]"
s5_B3_EMA_seed42,bigru_content_gate_time_pool,42,select,select:0:0.50:random:independent:1,0.5274725274725275,0.4550975837121685,0.73171738751249,0.3676466862664097,0.7347429070243059,0.3653677073618699,,,0.1909987908537763,724,0.12637362637362637,0.012296665477564375,1.0,"{""Negative"": 0.4900990099009901, ""Neutral"": 0.23529411764705882, ""Positive"": 0.6398996235884568}","[[99, 16, 91], [41, 30, 113], [58, 25, 255]]"
s5_B3_EMA_seed42,bigru_content_gate_time_pool,42,select,select:0:0.50:random:independent:2,0.5343406593406593,0.4580639363678795,0.717632378948357,0.39869759711879604,0.7195093752713976,0.4024823999508297,,,0.1909987908537763,724,0.125,0.010490045325474425,1.0,"{""Negative"": 0.4962025316455696, ""Neutral"": 0.23107569721115537, ""Positive"": 0.6469135802469136}","[[98, 18, 90], [35, 29, 120], [56, 20, 262]]"
s5_B3_EMA_seed42,bigru_content_gate_time_pool,42,select,select:1:0.10:random:independent:0,0.5879120879120879,0.5240558609818055,0.6435340076766827,0.5333189652103224,0.6498120493654694,0.5304394310594033,,,0.056143892214244775,724,0.13598901098901098,0.015272045163793877,1.0,"{""Negative"": 0.5864661654135338, ""Neutral"": 0.299625468164794, ""Positive"": 0.6860759493670886}","[[117, 19, 70], [33, 40, 111], [43, 24, 271]]"
s5_B3_EMA_seed42,bigru_content_gate_time_pool,42,select,select:1:0.10:random:independent:1,0.5879120879120879,0.5195917451337492,0.6464717189942333,0.5262932557838713,0.6516649894631252,0.5252920415513823,,,0.056143892214244775,724,0.13598901098901098,0.014418757205693931,1.0,"{""Negative"": 0.5888324873096447, ""Neutral"": 0.2824427480916031, ""Positive"": 0.6875}","[[116, 19, 71], [31, 37, 116], [41, 22, 275]]"
s5_B3_EMA_seed42,bigru_content_gate_time_pool,42,select,select:1:0.10:random:independent:2,0.5865384615384616,0.5204505489282828,0.6431074652725032,0.53235414259496,0.6494407639173525,0.530173168453997,,,0.056143892214244775,724,0.14285714285714285,0.015882369916583153,1.0,"{""Negative"": 0.5894206549118388, ""Neutral"": 0.28679245283018867, ""Positive"": 0.6851385390428212}","[[117, 19, 70], [32, 38, 114], [42, 24, 272]]"
s5_B3_EMA_seed42,bigru_content_gate_time_pool,42,select,select:1:0.30:random:independent:0,0.5934065934065934,0.5259257655001554,0.6402119773795479,0.5396025920079192,0.6461302382810102,0.537773495121153,,,0.12118179079621412,724,0.1304945054945055,0.014715937033705004,1.0,"{""Negative"": 0.6054590570719603, ""Neutral"": 0.2803030303030303, ""Positive"": 0.6920152091254753}","[[122, 19, 65], [34, 37, 113], [41, 24, 273]]"
s5_B3_EMA_seed42,bigru_content_gate_time_pool,42,select,select:1:0.30:random:independent:1,0.5934065934065934,0.5260454254767928,0.6413216282340033,0.5381628835197144,0.6477512543007813,0.535746846184911,,,0.12118179079621412,724,0.13598901098901098,0.01527721718974657,1.0,"{""Negative"": 0.5778894472361809, ""Neutral"": 0.3007518796992481, ""Positive"": 0.6994949494949495}","[[115, 22, 69], [36, 40, 108], [41, 20, 277]]"
s5_B3_EMA_seed42,bigru_content_gate_time_pool,42,select,select:1:0.30:random:independent:2,0.5892857142857143,0.5242107860976212,0.643964449640601,0.5329884449654847,0.6497226512714566,0.5312458067202049,,,0.12118179079621412,724,0.1304945054945055,0.014387620412026132,1.0,"{""Negative"": 0.5891089108910891, ""Neutral"": 0.2965779467680608, ""Positive"": 0.6869455006337135}","[[119, 19, 68], [33, 39, 112], [46, 21, 271]]"
s5_B3_EMA_seed42,bigru_content_gate_time_pool,42,select,select:1:0.50:random:independent:0,0.6002747252747253,0.5404976409231125,0.6350562869762817,0.547746704648533,0.6424944585209692,0.5443847232556397,,,0.19077939219687765,724,0.14285714285714285,0.01553326752177634,1.0,"{""Negative"": 0.6119402985074627, ""Neutral"": 0.3173431734317343, ""Positive"": 0.6922094508301405}","[[123, 19, 64], [31, 43, 110], [42, 25, 271]]"
s5_B3_EMA_seed42,bigru_content_gate_time_pool,42,select,select:1:0.50:random:independent:1,0.5989010989010989,0.5335349510984826,0.6414925430177496,0.5436792113393566,0.6481763404630289,0.5396392126969273,,,0.19077939219687765,724,0.13873626373626374,0.01382283244346688,1.0,"{""Negative"": 0.6119402985074627, ""Neutral"": 0.2932330827067669, ""Positive"": 0.6954314720812182}","[[123, 20, 63], [32, 39, 113], [41, 23, 274]]"
s5_B3_EMA_seed42,bigru_content_gate_time_pool,42,select,select:1:0.50:random:independent:2,0.5961538461538461,0.5327549142325834,0.6370152125965927,0.5462041362915427,0.6441232508232633,0.5441150466736826,,,0.19077939219687765,724,0.14148351648351648,0.014693593777093913,1.0,"{""Negative"": 0.5975308641975309, ""Neutral"": 0.30597014925373134, ""Positive"": 0.6947637292464879}","[[121, 21, 64], [34, 41, 109], [44, 22, 272]]"
s5_B3_EMA_seed42,bigru_content_gate_time_pool,42,select,select:2:0.10:random:independent:0,0.5865384615384616,0.5146805616978657,0.6481525867141864,0.5257054827312354,0.6542590386183053,0.5232600189009552,,,0.05471828184470957,703,0.12774725274725274,0.0141671715005741,1.0,"{""Negative"": 0.5939086294416244, ""Neutral"": 0.26356589147286824, ""Positive"": 0.6865671641791045}","[[117, 18, 71], [31, 34, 119], [40, 22, 276]]"
s5_B3_EMA_seed42,bigru_content_gate_time_pool,42,select,select:2:0.10:random:independent:1,0.5824175824175825,0.5128033491365668,0.6496662246347128,0.5235203404188841,0.6554127359292009,0.5208732975324325,,,0.054688334898890016,703,0.12362637362637363,0.013683895740043986,1.0,"{""Negative"": 0.5873417721518988, ""Neutral"": 0.2702702702702703, ""Positive"": 0.6807980049875312}","[[116, 19, 71], [29, 35, 120], [44, 21, 273]]"
s5_B3_EMA_seed42,bigru_content_gate_time_pool,42,select,select:2:0.10:random:independent:2,0.5865384615384616,0.5173951241921544,0.6471473933044043,0.5256859741008318,0.653030124615755,0.5232324380105485,,,0.05481930502759008,703,0.12912087912087913,0.014176163033453317,1.0,"{""Negative"": 0.5903307888040712, ""Neutral"": 0.27692307692307694, ""Positive"": 0.684931506849315}","[[116, 18, 72], [30, 36, 118], [41, 22, 275]]"
s5_B3_EMA_seed42,bigru_content_gate_time_pool,42,select,select:2:0.30:random:independent:0,0.5824175824175825,0.5097931424588302,0.6468153672672399,0.5275633296071393,0.6527804408816027,0.5248378512614985,,,0.11537182825966232,703,0.12362637362637363,0.013973365572258666,1.0,"{""Negative"": 0.5894206549118388, ""Neutral"": 0.2558139534883721, ""Positive"": 0.6841448189762797}","[[117, 20, 69], [31, 33, 120], [43, 21, 274]]"
s5_B3_EMA_seed42,bigru_content_gate_time_pool,42,select,select:2:0.30:random:independent:1,0.5892857142857143,0.5157433069334931,0.6462534414697315,0.5296464374661122,0.6525261680298782,0.5259969986191063,,,0.11628030776814742,703,0.125,0.013164182561095599,1.0,"{""Negative"": 0.5903307888040712, ""Neutral"": 0.26459143968871596, ""Positive"": 0.6923076923076923}","[[116, 21, 69], [30, 34, 120], [41, 18, 279]]"
s5_B3_EMA_seed42,bigru_content_gate_time_pool,42,select,select:2:0.30:random:independent:2,0.5837912087912088,0.5073572683449051,0.6513015026948609,0.523267305300429,0.6558012098514034,0.5210979136149904,,,0.11578318848929205,703,0.11675824175824176,0.011925387425597879,1.0,"{""Negative"": 0.5903307888040712, ""Neutral"": 0.24701195219123506, ""Positive"": 0.6847290640394089}","[[116, 17, 73], [30, 31, 123], [41, 19, 278]]"
s5_B3_EMA_seed42,bigru_content_gate_time_pool,42,select,select:2:0.50:random:independent:0,0.5906593406593407,0.5177089615056033,0.6490129832970081,0.5273230035139278,0.6550739254894574,0.5245863681258608,,,0.18051985710310411,703,0.125,0.012601709455734753,1.0,"{""Negative"": 0.5959595959595959, ""Neutral"": 0.265625, ""Positive"": 0.6915422885572139}","[[118, 19, 69], [31, 34, 119], [41, 19, 278]]"
s5_B3_EMA_seed42,bigru_content_gate_time_pool,42,select,select:2:0.50:random:independent:1,0.5837912087912088,0.5096910197412927,0.6518275158230421,0.5252251663796064,0.6567438287957275,0.5234918481454935,,,0.18035659556840442,703,0.12225274725274725,0.011887445906795314,1.0,"{""Negative"": 0.583756345177665, ""Neutral"": 0.25882352941176473, ""Positive"": 0.6864931846344485}","[[115, 20, 71], [30, 33, 121], [43, 18, 277]]"
s5_B3_EMA_seed42,bigru_content_gate_time_pool,42,select,select:2:0.50:random:independent:2,0.5892857142857143,0.5175102107965436,0.649619410081961,0.5244685694903066,0.6548069009383383,0.5227223890950846,,,0.18067481495681129,703,0.12362637362637363,0.01229284398378088,1.0,"{""Negative"": 0.5903307888040712, ""Neutral"": 0.2723735408560311, ""Positive"": 0.6898263027295285}","[[116, 20, 70], [29, 35, 120], [42, 18, 278]]"
s5_B3_EMA_seed42,bigru_content_gate_time_pool,42,select,select:01:0.10:random:independent:0,0.5879120879120879,0.5245121158106892,0.6550699201297138,0.5075540253047971,0.6605197064588767,0.5065226703751846,,,0.09164042378228397,724,0.14423076923076922,0.014114161721682485,1.0,"{""Negative"": 0.5873417721518988, ""Neutral"": 0.3053435114503817, ""Positive"": 0.6808510638297872}","[[116, 14, 76], [31, 40, 113], [42, 24, 272]]"
s5_B3_EMA_seed42,bigru_content_gate_time_pool,42,select,select:01:0.10:random:independent:1,0.5865384615384616,0.5261898628022575,0.6556464969687573,0.5103114664100918,0.6613788967031043,0.5099015900536399,,,0.09164042378228397,724,0.14423076923076922,0.01575246578610533,1.0,"{""Negative"": 0.5670886075949367, ""Neutral"": 0.3271375464684015, ""Positive"": 0.6843434343434344}","[[112, 19, 75], [32, 44, 108], [45, 22, 271]]"
s5_B3_EMA_seed42,bigru_content_gate_time_pool,42,select,select:01:0.10:random:independent:2,0.5865384615384616,0.5216621658400556,0.6580383657718752,0.5053571741156169,0.6637056420485561,0.5041609432808114,,,0.09164042378228397,724,0.12362637362637363,0.013016828293967378,1.0,"{""Negative"": 0.5905707196029777, ""Neutral"": 0.296875, ""Positive"": 0.6775407779171895}","[[119, 15, 72], [29, 38, 117], [49, 19, 270]]"
s5_B3_EMA_seed42,bigru_content_gate_time_pool,42,select,select:01:0.30:random:independent:0,0.5782967032967034,0.49940267113833875,0.6593523250928127,0.5146831533441706,0.6631101938732132,0.5135155946592711,,,0.22180207259457435,724,0.12774725274725274,0.01234143485756857,1.0,"{""Negative"": 0.5532994923857868, ""Neutral"": 0.25098039215686274, ""Positive"": 0.6939281288723668}","[[109, 18, 79], [42, 32, 110], [37, 21, 280]]"
s5_B3_EMA_seed42,bigru_content_gate_time_pool,42,select,select:01:0.30:random:independent:1,0.5755494505494505,0.5042148546902135,0.6667374764944989,0.48848148600460317,0.6711312491487671,0.4885050820263666,,,0.22180207259457435,724,0.11538461538461539,0.010820590953758131,1.0,"{""Negative"": 0.5763546798029556, ""Neutral"": 0.26294820717131473, ""Positive"": 0.6733416770963705}","[[117, 14, 75], [34, 33, 117], [49, 20, 269]]"
s5_B3_EMA_seed42,bigru_content_gate_time_pool,42,select,select:01:0.30:random:independent:2,0.5618131868131868,0.49266805347887904,0.6789270904451118,0.4683168590927586,0.6820232832118623,0.47192188283365494,,,0.22180207259457435,724,0.13873626373626374,0.013530534779116676,1.0,"{""Negative"": 0.5552699228791774, ""Neutral"": 0.2585551330798479, ""Positive"": 0.664179104477612}","[[108, 20, 78], [29, 34, 121], [46, 25, 267]]"
s5_B3_EMA_seed42,bigru_content_gate_time_pool,42,select,select:01:0.50:random:independent:0,0.5576923076923077,0.48215620206380044,0.6932273661167903,0.44813014632885095,0.6963568513721718,0.44737925064007433,,,0.36109266611629226,724,0.13186813186813187,0.011289923515588371,1.0,"{""Negative"": 0.5473145780051151, ""Neutral"": 0.23166023166023167, ""Positive"": 0.6674937965260546}","[[107, 19, 80], [35, 30, 119], [43, 26, 269]]"
s5_B3_EMA_seed42,bigru_content_gate_time_pool,42,select,select:01:0.50:random:independent:1,0.5645604395604396,0.49055343837664184,0.6879890371885357,0.44162922485731804,0.6914913895191973,0.43879849638287616,,,0.36109266611629226,724,0.1401098901098901,0.011041641212115575,1.0,"{""Negative"": 0.5376884422110553, ""Neutral"": 0.25984251968503935, ""Positive"": 0.6741293532338308}","[[107, 18, 81], [37, 33, 114], [48, 19, 271]]"
s5_B3_EMA_seed42,bigru_content_gate_time_pool,42,select,select:01:0.50:random:independent:2,0.5398351648351648,0.469798350727999,0.7068888754858421,0.42113446769699314,0.7104701157608121,0.42122789315546055,,,0.36109266611629226,724,0.14560439560439561,0.012600027389947203,1.0,"{""Negative"": 0.515, ""Neutral"": 0.24615384615384617, ""Positive"": 0.6482412060301508}","[[103, 17, 86], [38, 32, 114], [53, 27, 258]]"
s5_B3_EMA_seed42,bigru_content_gate_time_pool,42,select,select:02:0.10:random:independent:0,0.5837912087912088,0.5139187791675667,0.6603642381661705,0.5098703464715735,0.6659015240250054,0.50882169119873,,,0.09025892452344063,724,0.11950549450549451,0.013028689006544076,1.0,"{""Negative"": 0.575, ""Neutral"": 0.28346456692913385, ""Positive"": 0.683291770573566}","[[115, 17, 74], [32, 36, 116], [47, 17, 274]]"
s5_B3_EMA_seed42,bigru_content_gate_time_pool,42,select,select:02:0.10:random:independent:1,0.5837912087912088,0.5111184028829108,0.6637970634608643,0.5014346710107915,0.6691136660340887,0.49963098040523757,,,0.09020706469477802,724,0.12225274725274725,0.012487629616457028,1.0,"{""Negative"": 0.5831202046035806, ""Neutral"": 0.26459143968871596, ""Positive"": 0.6856435643564357}","[[114, 19, 73], [30, 34, 120], [41, 20, 277]]"
s5_B3_EMA_seed42,bigru_content_gate_time_pool,42,select,select:02:0.10:random:independent:2,0.5837912087912088,0.5162987997007878,0.657746274792755,0.5084934717338669,0.6642003162651435,0.5069965427530765,,,0.09022829257477709,724,0.12362637362637363,0.013136148241571673,1.0,"{""Negative"": 0.5914786967418546, ""Neutral"": 0.27906976744186046, ""Positive"": 0.6783479349186483}","[[118, 19, 69], [27, 36, 121], [48, 19, 271]]"
s5_B3_EMA_seed42,bigru_content_gate_time_pool,42,select,select:02:0.30:random:independent:0,0.5686813186813187,0.4871206563957693,0.6816118827669339,0.48291686028067504,0.6842996152834251,0.4836737171919892,,,0.21662896826569322,724,0.10164835164835165,0.009987224523755875,1.0,"{""Negative"": 0.5561224489795918, ""Neutral"": 0.23045267489711935, ""Positive"": 0.6747868453105969}","[[109, 14, 83], [33, 28, 123], [44, 17, 277]]"
s5_B3_EMA_seed42,bigru_content_gate_time_pool,42,select,select:02:0.30:random:independent:1,0.5631868131868132,0.4744758834124115,0.6920068861263549,0.4549365056697345,0.6953348572273831,0.45496509651476474,,,0.2163273861362854,724,0.09752747252747253,0.0095454047217392,1.0,"{""Negative"": 0.5360824742268041, ""Neutral"": 0.211864406779661, ""Positive"": 0.6754807692307693}","[[104, 12, 90], [36, 25, 123], [42, 15, 281]]"
s5_B3_EMA_seed42,bigru_content_gate_time_pool,42,select,select:02:0.30:random:independent:2,0.5398351648351648,0.45258065851286194,0.6898801162300283,0.463077526852807,0.691491496252858,0.46450234975817917,,,0.21614375377087763,724,0.11263736263736264,0.009788345096170246,1.0,"{""Negative"": 0.5230769230769231, ""Neutral"": 0.18333333333333332, ""Positive"": 0.6513317191283293}","[[102, 16, 88], [31, 22, 131], [51, 18, 269]]"
s5_B3_EMA_seed42,bigru_content_gate_time_pool,42,select,select:02:0.50:random:independent:0,0.521978021978022,0.4146788006251582,0.7310040677580368,0.3673659403856377,0.7323446434942985,0.3672035770803181,,,0.3507859006961929,724,0.07280219780219781,0.005791406825913506,1.0,"{""Negative"": 0.4675324675324675, ""Neutral"": 0.12556053811659193, ""Positive"": 0.6509433962264151}","[[90, 11, 105], [41, 14, 129], [48, 14, 276]]"
s5_B3_EMA_seed42,bigru_content_gate_time_pool,42,select,select:02:0.50:random:independent:1,0.5206043956043956,0.41227695306642675,0.7234109337934754,0.3740814341881856,0.7261916699583878,0.37441511702232533,,,0.35119532701886813,724,0.08653846153846154,0.007605142008947146,1.0,"{""Negative"": 0.46153846153846156, ""Neutral"": 0.125, ""Positive"": 0.6502923976608187}","[[87, 14, 105], [36, 14, 134], [48, 12, 278]]"
s5_B3_EMA_seed42,bigru_content_gate_time_pool,42,select,select:02:0.50:random:independent:2,0.5302197802197802,0.42959215604511763,0.720865318671221,0.38864784983005224,0.7226869594356925,0.3896571217904049,,,0.35125174458983455,724,0.09203296703296704,0.006832432472623967,1.0,"{""Negative"": 0.47745358090185674, ""Neutral"": 0.1572052401746725, ""Positive"": 0.6541176470588236}","[[90, 14, 102], [34, 18, 132], [47, 13, 278]]"
s5_B3_EMA_seed42,bigru_content_gate_time_pool,42,select,select:12:0.10:random:independent:0,0.5906593406593407,0.5216628332182488,0.6440555919710752,0.5308074147767703,0.6497531092961083,0.5291621512469932,,,0.09011852407557222,724,0.12912087912087913,0.013808040293068676,1.0,"{""Negative"": 0.5994962216624685, ""Neutral"": 0.277992277992278, ""Positive"": 0.6875}","[[119, 18, 69], [30, 36, 118], [42, 21, 275]]"
s5_B3_EMA_seed42,bigru_content_gate_time_pool,42,select,select:12:0.10:random:independent:1,0.5906593406593407,0.5207535339397725,0.6467549681870983,0.5280648317817945,0.6528019388257474,0.5257195178452441,,,0.09019592878213162,724,0.12225274725274725,0.013604154708441143,1.0,"{""Negative"": 0.5852417302798982, ""Neutral"": 0.2846153846153846, ""Positive"": 0.6924034869240349}","[[115, 19, 72], [32, 37, 115], [40, 20, 278]]"
s5_B3_EMA_seed42,bigru_content_gate_time_pool,42,select,select:12:0.10:random:independent:2,0.5961538461538461,0.5268447293447294,0.641922772407982,0.5350133643205716,0.6481322578441066,0.5313831435607064,,,0.09018448391793114,724,0.13873626373626374,0.014435188407999473,1.0,"{""Negative"": 0.6111111111111112, ""Neutral"": 0.27692307692307694, ""Positive"": 0.6925}","[[121, 17, 68], [31, 36, 117], [38, 23, 277]]"
s5_B3_EMA_seed42,bigru_content_gate_time_pool,42,select,select:12:0.30:random:independent:0,0.5892857142857143,0.5158018676434885,0.6415008932387436,0.5419352669294285,0.6465794475657026,0.5400269709558045,,,0.21577850944764493,724,0.12362637362637363,0.011822203966475776,1.0,"{""Negative"": 0.5903307888040712, ""Neutral"": 0.265625, ""Positive"": 0.6914498141263941}","[[116, 19, 71], [31, 34, 119], [40, 19, 279]]"
s5_B3_EMA_seed42,bigru_content_gate_time_pool,42,select,select:12:0.30:random:independent:1,0.5947802197802198,0.5206025646047975,0.6436128161324741,0.5363048978819689,0.6492199254334792,0.5340322399335675,,,0.2160189805783876,724,0.12087912087912088,0.0130969988234423,1.0,"{""Negative"": 0.6069651741293532, ""Neutral"": 0.25984251968503935, ""Positive"": 0.695}","[[122, 19, 65], [32, 33, 119], [42, 18, 278]]"
s5_B3_EMA_seed42,bigru_content_gate_time_pool,42,select,select:12:0.30:random:independent:2,0.5906593406593407,0.5200672305356755,0.6399570780161482,0.540332158837392,0.6451994080638902,0.5386494993744347,,,0.21623765565574107,724,0.1304945054945055,0.01338946594570528,1.0,"{""Negative"": 0.59, ""Neutral"": 0.27586206896551724, ""Positive"": 0.6943396226415094}","[[118, 19, 69], [36, 36, 112], [40, 22, 276]]"
s5_B3_EMA_seed42,bigru_content_gate_time_pool,42,select,select:12:0.50:random:independent:0,0.5975274725274725,0.5314287439909101,0.6428098800126013,0.5366348884840101,0.6496560072659382,0.5351913818427511,,,0.3507132531656354,724,0.13324175824175824,0.014450288309328832,1.0,"{""Negative"": 0.6060606060606061, ""Neutral"": 0.29213483146067415, ""Positive"": 0.6960907944514502}","[[120, 21, 65], [31, 39, 114], [39, 23, 276]]"
s5_B3_EMA_seed42,bigru_content_gate_time_pool,42,select,select:12:0.50:random:independent:1,0.6016483516483516,0.5346601651273456,0.6401944434503768,0.5432350408178866,0.6469425899027795,0.5401164539383366,,,0.3507343430875613,724,0.12912087912087913,0.013273902892886283,1.0,"{""Negative"": 0.6184538653366584, ""Neutral"": 0.28679245283018867, ""Positive"": 0.6987341772151898}","[[124, 21, 61], [31, 38, 115], [40, 22, 276]]"
s5_B3_EMA_seed42,bigru_content_gate_time_pool,42,select,select:12:0.50:random:independent:2,0.5975274725274725,0.531142168606322,0.6404323833785215,0.5389480632795318,0.6464399825781584,0.5373743667147025,,,0.3509549248224926,724,0.13324175824175824,0.013604428295381776,1.0,"{""Negative"": 0.6130653266331658, ""Neutral"": 0.28679245283018867, ""Positive"": 0.6935687263556116}","[[122, 20, 64], [30, 38, 116], [40, 23, 275]]"
s5_B3_EMA_seed42,bigru_content_gate_time_pool,42,select,select:012:0.10:random:independent:0,0.5879120879120879,0.5163002252606214,0.6541346485143179,0.5155040592121503,0.6594503605175395,0.5147003724894768,,,0.12558993973665408,724,0.11538461538461539,0.012436396717296525,1.0,"{""Negative"": 0.594059405940594, ""Neutral"": 0.2698412698412698, ""Positive"": 0.685}","[[120, 15, 71], [33, 34, 117], [45, 19, 274]]"
s5_B3_EMA_seed42,bigru_content_gate_time_pool,42,select,select:012:0.10:random:independent:1,0.5769230769230769,0.5121594971457007,0.6587105444195179,0.49605826764759947,0.6651453349411816,0.4938586515620456,,,0.12571082327220762,724,0.12637362637362637,0.013259225188637827,1.0,"{""Negative"": 0.5594059405940595, ""Neutral"": 0.30115830115830117, ""Positive"": 0.6759142496847415}","[[113, 16, 77], [35, 39, 110], [50, 20, 268]]"
s5_B3_EMA_seed42,bigru_content_gate_time_pool,42,select,select:012:0.10:random:independent:2,0.5796703296703297,0.5072992026210446,0.659894646225886,0.5092647655812826,0.6657248649408447,0.5083017677732243,,,0.1256004676726215,724,0.13736263736263737,0.012269584277853532,1.0,"{""Negative"": 0.5806451612903226, ""Neutral"": 0.26294820717131473, ""Positive"": 0.6783042394014963}","[[117, 13, 76], [35, 33, 116], [45, 21, 272]]"
s5_B3_EMA_seed42,bigru_content_gate_time_pool,42,select,select:012:0.30:random:independent:0,0.5728021978021978,0.4997770930888783,0.6766333203291991,0.4927420726703789,0.6808441836325513,0.4915676064246767,,,0.3162180586060894,724,0.10714285714285714,0.010344382440618105,1.0,"{""Negative"": 0.5586034912718204, ""Neutral"": 0.2682926829268293, ""Positive"": 0.6724351050679852}","[[112, 13, 81], [33, 33, 118], [50, 16, 272]]"
s5_B3_EMA_seed42,bigru_content_gate_time_pool,42,select,select:012:0.30:random:independent:1,0.5631868131868132,0.47927513135447714,0.6792616737424018,0.4797386697408246,0.6826075816496306,0.477107399734768,,,0.3167463590511638,724,0.10851648351648352,0.011086760149756956,1.0,"{""Negative"": 0.5408163265306123, ""Neutral"": 0.2222222222222222, ""Positive"": 0.6747868453105969}","[[106, 15, 85], [36, 27, 121], [44, 17, 277]]"
s5_B3_EMA_seed42,bigru_content_gate_time_pool,42,select,select:012:0.30:random:independent:2,0.5865384615384616,0.5094191249483598,0.6667113612721418,0.5011983575649946,0.671028569443049,0.5006148775978934,,,0.31705028085974835,724,0.11126373626373626,0.009392366202175616,1.0,"{""Negative"": 0.5786802030456852, ""Neutral"": 0.26337448559670784, ""Positive"": 0.6862026862026862}","[[114, 13, 79], [31, 32, 121], [43, 14, 281]]"
s5_B3_EMA_seed42,bigru_content_gate_time_pool,42,select,select:012:0.50:random:independent:0,0.5618131868131868,0.48325005750745714,0.6914713825434119,0.45146899969911536,0.694908370376452,0.4493341980317561,,,0.5214278455584954,724,0.12637362637362637,0.011266684868145775,1.0,"{""Negative"": 0.5421052631578948, ""Neutral"": 0.23529411764705882, ""Positive"": 0.6723507917174177}","[[103, 21, 82], [29, 30, 125], [42, 20, 276]]"
s5_B3_EMA_seed42,bigru_content_gate_time_pool,42,select,select:012:0.50:random:independent:1,0.5563186813186813,0.4825819654100502,0.6876340860116694,0.4574333320730999,0.691366205621347,0.46201819475131006,,,0.5211035116402414,724,0.12225274725274725,0.011469925568637612,1.0,"{""Negative"": 0.5263157894736842, ""Neutral"": 0.25882352941176473, ""Positive"": 0.6626065773447016}","[[100, 20, 86], [26, 33, 125], [48, 18, 272]]"
s5_B3_EMA_seed42,bigru_content_gate_time_pool,42,select,select:012:0.50:random:independent:2,0.5590659340659341,0.48009160322045913,0.6928537537085159,0.4634704543446401,0.6966851234006194,0.4628276566996399,,,0.5211950835022432,724,0.12087912087912088,0.010036856940421428,1.0,"{""Negative"": 0.5412371134020618, ""Neutral"": 0.22745098039215686, ""Positive"": 0.6715867158671587}","[[105, 20, 81], [34, 29, 121], [43, 22, 273]]"
s5_B3_EMA_seed42,bigru_content_gate_time_pool,42,clean,clean:clean,0.5906593406593407,0.5231949400499339,0.6471813771218716,0.5258030680685103,0.6535665682762616,0.5229916123191598,,,0.020685516934361863,0,0.1346153846153846,0.015494690112483042,1.0,"{""Negative"": 0.5894206549118388, ""Neutral"": 0.2900763358778626, ""Positive"": 0.6900878293601004}","[[117, 19, 70], [32, 38, 114], [42, 21, 275]]"
