[cache 5/100] built -3nNcZdcdvU$_$5
[cache 10/100] built -NFrJFQijFE$_$1
[cache 15/100] built -UuX1xuaiiE$_$1
[cache 20/100] built -aNfi7CP8vM$_$7
[cache 25/100] built -dxfTGcXJoc$_$6
[cache 30/100] built -egA8-b7-3M$_$13
[cache 35/100] built -iRBcNs9oI8$_$3
[cache 40/100] built -lzEya4AM_4$_$5
[cache 45/100] built -mJ2ud6oKI8$_$9
[cache 50/100] built -tANM6ETl_M$_$3
[cache 55/100] built -tPCytz4rww$_$18
[cache 60/100] built -wny0OAz3g8$_$3
[cache 65/100] built -571d8cVauQ$_$0
[cache 70/100] built -UacrmKiTn4$_$4
[cache 75/100] built -6rXp3zJ3kc$_$8
[cache 80/100] built -HeZS2-Prhc$_$2
[cache 85/100] built -RfYyzHpjk4$_$8
[cache 90/100] built -ri04Z7vwnc$_$5
[cache 95/100] built -s9qJ7ATP7w$_$7
[cache 100/100] built -yRb-Jum7EQ$_$6
/data2/hy/.local/lib/python3.10/site-packages/sklearn/linear_model/_logistic.py:1296: FutureWarning: Using the 'liblinear' solver for multiclass classification is deprecated. An error will be raised in 1.8. Either use another solver which supports the multinomial loss or wrap the estimator in a OneVsRestClassifier to keep applying a one-versus-rest scheme.
  warnings.warn(
/data2/hy/.local/lib/python3.10/site-packages/sklearn/linear_model/_logistic.py:1296: FutureWarning: Using the 'liblinear' solver for multiclass classification is deprecated. An error will be raised in 1.8. Either use another solver which supports the multinomial loss or wrap the estimator in a OneVsRestClassifier to keep applying a one-versus-rest scheme.
  warnings.warn(
/data2/hy/.local/lib/python3.10/site-packages/sklearn/linear_model/_logistic.py:1296: FutureWarning: Using the 'liblinear' solver for multiclass classification is deprecated. An error will be raised in 1.8. Either use another solver which supports the multinomial loss or wrap the estimator in a OneVsRestClassifier to keep applying a one-versus-rest scheme.
  warnings.warn(
/data2/hy/.local/lib/python3.10/site-packages/sklearn/linear_model/_logistic.py:1296: FutureWarning: Using the 'liblinear' solver for multiclass classification is deprecated. An error will be raised in 1.8. Either use another solver which supports the multinomial loss or wrap the estimator in a OneVsRestClassifier to keep applying a one-versus-rest scheme.
  warnings.warn(
/data2/hy/.local/lib/python3.10/site-packages/sklearn/linear_model/_logistic.py:1296: FutureWarning: Using the 'liblinear' solver for multiclass classification is deprecated. An error will be raised in 1.8. Either use another solver which supports the multinomial loss or wrap the estimator in a OneVsRestClassifier to keep applying a one-versus-rest scheme.
  warnings.warn(
/data2/hy/.local/lib/python3.10/site-packages/sklearn/linear_model/_logistic.py:1296: FutureWarning: Using the 'liblinear' solver for multiclass classification is deprecated. An error will be raised in 1.8. Either use another solver which supports the multinomial loss or wrap the estimator in a OneVsRestClassifier to keep applying a one-versus-rest scheme.
  warnings.warn(
/data2/hy/.local/lib/python3.10/site-packages/sklearn/linear_model/_logistic.py:1296: FutureWarning: Using the 'liblinear' solver for multiclass classification is deprecated. An error will be raised in 1.8. Either use another solver which supports the multinomial loss or wrap the estimator in a OneVsRestClassifier to keep applying a one-versus-rest scheme.
  warnings.warn(
/data2/hy/.local/lib/python3.10/site-packages/sklearn/linear_model/_logistic.py:1296: FutureWarning: Using the 'liblinear' solver for multiclass classification is deprecated. An error will be raised in 1.8. Either use another solver which supports the multinomial loss or wrap the estimator in a OneVsRestClassifier to keep applying a one-versus-rest scheme.
  warnings.warn(
/data2/hy/.local/lib/python3.10/site-packages/sklearn/linear_model/_logistic.py:1296: FutureWarning: Using the 'liblinear' solver for multiclass classification is deprecated. An error will be raised in 1.8. Either use another solver which supports the multinomial loss or wrap the estimator in a OneVsRestClassifier to keep applying a one-versus-rest scheme.
  warnings.warn(
/data2/hy/.local/lib/python3.10/site-packages/sklearn/linear_model/_logistic.py:1296: FutureWarning: Using the 'liblinear' solver for multiclass classification is deprecated. An error will be raised in 1.8. Either use another solver which supports the multinomial loss or wrap the estimator in a OneVsRestClassifier to keep applying a one-versus-rest scheme.
  warnings.warn(
/data2/hy/.local/lib/python3.10/site-packages/sklearn/linear_model/_logistic.py:1296: FutureWarning: Using the 'liblinear' solver for multiclass classification is deprecated. An error will be raised in 1.8. Either use another solver which supports the multinomial loss or wrap the estimator in a OneVsRestClassifier to keep applying a one-versus-rest scheme.
  warnings.warn(
/data2/hy/.local/lib/python3.10/site-packages/sklearn/linear_model/_logistic.py:1296: FutureWarning: Using the 'liblinear' solver for multiclass classification is deprecated. An error will be raised in 1.8. Either use another solver which supports the multinomial loss or wrap the estimator in a OneVsRestClassifier to keep applying a one-versus-rest scheme.
  warnings.warn(
/data2/hy/.local/lib/python3.10/site-packages/sklearn/linear_model/_logistic.py:1296: FutureWarning: Using the 'liblinear' solver for multiclass classification is deprecated. An error will be raised in 1.8. Either use another solver which supports the multinomial loss or wrap the estimator in a OneVsRestClassifier to keep applying a one-versus-rest scheme.
  warnings.warn(
/data2/hy/.local/lib/python3.10/site-packages/sklearn/linear_model/_logistic.py:1296: FutureWarning: Using the 'liblinear' solver for multiclass classification is deprecated. An error will be raised in 1.8. Either use another solver which supports the multinomial loss or wrap the estimator in a OneVsRestClassifier to keep applying a one-versus-rest scheme.
  warnings.warn(
/data2/hy/.local/lib/python3.10/site-packages/sklearn/linear_model/_logistic.py:1296: FutureWarning: Using the 'liblinear' solver for multiclass classification is deprecated. An error will be raised in 1.8. Either use another solver which supports the multinomial loss or wrap the estimator in a OneVsRestClassifier to keep applying a one-versus-rest scheme.
  warnings.warn(
/data2/hy/.local/lib/python3.10/site-packages/sklearn/linear_model/_logistic.py:1296: FutureWarning: Using the 'liblinear' solver for multiclass classification is deprecated. An error will be raised in 1.8. Either use another solver which supports the multinomial loss or wrap the estimator in a OneVsRestClassifier to keep applying a one-versus-rest scheme.
  warnings.warn(
/data2/hy/.local/lib/python3.10/site-packages/sklearn/linear_model/_logistic.py:1296: FutureWarning: Using the 'liblinear' solver for multiclass classification is deprecated. An error will be raised in 1.8. Either use another solver which supports the multinomial loss or wrap the estimator in a OneVsRestClassifier to keep applying a one-versus-rest scheme.
  warnings.warn(
/data2/hy/.local/lib/python3.10/site-packages/sklearn/linear_model/_logistic.py:1296: FutureWarning: Using the 'liblinear' solver for multiclass classification is deprecated. An error will be raised in 1.8. Either use another solver which supports the multinomial loss or wrap the estimator in a OneVsRestClassifier to keep applying a one-versus-rest scheme.
  warnings.warn(
/data2/hy/.local/lib/python3.10/site-packages/sklearn/linear_model/_logistic.py:1296: FutureWarning: Using the 'liblinear' solver for multiclass classification is deprecated. An error will be raised in 1.8. Either use another solver which supports the multinomial loss or wrap the estimator in a OneVsRestClassifier to keep applying a one-versus-rest scheme.
  warnings.warn(
/data2/hy/.local/lib/python3.10/site-packages/sklearn/linear_model/_logistic.py:1296: FutureWarning: Using the 'liblinear' solver for multiclass classification is deprecated. An error will be raised in 1.8. Either use another solver which supports the multinomial loss or wrap the estimator in a OneVsRestClassifier to keep applying a one-versus-rest scheme.
  warnings.warn(
/data2/hy/.local/lib/python3.10/site-packages/sklearn/linear_model/_logistic.py:1296: FutureWarning: Using the 'liblinear' solver for multiclass classification is deprecated. An error will be raised in 1.8. Either use another solver which supports the multinomial loss or wrap the estimator in a OneVsRestClassifier to keep applying a one-versus-rest scheme.
  warnings.warn(
/data2/hy/.local/lib/python3.10/site-packages/sklearn/linear_model/_logistic.py:1296: FutureWarning: Using the 'liblinear' solver for multiclass classification is deprecated. An error will be raised in 1.8. Either use another solver which supports the multinomial loss or wrap the estimator in a OneVsRestClassifier to keep applying a one-versus-rest scheme.
  warnings.warn(
/data2/hy/.local/lib/python3.10/site-packages/sklearn/linear_model/_logistic.py:1296: FutureWarning: Using the 'liblinear' solver for multiclass classification is deprecated. An error will be raised in 1.8. Either use another solver which supports the multinomial loss or wrap the estimator in a OneVsRestClassifier to keep applying a one-versus-rest scheme.
  warnings.warn(
/data2/hy/.local/lib/python3.10/site-packages/sklearn/linear_model/_logistic.py:1296: FutureWarning: Using the 'liblinear' solver for multiclass classification is deprecated. An error will be raised in 1.8. Either use another solver which supports the multinomial loss or wrap the estimator in a OneVsRestClassifier to keep applying a one-versus-rest scheme.
  warnings.warn(
/data2/hy/.local/lib/python3.10/site-packages/sklearn/linear_model/_logistic.py:1296: FutureWarning: Using the 'liblinear' solver for multiclass classification is deprecated. An error will be raised in 1.8. Either use another solver which supports the multinomial loss or wrap the estimator in a OneVsRestClassifier to keep applying a one-versus-rest scheme.
  warnings.warn(
/data2/hy/.local/lib/python3.10/site-packages/sklearn/linear_model/_logistic.py:1296: FutureWarning: Using the 'liblinear' solver for multiclass classification is deprecated. An error will be raised in 1.8. Either use another solver which supports the multinomial loss or wrap the estimator in a OneVsRestClassifier to keep applying a one-versus-rest scheme.
  warnings.warn(
/data2/hy/.local/lib/python3.10/site-packages/sklearn/linear_model/_logistic.py:1296: FutureWarning: Using the 'liblinear' solver for multiclass classification is deprecated. An error will be raised in 1.8. Either use another solver which supports the multinomial loss or wrap the estimator in a OneVsRestClassifier to keep applying a one-versus-rest scheme.
  warnings.warn(
/data2/hy/.local/lib/python3.10/site-packages/sklearn/linear_model/_logistic.py:1296: FutureWarning: Using the 'liblinear' solver for multiclass classification is deprecated. An error will be raised in 1.8. Either use another solver which supports the multinomial loss or wrap the estimator in a OneVsRestClassifier to keep applying a one-versus-rest scheme.
  warnings.warn(
/data2/hy/.local/lib/python3.10/site-packages/sklearn/linear_model/_logistic.py:1296: FutureWarning: Using the 'liblinear' solver for multiclass classification is deprecated. An error will be raised in 1.8. Either use another solver which supports the multinomial loss or wrap the estimator in a OneVsRestClassifier to keep applying a one-versus-rest scheme.
  warnings.warn(
/data2/hy/.local/lib/python3.10/site-packages/sklearn/linear_model/_logistic.py:1296: FutureWarning: Using the 'liblinear' solver for multiclass classification is deprecated. An error will be raised in 1.8. Either use another solver which supports the multinomial loss or wrap the estimator in a OneVsRestClassifier to keep applying a one-versus-rest scheme.
  warnings.warn(
/data2/hy/.local/lib/python3.10/site-packages/sklearn/linear_model/_logistic.py:1296: FutureWarning: Using the 'liblinear' solver for multiclass classification is deprecated. An error will be raised in 1.8. Either use another solver which supports the multinomial loss or wrap the estimator in a OneVsRestClassifier to keep applying a one-versus-rest scheme.
  warnings.warn(
/data2/hy/.local/lib/python3.10/site-packages/sklearn/linear_model/_logistic.py:1296: FutureWarning: Using the 'liblinear' solver for multiclass classification is deprecated. An error will be raised in 1.8. Either use another solver which supports the multinomial loss or wrap the estimator in a OneVsRestClassifier to keep applying a one-versus-rest scheme.
  warnings.warn(
/data2/hy/.local/lib/python3.10/site-packages/sklearn/linear_model/_logistic.py:1296: FutureWarning: Using the 'liblinear' solver for multiclass classification is deprecated. An error will be raised in 1.8. Either use another solver which supports the multinomial loss or wrap the estimator in a OneVsRestClassifier to keep applying a one-versus-rest scheme.
  warnings.warn(
/data2/hy/.local/lib/python3.10/site-packages/sklearn/linear_model/_logistic.py:1296: FutureWarning: Using the 'liblinear' solver for multiclass classification is deprecated. An error will be raised in 1.8. Either use another solver which supports the multinomial loss or wrap the estimator in a OneVsRestClassifier to keep applying a one-versus-rest scheme.
  warnings.warn(
/data2/hy/.local/lib/python3.10/site-packages/sklearn/linear_model/_logistic.py:1296: FutureWarning: Using the 'liblinear' solver for multiclass classification is deprecated. An error will be raised in 1.8. Either use another solver which supports the multinomial loss or wrap the estimator in a OneVsRestClassifier to keep applying a one-versus-rest scheme.
  warnings.warn(
/data2/hy/.local/lib/python3.10/site-packages/sklearn/linear_model/_logistic.py:1296: FutureWarning: Using the 'liblinear' solver for multiclass classification is deprecated. An error will be raised in 1.8. Either use another solver which supports the multinomial loss or wrap the estimator in a OneVsRestClassifier to keep applying a one-versus-rest scheme.
  warnings.warn(
/data2/hy/.local/lib/python3.10/site-packages/sklearn/linear_model/_logistic.py:1296: FutureWarning: Using the 'liblinear' solver for multiclass classification is deprecated. An error will be raised in 1.8. Either use another solver which supports the multinomial loss or wrap the estimator in a OneVsRestClassifier to keep applying a one-versus-rest scheme.
  warnings.warn(
/data2/hy/.local/lib/python3.10/site-packages/sklearn/linear_model/_logistic.py:1296: FutureWarning: Using the 'liblinear' solver for multiclass classification is deprecated. An error will be raised in 1.8. Either use another solver which supports the multinomial loss or wrap the estimator in a OneVsRestClassifier to keep applying a one-versus-rest scheme.
  warnings.warn(
/data2/hy/.local/lib/python3.10/site-packages/sklearn/linear_model/_logistic.py:1296: FutureWarning: Using the 'liblinear' solver for multiclass classification is deprecated. An error will be raised in 1.8. Either use another solver which supports the multinomial loss or wrap the estimator in a OneVsRestClassifier to keep applying a one-versus-rest scheme.
  warnings.warn(
/data2/hy/.local/lib/python3.10/site-packages/sklearn/linear_model/_logistic.py:1296: FutureWarning: Using the 'liblinear' solver for multiclass classification is deprecated. An error will be raised in 1.8. Either use another solver which supports the multinomial loss or wrap the estimator in a OneVsRestClassifier to keep applying a one-versus-rest scheme.
  warnings.warn(
/data2/hy/.local/lib/python3.10/site-packages/sklearn/linear_model/_logistic.py:1296: FutureWarning: Using the 'liblinear' solver for multiclass classification is deprecated. An error will be raised in 1.8. Either use another solver which supports the multinomial loss or wrap the estimator in a OneVsRestClassifier to keep applying a one-versus-rest scheme.
  warnings.warn(
/data2/hy/.local/lib/python3.10/site-packages/sklearn/linear_model/_logistic.py:1296: FutureWarning: Using the 'liblinear' solver for multiclass classification is deprecated. An error will be raised in 1.8. Either use another solver which supports the multinomial loss or wrap the estimator in a OneVsRestClassifier to keep applying a one-versus-rest scheme.
  warnings.warn(
/data2/hy/.local/lib/python3.10/site-packages/sklearn/linear_model/_logistic.py:1296: FutureWarning: Using the 'liblinear' solver for multiclass classification is deprecated. An error will be raised in 1.8. Either use another solver which supports the multinomial loss or wrap the estimator in a OneVsRestClassifier to keep applying a one-versus-rest scheme.
  warnings.warn(
/data2/hy/.local/lib/python3.10/site-packages/sklearn/linear_model/_logistic.py:1296: FutureWarning: Using the 'liblinear' solver for multiclass classification is deprecated. An error will be raised in 1.8. Either use another solver which supports the multinomial loss or wrap the estimator in a OneVsRestClassifier to keep applying a one-versus-rest scheme.
  warnings.warn(
/data2/hy/.local/lib/python3.10/site-packages/sklearn/linear_model/_logistic.py:1296: FutureWarning: Using the 'liblinear' solver for multiclass classification is deprecated. An error will be raised in 1.8. Either use another solver which supports the multinomial loss or wrap the estimator in a OneVsRestClassifier to keep applying a one-versus-rest scheme.
  warnings.warn(
/data2/hy/.local/lib/python3.10/site-packages/sklearn/linear_model/_logistic.py:1296: FutureWarning: Using the 'liblinear' solver for multiclass classification is deprecated. An error will be raised in 1.8. Either use another solver which supports the multinomial loss or wrap the estimator in a OneVsRestClassifier to keep applying a one-versus-rest scheme.
  warnings.warn(
/data2/hy/.local/lib/python3.10/site-packages/sklearn/linear_model/_logistic.py:1296: FutureWarning: Using the 'liblinear' solver for multiclass classification is deprecated. An error will be raised in 1.8. Either use another solver which supports the multinomial loss or wrap the estimator in a OneVsRestClassifier to keep applying a one-versus-rest scheme.
  warnings.warn(
/data2/hy/.local/lib/python3.10/site-packages/sklearn/linear_model/_logistic.py:1296: FutureWarning: Using the 'liblinear' solver for multiclass classification is deprecated. An error will be raised in 1.8. Either use another solver which supports the multinomial loss or wrap the estimator in a OneVsRestClassifier to keep applying a one-versus-rest scheme.
  warnings.warn(
/data2/hy/.local/lib/python3.10/site-packages/sklearn/linear_model/_logistic.py:1296: FutureWarning: Using the 'liblinear' solver for multiclass classification is deprecated. An error will be raised in 1.8. Either use another solver which supports the multinomial loss or wrap the estimator in a OneVsRestClassifier to keep applying a one-versus-rest scheme.
  warnings.warn(
/data2/hy/.local/lib/python3.10/site-packages/sklearn/linear_model/_logistic.py:1296: FutureWarning: Using the 'liblinear' solver for multiclass classification is deprecated. An error will be raised in 1.8. Either use another solver which supports the multinomial loss or wrap the estimator in a OneVsRestClassifier to keep applying a one-versus-rest scheme.
  warnings.warn(
/data2/hy/.local/lib/python3.10/site-packages/sklearn/linear_model/_logistic.py:1296: FutureWarning: Using the 'liblinear' solver for multiclass classification is deprecated. An error will be raised in 1.8. Either use another solver which supports the multinomial loss or wrap the estimator in a OneVsRestClassifier to keep applying a one-versus-rest scheme.
  warnings.warn(
/data2/hy/.local/lib/python3.10/site-packages/sklearn/linear_model/_logistic.py:1296: FutureWarning: Using the 'liblinear' solver for multiclass classification is deprecated. An error will be raised in 1.8. Either use another solver which supports the multinomial loss or wrap the estimator in a OneVsRestClassifier to keep applying a one-versus-rest scheme.
  warnings.warn(
/data2/hy/.local/lib/python3.10/site-packages/sklearn/linear_model/_logistic.py:1296: FutureWarning: Using the 'liblinear' solver for multiclass classification is deprecated. An error will be raised in 1.8. Either use another solver which supports the multinomial loss or wrap the estimator in a OneVsRestClassifier to keep applying a one-versus-rest scheme.
  warnings.warn(
/data2/hy/.local/lib/python3.10/site-packages/sklearn/linear_model/_logistic.py:1296: FutureWarning: Using the 'liblinear' solver for multiclass classification is deprecated. An error will be raised in 1.8. Either use another solver which supports the multinomial loss or wrap the estimator in a OneVsRestClassifier to keep applying a one-versus-rest scheme.
  warnings.warn(
/data2/hy/.local/lib/python3.10/site-packages/sklearn/linear_model/_logistic.py:1296: FutureWarning: Using the 'liblinear' solver for multiclass classification is deprecated. An error will be raised in 1.8. Either use another solver which supports the multinomial loss or wrap the estimator in a OneVsRestClassifier to keep applying a one-versus-rest scheme.
  warnings.warn(
/data2/hy/.local/lib/python3.10/site-packages/sklearn/linear_model/_logistic.py:1296: FutureWarning: Using the 'liblinear' solver for multiclass classification is deprecated. An error will be raised in 1.8. Either use another solver which supports the multinomial loss or wrap the estimator in a OneVsRestClassifier to keep applying a one-versus-rest scheme.
  warnings.warn(
/data2/hy/.local/lib/python3.10/site-packages/sklearn/linear_model/_logistic.py:1296: FutureWarning: Using the 'liblinear' solver for multiclass classification is deprecated. An error will be raised in 1.8. Either use another solver which supports the multinomial loss or wrap the estimator in a OneVsRestClassifier to keep applying a one-versus-rest scheme.
  warnings.warn(
/data2/hy/.local/lib/python3.10/site-packages/sklearn/linear_model/_logistic.py:1296: FutureWarning: Using the 'liblinear' solver for multiclass classification is deprecated. An error will be raised in 1.8. Either use another solver which supports the multinomial loss or wrap the estimator in a OneVsRestClassifier to keep applying a one-versus-rest scheme.
  warnings.warn(
/data2/hy/.local/lib/python3.10/site-packages/sklearn/linear_model/_logistic.py:1296: FutureWarning: Using the 'liblinear' solver for multiclass classification is deprecated. An error will be raised in 1.8. Either use another solver which supports the multinomial loss or wrap the estimator in a OneVsRestClassifier to keep applying a one-versus-rest scheme.
  warnings.warn(
/data2/hy/.local/lib/python3.10/site-packages/sklearn/linear_model/_logistic.py:1296: FutureWarning: Using the 'liblinear' solver for multiclass classification is deprecated. An error will be raised in 1.8. Either use another solver which supports the multinomial loss or wrap the estimator in a OneVsRestClassifier to keep applying a one-versus-rest scheme.
  warnings.warn(
/data2/hy/.local/lib/python3.10/site-packages/sklearn/linear_model/_logistic.py:1296: FutureWarning: Using the 'liblinear' solver for multiclass classification is deprecated. An error will be raised in 1.8. Either use another solver which supports the multinomial loss or wrap the estimator in a OneVsRestClassifier to keep applying a one-versus-rest scheme.
  warnings.warn(
/data2/hy/.local/lib/python3.10/site-packages/sklearn/linear_model/_logistic.py:1296: FutureWarning: Using the 'liblinear' solver for multiclass classification is deprecated. An error will be raised in 1.8. Either use another solver which supports the multinomial loss or wrap the estimator in a OneVsRestClassifier to keep applying a one-versus-rest scheme.
  warnings.warn(
/data2/hy/.local/lib/python3.10/site-packages/sklearn/linear_model/_logistic.py:1296: FutureWarning: Using the 'liblinear' solver for multiclass classification is deprecated. An error will be raised in 1.8. Either use another solver which supports the multinomial loss or wrap the estimator in a OneVsRestClassifier to keep applying a one-versus-rest scheme.
  warnings.warn(
/data2/hy/.local/lib/python3.10/site-packages/sklearn/linear_model/_logistic.py:1296: FutureWarning: Using the 'liblinear' solver for multiclass classification is deprecated. An error will be raised in 1.8. Either use another solver which supports the multinomial loss or wrap the estimator in a OneVsRestClassifier to keep applying a one-versus-rest scheme.
  warnings.warn(
/data2/hy/.local/lib/python3.10/site-packages/sklearn/linear_model/_logistic.py:1296: FutureWarning: Using the 'liblinear' solver for multiclass classification is deprecated. An error will be raised in 1.8. Either use another solver which supports the multinomial loss or wrap the estimator in a OneVsRestClassifier to keep applying a one-versus-rest scheme.
  warnings.warn(
/data2/hy/.local/lib/python3.10/site-packages/sklearn/linear_model/_logistic.py:1296: FutureWarning: Using the 'liblinear' solver for multiclass classification is deprecated. An error will be raised in 1.8. Either use another solver which supports the multinomial loss or wrap the estimator in a OneVsRestClassifier to keep applying a one-versus-rest scheme.
  warnings.warn(
/data2/hy/.local/lib/python3.10/site-packages/sklearn/linear_model/_logistic.py:1296: FutureWarning: Using the 'liblinear' solver for multiclass classification is deprecated. An error will be raised in 1.8. Either use another solver which supports the multinomial loss or wrap the estimator in a OneVsRestClassifier to keep applying a one-versus-rest scheme.
  warnings.warn(
/data2/hy/.local/lib/python3.10/site-packages/sklearn/linear_model/_logistic.py:1296: FutureWarning: Using the 'liblinear' solver for multiclass classification is deprecated. An error will be raised in 1.8. Either use another solver which supports the multinomial loss or wrap the estimator in a OneVsRestClassifier to keep applying a one-versus-rest scheme.
  warnings.warn(
/data2/hy/.local/lib/python3.10/site-packages/sklearn/linear_model/_logistic.py:1296: FutureWarning: Using the 'liblinear' solver for multiclass classification is deprecated. An error will be raised in 1.8. Either use another solver which supports the multinomial loss or wrap the estimator in a OneVsRestClassifier to keep applying a one-versus-rest scheme.
  warnings.warn(
/data2/hy/.local/lib/python3.10/site-packages/sklearn/linear_model/_logistic.py:1296: FutureWarning: Using the 'liblinear' solver for multiclass classification is deprecated. An error will be raised in 1.8. Either use another solver which supports the multinomial loss or wrap the estimator in a OneVsRestClassifier to keep applying a one-versus-rest scheme.
  warnings.warn(
/data2/hy/.local/lib/python3.10/site-packages/sklearn/linear_model/_logistic.py:1296: FutureWarning: Using the 'liblinear' solver for multiclass classification is deprecated. An error will be raised in 1.8. Either use another solver which supports the multinomial loss or wrap the estimator in a OneVsRestClassifier to keep applying a one-versus-rest scheme.
  warnings.warn(
/data2/hy/.local/lib/python3.10/site-packages/sklearn/linear_model/_logistic.py:1296: FutureWarning: Using the 'liblinear' solver for multiclass classification is deprecated. An error will be raised in 1.8. Either use another solver which supports the multinomial loss or wrap the estimator in a OneVsRestClassifier to keep applying a one-versus-rest scheme.
  warnings.warn(
/data2/hy/.local/lib/python3.10/site-packages/sklearn/linear_model/_logistic.py:1296: FutureWarning: Using the 'liblinear' solver for multiclass classification is deprecated. An error will be raised in 1.8. Either use another solver which supports the multinomial loss or wrap the estimator in a OneVsRestClassifier to keep applying a one-versus-rest scheme.
  warnings.warn(
/data2/hy/.local/lib/python3.10/site-packages/sklearn/linear_model/_logistic.py:1296: FutureWarning: Using the 'liblinear' solver for multiclass classification is deprecated. An error will be raised in 1.8. Either use another solver which supports the multinomial loss or wrap the estimator in a OneVsRestClassifier to keep applying a one-versus-rest scheme.
  warnings.warn(
/data2/hy/.local/lib/python3.10/site-packages/sklearn/linear_model/_logistic.py:1296: FutureWarning: Using the 'liblinear' solver for multiclass classification is deprecated. An error will be raised in 1.8. Either use another solver which supports the multinomial loss or wrap the estimator in a OneVsRestClassifier to keep applying a one-versus-rest scheme.
  warnings.warn(
/data2/hy/.local/lib/python3.10/site-packages/sklearn/linear_model/_logistic.py:1296: FutureWarning: Using the 'liblinear' solver for multiclass classification is deprecated. An error will be raised in 1.8. Either use another solver which supports the multinomial loss or wrap the estimator in a OneVsRestClassifier to keep applying a one-versus-rest scheme.
  warnings.warn(
/data2/hy/.local/lib/python3.10/site-packages/sklearn/linear_model/_logistic.py:1296: FutureWarning: Using the 'liblinear' solver for multiclass classification is deprecated. An error will be raised in 1.8. Either use another solver which supports the multinomial loss or wrap the estimator in a OneVsRestClassifier to keep applying a one-versus-rest scheme.
  warnings.warn(
/data2/hy/.local/lib/python3.10/site-packages/sklearn/linear_model/_logistic.py:1296: FutureWarning: Using the 'liblinear' solver for multiclass classification is deprecated. An error will be raised in 1.8. Either use another solver which supports the multinomial loss or wrap the estimator in a OneVsRestClassifier to keep applying a one-versus-rest scheme.
  warnings.warn(
/data2/hy/.local/lib/python3.10/site-packages/sklearn/linear_model/_logistic.py:1296: FutureWarning: Using the 'liblinear' solver for multiclass classification is deprecated. An error will be raised in 1.8. Either use another solver which supports the multinomial loss or wrap the estimator in a OneVsRestClassifier to keep applying a one-versus-rest scheme.
  warnings.warn(
/data2/hy/.local/lib/python3.10/site-packages/sklearn/linear_model/_logistic.py:1296: FutureWarning: Using the 'liblinear' solver for multiclass classification is deprecated. An error will be raised in 1.8. Either use another solver which supports the multinomial loss or wrap the estimator in a OneVsRestClassifier to keep applying a one-versus-rest scheme.
  warnings.warn(
/data2/hy/.local/lib/python3.10/site-packages/sklearn/linear_model/_logistic.py:1296: FutureWarning: Using the 'liblinear' solver for multiclass classification is deprecated. An error will be raised in 1.8. Either use another solver which supports the multinomial loss or wrap the estimator in a OneVsRestClassifier to keep applying a one-versus-rest scheme.
  warnings.warn(
/data2/hy/.local/lib/python3.10/site-packages/sklearn/linear_model/_logistic.py:1296: FutureWarning: Using the 'liblinear' solver for multiclass classification is deprecated. An error will be raised in 1.8. Either use another solver which supports the multinomial loss or wrap the estimator in a OneVsRestClassifier to keep applying a one-versus-rest scheme.
  warnings.warn(
/data2/hy/.local/lib/python3.10/site-packages/sklearn/linear_model/_logistic.py:1296: FutureWarning: Using the 'liblinear' solver for multiclass classification is deprecated. An error will be raised in 1.8. Either use another solver which supports the multinomial loss or wrap the estimator in a OneVsRestClassifier to keep applying a one-versus-rest scheme.
  warnings.warn(
/data2/hy/.local/lib/python3.10/site-packages/sklearn/linear_model/_logistic.py:1296: FutureWarning: Using the 'liblinear' solver for multiclass classification is deprecated. An error will be raised in 1.8. Either use another solver which supports the multinomial loss or wrap the estimator in a OneVsRestClassifier to keep applying a one-versus-rest scheme.
  warnings.warn(
/data2/hy/.local/lib/python3.10/site-packages/sklearn/linear_model/_logistic.py:1296: FutureWarning: Using the 'liblinear' solver for multiclass classification is deprecated. An error will be raised in 1.8. Either use another solver which supports the multinomial loss or wrap the estimator in a OneVsRestClassifier to keep applying a one-versus-rest scheme.
  warnings.warn(
/data2/hy/.local/lib/python3.10/site-packages/sklearn/linear_model/_logistic.py:1296: FutureWarning: Using the 'liblinear' solver for multiclass classification is deprecated. An error will be raised in 1.8. Either use another solver which supports the multinomial loss or wrap the estimator in a OneVsRestClassifier to keep applying a one-versus-rest scheme.
  warnings.warn(
/data2/hy/.local/lib/python3.10/site-packages/sklearn/linear_model/_logistic.py:1296: FutureWarning: Using the 'liblinear' solver for multiclass classification is deprecated. An error will be raised in 1.8. Either use another solver which supports the multinomial loss or wrap the estimator in a OneVsRestClassifier to keep applying a one-versus-rest scheme.
  warnings.warn(
/data2/hy/.local/lib/python3.10/site-packages/sklearn/linear_model/_logistic.py:1296: FutureWarning: Using the 'liblinear' solver for multiclass classification is deprecated. An error will be raised in 1.8. Either use another solver which supports the multinomial loss or wrap the estimator in a OneVsRestClassifier to keep applying a one-versus-rest scheme.
  warnings.warn(
/data2/hy/.local/lib/python3.10/site-packages/sklearn/linear_model/_logistic.py:1296: FutureWarning: Using the 'liblinear' solver for multiclass classification is deprecated. An error will be raised in 1.8. Either use another solver which supports the multinomial loss or wrap the estimator in a OneVsRestClassifier to keep applying a one-versus-rest scheme.
  warnings.warn(
/data2/hy/.local/lib/python3.10/site-packages/sklearn/linear_model/_logistic.py:1296: FutureWarning: Using the 'liblinear' solver for multiclass classification is deprecated. An error will be raised in 1.8. Either use another solver which supports the multinomial loss or wrap the estimator in a OneVsRestClassifier to keep applying a one-versus-rest scheme.
  warnings.warn(
/data2/hy/.local/lib/python3.10/site-packages/sklearn/linear_model/_logistic.py:1296: FutureWarning: Using the 'liblinear' solver for multiclass classification is deprecated. An error will be raised in 1.8. Either use another solver which supports the multinomial loss or wrap the estimator in a OneVsRestClassifier to keep applying a one-versus-rest scheme.
  warnings.warn(
/data2/hy/.local/lib/python3.10/site-packages/sklearn/linear_model/_logistic.py:1296: FutureWarning: Using the 'liblinear' solver for multiclass classification is deprecated. An error will be raised in 1.8. Either use another solver which supports the multinomial loss or wrap the estimator in a OneVsRestClassifier to keep applying a one-versus-rest scheme.
  warnings.warn(
/data2/hy/.local/lib/python3.10/site-packages/sklearn/linear_model/_logistic.py:1296: FutureWarning: Using the 'liblinear' solver for multiclass classification is deprecated. An error will be raised in 1.8. Either use another solver which supports the multinomial loss or wrap the estimator in a OneVsRestClassifier to keep applying a one-versus-rest scheme.
  warnings.warn(
/data2/hy/.local/lib/python3.10/site-packages/sklearn/linear_model/_logistic.py:1296: FutureWarning: Using the 'liblinear' solver for multiclass classification is deprecated. An error will be raised in 1.8. Either use another solver which supports the multinomial loss or wrap the estimator in a OneVsRestClassifier to keep applying a one-versus-rest scheme.
  warnings.warn(
/data2/hy/.local/lib/python3.10/site-packages/sklearn/linear_model/_logistic.py:1296: FutureWarning: Using the 'liblinear' solver for multiclass classification is deprecated. An error will be raised in 1.8. Either use another solver which supports the multinomial loss or wrap the estimator in a OneVsRestClassifier to keep applying a one-versus-rest scheme.
  warnings.warn(
/data2/hy/.local/lib/python3.10/site-packages/sklearn/linear_model/_logistic.py:1296: FutureWarning: Using the 'liblinear' solver for multiclass classification is deprecated. An error will be raised in 1.8. Either use another solver which supports the multinomial loss or wrap the estimator in a OneVsRestClassifier to keep applying a one-versus-rest scheme.
  warnings.warn(
/data2/hy/.local/lib/python3.10/site-packages/sklearn/linear_model/_logistic.py:1296: FutureWarning: Using the 'liblinear' solver for multiclass classification is deprecated. An error will be raised in 1.8. Either use another solver which supports the multinomial loss or wrap the estimator in a OneVsRestClassifier to keep applying a one-versus-rest scheme.
  warnings.warn(
/data2/hy/.local/lib/python3.10/site-packages/sklearn/linear_model/_logistic.py:1296: FutureWarning: Using the 'liblinear' solver for multiclass classification is deprecated. An error will be raised in 1.8. Either use another solver which supports the multinomial loss or wrap the estimator in a OneVsRestClassifier to keep applying a one-versus-rest scheme.
  warnings.warn(
/data2/hy/.local/lib/python3.10/site-packages/sklearn/linear_model/_logistic.py:1296: FutureWarning: Using the 'liblinear' solver for multiclass classification is deprecated. An error will be raised in 1.8. Either use another solver which supports the multinomial loss or wrap the estimator in a OneVsRestClassifier to keep applying a one-versus-rest scheme.
  warnings.warn(
/data2/hy/.local/lib/python3.10/site-packages/sklearn/linear_model/_logistic.py:1296: FutureWarning: Using the 'liblinear' solver for multiclass classification is deprecated. An error will be raised in 1.8. Either use another solver which supports the multinomial loss or wrap the estimator in a OneVsRestClassifier to keep applying a one-versus-rest scheme.
  warnings.warn(
/data2/hy/.local/lib/python3.10/site-packages/sklearn/linear_model/_logistic.py:1296: FutureWarning: Using the 'liblinear' solver for multiclass classification is deprecated. An error will be raised in 1.8. Either use another solver which supports the multinomial loss or wrap the estimator in a OneVsRestClassifier to keep applying a one-versus-rest scheme.
  warnings.warn(
/data2/hy/.local/lib/python3.10/site-packages/sklearn/linear_model/_logistic.py:1296: FutureWarning: Using the 'liblinear' solver for multiclass classification is deprecated. An error will be raised in 1.8. Either use another solver which supports the multinomial loss or wrap the estimator in a OneVsRestClassifier to keep applying a one-versus-rest scheme.
  warnings.warn(
/data2/hy/.local/lib/python3.10/site-packages/sklearn/linear_model/_logistic.py:1296: FutureWarning: Using the 'liblinear' solver for multiclass classification is deprecated. An error will be raised in 1.8. Either use another solver which supports the multinomial loss or wrap the estimator in a OneVsRestClassifier to keep applying a one-versus-rest scheme.
  warnings.warn(
/data2/hy/.local/lib/python3.10/site-packages/sklearn/linear_model/_logistic.py:1296: FutureWarning: Using the 'liblinear' solver for multiclass classification is deprecated. An error will be raised in 1.8. Either use another solver which supports the multinomial loss or wrap the estimator in a OneVsRestClassifier to keep applying a one-versus-rest scheme.
  warnings.warn(
/data2/hy/.local/lib/python3.10/site-packages/sklearn/linear_model/_logistic.py:1296: FutureWarning: Using the 'liblinear' solver for multiclass classification is deprecated. An error will be raised in 1.8. Either use another solver which supports the multinomial loss or wrap the estimator in a OneVsRestClassifier to keep applying a one-versus-rest scheme.
  warnings.warn(
/data2/hy/.local/lib/python3.10/site-packages/sklearn/linear_model/_logistic.py:1296: FutureWarning: Using the 'liblinear' solver for multiclass classification is deprecated. An error will be raised in 1.8. Either use another solver which supports the multinomial loss or wrap the estimator in a OneVsRestClassifier to keep applying a one-versus-rest scheme.
  warnings.warn(
/data2/hy/.local/lib/python3.10/site-packages/sklearn/linear_model/_logistic.py:1296: FutureWarning: Using the 'liblinear' solver for multiclass classification is deprecated. An error will be raised in 1.8. Either use another solver which supports the multinomial loss or wrap the estimator in a OneVsRestClassifier to keep applying a one-versus-rest scheme.
  warnings.warn(
/data2/hy/.local/lib/python3.10/site-packages/sklearn/linear_model/_logistic.py:1296: FutureWarning: Using the 'liblinear' solver for multiclass classification is deprecated. An error will be raised in 1.8. Either use another solver which supports the multinomial loss or wrap the estimator in a OneVsRestClassifier to keep applying a one-versus-rest scheme.
  warnings.warn(
/data2/hy/.local/lib/python3.10/site-packages/sklearn/linear_model/_logistic.py:1296: FutureWarning: Using the 'liblinear' solver for multiclass classification is deprecated. An error will be raised in 1.8. Either use another solver which supports the multinomial loss or wrap the estimator in a OneVsRestClassifier to keep applying a one-versus-rest scheme.
  warnings.warn(
/data2/hy/.local/lib/python3.10/site-packages/sklearn/linear_model/_logistic.py:1296: FutureWarning: Using the 'liblinear' solver for multiclass classification is deprecated. An error will be raised in 1.8. Either use another solver which supports the multinomial loss or wrap the estimator in a OneVsRestClassifier to keep applying a one-versus-rest scheme.
  warnings.warn(
/data2/hy/.local/lib/python3.10/site-packages/sklearn/linear_model/_logistic.py:1296: FutureWarning: Using the 'liblinear' solver for multiclass classification is deprecated. An error will be raised in 1.8. Either use another solver which supports the multinomial loss or wrap the estimator in a OneVsRestClassifier to keep applying a one-versus-rest scheme.
  warnings.warn(
/data2/hy/.local/lib/python3.10/site-packages/sklearn/linear_model/_logistic.py:1296: FutureWarning: Using the 'liblinear' solver for multiclass classification is deprecated. An error will be raised in 1.8. Either use another solver which supports the multinomial loss or wrap the estimator in a OneVsRestClassifier to keep applying a one-versus-rest scheme.
  warnings.warn(
/data2/hy/.local/lib/python3.10/site-packages/sklearn/linear_model/_logistic.py:1296: FutureWarning: Using the 'liblinear' solver for multiclass classification is deprecated. An error will be raised in 1.8. Either use another solver which supports the multinomial loss or wrap the estimator in a OneVsRestClassifier to keep applying a one-versus-rest scheme.
  warnings.warn(
/data2/hy/.local/lib/python3.10/site-packages/sklearn/linear_model/_logistic.py:1296: FutureWarning: Using the 'liblinear' solver for multiclass classification is deprecated. An error will be raised in 1.8. Either use another solver which supports the multinomial loss or wrap the estimator in a OneVsRestClassifier to keep applying a one-versus-rest scheme.
  warnings.warn(
/data2/hy/.local/lib/python3.10/site-packages/sklearn/linear_model/_logistic.py:1296: FutureWarning: Using the 'liblinear' solver for multiclass classification is deprecated. An error will be raised in 1.8. Either use another solver which supports the multinomial loss or wrap the estimator in a OneVsRestClassifier to keep applying a one-versus-rest scheme.
  warnings.warn(
/data2/hy/.local/lib/python3.10/site-packages/sklearn/linear_model/_logistic.py:1296: FutureWarning: Using the 'liblinear' solver for multiclass classification is deprecated. An error will be raised in 1.8. Either use another solver which supports the multinomial loss or wrap the estimator in a OneVsRestClassifier to keep applying a one-versus-rest scheme.
  warnings.warn(
/data2/hy/.local/lib/python3.10/site-packages/sklearn/linear_model/_logistic.py:1296: FutureWarning: Using the 'liblinear' solver for multiclass classification is deprecated. An error will be raised in 1.8. Either use another solver which supports the multinomial loss or wrap the estimator in a OneVsRestClassifier to keep applying a one-versus-rest scheme.
  warnings.warn(
/data2/hy/.local/lib/python3.10/site-packages/sklearn/linear_model/_logistic.py:1296: FutureWarning: Using the 'liblinear' solver for multiclass classification is deprecated. An error will be raised in 1.8. Either use another solver which supports the multinomial loss or wrap the estimator in a OneVsRestClassifier to keep applying a one-versus-rest scheme.
  warnings.warn(
/data2/hy/.local/lib/python3.10/site-packages/sklearn/linear_model/_logistic.py:1296: FutureWarning: Using the 'liblinear' solver for multiclass classification is deprecated. An error will be raised in 1.8. Either use another solver which supports the multinomial loss or wrap the estimator in a OneVsRestClassifier to keep applying a one-versus-rest scheme.
  warnings.warn(
/data2/hy/.local/lib/python3.10/site-packages/sklearn/linear_model/_logistic.py:1296: FutureWarning: Using the 'liblinear' solver for multiclass classification is deprecated. An error will be raised in 1.8. Either use another solver which supports the multinomial loss or wrap the estimator in a OneVsRestClassifier to keep applying a one-versus-rest scheme.
  warnings.warn(
/data2/hy/.local/lib/python3.10/site-packages/sklearn/linear_model/_logistic.py:1296: FutureWarning: Using the 'liblinear' solver for multiclass classification is deprecated. An error will be raised in 1.8. Either use another solver which supports the multinomial loss or wrap the estimator in a OneVsRestClassifier to keep applying a one-versus-rest scheme.
  warnings.warn(
/data2/hy/.local/lib/python3.10/site-packages/sklearn/linear_model/_logistic.py:1296: FutureWarning: Using the 'liblinear' solver for multiclass classification is deprecated. An error will be raised in 1.8. Either use another solver which supports the multinomial loss or wrap the estimator in a OneVsRestClassifier to keep applying a one-versus-rest scheme.
  warnings.warn(
/data2/hy/.local/lib/python3.10/site-packages/sklearn/linear_model/_logistic.py:1296: FutureWarning: Using the 'liblinear' solver for multiclass classification is deprecated. An error will be raised in 1.8. Either use another solver which supports the multinomial loss or wrap the estimator in a OneVsRestClassifier to keep applying a one-versus-rest scheme.
  warnings.warn(
/data2/hy/.local/lib/python3.10/site-packages/sklearn/linear_model/_logistic.py:1296: FutureWarning: Using the 'liblinear' solver for multiclass classification is deprecated. An error will be raised in 1.8. Either use another solver which supports the multinomial loss or wrap the estimator in a OneVsRestClassifier to keep applying a one-versus-rest scheme.
  warnings.warn(
/data2/hy/.local/lib/python3.10/site-packages/sklearn/linear_model/_logistic.py:1296: FutureWarning: Using the 'liblinear' solver for multiclass classification is deprecated. An error will be raised in 1.8. Either use another solver which supports the multinomial loss or wrap the estimator in a OneVsRestClassifier to keep applying a one-versus-rest scheme.
  warnings.warn(
/data2/hy/.local/lib/python3.10/site-packages/sklearn/linear_model/_logistic.py:1296: FutureWarning: Using the 'liblinear' solver for multiclass classification is deprecated. An error will be raised in 1.8. Either use another solver which supports the multinomial loss or wrap the estimator in a OneVsRestClassifier to keep applying a one-versus-rest scheme.
  warnings.warn(
/data2/hy/.local/lib/python3.10/site-packages/sklearn/linear_model/_logistic.py:1296: FutureWarning: Using the 'liblinear' solver for multiclass classification is deprecated. An error will be raised in 1.8. Either use another solver which supports the multinomial loss or wrap the estimator in a OneVsRestClassifier to keep applying a one-versus-rest scheme.
  warnings.warn(
/data2/hy/.local/lib/python3.10/site-packages/sklearn/linear_model/_logistic.py:1296: FutureWarning: Using the 'liblinear' solver for multiclass classification is deprecated. An error will be raised in 1.8. Either use another solver which supports the multinomial loss or wrap the estimator in a OneVsRestClassifier to keep applying a one-versus-rest scheme.
  warnings.warn(
/data2/hy/.local/lib/python3.10/site-packages/sklearn/linear_model/_logistic.py:1296: FutureWarning: Using the 'liblinear' solver for multiclass classification is deprecated. An error will be raised in 1.8. Either use another solver which supports the multinomial loss or wrap the estimator in a OneVsRestClassifier to keep applying a one-versus-rest scheme.
  warnings.warn(
/data2/hy/.local/lib/python3.10/site-packages/sklearn/linear_model/_logistic.py:1296: FutureWarning: Using the 'liblinear' solver for multiclass classification is deprecated. An error will be raised in 1.8. Either use another solver which supports the multinomial loss or wrap the estimator in a OneVsRestClassifier to keep applying a one-versus-rest scheme.
  warnings.warn(
/data2/hy/.local/lib/python3.10/site-packages/sklearn/linear_model/_logistic.py:1296: FutureWarning: Using the 'liblinear' solver for multiclass classification is deprecated. An error will be raised in 1.8. Either use another solver which supports the multinomial loss or wrap the estimator in a OneVsRestClassifier to keep applying a one-versus-rest scheme.
  warnings.warn(
/data2/hy/.local/lib/python3.10/site-packages/sklearn/linear_model/_logistic.py:1296: FutureWarning: Using the 'liblinear' solver for multiclass classification is deprecated. An error will be raised in 1.8. Either use another solver which supports the multinomial loss or wrap the estimator in a OneVsRestClassifier to keep applying a one-versus-rest scheme.
  warnings.warn(
/data2/hy/.local/lib/python3.10/site-packages/sklearn/linear_model/_logistic.py:1296: FutureWarning: Using the 'liblinear' solver for multiclass classification is deprecated. An error will be raised in 1.8. Either use another solver which supports the multinomial loss or wrap the estimator in a OneVsRestClassifier to keep applying a one-versus-rest scheme.
  warnings.warn(
/data2/hy/.local/lib/python3.10/site-packages/sklearn/linear_model/_logistic.py:1296: FutureWarning: Using the 'liblinear' solver for multiclass classification is deprecated. An error will be raised in 1.8. Either use another solver which supports the multinomial loss or wrap the estimator in a OneVsRestClassifier to keep applying a one-versus-rest scheme.
  warnings.warn(
/data2/hy/.local/lib/python3.10/site-packages/sklearn/linear_model/_logistic.py:1296: FutureWarning: Using the 'liblinear' solver for multiclass classification is deprecated. An error will be raised in 1.8. Either use another solver which supports the multinomial loss or wrap the estimator in a OneVsRestClassifier to keep applying a one-versus-rest scheme.
  warnings.warn(
/data2/hy/.local/lib/python3.10/site-packages/sklearn/linear_model/_logistic.py:1296: FutureWarning: Using the 'liblinear' solver for multiclass classification is deprecated. An error will be raised in 1.8. Either use another solver which supports the multinomial loss or wrap the estimator in a OneVsRestClassifier to keep applying a one-versus-rest scheme.
  warnings.warn(
/data2/hy/.local/lib/python3.10/site-packages/sklearn/linear_model/_logistic.py:1296: FutureWarning: Using the 'liblinear' solver for multiclass classification is deprecated. An error will be raised in 1.8. Either use another solver which supports the multinomial loss or wrap the estimator in a OneVsRestClassifier to keep applying a one-versus-rest scheme.
  warnings.warn(
/data2/hy/.local/lib/python3.10/site-packages/sklearn/linear_model/_logistic.py:1296: FutureWarning: Using the 'liblinear' solver for multiclass classification is deprecated. An error will be raised in 1.8. Either use another solver which supports the multinomial loss or wrap the estimator in a OneVsRestClassifier to keep applying a one-versus-rest scheme.
  warnings.warn(
/data2/hy/.local/lib/python3.10/site-packages/sklearn/linear_model/_logistic.py:1296: FutureWarning: Using the 'liblinear' solver for multiclass classification is deprecated. An error will be raised in 1.8. Either use another solver which supports the multinomial loss or wrap the estimator in a OneVsRestClassifier to keep applying a one-versus-rest scheme.
  warnings.warn(
/data2/hy/.local/lib/python3.10/site-packages/sklearn/linear_model/_logistic.py:1296: FutureWarning: Using the 'liblinear' solver for multiclass classification is deprecated. An error will be raised in 1.8. Either use another solver which supports the multinomial loss or wrap the estimator in a OneVsRestClassifier to keep applying a one-versus-rest scheme.
  warnings.warn(
/data2/hy/.local/lib/python3.10/site-packages/sklearn/linear_model/_logistic.py:1296: FutureWarning: Using the 'liblinear' solver for multiclass classification is deprecated. An error will be raised in 1.8. Either use another solver which supports the multinomial loss or wrap the estimator in a OneVsRestClassifier to keep applying a one-versus-rest scheme.
  warnings.warn(
/data2/hy/.local/lib/python3.10/site-packages/sklearn/linear_model/_logistic.py:1296: FutureWarning: Using the 'liblinear' solver for multiclass classification is deprecated. An error will be raised in 1.8. Either use another solver which supports the multinomial loss or wrap the estimator in a OneVsRestClassifier to keep applying a one-versus-rest scheme.
  warnings.warn(
/data2/hy/.local/lib/python3.10/site-packages/sklearn/linear_model/_logistic.py:1296: FutureWarning: Using the 'liblinear' solver for multiclass classification is deprecated. An error will be raised in 1.8. Either use another solver which supports the multinomial loss or wrap the estimator in a OneVsRestClassifier to keep applying a one-versus-rest scheme.
  warnings.warn(
/data2/hy/.local/lib/python3.10/site-packages/sklearn/linear_model/_logistic.py:1296: FutureWarning: Using the 'liblinear' solver for multiclass classification is deprecated. An error will be raised in 1.8. Either use another solver which supports the multinomial loss or wrap the estimator in a OneVsRestClassifier to keep applying a one-versus-rest scheme.
  warnings.warn(
/data2/hy/.local/lib/python3.10/site-packages/sklearn/linear_model/_logistic.py:1296: FutureWarning: Using the 'liblinear' solver for multiclass classification is deprecated. An error will be raised in 1.8. Either use another solver which supports the multinomial loss or wrap the estimator in a OneVsRestClassifier to keep applying a one-versus-rest scheme.
  warnings.warn(
/data2/hy/.local/lib/python3.10/site-packages/sklearn/linear_model/_logistic.py:1296: FutureWarning: Using the 'liblinear' solver for multiclass classification is deprecated. An error will be raised in 1.8. Either use another solver which supports the multinomial loss or wrap the estimator in a OneVsRestClassifier to keep applying a one-versus-rest scheme.
  warnings.warn(
/data2/hy/.local/lib/python3.10/site-packages/sklearn/linear_model/_logistic.py:1296: FutureWarning: Using the 'liblinear' solver for multiclass classification is deprecated. An error will be raised in 1.8. Either use another solver which supports the multinomial loss or wrap the estimator in a OneVsRestClassifier to keep applying a one-versus-rest scheme.
  warnings.warn(
/data2/hy/.local/lib/python3.10/site-packages/sklearn/linear_model/_logistic.py:1296: FutureWarning: Using the 'liblinear' solver for multiclass classification is deprecated. An error will be raised in 1.8. Either use another solver which supports the multinomial loss or wrap the estimator in a OneVsRestClassifier to keep applying a one-versus-rest scheme.
  warnings.warn(
/data2/hy/.local/lib/python3.10/site-packages/sklearn/linear_model/_logistic.py:1296: FutureWarning: Using the 'liblinear' solver for multiclass classification is deprecated. An error will be raised in 1.8. Either use another solver which supports the multinomial loss or wrap the estimator in a OneVsRestClassifier to keep applying a one-versus-rest scheme.
  warnings.warn(
/data2/hy/.local/lib/python3.10/site-packages/sklearn/linear_model/_logistic.py:1296: FutureWarning: Using the 'liblinear' solver for multiclass classification is deprecated. An error will be raised in 1.8. Either use another solver which supports the multinomial loss or wrap the estimator in a OneVsRestClassifier to keep applying a one-versus-rest scheme.
  warnings.warn(
/data2/hy/.local/lib/python3.10/site-packages/sklearn/linear_model/_logistic.py:1296: FutureWarning: Using the 'liblinear' solver for multiclass classification is deprecated. An error will be raised in 1.8. Either use another solver which supports the multinomial loss or wrap the estimator in a OneVsRestClassifier to keep applying a one-versus-rest scheme.
  warnings.warn(
/data2/hy/.local/lib/python3.10/site-packages/sklearn/linear_model/_logistic.py:1296: FutureWarning: Using the 'liblinear' solver for multiclass classification is deprecated. An error will be raised in 1.8. Either use another solver which supports the multinomial loss or wrap the estimator in a OneVsRestClassifier to keep applying a one-versus-rest scheme.
  warnings.warn(
/data2/hy/.local/lib/python3.10/site-packages/sklearn/linear_model/_logistic.py:1296: FutureWarning: Using the 'liblinear' solver for multiclass classification is deprecated. An error will be raised in 1.8. Either use another solver which supports the multinomial loss or wrap the estimator in a OneVsRestClassifier to keep applying a one-versus-rest scheme.
  warnings.warn(
/data2/hy/.local/lib/python3.10/site-packages/sklearn/linear_model/_logistic.py:1296: FutureWarning: Using the 'liblinear' solver for multiclass classification is deprecated. An error will be raised in 1.8. Either use another solver which supports the multinomial loss or wrap the estimator in a OneVsRestClassifier to keep applying a one-versus-rest scheme.
  warnings.warn(
/data2/hy/.local/lib/python3.10/site-packages/sklearn/linear_model/_logistic.py:1296: FutureWarning: Using the 'liblinear' solver for multiclass classification is deprecated. An error will be raised in 1.8. Either use another solver which supports the multinomial loss or wrap the estimator in a OneVsRestClassifier to keep applying a one-versus-rest scheme.
  warnings.warn(
/data2/hy/.local/lib/python3.10/site-packages/sklearn/linear_model/_logistic.py:1296: FutureWarning: Using the 'liblinear' solver for multiclass classification is deprecated. An error will be raised in 1.8. Either use another solver which supports the multinomial loss or wrap the estimator in a OneVsRestClassifier to keep applying a one-versus-rest scheme.
  warnings.warn(
/data2/hy/.local/lib/python3.10/site-packages/sklearn/linear_model/_logistic.py:1296: FutureWarning: Using the 'liblinear' solver for multiclass classification is deprecated. An error will be raised in 1.8. Either use another solver which supports the multinomial loss or wrap the estimator in a OneVsRestClassifier to keep applying a one-versus-rest scheme.
  warnings.warn(
/data2/hy/.local/lib/python3.10/site-packages/sklearn/linear_model/_logistic.py:1296: FutureWarning: Using the 'liblinear' solver for multiclass classification is deprecated. An error will be raised in 1.8. Either use another solver which supports the multinomial loss or wrap the estimator in a OneVsRestClassifier to keep applying a one-versus-rest scheme.
  warnings.warn(
/data2/hy/.local/lib/python3.10/site-packages/sklearn/linear_model/_logistic.py:1296: FutureWarning: Using the 'liblinear' solver for multiclass classification is deprecated. An error will be raised in 1.8. Either use another solver which supports the multinomial loss or wrap the estimator in a OneVsRestClassifier to keep applying a one-versus-rest scheme.
  warnings.warn(
/data2/hy/.local/lib/python3.10/site-packages/sklearn/linear_model/_logistic.py:1296: FutureWarning: Using the 'liblinear' solver for multiclass classification is deprecated. An error will be raised in 1.8. Either use another solver which supports the multinomial loss or wrap the estimator in a OneVsRestClassifier to keep applying a one-versus-rest scheme.
  warnings.warn(
/data2/hy/.local/lib/python3.10/site-packages/sklearn/linear_model/_logistic.py:1296: FutureWarning: Using the 'liblinear' solver for multiclass classification is deprecated. An error will be raised in 1.8. Either use another solver which supports the multinomial loss or wrap the estimator in a OneVsRestClassifier to keep applying a one-versus-rest scheme.
  warnings.warn(
/data2/hy/.local/lib/python3.10/site-packages/sklearn/linear_model/_logistic.py:1296: FutureWarning: Using the 'liblinear' solver for multiclass classification is deprecated. An error will be raised in 1.8. Either use another solver which supports the multinomial loss or wrap the estimator in a OneVsRestClassifier to keep applying a one-versus-rest scheme.
  warnings.warn(
/data2/hy/.local/lib/python3.10/site-packages/sklearn/linear_model/_logistic.py:1296: FutureWarning: Using the 'liblinear' solver for multiclass classification is deprecated. An error will be raised in 1.8. Either use another solver which supports the multinomial loss or wrap the estimator in a OneVsRestClassifier to keep applying a one-versus-rest scheme.
  warnings.warn(
/data2/hy/.local/lib/python3.10/site-packages/sklearn/linear_model/_logistic.py:1296: FutureWarning: Using the 'liblinear' solver for multiclass classification is deprecated. An error will be raised in 1.8. Either use another solver which supports the multinomial loss or wrap the estimator in a OneVsRestClassifier to keep applying a one-versus-rest scheme.
  warnings.warn(
/data2/hy/.local/lib/python3.10/site-packages/sklearn/linear_model/_logistic.py:1296: FutureWarning: Using the 'liblinear' solver for multiclass classification is deprecated. An error will be raised in 1.8. Either use another solver which supports the multinomial loss or wrap the estimator in a OneVsRestClassifier to keep applying a one-versus-rest scheme.
  warnings.warn(
/data2/hy/.local/lib/python3.10/site-packages/sklearn/linear_model/_logistic.py:1296: FutureWarning: Using the 'liblinear' solver for multiclass classification is deprecated. An error will be raised in 1.8. Either use another solver which supports the multinomial loss or wrap the estimator in a OneVsRestClassifier to keep applying a one-versus-rest scheme.
  warnings.warn(
/data2/hy/.local/lib/python3.10/site-packages/sklearn/linear_model/_logistic.py:1296: FutureWarning: Using the 'liblinear' solver for multiclass classification is deprecated. An error will be raised in 1.8. Either use another solver which supports the multinomial loss or wrap the estimator in a OneVsRestClassifier to keep applying a one-versus-rest scheme.
  warnings.warn(
/data2/hy/.local/lib/python3.10/site-packages/sklearn/linear_model/_logistic.py:1296: FutureWarning: Using the 'liblinear' solver for multiclass classification is deprecated. An error will be raised in 1.8. Either use another solver which supports the multinomial loss or wrap the estimator in a OneVsRestClassifier to keep applying a one-versus-rest scheme.
  warnings.warn(
/data2/hy/.local/lib/python3.10/site-packages/sklearn/linear_model/_logistic.py:1296: FutureWarning: Using the 'liblinear' solver for multiclass classification is deprecated. An error will be raised in 1.8. Either use another solver which supports the multinomial loss or wrap the estimator in a OneVsRestClassifier to keep applying a one-versus-rest scheme.
  warnings.warn(
/data2/hy/.local/lib/python3.10/site-packages/sklearn/linear_model/_logistic.py:1296: FutureWarning: Using the 'liblinear' solver for multiclass classification is deprecated. An error will be raised in 1.8. Either use another solver which supports the multinomial loss or wrap the estimator in a OneVsRestClassifier to keep applying a one-versus-rest scheme.
  warnings.warn(
/data2/hy/.local/lib/python3.10/site-packages/sklearn/linear_model/_logistic.py:1296: FutureWarning: Using the 'liblinear' solver for multiclass classification is deprecated. An error will be raised in 1.8. Either use another solver which supports the multinomial loss or wrap the estimator in a OneVsRestClassifier to keep applying a one-versus-rest scheme.
  warnings.warn(
/data2/hy/.local/lib/python3.10/site-packages/sklearn/linear_model/_logistic.py:1296: FutureWarning: Using the 'liblinear' solver for multiclass classification is deprecated. An error will be raised in 1.8. Either use another solver which supports the multinomial loss or wrap the estimator in a OneVsRestClassifier to keep applying a one-versus-rest scheme.
  warnings.warn(
/data2/hy/.local/lib/python3.10/site-packages/sklearn/linear_model/_logistic.py:1296: FutureWarning: Using the 'liblinear' solver for multiclass classification is deprecated. An error will be raised in 1.8. Either use another solver which supports the multinomial loss or wrap the estimator in a OneVsRestClassifier to keep applying a one-versus-rest scheme.
  warnings.warn(
/data2/hy/.local/lib/python3.10/site-packages/sklearn/linear_model/_logistic.py:1296: FutureWarning: Using the 'liblinear' solver for multiclass classification is deprecated. An error will be raised in 1.8. Either use another solver which supports the multinomial loss or wrap the estimator in a OneVsRestClassifier to keep applying a one-versus-rest scheme.
  warnings.warn(
/data2/hy/.local/lib/python3.10/site-packages/sklearn/linear_model/_logistic.py:1296: FutureWarning: Using the 'liblinear' solver for multiclass classification is deprecated. An error will be raised in 1.8. Either use another solver which supports the multinomial loss or wrap the estimator in a OneVsRestClassifier to keep applying a one-versus-rest scheme.
  warnings.warn(
/data2/hy/.local/lib/python3.10/site-packages/sklearn/linear_model/_logistic.py:1296: FutureWarning: Using the 'liblinear' solver for multiclass classification is deprecated. An error will be raised in 1.8. Either use another solver which supports the multinomial loss or wrap the estimator in a OneVsRestClassifier to keep applying a one-versus-rest scheme.
  warnings.warn(
/data2/hy/.local/lib/python3.10/site-packages/sklearn/linear_model/_logistic.py:1296: FutureWarning: Using the 'liblinear' solver for multiclass classification is deprecated. An error will be raised in 1.8. Either use another solver which supports the multinomial loss or wrap the estimator in a OneVsRestClassifier to keep applying a one-versus-rest scheme.
  warnings.warn(
/data2/hy/.local/lib/python3.10/site-packages/sklearn/linear_model/_logistic.py:1296: FutureWarning: Using the 'liblinear' solver for multiclass classification is deprecated. An error will be raised in 1.8. Either use another solver which supports the multinomial loss or wrap the estimator in a OneVsRestClassifier to keep applying a one-versus-rest scheme.
  warnings.warn(
/data2/hy/.local/lib/python3.10/site-packages/sklearn/linear_model/_logistic.py:1296: FutureWarning: Using the 'liblinear' solver for multiclass classification is deprecated. An error will be raised in 1.8. Either use another solver which supports the multinomial loss or wrap the estimator in a OneVsRestClassifier to keep applying a one-versus-rest scheme.
  warnings.warn(
/data2/hy/.local/lib/python3.10/site-packages/sklearn/linear_model/_logistic.py:1296: FutureWarning: Using the 'liblinear' solver for multiclass classification is deprecated. An error will be raised in 1.8. Either use another solver which supports the multinomial loss or wrap the estimator in a OneVsRestClassifier to keep applying a one-versus-rest scheme.
  warnings.warn(
/data2/hy/.local/lib/python3.10/site-packages/sklearn/linear_model/_logistic.py:1296: FutureWarning: Using the 'liblinear' solver for multiclass classification is deprecated. An error will be raised in 1.8. Either use another solver which supports the multinomial loss or wrap the estimator in a OneVsRestClassifier to keep applying a one-versus-rest scheme.
  warnings.warn(
/data2/hy/.local/lib/python3.10/site-packages/sklearn/linear_model/_logistic.py:1296: FutureWarning: Using the 'liblinear' solver for multiclass classification is deprecated. An error will be raised in 1.8. Either use another solver which supports the multinomial loss or wrap the estimator in a OneVsRestClassifier to keep applying a one-versus-rest scheme.
  warnings.warn(
/data2/hy/.local/lib/python3.10/site-packages/sklearn/linear_model/_logistic.py:1296: FutureWarning: Using the 'liblinear' solver for multiclass classification is deprecated. An error will be raised in 1.8. Either use another solver which supports the multinomial loss or wrap the estimator in a OneVsRestClassifier to keep applying a one-versus-rest scheme.
  warnings.warn(
/data2/hy/.local/lib/python3.10/site-packages/sklearn/linear_model/_logistic.py:1296: FutureWarning: Using the 'liblinear' solver for multiclass classification is deprecated. An error will be raised in 1.8. Either use another solver which supports the multinomial loss or wrap the estimator in a OneVsRestClassifier to keep applying a one-versus-rest scheme.
  warnings.warn(
/data2/hy/.local/lib/python3.10/site-packages/sklearn/linear_model/_logistic.py:1296: FutureWarning: Using the 'liblinear' solver for multiclass classification is deprecated. An error will be raised in 1.8. Either use another solver which supports the multinomial loss or wrap the estimator in a OneVsRestClassifier to keep applying a one-versus-rest scheme.
  warnings.warn(
/data2/hy/.local/lib/python3.10/site-packages/sklearn/linear_model/_logistic.py:1296: FutureWarning: Using the 'liblinear' solver for multiclass classification is deprecated. An error will be raised in 1.8. Either use another solver which supports the multinomial loss or wrap the estimator in a OneVsRestClassifier to keep applying a one-versus-rest scheme.
  warnings.warn(
/data2/hy/.local/lib/python3.10/site-packages/sklearn/linear_model/_logistic.py:1296: FutureWarning: Using the 'liblinear' solver for multiclass classification is deprecated. An error will be raised in 1.8. Either use another solver which supports the multinomial loss or wrap the estimator in a OneVsRestClassifier to keep applying a one-versus-rest scheme.
  warnings.warn(
/data2/hy/.local/lib/python3.10/site-packages/sklearn/linear_model/_logistic.py:1296: FutureWarning: Using the 'liblinear' solver for multiclass classification is deprecated. An error will be raised in 1.8. Either use another solver which supports the multinomial loss or wrap the estimator in a OneVsRestClassifier to keep applying a one-versus-rest scheme.
  warnings.warn(
/data2/hy/.local/lib/python3.10/site-packages/sklearn/linear_model/_logistic.py:1296: FutureWarning: Using the 'liblinear' solver for multiclass classification is deprecated. An error will be raised in 1.8. Either use another solver which supports the multinomial loss or wrap the estimator in a OneVsRestClassifier to keep applying a one-versus-rest scheme.
  warnings.warn(
/data2/hy/.local/lib/python3.10/site-packages/sklearn/linear_model/_logistic.py:1296: FutureWarning: Using the 'liblinear' solver for multiclass classification is deprecated. An error will be raised in 1.8. Either use another solver which supports the multinomial loss or wrap the estimator in a OneVsRestClassifier to keep applying a one-versus-rest scheme.
  warnings.warn(
/data2/hy/.local/lib/python3.10/site-packages/sklearn/linear_model/_logistic.py:1296: FutureWarning: Using the 'liblinear' solver for multiclass classification is deprecated. An error will be raised in 1.8. Either use another solver which supports the multinomial loss or wrap the estimator in a OneVsRestClassifier to keep applying a one-versus-rest scheme.
  warnings.warn(
/data2/hy/.local/lib/python3.10/site-packages/sklearn/linear_model/_logistic.py:1296: FutureWarning: Using the 'liblinear' solver for multiclass classification is deprecated. An error will be raised in 1.8. Either use another solver which supports the multinomial loss or wrap the estimator in a OneVsRestClassifier to keep applying a one-versus-rest scheme.
  warnings.warn(
/data2/hy/.local/lib/python3.10/site-packages/sklearn/linear_model/_logistic.py:1296: FutureWarning: Using the 'liblinear' solver for multiclass classification is deprecated. An error will be raised in 1.8. Either use another solver which supports the multinomial loss or wrap the estimator in a OneVsRestClassifier to keep applying a one-versus-rest scheme.
  warnings.warn(
/data2/hy/.local/lib/python3.10/site-packages/sklearn/linear_model/_logistic.py:1296: FutureWarning: Using the 'liblinear' solver for multiclass classification is deprecated. An error will be raised in 1.8. Either use another solver which supports the multinomial loss or wrap the estimator in a OneVsRestClassifier to keep applying a one-versus-rest scheme.
  warnings.warn(
/data2/hy/.local/lib/python3.10/site-packages/sklearn/linear_model/_logistic.py:1296: FutureWarning: Using the 'liblinear' solver for multiclass classification is deprecated. An error will be raised in 1.8. Either use another solver which supports the multinomial loss or wrap the estimator in a OneVsRestClassifier to keep applying a one-versus-rest scheme.
  warnings.warn(
/data2/hy/.local/lib/python3.10/site-packages/sklearn/linear_model/_logistic.py:1296: FutureWarning: Using the 'liblinear' solver for multiclass classification is deprecated. An error will be raised in 1.8. Either use another solver which supports the multinomial loss or wrap the estimator in a OneVsRestClassifier to keep applying a one-versus-rest scheme.
  warnings.warn(
/data2/hy/.local/lib/python3.10/site-packages/sklearn/linear_model/_logistic.py:1296: FutureWarning: Using the 'liblinear' solver for multiclass classification is deprecated. An error will be raised in 1.8. Either use another solver which supports the multinomial loss or wrap the estimator in a OneVsRestClassifier to keep applying a one-versus-rest scheme.
  warnings.warn(
/data2/hy/.local/lib/python3.10/site-packages/sklearn/linear_model/_logistic.py:1296: FutureWarning: Using the 'liblinear' solver for multiclass classification is deprecated. An error will be raised in 1.8. Either use another solver which supports the multinomial loss or wrap the estimator in a OneVsRestClassifier to keep applying a one-versus-rest scheme.
  warnings.warn(
/data2/hy/.local/lib/python3.10/site-packages/sklearn/linear_model/_logistic.py:1296: FutureWarning: Using the 'liblinear' solver for multiclass classification is deprecated. An error will be raised in 1.8. Either use another solver which supports the multinomial loss or wrap the estimator in a OneVsRestClassifier to keep applying a one-versus-rest scheme.
  warnings.warn(
/data2/hy/.local/lib/python3.10/site-packages/sklearn/linear_model/_logistic.py:1296: FutureWarning: Using the 'liblinear' solver for multiclass classification is deprecated. An error will be raised in 1.8. Either use another solver which supports the multinomial loss or wrap the estimator in a OneVsRestClassifier to keep applying a one-versus-rest scheme.
  warnings.warn(
/data2/hy/.local/lib/python3.10/site-packages/sklearn/linear_model/_logistic.py:1296: FutureWarning: Using the 'liblinear' solver for multiclass classification is deprecated. An error will be raised in 1.8. Either use another solver which supports the multinomial loss or wrap the estimator in a OneVsRestClassifier to keep applying a one-versus-rest scheme.
  warnings.warn(
/data2/hy/.local/lib/python3.10/site-packages/sklearn/linear_model/_logistic.py:1296: FutureWarning: Using the 'liblinear' solver for multiclass classification is deprecated. An error will be raised in 1.8. Either use another solver which supports the multinomial loss or wrap the estimator in a OneVsRestClassifier to keep applying a one-versus-rest scheme.
  warnings.warn(
/data2/hy/.local/lib/python3.10/site-packages/sklearn/linear_model/_logistic.py:1296: FutureWarning: Using the 'liblinear' solver for multiclass classification is deprecated. An error will be raised in 1.8. Either use another solver which supports the multinomial loss or wrap the estimator in a OneVsRestClassifier to keep applying a one-versus-rest scheme.
  warnings.warn(
/data2/hy/.local/lib/python3.10/site-packages/sklearn/linear_model/_logistic.py:1296: FutureWarning: Using the 'liblinear' solver for multiclass classification is deprecated. An error will be raised in 1.8. Either use another solver which supports the multinomial loss or wrap the estimator in a OneVsRestClassifier to keep applying a one-versus-rest scheme.
  warnings.warn(
/data2/hy/.local/lib/python3.10/site-packages/sklearn/linear_model/_logistic.py:1296: FutureWarning: Using the 'liblinear' solver for multiclass classification is deprecated. An error will be raised in 1.8. Either use another solver which supports the multinomial loss or wrap the estimator in a OneVsRestClassifier to keep applying a one-versus-rest scheme.
  warnings.warn(
/data2/hy/.local/lib/python3.10/site-packages/sklearn/linear_model/_logistic.py:1296: FutureWarning: Using the 'liblinear' solver for multiclass classification is deprecated. An error will be raised in 1.8. Either use another solver which supports the multinomial loss or wrap the estimator in a OneVsRestClassifier to keep applying a one-versus-rest scheme.
  warnings.warn(
/data2/hy/.local/lib/python3.10/site-packages/sklearn/linear_model/_logistic.py:1296: FutureWarning: Using the 'liblinear' solver for multiclass classification is deprecated. An error will be raised in 1.8. Either use another solver which supports the multinomial loss or wrap the estimator in a OneVsRestClassifier to keep applying a one-versus-rest scheme.
  warnings.warn(
/data2/hy/.local/lib/python3.10/site-packages/sklearn/linear_model/_logistic.py:1296: FutureWarning: Using the 'liblinear' solver for multiclass classification is deprecated. An error will be raised in 1.8. Either use another solver which supports the multinomial loss or wrap the estimator in a OneVsRestClassifier to keep applying a one-versus-rest scheme.
  warnings.warn(
/data2/hy/.local/lib/python3.10/site-packages/sklearn/linear_model/_logistic.py:1296: FutureWarning: Using the 'liblinear' solver for multiclass classification is deprecated. An error will be raised in 1.8. Either use another solver which supports the multinomial loss or wrap the estimator in a OneVsRestClassifier to keep applying a one-versus-rest scheme.
  warnings.warn(
/data2/hy/.local/lib/python3.10/site-packages/sklearn/linear_model/_logistic.py:1296: FutureWarning: Using the 'liblinear' solver for multiclass classification is deprecated. An error will be raised in 1.8. Either use another solver which supports the multinomial loss or wrap the estimator in a OneVsRestClassifier to keep applying a one-versus-rest scheme.
  warnings.warn(
/data2/hy/.local/lib/python3.10/site-packages/sklearn/linear_model/_logistic.py:1296: FutureWarning: Using the 'liblinear' solver for multiclass classification is deprecated. An error will be raised in 1.8. Either use another solver which supports the multinomial loss or wrap the estimator in a OneVsRestClassifier to keep applying a one-versus-rest scheme.
  warnings.warn(
/data2/hy/.local/lib/python3.10/site-packages/sklearn/linear_model/_logistic.py:1296: FutureWarning: Using the 'liblinear' solver for multiclass classification is deprecated. An error will be raised in 1.8. Either use another solver which supports the multinomial loss or wrap the estimator in a OneVsRestClassifier to keep applying a one-versus-rest scheme.
  warnings.warn(
/data2/hy/.local/lib/python3.10/site-packages/sklearn/linear_model/_logistic.py:1296: FutureWarning: Using the 'liblinear' solver for multiclass classification is deprecated. An error will be raised in 1.8. Either use another solver which supports the multinomial loss or wrap the estimator in a OneVsRestClassifier to keep applying a one-versus-rest scheme.
  warnings.warn(
/data2/hy/.local/lib/python3.10/site-packages/sklearn/linear_model/_logistic.py:1296: FutureWarning: Using the 'liblinear' solver for multiclass classification is deprecated. An error will be raised in 1.8. Either use another solver which supports the multinomial loss or wrap the estimator in a OneVsRestClassifier to keep applying a one-versus-rest scheme.
  warnings.warn(
/data2/hy/.local/lib/python3.10/site-packages/sklearn/linear_model/_logistic.py:1296: FutureWarning: Using the 'liblinear' solver for multiclass classification is deprecated. An error will be raised in 1.8. Either use another solver which supports the multinomial loss or wrap the estimator in a OneVsRestClassifier to keep applying a one-versus-rest scheme.
  warnings.warn(
/data2/hy/.local/lib/python3.10/site-packages/sklearn/linear_model/_logistic.py:1296: FutureWarning: Using the 'liblinear' solver for multiclass classification is deprecated. An error will be raised in 1.8. Either use another solver which supports the multinomial loss or wrap the estimator in a OneVsRestClassifier to keep applying a one-versus-rest scheme.
  warnings.warn(
/data2/hy/.local/lib/python3.10/site-packages/sklearn/linear_model/_logistic.py:1296: FutureWarning: Using the 'liblinear' solver for multiclass classification is deprecated. An error will be raised in 1.8. Either use another solver which supports the multinomial loss or wrap the estimator in a OneVsRestClassifier to keep applying a one-versus-rest scheme.
  warnings.warn(
/data2/hy/.local/lib/python3.10/site-packages/sklearn/linear_model/_logistic.py:1296: FutureWarning: Using the 'liblinear' solver for multiclass classification is deprecated. An error will be raised in 1.8. Either use another solver which supports the multinomial loss or wrap the estimator in a OneVsRestClassifier to keep applying a one-versus-rest scheme.
  warnings.warn(
/data2/hy/.local/lib/python3.10/site-packages/sklearn/linear_model/_logistic.py:1296: FutureWarning: Using the 'liblinear' solver for multiclass classification is deprecated. An error will be raised in 1.8. Either use another solver which supports the multinomial loss or wrap the estimator in a OneVsRestClassifier to keep applying a one-versus-rest scheme.
  warnings.warn(
/data2/hy/.local/lib/python3.10/site-packages/sklearn/linear_model/_logistic.py:1296: FutureWarning: Using the 'liblinear' solver for multiclass classification is deprecated. An error will be raised in 1.8. Either use another solver which supports the multinomial loss or wrap the estimator in a OneVsRestClassifier to keep applying a one-versus-rest scheme.
  warnings.warn(
/data2/hy/.local/lib/python3.10/site-packages/sklearn/linear_model/_logistic.py:1296: FutureWarning: Using the 'liblinear' solver for multiclass classification is deprecated. An error will be raised in 1.8. Either use another solver which supports the multinomial loss or wrap the estimator in a OneVsRestClassifier to keep applying a one-versus-rest scheme.
  warnings.warn(
/data2/hy/.local/lib/python3.10/site-packages/sklearn/linear_model/_logistic.py:1296: FutureWarning: Using the 'liblinear' solver for multiclass classification is deprecated. An error will be raised in 1.8. Either use another solver which supports the multinomial loss or wrap the estimator in a OneVsRestClassifier to keep applying a one-versus-rest scheme.
  warnings.warn(
/data2/hy/.local/lib/python3.10/site-packages/sklearn/linear_model/_logistic.py:1296: FutureWarning: Using the 'liblinear' solver for multiclass classification is deprecated. An error will be raised in 1.8. Either use another solver which supports the multinomial loss or wrap the estimator in a OneVsRestClassifier to keep applying a one-versus-rest scheme.
  warnings.warn(
/data2/hy/.local/lib/python3.10/site-packages/sklearn/linear_model/_logistic.py:1296: FutureWarning: Using the 'liblinear' solver for multiclass classification is deprecated. An error will be raised in 1.8. Either use another solver which supports the multinomial loss or wrap the estimator in a OneVsRestClassifier to keep applying a one-versus-rest scheme.
  warnings.warn(
/data2/hy/.local/lib/python3.10/site-packages/sklearn/linear_model/_logistic.py:1296: FutureWarning: Using the 'liblinear' solver for multiclass classification is deprecated. An error will be raised in 1.8. Either use another solver which supports the multinomial loss or wrap the estimator in a OneVsRestClassifier to keep applying a one-versus-rest scheme.
  warnings.warn(
/data2/hy/.local/lib/python3.10/site-packages/sklearn/linear_model/_logistic.py:1296: FutureWarning: Using the 'liblinear' solver for multiclass classification is deprecated. An error will be raised in 1.8. Either use another solver which supports the multinomial loss or wrap the estimator in a OneVsRestClassifier to keep applying a one-versus-rest scheme.
  warnings.warn(
/data2/hy/.local/lib/python3.10/site-packages/sklearn/linear_model/_logistic.py:1296: FutureWarning: Using the 'liblinear' solver for multiclass classification is deprecated. An error will be raised in 1.8. Either use another solver which supports the multinomial loss or wrap the estimator in a OneVsRestClassifier to keep applying a one-versus-rest scheme.
  warnings.warn(
/data2/hy/.local/lib/python3.10/site-packages/sklearn/linear_model/_logistic.py:1296: FutureWarning: Using the 'liblinear' solver for multiclass classification is deprecated. An error will be raised in 1.8. Either use another solver which supports the multinomial loss or wrap the estimator in a OneVsRestClassifier to keep applying a one-versus-rest scheme.
  warnings.warn(
/data2/hy/.local/lib/python3.10/site-packages/sklearn/linear_model/_logistic.py:1296: FutureWarning: Using the 'liblinear' solver for multiclass classification is deprecated. An error will be raised in 1.8. Either use another solver which supports the multinomial loss or wrap the estimator in a OneVsRestClassifier to keep applying a one-versus-rest scheme.
  warnings.warn(
/data2/hy/.local/lib/python3.10/site-packages/sklearn/linear_model/_logistic.py:1296: FutureWarning: Using the 'liblinear' solver for multiclass classification is deprecated. An error will be raised in 1.8. Either use another solver which supports the multinomial loss or wrap the estimator in a OneVsRestClassifier to keep applying a one-versus-rest scheme.
  warnings.warn(
/data2/hy/.local/lib/python3.10/site-packages/sklearn/linear_model/_logistic.py:1296: FutureWarning: Using the 'liblinear' solver for multiclass classification is deprecated. An error will be raised in 1.8. Either use another solver which supports the multinomial loss or wrap the estimator in a OneVsRestClassifier to keep applying a one-versus-rest scheme.
  warnings.warn(
/data2/hy/.local/lib/python3.10/site-packages/sklearn/linear_model/_logistic.py:1296: FutureWarning: Using the 'liblinear' solver for multiclass classification is deprecated. An error will be raised in 1.8. Either use another solver which supports the multinomial loss or wrap the estimator in a OneVsRestClassifier to keep applying a one-versus-rest scheme.
  warnings.warn(
/data2/hy/.local/lib/python3.10/site-packages/sklearn/linear_model/_logistic.py:1296: FutureWarning: Using the 'liblinear' solver for multiclass classification is deprecated. An error will be raised in 1.8. Either use another solver which supports the multinomial loss or wrap the estimator in a OneVsRestClassifier to keep applying a one-versus-rest scheme.
  warnings.warn(
/data2/hy/.local/lib/python3.10/site-packages/sklearn/linear_model/_logistic.py:1296: FutureWarning: Using the 'liblinear' solver for multiclass classification is deprecated. An error will be raised in 1.8. Either use another solver which supports the multinomial loss or wrap the estimator in a OneVsRestClassifier to keep applying a one-versus-rest scheme.
  warnings.warn(
/data2/hy/.local/lib/python3.10/site-packages/sklearn/linear_model/_logistic.py:1296: FutureWarning: Using the 'liblinear' solver for multiclass classification is deprecated. An error will be raised in 1.8. Either use another solver which supports the multinomial loss or wrap the estimator in a OneVsRestClassifier to keep applying a one-versus-rest scheme.
  warnings.warn(
/data2/hy/.local/lib/python3.10/site-packages/sklearn/linear_model/_logistic.py:1296: FutureWarning: Using the 'liblinear' solver for multiclass classification is deprecated. An error will be raised in 1.8. Either use another solver which supports the multinomial loss or wrap the estimator in a OneVsRestClassifier to keep applying a one-versus-rest scheme.
  warnings.warn(
/data2/hy/.local/lib/python3.10/site-packages/sklearn/linear_model/_logistic.py:1296: FutureWarning: Using the 'liblinear' solver for multiclass classification is deprecated. An error will be raised in 1.8. Either use another solver which supports the multinomial loss or wrap the estimator in a OneVsRestClassifier to keep applying a one-versus-rest scheme.
  warnings.warn(
/data2/hy/.local/lib/python3.10/site-packages/sklearn/linear_model/_logistic.py:1296: FutureWarning: Using the 'liblinear' solver for multiclass classification is deprecated. An error will be raised in 1.8. Either use another solver which supports the multinomial loss or wrap the estimator in a OneVsRestClassifier to keep applying a one-versus-rest scheme.
  warnings.warn(
/data2/hy/.local/lib/python3.10/site-packages/sklearn/linear_model/_logistic.py:1296: FutureWarning: Using the 'liblinear' solver for multiclass classification is deprecated. An error will be raised in 1.8. Either use another solver which supports the multinomial loss or wrap the estimator in a OneVsRestClassifier to keep applying a one-versus-rest scheme.
  warnings.warn(
/data2/hy/.local/lib/python3.10/site-packages/sklearn/linear_model/_logistic.py:1296: FutureWarning: Using the 'liblinear' solver for multiclass classification is deprecated. An error will be raised in 1.8. Either use another solver which supports the multinomial loss or wrap the estimator in a OneVsRestClassifier to keep applying a one-versus-rest scheme.
  warnings.warn(
/data2/hy/.local/lib/python3.10/site-packages/sklearn/linear_model/_logistic.py:1296: FutureWarning: Using the 'liblinear' solver for multiclass classification is deprecated. An error will be raised in 1.8. Either use another solver which supports the multinomial loss or wrap the estimator in a OneVsRestClassifier to keep applying a one-versus-rest scheme.
  warnings.warn(
/data2/hy/.local/lib/python3.10/site-packages/sklearn/linear_model/_logistic.py:1296: FutureWarning: Using the 'liblinear' solver for multiclass classification is deprecated. An error will be raised in 1.8. Either use another solver which supports the multinomial loss or wrap the estimator in a OneVsRestClassifier to keep applying a one-versus-rest scheme.
  warnings.warn(
/data2/hy/.local/lib/python3.10/site-packages/sklearn/linear_model/_logistic.py:1296: FutureWarning: Using the 'liblinear' solver for multiclass classification is deprecated. An error will be raised in 1.8. Either use another solver which supports the multinomial loss or wrap the estimator in a OneVsRestClassifier to keep applying a one-versus-rest scheme.
  warnings.warn(
/data2/hy/.local/lib/python3.10/site-packages/sklearn/linear_model/_logistic.py:1296: FutureWarning: Using the 'liblinear' solver for multiclass classification is deprecated. An error will be raised in 1.8. Either use another solver which supports the multinomial loss or wrap the estimator in a OneVsRestClassifier to keep applying a one-versus-rest scheme.
  warnings.warn(
/data2/hy/.local/lib/python3.10/site-packages/sklearn/linear_model/_logistic.py:1296: FutureWarning: Using the 'liblinear' solver for multiclass classification is deprecated. An error will be raised in 1.8. Either use another solver which supports the multinomial loss or wrap the estimator in a OneVsRestClassifier to keep applying a one-versus-rest scheme.
  warnings.warn(
/data2/hy/.local/lib/python3.10/site-packages/sklearn/linear_model/_logistic.py:1296: FutureWarning: Using the 'liblinear' solver for multiclass classification is deprecated. An error will be raised in 1.8. Either use another solver which supports the multinomial loss or wrap the estimator in a OneVsRestClassifier to keep applying a one-versus-rest scheme.
  warnings.warn(
/data2/hy/.local/lib/python3.10/site-packages/sklearn/linear_model/_logistic.py:1296: FutureWarning: Using the 'liblinear' solver for multiclass classification is deprecated. An error will be raised in 1.8. Either use another solver which supports the multinomial loss or wrap the estimator in a OneVsRestClassifier to keep applying a one-versus-rest scheme.
  warnings.warn(
/data2/hy/.local/lib/python3.10/site-packages/sklearn/linear_model/_logistic.py:1296: FutureWarning: Using the 'liblinear' solver for multiclass classification is deprecated. An error will be raised in 1.8. Either use another solver which supports the multinomial loss or wrap the estimator in a OneVsRestClassifier to keep applying a one-versus-rest scheme.
  warnings.warn(
/data2/hy/.local/lib/python3.10/site-packages/sklearn/linear_model/_logistic.py:1296: FutureWarning: Using the 'liblinear' solver for multiclass classification is deprecated. An error will be raised in 1.8. Either use another solver which supports the multinomial loss or wrap the estimator in a OneVsRestClassifier to keep applying a one-versus-rest scheme.
  warnings.warn(
/data2/hy/.local/lib/python3.10/site-packages/sklearn/linear_model/_logistic.py:1296: FutureWarning: Using the 'liblinear' solver for multiclass classification is deprecated. An error will be raised in 1.8. Either use another solver which supports the multinomial loss or wrap the estimator in a OneVsRestClassifier to keep applying a one-versus-rest scheme.
  warnings.warn(
/data2/hy/.local/lib/python3.10/site-packages/sklearn/linear_model/_logistic.py:1296: FutureWarning: Using the 'liblinear' solver for multiclass classification is deprecated. An error will be raised in 1.8. Either use another solver which supports the multinomial loss or wrap the estimator in a OneVsRestClassifier to keep applying a one-versus-rest scheme.
  warnings.warn(
/data2/hy/.local/lib/python3.10/site-packages/sklearn/linear_model/_logistic.py:1296: FutureWarning: Using the 'liblinear' solver for multiclass classification is deprecated. An error will be raised in 1.8. Either use another solver which supports the multinomial loss or wrap the estimator in a OneVsRestClassifier to keep applying a one-versus-rest scheme.
  warnings.warn(
/data2/hy/.local/lib/python3.10/site-packages/sklearn/linear_model/_logistic.py:1296: FutureWarning: Using the 'liblinear' solver for multiclass classification is deprecated. An error will be raised in 1.8. Either use another solver which supports the multinomial loss or wrap the estimator in a OneVsRestClassifier to keep applying a one-versus-rest scheme.
  warnings.warn(
/data2/hy/.local/lib/python3.10/site-packages/sklearn/linear_model/_logistic.py:1296: FutureWarning: Using the 'liblinear' solver for multiclass classification is deprecated. An error will be raised in 1.8. Either use another solver which supports the multinomial loss or wrap the estimator in a OneVsRestClassifier to keep applying a one-versus-rest scheme.
  warnings.warn(
/data2/hy/.local/lib/python3.10/site-packages/sklearn/linear_model/_logistic.py:1296: FutureWarning: Using the 'liblinear' solver for multiclass classification is deprecated. An error will be raised in 1.8. Either use another solver which supports the multinomial loss or wrap the estimator in a OneVsRestClassifier to keep applying a one-versus-rest scheme.
  warnings.warn(
/data2/hy/.local/lib/python3.10/site-packages/sklearn/linear_model/_logistic.py:1296: FutureWarning: Using the 'liblinear' solver for multiclass classification is deprecated. An error will be raised in 1.8. Either use another solver which supports the multinomial loss or wrap the estimator in a OneVsRestClassifier to keep applying a one-versus-rest scheme.
  warnings.warn(
/data2/hy/.local/lib/python3.10/site-packages/sklearn/linear_model/_logistic.py:1296: FutureWarning: Using the 'liblinear' solver for multiclass classification is deprecated. An error will be raised in 1.8. Either use another solver which supports the multinomial loss or wrap the estimator in a OneVsRestClassifier to keep applying a one-versus-rest scheme.
  warnings.warn(
/data2/hy/.local/lib/python3.10/site-packages/sklearn/linear_model/_logistic.py:1296: FutureWarning: Using the 'liblinear' solver for multiclass classification is deprecated. An error will be raised in 1.8. Either use another solver which supports the multinomial loss or wrap the estimator in a OneVsRestClassifier to keep applying a one-versus-rest scheme.
  warnings.warn(
/data2/hy/.local/lib/python3.10/site-packages/sklearn/linear_model/_logistic.py:1296: FutureWarning: Using the 'liblinear' solver for multiclass classification is deprecated. An error will be raised in 1.8. Either use another solver which supports the multinomial loss or wrap the estimator in a OneVsRestClassifier to keep applying a one-versus-rest scheme.
  warnings.warn(
/data2/hy/.local/lib/python3.10/site-packages/sklearn/linear_model/_logistic.py:1296: FutureWarning: Using the 'liblinear' solver for multiclass classification is deprecated. An error will be raised in 1.8. Either use another solver which supports the multinomial loss or wrap the estimator in a OneVsRestClassifier to keep applying a one-versus-rest scheme.
  warnings.warn(
/data2/hy/.local/lib/python3.10/site-packages/sklearn/linear_model/_logistic.py:1296: FutureWarning: Using the 'liblinear' solver for multiclass classification is deprecated. An error will be raised in 1.8. Either use another solver which supports the multinomial loss or wrap the estimator in a OneVsRestClassifier to keep applying a one-versus-rest scheme.
  warnings.warn(
/data2/hy/.local/lib/python3.10/site-packages/sklearn/linear_model/_logistic.py:1296: FutureWarning: Using the 'liblinear' solver for multiclass classification is deprecated. An error will be raised in 1.8. Either use another solver which supports the multinomial loss or wrap the estimator in a OneVsRestClassifier to keep applying a one-versus-rest scheme.
  warnings.warn(
/data2/hy/.local/lib/python3.10/site-packages/sklearn/linear_model/_logistic.py:1296: FutureWarning: Using the 'liblinear' solver for multiclass classification is deprecated. An error will be raised in 1.8. Either use another solver which supports the multinomial loss or wrap the estimator in a OneVsRestClassifier to keep applying a one-versus-rest scheme.
  warnings.warn(
/data2/hy/.local/lib/python3.10/site-packages/sklearn/linear_model/_logistic.py:1296: FutureWarning: Using the 'liblinear' solver for multiclass classification is deprecated. An error will be raised in 1.8. Either use another solver which supports the multinomial loss or wrap the estimator in a OneVsRestClassifier to keep applying a one-versus-rest scheme.
  warnings.warn(
/data2/hy/.local/lib/python3.10/site-packages/sklearn/linear_model/_logistic.py:1296: FutureWarning: Using the 'liblinear' solver for multiclass classification is deprecated. An error will be raised in 1.8. Either use another solver which supports the multinomial loss or wrap the estimator in a OneVsRestClassifier to keep applying a one-versus-rest scheme.
  warnings.warn(
/data2/hy/.local/lib/python3.10/site-packages/sklearn/linear_model/_logistic.py:1296: FutureWarning: Using the 'liblinear' solver for multiclass classification is deprecated. An error will be raised in 1.8. Either use another solver which supports the multinomial loss or wrap the estimator in a OneVsRestClassifier to keep applying a one-versus-rest scheme.
  warnings.warn(
/data2/hy/.local/lib/python3.10/site-packages/sklearn/linear_model/_logistic.py:1296: FutureWarning: Using the 'liblinear' solver for multiclass classification is deprecated. An error will be raised in 1.8. Either use another solver which supports the multinomial loss or wrap the estimator in a OneVsRestClassifier to keep applying a one-versus-rest scheme.
  warnings.warn(
/data2/hy/.local/lib/python3.10/site-packages/sklearn/linear_model/_logistic.py:1296: FutureWarning: Using the 'liblinear' solver for multiclass classification is deprecated. An error will be raised in 1.8. Either use another solver which supports the multinomial loss or wrap the estimator in a OneVsRestClassifier to keep applying a one-versus-rest scheme.
  warnings.warn(
/data2/hy/.local/lib/python3.10/site-packages/sklearn/linear_model/_logistic.py:1296: FutureWarning: Using the 'liblinear' solver for multiclass classification is deprecated. An error will be raised in 1.8. Either use another solver which supports the multinomial loss or wrap the estimator in a OneVsRestClassifier to keep applying a one-versus-rest scheme.
  warnings.warn(
/data2/hy/.local/lib/python3.10/site-packages/sklearn/linear_model/_logistic.py:1296: FutureWarning: Using the 'liblinear' solver for multiclass classification is deprecated. An error will be raised in 1.8. Either use another solver which supports the multinomial loss or wrap the estimator in a OneVsRestClassifier to keep applying a one-versus-rest scheme.
  warnings.warn(
/data2/hy/.local/lib/python3.10/site-packages/sklearn/linear_model/_logistic.py:1296: FutureWarning: Using the 'liblinear' solver for multiclass classification is deprecated. An error will be raised in 1.8. Either use another solver which supports the multinomial loss or wrap the estimator in a OneVsRestClassifier to keep applying a one-versus-rest scheme.
  warnings.warn(
/data2/hy/.local/lib/python3.10/site-packages/sklearn/linear_model/_logistic.py:1296: FutureWarning: Using the 'liblinear' solver for multiclass classification is deprecated. An error will be raised in 1.8. Either use another solver which supports the multinomial loss or wrap the estimator in a OneVsRestClassifier to keep applying a one-versus-rest scheme.
  warnings.warn(
/data2/hy/.local/lib/python3.10/site-packages/sklearn/linear_model/_logistic.py:1296: FutureWarning: Using the 'liblinear' solver for multiclass classification is deprecated. An error will be raised in 1.8. Either use another solver which supports the multinomial loss or wrap the estimator in a OneVsRestClassifier to keep applying a one-versus-rest scheme.
  warnings.warn(
/data2/hy/.local/lib/python3.10/site-packages/sklearn/linear_model/_logistic.py:1296: FutureWarning: Using the 'liblinear' solver for multiclass classification is deprecated. An error will be raised in 1.8. Either use another solver which supports the multinomial loss or wrap the estimator in a OneVsRestClassifier to keep applying a one-versus-rest scheme.
  warnings.warn(
/data2/hy/.local/lib/python3.10/site-packages/sklearn/linear_model/_logistic.py:1296: FutureWarning: Using the 'liblinear' solver for multiclass classification is deprecated. An error will be raised in 1.8. Either use another solver which supports the multinomial loss or wrap the estimator in a OneVsRestClassifier to keep applying a one-versus-rest scheme.
  warnings.warn(
/data2/hy/.local/lib/python3.10/site-packages/sklearn/linear_model/_logistic.py:1296: FutureWarning: Using the 'liblinear' solver for multiclass classification is deprecated. An error will be raised in 1.8. Either use another solver which supports the multinomial loss or wrap the estimator in a OneVsRestClassifier to keep applying a one-versus-rest scheme.
  warnings.warn(
/data2/hy/.local/lib/python3.10/site-packages/sklearn/linear_model/_logistic.py:1296: FutureWarning: Using the 'liblinear' solver for multiclass classification is deprecated. An error will be raised in 1.8. Either use another solver which supports the multinomial loss or wrap the estimator in a OneVsRestClassifier to keep applying a one-versus-rest scheme.
  warnings.warn(
/data2/hy/.local/lib/python3.10/site-packages/sklearn/linear_model/_logistic.py:1296: FutureWarning: Using the 'liblinear' solver for multiclass classification is deprecated. An error will be raised in 1.8. Either use another solver which supports the multinomial loss or wrap the estimator in a OneVsRestClassifier to keep applying a one-versus-rest scheme.
  warnings.warn(
/data2/hy/.local/lib/python3.10/site-packages/sklearn/linear_model/_logistic.py:1296: FutureWarning: Using the 'liblinear' solver for multiclass classification is deprecated. An error will be raised in 1.8. Either use another solver which supports the multinomial loss or wrap the estimator in a OneVsRestClassifier to keep applying a one-versus-rest scheme.
  warnings.warn(
/data2/hy/.local/lib/python3.10/site-packages/sklearn/linear_model/_logistic.py:1296: FutureWarning: Using the 'liblinear' solver for multiclass classification is deprecated. An error will be raised in 1.8. Either use another solver which supports the multinomial loss or wrap the estimator in a OneVsRestClassifier to keep applying a one-versus-rest scheme.
  warnings.warn(
/data2/hy/.local/lib/python3.10/site-packages/sklearn/linear_model/_logistic.py:1296: FutureWarning: Using the 'liblinear' solver for multiclass classification is deprecated. An error will be raised in 1.8. Either use another solver which supports the multinomial loss or wrap the estimator in a OneVsRestClassifier to keep applying a one-versus-rest scheme.
  warnings.warn(
/data2/hy/.local/lib/python3.10/site-packages/sklearn/linear_model/_logistic.py:1296: FutureWarning: Using the 'liblinear' solver for multiclass classification is deprecated. An error will be raised in 1.8. Either use another solver which supports the multinomial loss or wrap the estimator in a OneVsRestClassifier to keep applying a one-versus-rest scheme.
  warnings.warn(
/data2/hy/.local/lib/python3.10/site-packages/sklearn/linear_model/_logistic.py:1296: FutureWarning: Using the 'liblinear' solver for multiclass classification is deprecated. An error will be raised in 1.8. Either use another solver which supports the multinomial loss or wrap the estimator in a OneVsRestClassifier to keep applying a one-versus-rest scheme.
  warnings.warn(
/data2/hy/.local/lib/python3.10/site-packages/sklearn/linear_model/_logistic.py:1296: FutureWarning: Using the 'liblinear' solver for multiclass classification is deprecated. An error will be raised in 1.8. Either use another solver which supports the multinomial loss or wrap the estimator in a OneVsRestClassifier to keep applying a one-versus-rest scheme.
  warnings.warn(
/data2/hy/.local/lib/python3.10/site-packages/sklearn/linear_model/_logistic.py:1296: FutureWarning: Using the 'liblinear' solver for multiclass classification is deprecated. An error will be raised in 1.8. Either use another solver which supports the multinomial loss or wrap the estimator in a OneVsRestClassifier to keep applying a one-versus-rest scheme.
  warnings.warn(
/data2/hy/.local/lib/python3.10/site-packages/sklearn/linear_model/_logistic.py:1296: FutureWarning: Using the 'liblinear' solver for multiclass classification is deprecated. An error will be raised in 1.8. Either use another solver which supports the multinomial loss or wrap the estimator in a OneVsRestClassifier to keep applying a one-versus-rest scheme.
  warnings.warn(
/data2/hy/.local/lib/python3.10/site-packages/sklearn/linear_model/_logistic.py:1296: FutureWarning: Using the 'liblinear' solver for multiclass classification is deprecated. An error will be raised in 1.8. Either use another solver which supports the multinomial loss or wrap the estimator in a OneVsRestClassifier to keep applying a one-versus-rest scheme.
  warnings.warn(
/data2/hy/.local/lib/python3.10/site-packages/sklearn/linear_model/_logistic.py:1296: FutureWarning: Using the 'liblinear' solver for multiclass classification is deprecated. An error will be raised in 1.8. Either use another solver which supports the multinomial loss or wrap the estimator in a OneVsRestClassifier to keep applying a one-versus-rest scheme.
  warnings.warn(
/data2/hy/.local/lib/python3.10/site-packages/sklearn/linear_model/_logistic.py:1296: FutureWarning: Using the 'liblinear' solver for multiclass classification is deprecated. An error will be raised in 1.8. Either use another solver which supports the multinomial loss or wrap the estimator in a OneVsRestClassifier to keep applying a one-versus-rest scheme.
  warnings.warn(
/data2/hy/.local/lib/python3.10/site-packages/sklearn/linear_model/_logistic.py:1296: FutureWarning: Using the 'liblinear' solver for multiclass classification is deprecated. An error will be raised in 1.8. Either use another solver which supports the multinomial loss or wrap the estimator in a OneVsRestClassifier to keep applying a one-versus-rest scheme.
  warnings.warn(
/data2/hy/.local/lib/python3.10/site-packages/sklearn/linear_model/_logistic.py:1296: FutureWarning: Using the 'liblinear' solver for multiclass classification is deprecated. An error will be raised in 1.8. Either use another solver which supports the multinomial loss or wrap the estimator in a OneVsRestClassifier to keep applying a one-versus-rest scheme.
  warnings.warn(
/data2/hy/.local/lib/python3.10/site-packages/sklearn/linear_model/_logistic.py:1296: FutureWarning: Using the 'liblinear' solver for multiclass classification is deprecated. An error will be raised in 1.8. Either use another solver which supports the multinomial loss or wrap the estimator in a OneVsRestClassifier to keep applying a one-versus-rest scheme.
  warnings.warn(
/data2/hy/.local/lib/python3.10/site-packages/sklearn/linear_model/_logistic.py:1296: FutureWarning: Using the 'liblinear' solver for multiclass classification is deprecated. An error will be raised in 1.8. Either use another solver which supports the multinomial loss or wrap the estimator in a OneVsRestClassifier to keep applying a one-versus-rest scheme.
  warnings.warn(
/data2/hy/.local/lib/python3.10/site-packages/sklearn/linear_model/_logistic.py:1296: FutureWarning: Using the 'liblinear' solver for multiclass classification is deprecated. An error will be raised in 1.8. Either use another solver which supports the multinomial loss or wrap the estimator in a OneVsRestClassifier to keep applying a one-versus-rest scheme.
  warnings.warn(
/data2/hy/.local/lib/python3.10/site-packages/sklearn/linear_model/_logistic.py:1296: FutureWarning: Using the 'liblinear' solver for multiclass classification is deprecated. An error will be raised in 1.8. Either use another solver which supports the multinomial loss or wrap the estimator in a OneVsRestClassifier to keep applying a one-versus-rest scheme.
  warnings.warn(
/data2/hy/.local/lib/python3.10/site-packages/sklearn/linear_model/_logistic.py:1296: FutureWarning: Using the 'liblinear' solver for multiclass classification is deprecated. An error will be raised in 1.8. Either use another solver which supports the multinomial loss or wrap the estimator in a OneVsRestClassifier to keep applying a one-versus-rest scheme.
  warnings.warn(
/data2/hy/.local/lib/python3.10/site-packages/sklearn/linear_model/_logistic.py:1296: FutureWarning: Using the 'liblinear' solver for multiclass classification is deprecated. An error will be raised in 1.8. Either use another solver which supports the multinomial loss or wrap the estimator in a OneVsRestClassifier to keep applying a one-versus-rest scheme.
  warnings.warn(
/data2/hy/.local/lib/python3.10/site-packages/sklearn/linear_model/_logistic.py:1296: FutureWarning: Using the 'liblinear' solver for multiclass classification is deprecated. An error will be raised in 1.8. Either use another solver which supports the multinomial loss or wrap the estimator in a OneVsRestClassifier to keep applying a one-versus-rest scheme.
  warnings.warn(
/data2/hy/.local/lib/python3.10/site-packages/sklearn/linear_model/_logistic.py:1296: FutureWarning: Using the 'liblinear' solver for multiclass classification is deprecated. An error will be raised in 1.8. Either use another solver which supports the multinomial loss or wrap the estimator in a OneVsRestClassifier to keep applying a one-versus-rest scheme.
  warnings.warn(
/data2/hy/.local/lib/python3.10/site-packages/sklearn/linear_model/_logistic.py:1296: FutureWarning: Using the 'liblinear' solver for multiclass classification is deprecated. An error will be raised in 1.8. Either use another solver which supports the multinomial loss or wrap the estimator in a OneVsRestClassifier to keep applying a one-versus-rest scheme.
  warnings.warn(
/data2/hy/.local/lib/python3.10/site-packages/sklearn/linear_model/_logistic.py:1296: FutureWarning: Using the 'liblinear' solver for multiclass classification is deprecated. An error will be raised in 1.8. Either use another solver which supports the multinomial loss or wrap the estimator in a OneVsRestClassifier to keep applying a one-versus-rest scheme.
  warnings.warn(
/data2/hy/.local/lib/python3.10/site-packages/sklearn/linear_model/_logistic.py:1296: FutureWarning: Using the 'liblinear' solver for multiclass classification is deprecated. An error will be raised in 1.8. Either use another solver which supports the multinomial loss or wrap the estimator in a OneVsRestClassifier to keep applying a one-versus-rest scheme.
  warnings.warn(
/data2/hy/.local/lib/python3.10/site-packages/sklearn/linear_model/_logistic.py:1296: FutureWarning: Using the 'liblinear' solver for multiclass classification is deprecated. An error will be raised in 1.8. Either use another solver which supports the multinomial loss or wrap the estimator in a OneVsRestClassifier to keep applying a one-versus-rest scheme.
  warnings.warn(
/data2/hy/.local/lib/python3.10/site-packages/sklearn/linear_model/_logistic.py:1296: FutureWarning: Using the 'liblinear' solver for multiclass classification is deprecated. An error will be raised in 1.8. Either use another solver which supports the multinomial loss or wrap the estimator in a OneVsRestClassifier to keep applying a one-versus-rest scheme.
  warnings.warn(
/data2/hy/.local/lib/python3.10/site-packages/sklearn/linear_model/_logistic.py:1296: FutureWarning: Using the 'liblinear' solver for multiclass classification is deprecated. An error will be raised in 1.8. Either use another solver which supports the multinomial loss or wrap the estimator in a OneVsRestClassifier to keep applying a one-versus-rest scheme.
  warnings.warn(
/data2/hy/.local/lib/python3.10/site-packages/sklearn/linear_model/_logistic.py:1296: FutureWarning: Using the 'liblinear' solver for multiclass classification is deprecated. An error will be raised in 1.8. Either use another solver which supports the multinomial loss or wrap the estimator in a OneVsRestClassifier to keep applying a one-versus-rest scheme.
  warnings.warn(
/data2/hy/.local/lib/python3.10/site-packages/sklearn/linear_model/_logistic.py:1296: FutureWarning: Using the 'liblinear' solver for multiclass classification is deprecated. An error will be raised in 1.8. Either use another solver which supports the multinomial loss or wrap the estimator in a OneVsRestClassifier to keep applying a one-versus-rest scheme.
  warnings.warn(
/data2/hy/.local/lib/python3.10/site-packages/sklearn/linear_model/_logistic.py:1296: FutureWarning: Using the 'liblinear' solver for multiclass classification is deprecated. An error will be raised in 1.8. Either use another solver which supports the multinomial loss or wrap the estimator in a OneVsRestClassifier to keep applying a one-versus-rest scheme.
  warnings.warn(
/data2/hy/.local/lib/python3.10/site-packages/sklearn/linear_model/_logistic.py:1296: FutureWarning: Using the 'liblinear' solver for multiclass classification is deprecated. An error will be raised in 1.8. Either use another solver which supports the multinomial loss or wrap the estimator in a OneVsRestClassifier to keep applying a one-versus-rest scheme.
  warnings.warn(
/data2/hy/.local/lib/python3.10/site-packages/sklearn/linear_model/_logistic.py:1296: FutureWarning: Using the 'liblinear' solver for multiclass classification is deprecated. An error will be raised in 1.8. Either use another solver which supports the multinomial loss or wrap the estimator in a OneVsRestClassifier to keep applying a one-versus-rest scheme.
  warnings.warn(
/data2/hy/.local/lib/python3.10/site-packages/sklearn/linear_model/_logistic.py:1296: FutureWarning: Using the 'liblinear' solver for multiclass classification is deprecated. An error will be raised in 1.8. Either use another solver which supports the multinomial loss or wrap the estimator in a OneVsRestClassifier to keep applying a one-versus-rest scheme.
  warnings.warn(
/data2/hy/.local/lib/python3.10/site-packages/sklearn/linear_model/_logistic.py:1296: FutureWarning: Using the 'liblinear' solver for multiclass classification is deprecated. An error will be raised in 1.8. Either use another solver which supports the multinomial loss or wrap the estimator in a OneVsRestClassifier to keep applying a one-versus-rest scheme.
  warnings.warn(
/data2/hy/.local/lib/python3.10/site-packages/sklearn/linear_model/_logistic.py:1296: FutureWarning: Using the 'liblinear' solver for multiclass classification is deprecated. An error will be raised in 1.8. Either use another solver which supports the multinomial loss or wrap the estimator in a OneVsRestClassifier to keep applying a one-versus-rest scheme.
  warnings.warn(
/data2/hy/.local/lib/python3.10/site-packages/sklearn/linear_model/_logistic.py:1296: FutureWarning: Using the 'liblinear' solver for multiclass classification is deprecated. An error will be raised in 1.8. Either use another solver which supports the multinomial loss or wrap the estimator in a OneVsRestClassifier to keep applying a one-versus-rest scheme.
  warnings.warn(
/data2/hy/.local/lib/python3.10/site-packages/sklearn/linear_model/_logistic.py:1296: FutureWarning: Using the 'liblinear' solver for multiclass classification is deprecated. An error will be raised in 1.8. Either use another solver which supports the multinomial loss or wrap the estimator in a OneVsRestClassifier to keep applying a one-versus-rest scheme.
  warnings.warn(
/data2/hy/.local/lib/python3.10/site-packages/sklearn/linear_model/_logistic.py:1296: FutureWarning: Using the 'liblinear' solver for multiclass classification is deprecated. An error will be raised in 1.8. Either use another solver which supports the multinomial loss or wrap the estimator in a OneVsRestClassifier to keep applying a one-versus-rest scheme.
  warnings.warn(
/data2/hy/.local/lib/python3.10/site-packages/sklearn/linear_model/_logistic.py:1296: FutureWarning: Using the 'liblinear' solver for multiclass classification is deprecated. An error will be raised in 1.8. Either use another solver which supports the multinomial loss or wrap the estimator in a OneVsRestClassifier to keep applying a one-versus-rest scheme.
  warnings.warn(
/data2/hy/.local/lib/python3.10/site-packages/sklearn/linear_model/_logistic.py:1296: FutureWarning: Using the 'liblinear' solver for multiclass classification is deprecated. An error will be raised in 1.8. Either use another solver which supports the multinomial loss or wrap the estimator in a OneVsRestClassifier to keep applying a one-versus-rest scheme.
  warnings.warn(
/data2/hy/.local/lib/python3.10/site-packages/sklearn/linear_model/_logistic.py:1296: FutureWarning: Using the 'liblinear' solver for multiclass classification is deprecated. An error will be raised in 1.8. Either use another solver which supports the multinomial loss or wrap the estimator in a OneVsRestClassifier to keep applying a one-versus-rest scheme.
  warnings.warn(
/data2/hy/.local/lib/python3.10/site-packages/sklearn/linear_model/_logistic.py:1296: FutureWarning: Using the 'liblinear' solver for multiclass classification is deprecated. An error will be raised in 1.8. Either use another solver which supports the multinomial loss or wrap the estimator in a OneVsRestClassifier to keep applying a one-versus-rest scheme.
  warnings.warn(
/data2/hy/.local/lib/python3.10/site-packages/sklearn/linear_model/_logistic.py:1296: FutureWarning: Using the 'liblinear' solver for multiclass classification is deprecated. An error will be raised in 1.8. Either use another solver which supports the multinomial loss or wrap the estimator in a OneVsRestClassifier to keep applying a one-versus-rest scheme.
  warnings.warn(
/data2/hy/.local/lib/python3.10/site-packages/sklearn/linear_model/_logistic.py:1296: FutureWarning: Using the 'liblinear' solver for multiclass classification is deprecated. An error will be raised in 1.8. Either use another solver which supports the multinomial loss or wrap the estimator in a OneVsRestClassifier to keep applying a one-versus-rest scheme.
  warnings.warn(
/data2/hy/.local/lib/python3.10/site-packages/sklearn/linear_model/_logistic.py:1296: FutureWarning: Using the 'liblinear' solver for multiclass classification is deprecated. An error will be raised in 1.8. Either use another solver which supports the multinomial loss or wrap the estimator in a OneVsRestClassifier to keep applying a one-versus-rest scheme.
  warnings.warn(
/data2/hy/.local/lib/python3.10/site-packages/sklearn/linear_model/_logistic.py:1296: FutureWarning: Using the 'liblinear' solver for multiclass classification is deprecated. An error will be raised in 1.8. Either use another solver which supports the multinomial loss or wrap the estimator in a OneVsRestClassifier to keep applying a one-versus-rest scheme.
  warnings.warn(
/data2/hy/.local/lib/python3.10/site-packages/sklearn/linear_model/_logistic.py:1296: FutureWarning: Using the 'liblinear' solver for multiclass classification is deprecated. An error will be raised in 1.8. Either use another solver which supports the multinomial loss or wrap the estimator in a OneVsRestClassifier to keep applying a one-versus-rest scheme.
  warnings.warn(
/data2/hy/.local/lib/python3.10/site-packages/sklearn/linear_model/_logistic.py:1296: FutureWarning: Using the 'liblinear' solver for multiclass classification is deprecated. An error will be raised in 1.8. Either use another solver which supports the multinomial loss or wrap the estimator in a OneVsRestClassifier to keep applying a one-versus-rest scheme.
  warnings.warn(
/data2/hy/.local/lib/python3.10/site-packages/sklearn/linear_model/_logistic.py:1296: FutureWarning: Using the 'liblinear' solver for multiclass classification is deprecated. An error will be raised in 1.8. Either use another solver which supports the multinomial loss or wrap the estimator in a OneVsRestClassifier to keep applying a one-versus-rest scheme.
  warnings.warn(
/data2/hy/.local/lib/python3.10/site-packages/sklearn/linear_model/_logistic.py:1296: FutureWarning: Using the 'liblinear' solver for multiclass classification is deprecated. An error will be raised in 1.8. Either use another solver which supports the multinomial loss or wrap the estimator in a OneVsRestClassifier to keep applying a one-versus-rest scheme.
  warnings.warn(
/data2/hy/.local/lib/python3.10/site-packages/sklearn/linear_model/_logistic.py:1296: FutureWarning: Using the 'liblinear' solver for multiclass classification is deprecated. An error will be raised in 1.8. Either use another solver which supports the multinomial loss or wrap the estimator in a OneVsRestClassifier to keep applying a one-versus-rest scheme.
  warnings.warn(
/data2/hy/.local/lib/python3.10/site-packages/sklearn/linear_model/_logistic.py:1296: FutureWarning: Using the 'liblinear' solver for multiclass classification is deprecated. An error will be raised in 1.8. Either use another solver which supports the multinomial loss or wrap the estimator in a OneVsRestClassifier to keep applying a one-versus-rest scheme.
  warnings.warn(
/data2/hy/.local/lib/python3.10/site-packages/sklearn/linear_model/_logistic.py:1296: FutureWarning: Using the 'liblinear' solver for multiclass classification is deprecated. An error will be raised in 1.8. Either use another solver which supports the multinomial loss or wrap the estimator in a OneVsRestClassifier to keep applying a one-versus-rest scheme.
  warnings.warn(
/data2/hy/.local/lib/python3.10/site-packages/sklearn/linear_model/_logistic.py:1296: FutureWarning: Using the 'liblinear' solver for multiclass classification is deprecated. An error will be raised in 1.8. Either use another solver which supports the multinomial loss or wrap the estimator in a OneVsRestClassifier to keep applying a one-versus-rest scheme.
  warnings.warn(
/data2/hy/.local/lib/python3.10/site-packages/sklearn/linear_model/_logistic.py:1296: FutureWarning: Using the 'liblinear' solver for multiclass classification is deprecated. An error will be raised in 1.8. Either use another solver which supports the multinomial loss or wrap the estimator in a OneVsRestClassifier to keep applying a one-versus-rest scheme.
  warnings.warn(
/data2/hy/.local/lib/python3.10/site-packages/sklearn/linear_model/_logistic.py:1296: FutureWarning: Using the 'liblinear' solver for multiclass classification is deprecated. An error will be raised in 1.8. Either use another solver which supports the multinomial loss or wrap the estimator in a OneVsRestClassifier to keep applying a one-versus-rest scheme.
  warnings.warn(
/data2/hy/.local/lib/python3.10/site-packages/sklearn/linear_model/_logistic.py:1296: FutureWarning: Using the 'liblinear' solver for multiclass classification is deprecated. An error will be raised in 1.8. Either use another solver which supports the multinomial loss or wrap the estimator in a OneVsRestClassifier to keep applying a one-versus-rest scheme.
  warnings.warn(
/data2/hy/.local/lib/python3.10/site-packages/sklearn/linear_model/_logistic.py:1296: FutureWarning: Using the 'liblinear' solver for multiclass classification is deprecated. An error will be raised in 1.8. Either use another solver which supports the multinomial loss or wrap the estimator in a OneVsRestClassifier to keep applying a one-versus-rest scheme.
  warnings.warn(
/data2/hy/.local/lib/python3.10/site-packages/sklearn/linear_model/_logistic.py:1296: FutureWarning: Using the 'liblinear' solver for multiclass classification is deprecated. An error will be raised in 1.8. Either use another solver which supports the multinomial loss or wrap the estimator in a OneVsRestClassifier to keep applying a one-versus-rest scheme.
  warnings.warn(
/data2/hy/.local/lib/python3.10/site-packages/sklearn/linear_model/_logistic.py:1296: FutureWarning: Using the 'liblinear' solver for multiclass classification is deprecated. An error will be raised in 1.8. Either use another solver which supports the multinomial loss or wrap the estimator in a OneVsRestClassifier to keep applying a one-versus-rest scheme.
  warnings.warn(
/data2/hy/.local/lib/python3.10/site-packages/sklearn/linear_model/_logistic.py:1296: FutureWarning: Using the 'liblinear' solver for multiclass classification is deprecated. An error will be raised in 1.8. Either use another solver which supports the multinomial loss or wrap the estimator in a OneVsRestClassifier to keep applying a one-versus-rest scheme.
  warnings.warn(
/data2/hy/.local/lib/python3.10/site-packages/sklearn/linear_model/_logistic.py:1296: FutureWarning: Using the 'liblinear' solver for multiclass classification is deprecated. An error will be raised in 1.8. Either use another solver which supports the multinomial loss or wrap the estimator in a OneVsRestClassifier to keep applying a one-versus-rest scheme.
  warnings.warn(
/data2/hy/.local/lib/python3.10/site-packages/sklearn/linear_model/_logistic.py:1296: FutureWarning: Using the 'liblinear' solver for multiclass classification is deprecated. An error will be raised in 1.8. Either use another solver which supports the multinomial loss or wrap the estimator in a OneVsRestClassifier to keep applying a one-versus-rest scheme.
  warnings.warn(
/data2/hy/.local/lib/python3.10/site-packages/sklearn/linear_model/_logistic.py:1296: FutureWarning: Using the 'liblinear' solver for multiclass classification is deprecated. An error will be raised in 1.8. Either use another solver which supports the multinomial loss or wrap the estimator in a OneVsRestClassifier to keep applying a one-versus-rest scheme.
  warnings.warn(
/data2/hy/.local/lib/python3.10/site-packages/sklearn/linear_model/_logistic.py:1296: FutureWarning: Using the 'liblinear' solver for multiclass classification is deprecated. An error will be raised in 1.8. Either use another solver which supports the multinomial loss or wrap the estimator in a OneVsRestClassifier to keep applying a one-versus-rest scheme.
  warnings.warn(
/data2/hy/.local/lib/python3.10/site-packages/sklearn/linear_model/_logistic.py:1296: FutureWarning: Using the 'liblinear' solver for multiclass classification is deprecated. An error will be raised in 1.8. Either use another solver which supports the multinomial loss or wrap the estimator in a OneVsRestClassifier to keep applying a one-versus-rest scheme.
  warnings.warn(
/data2/hy/.local/lib/python3.10/site-packages/sklearn/linear_model/_logistic.py:1296: FutureWarning: Using the 'liblinear' solver for multiclass classification is deprecated. An error will be raised in 1.8. Either use another solver which supports the multinomial loss or wrap the estimator in a OneVsRestClassifier to keep applying a one-versus-rest scheme.
  warnings.warn(
/data2/hy/.local/lib/python3.10/site-packages/sklearn/linear_model/_logistic.py:1296: FutureWarning: Using the 'liblinear' solver for multiclass classification is deprecated. An error will be raised in 1.8. Either use another solver which supports the multinomial loss or wrap the estimator in a OneVsRestClassifier to keep applying a one-versus-rest scheme.
  warnings.warn(
/data2/hy/.local/lib/python3.10/site-packages/sklearn/linear_model/_logistic.py:1296: FutureWarning: Using the 'liblinear' solver for multiclass classification is deprecated. An error will be raised in 1.8. Either use another solver which supports the multinomial loss or wrap the estimator in a OneVsRestClassifier to keep applying a one-versus-rest scheme.
  warnings.warn(
/data2/hy/.local/lib/python3.10/site-packages/sklearn/linear_model/_logistic.py:1296: FutureWarning: Using the 'liblinear' solver for multiclass classification is deprecated. An error will be raised in 1.8. Either use another solver which supports the multinomial loss or wrap the estimator in a OneVsRestClassifier to keep applying a one-versus-rest scheme.
  warnings.warn(
/data2/hy/.local/lib/python3.10/site-packages/sklearn/linear_model/_logistic.py:1296: FutureWarning: Using the 'liblinear' solver for multiclass classification is deprecated. An error will be raised in 1.8. Either use another solver which supports the multinomial loss or wrap the estimator in a OneVsRestClassifier to keep applying a one-versus-rest scheme.
  warnings.warn(
/data2/hy/.local/lib/python3.10/site-packages/sklearn/linear_model/_logistic.py:1296: FutureWarning: Using the 'liblinear' solver for multiclass classification is deprecated. An error will be raised in 1.8. Either use another solver which supports the multinomial loss or wrap the estimator in a OneVsRestClassifier to keep applying a one-versus-rest scheme.
  warnings.warn(
/data2/hy/.local/lib/python3.10/site-packages/sklearn/linear_model/_logistic.py:1296: FutureWarning: Using the 'liblinear' solver for multiclass classification is deprecated. An error will be raised in 1.8. Either use another solver which supports the multinomial loss or wrap the estimator in a OneVsRestClassifier to keep applying a one-versus-rest scheme.
  warnings.warn(
/data2/hy/.local/lib/python3.10/site-packages/sklearn/linear_model/_logistic.py:1296: FutureWarning: Using the 'liblinear' solver for multiclass classification is deprecated. An error will be raised in 1.8. Either use another solver which supports the multinomial loss or wrap the estimator in a OneVsRestClassifier to keep applying a one-versus-rest scheme.
  warnings.warn(
/data2/hy/.local/lib/python3.10/site-packages/sklearn/linear_model/_logistic.py:1296: FutureWarning: Using the 'liblinear' solver for multiclass classification is deprecated. An error will be raised in 1.8. Either use another solver which supports the multinomial loss or wrap the estimator in a OneVsRestClassifier to keep applying a one-versus-rest scheme.
  warnings.warn(
/data2/hy/.local/lib/python3.10/site-packages/sklearn/linear_model/_logistic.py:1296: FutureWarning: Using the 'liblinear' solver for multiclass classification is deprecated. An error will be raised in 1.8. Either use another solver which supports the multinomial loss or wrap the estimator in a OneVsRestClassifier to keep applying a one-versus-rest scheme.
  warnings.warn(
/data2/hy/.local/lib/python3.10/site-packages/sklearn/linear_model/_logistic.py:1296: FutureWarning: Using the 'liblinear' solver for multiclass classification is deprecated. An error will be raised in 1.8. Either use another solver which supports the multinomial loss or wrap the estimator in a OneVsRestClassifier to keep applying a one-versus-rest scheme.
  warnings.warn(
/data2/hy/.local/lib/python3.10/site-packages/sklearn/linear_model/_logistic.py:1296: FutureWarning: Using the 'liblinear' solver for multiclass classification is deprecated. An error will be raised in 1.8. Either use another solver which supports the multinomial loss or wrap the estimator in a OneVsRestClassifier to keep applying a one-versus-rest scheme.
  warnings.warn(
/data2/hy/.local/lib/python3.10/site-packages/sklearn/linear_model/_logistic.py:1296: FutureWarning: Using the 'liblinear' solver for multiclass classification is deprecated. An error will be raised in 1.8. Either use another solver which supports the multinomial loss or wrap the estimator in a OneVsRestClassifier to keep applying a one-versus-rest scheme.
  warnings.warn(
/data2/hy/.local/lib/python3.10/site-packages/sklearn/linear_model/_logistic.py:1296: FutureWarning: Using the 'liblinear' solver for multiclass classification is deprecated. An error will be raised in 1.8. Either use another solver which supports the multinomial loss or wrap the estimator in a OneVsRestClassifier to keep applying a one-versus-rest scheme.
  warnings.warn(
/data2/hy/.local/lib/python3.10/site-packages/sklearn/linear_model/_logistic.py:1296: FutureWarning: Using the 'liblinear' solver for multiclass classification is deprecated. An error will be raised in 1.8. Either use another solver which supports the multinomial loss or wrap the estimator in a OneVsRestClassifier to keep applying a one-versus-rest scheme.
  warnings.warn(
/data2/hy/.local/lib/python3.10/site-packages/sklearn/linear_model/_logistic.py:1296: FutureWarning: Using the 'liblinear' solver for multiclass classification is deprecated. An error will be raised in 1.8. Either use another solver which supports the multinomial loss or wrap the estimator in a OneVsRestClassifier to keep applying a one-versus-rest scheme.
  warnings.warn(
/data2/hy/.local/lib/python3.10/site-packages/sklearn/linear_model/_logistic.py:1296: FutureWarning: Using the 'liblinear' solver for multiclass classification is deprecated. An error will be raised in 1.8. Either use another solver which supports the multinomial loss or wrap the estimator in a OneVsRestClassifier to keep applying a one-versus-rest scheme.
  warnings.warn(
/data2/hy/.local/lib/python3.10/site-packages/sklearn/linear_model/_logistic.py:1296: FutureWarning: Using the 'liblinear' solver for multiclass classification is deprecated. An error will be raised in 1.8. Either use another solver which supports the multinomial loss or wrap the estimator in a OneVsRestClassifier to keep applying a one-versus-rest scheme.
  warnings.warn(
/data2/hy/.local/lib/python3.10/site-packages/sklearn/linear_model/_logistic.py:1296: FutureWarning: Using the 'liblinear' solver for multiclass classification is deprecated. An error will be raised in 1.8. Either use another solver which supports the multinomial loss or wrap the estimator in a OneVsRestClassifier to keep applying a one-versus-rest scheme.
  warnings.warn(
/data2/hy/.local/lib/python3.10/site-packages/sklearn/linear_model/_logistic.py:1296: FutureWarning: Using the 'liblinear' solver for multiclass classification is deprecated. An error will be raised in 1.8. Either use another solver which supports the multinomial loss or wrap the estimator in a OneVsRestClassifier to keep applying a one-versus-rest scheme.
  warnings.warn(
/data2/hy/.local/lib/python3.10/site-packages/sklearn/linear_model/_logistic.py:1296: FutureWarning: Using the 'liblinear' solver for multiclass classification is deprecated. An error will be raised in 1.8. Either use another solver which supports the multinomial loss or wrap the estimator in a OneVsRestClassifier to keep applying a one-versus-rest scheme.
  warnings.warn(
/data2/hy/.local/lib/python3.10/site-packages/sklearn/linear_model/_logistic.py:1296: FutureWarning: Using the 'liblinear' solver for multiclass classification is deprecated. An error will be raised in 1.8. Either use another solver which supports the multinomial loss or wrap the estimator in a OneVsRestClassifier to keep applying a one-versus-rest scheme.
  warnings.warn(
/data2/hy/.local/lib/python3.10/site-packages/sklearn/linear_model/_logistic.py:1296: FutureWarning: Using the 'liblinear' solver for multiclass classification is deprecated. An error will be raised in 1.8. Either use another solver which supports the multinomial loss or wrap the estimator in a OneVsRestClassifier to keep applying a one-versus-rest scheme.
  warnings.warn(
/data2/hy/.local/lib/python3.10/site-packages/sklearn/linear_model/_logistic.py:1296: FutureWarning: Using the 'liblinear' solver for multiclass classification is deprecated. An error will be raised in 1.8. Either use another solver which supports the multinomial loss or wrap the estimator in a OneVsRestClassifier to keep applying a one-versus-rest scheme.
  warnings.warn(
/data2/hy/.local/lib/python3.10/site-packages/sklearn/linear_model/_logistic.py:1296: FutureWarning: Using the 'liblinear' solver for multiclass classification is deprecated. An error will be raised in 1.8. Either use another solver which supports the multinomial loss or wrap the estimator in a OneVsRestClassifier to keep applying a one-versus-rest scheme.
  warnings.warn(
/data2/hy/.local/lib/python3.10/site-packages/sklearn/linear_model/_logistic.py:1296: FutureWarning: Using the 'liblinear' solver for multiclass classification is deprecated. An error will be raised in 1.8. Either use another solver which supports the multinomial loss or wrap the estimator in a OneVsRestClassifier to keep applying a one-versus-rest scheme.
  warnings.warn(
/data2/hy/.local/lib/python3.10/site-packages/sklearn/linear_model/_logistic.py:1296: FutureWarning: Using the 'liblinear' solver for multiclass classification is deprecated. An error will be raised in 1.8. Either use another solver which supports the multinomial loss or wrap the estimator in a OneVsRestClassifier to keep applying a one-versus-rest scheme.
  warnings.warn(
/data2/hy/.local/lib/python3.10/site-packages/sklearn/linear_model/_logistic.py:1296: FutureWarning: Using the 'liblinear' solver for multiclass classification is deprecated. An error will be raised in 1.8. Either use another solver which supports the multinomial loss or wrap the estimator in a OneVsRestClassifier to keep applying a one-versus-rest scheme.
  warnings.warn(
/data2/hy/.local/lib/python3.10/site-packages/sklearn/linear_model/_logistic.py:1296: FutureWarning: Using the 'liblinear' solver for multiclass classification is deprecated. An error will be raised in 1.8. Either use another solver which supports the multinomial loss or wrap the estimator in a OneVsRestClassifier to keep applying a one-versus-rest scheme.
  warnings.warn(
/data2/hy/.local/lib/python3.10/site-packages/sklearn/linear_model/_logistic.py:1296: FutureWarning: Using the 'liblinear' solver for multiclass classification is deprecated. An error will be raised in 1.8. Either use another solver which supports the multinomial loss or wrap the estimator in a OneVsRestClassifier to keep applying a one-versus-rest scheme.
  warnings.warn(
/data2/hy/.local/lib/python3.10/site-packages/sklearn/linear_model/_logistic.py:1296: FutureWarning: Using the 'liblinear' solver for multiclass classification is deprecated. An error will be raised in 1.8. Either use another solver which supports the multinomial loss or wrap the estimator in a OneVsRestClassifier to keep applying a one-versus-rest scheme.
  warnings.warn(
/data2/hy/.local/lib/python3.10/site-packages/sklearn/linear_model/_logistic.py:1296: FutureWarning: Using the 'liblinear' solver for multiclass classification is deprecated. An error will be raised in 1.8. Either use another solver which supports the multinomial loss or wrap the estimator in a OneVsRestClassifier to keep applying a one-versus-rest scheme.
  warnings.warn(
/data2/hy/.local/lib/python3.10/site-packages/sklearn/linear_model/_logistic.py:1296: FutureWarning: Using the 'liblinear' solver for multiclass classification is deprecated. An error will be raised in 1.8. Either use another solver which supports the multinomial loss or wrap the estimator in a OneVsRestClassifier to keep applying a one-versus-rest scheme.
  warnings.warn(
/data2/hy/.local/lib/python3.10/site-packages/sklearn/linear_model/_logistic.py:1296: FutureWarning: Using the 'liblinear' solver for multiclass classification is deprecated. An error will be raised in 1.8. Either use another solver which supports the multinomial loss or wrap the estimator in a OneVsRestClassifier to keep applying a one-versus-rest scheme.
  warnings.warn(
/data2/hy/.local/lib/python3.10/site-packages/sklearn/linear_model/_logistic.py:1296: FutureWarning: Using the 'liblinear' solver for multiclass classification is deprecated. An error will be raised in 1.8. Either use another solver which supports the multinomial loss or wrap the estimator in a OneVsRestClassifier to keep applying a one-versus-rest scheme.
  warnings.warn(
/data2/hy/.local/lib/python3.10/site-packages/sklearn/linear_model/_logistic.py:1296: FutureWarning: Using the 'liblinear' solver for multiclass classification is deprecated. An error will be raised in 1.8. Either use another solver which supports the multinomial loss or wrap the estimator in a OneVsRestClassifier to keep applying a one-versus-rest scheme.
  warnings.warn(
/data2/hy/.local/lib/python3.10/site-packages/sklearn/linear_model/_logistic.py:1296: FutureWarning: Using the 'liblinear' solver for multiclass classification is deprecated. An error will be raised in 1.8. Either use another solver which supports the multinomial loss or wrap the estimator in a OneVsRestClassifier to keep applying a one-versus-rest scheme.
  warnings.warn(
/data2/hy/.local/lib/python3.10/site-packages/sklearn/linear_model/_logistic.py:1296: FutureWarning: Using the 'liblinear' solver for multiclass classification is deprecated. An error will be raised in 1.8. Either use another solver which supports the multinomial loss or wrap the estimator in a OneVsRestClassifier to keep applying a one-versus-rest scheme.
  warnings.warn(
/data2/hy/.local/lib/python3.10/site-packages/sklearn/linear_model/_logistic.py:1296: FutureWarning: Using the 'liblinear' solver for multiclass classification is deprecated. An error will be raised in 1.8. Either use another solver which supports the multinomial loss or wrap the estimator in a OneVsRestClassifier to keep applying a one-versus-rest scheme.
  warnings.warn(
/data2/hy/.local/lib/python3.10/site-packages/sklearn/linear_model/_logistic.py:1296: FutureWarning: Using the 'liblinear' solver for multiclass classification is deprecated. An error will be raised in 1.8. Either use another solver which supports the multinomial loss or wrap the estimator in a OneVsRestClassifier to keep applying a one-versus-rest scheme.
  warnings.warn(
/data2/hy/.local/lib/python3.10/site-packages/sklearn/linear_model/_logistic.py:1296: FutureWarning: Using the 'liblinear' solver for multiclass classification is deprecated. An error will be raised in 1.8. Either use another solver which supports the multinomial loss or wrap the estimator in a OneVsRestClassifier to keep applying a one-versus-rest scheme.
  warnings.warn(
/data2/hy/.local/lib/python3.10/site-packages/sklearn/linear_model/_logistic.py:1296: FutureWarning: Using the 'liblinear' solver for multiclass classification is deprecated. An error will be raised in 1.8. Either use another solver which supports the multinomial loss or wrap the estimator in a OneVsRestClassifier to keep applying a one-versus-rest scheme.
  warnings.warn(
/data2/hy/.local/lib/python3.10/site-packages/sklearn/linear_model/_logistic.py:1296: FutureWarning: Using the 'liblinear' solver for multiclass classification is deprecated. An error will be raised in 1.8. Either use another solver which supports the multinomial loss or wrap the estimator in a OneVsRestClassifier to keep applying a one-versus-rest scheme.
  warnings.warn(
/data2/hy/.local/lib/python3.10/site-packages/sklearn/linear_model/_logistic.py:1296: FutureWarning: Using the 'liblinear' solver for multiclass classification is deprecated. An error will be raised in 1.8. Either use another solver which supports the multinomial loss or wrap the estimator in a OneVsRestClassifier to keep applying a one-versus-rest scheme.
  warnings.warn(
/data2/hy/.local/lib/python3.10/site-packages/sklearn/linear_model/_logistic.py:1296: FutureWarning: Using the 'liblinear' solver for multiclass classification is deprecated. An error will be raised in 1.8. Either use another solver which supports the multinomial loss or wrap the estimator in a OneVsRestClassifier to keep applying a one-versus-rest scheme.
  warnings.warn(
/data2/hy/.local/lib/python3.10/site-packages/sklearn/linear_model/_logistic.py:1296: FutureWarning: Using the 'liblinear' solver for multiclass classification is deprecated. An error will be raised in 1.8. Either use another solver which supports the multinomial loss or wrap the estimator in a OneVsRestClassifier to keep applying a one-versus-rest scheme.
  warnings.warn(
/data2/hy/.local/lib/python3.10/site-packages/sklearn/linear_model/_logistic.py:1296: FutureWarning: Using the 'liblinear' solver for multiclass classification is deprecated. An error will be raised in 1.8. Either use another solver which supports the multinomial loss or wrap the estimator in a OneVsRestClassifier to keep applying a one-versus-rest scheme.
  warnings.warn(
/data2/hy/.local/lib/python3.10/site-packages/sklearn/linear_model/_logistic.py:1296: FutureWarning: Using the 'liblinear' solver for multiclass classification is deprecated. An error will be raised in 1.8. Either use another solver which supports the multinomial loss or wrap the estimator in a OneVsRestClassifier to keep applying a one-versus-rest scheme.
  warnings.warn(
/data2/hy/.local/lib/python3.10/site-packages/sklearn/linear_model/_logistic.py:1296: FutureWarning: Using the 'liblinear' solver for multiclass classification is deprecated. An error will be raised in 1.8. Either use another solver which supports the multinomial loss or wrap the estimator in a OneVsRestClassifier to keep applying a one-versus-rest scheme.
  warnings.warn(
/data2/hy/.local/lib/python3.10/site-packages/sklearn/linear_model/_logistic.py:1296: FutureWarning: Using the 'liblinear' solver for multiclass classification is deprecated. An error will be raised in 1.8. Either use another solver which supports the multinomial loss or wrap the estimator in a OneVsRestClassifier to keep applying a one-versus-rest scheme.
  warnings.warn(
/data2/hy/.local/lib/python3.10/site-packages/sklearn/linear_model/_logistic.py:1296: FutureWarning: Using the 'liblinear' solver for multiclass classification is deprecated. An error will be raised in 1.8. Either use another solver which supports the multinomial loss or wrap the estimator in a OneVsRestClassifier to keep applying a one-versus-rest scheme.
  warnings.warn(
/data2/hy/.local/lib/python3.10/site-packages/sklearn/linear_model/_logistic.py:1296: FutureWarning: Using the 'liblinear' solver for multiclass classification is deprecated. An error will be raised in 1.8. Either use another solver which supports the multinomial loss or wrap the estimator in a OneVsRestClassifier to keep applying a one-versus-rest scheme.
  warnings.warn(
/data2/hy/.local/lib/python3.10/site-packages/sklearn/linear_model/_logistic.py:1296: FutureWarning: Using the 'liblinear' solver for multiclass classification is deprecated. An error will be raised in 1.8. Either use another solver which supports the multinomial loss or wrap the estimator in a OneVsRestClassifier to keep applying a one-versus-rest scheme.
  warnings.warn(
/data2/hy/.local/lib/python3.10/site-packages/sklearn/linear_model/_logistic.py:1296: FutureWarning: Using the 'liblinear' solver for multiclass classification is deprecated. An error will be raised in 1.8. Either use another solver which supports the multinomial loss or wrap the estimator in a OneVsRestClassifier to keep applying a one-versus-rest scheme.
  warnings.warn(
/data2/hy/.local/lib/python3.10/site-packages/sklearn/linear_model/_logistic.py:1296: FutureWarning: Using the 'liblinear' solver for multiclass classification is deprecated. An error will be raised in 1.8. Either use another solver which supports the multinomial loss or wrap the estimator in a OneVsRestClassifier to keep applying a one-versus-rest scheme.
  warnings.warn(
/data2/hy/.local/lib/python3.10/site-packages/sklearn/linear_model/_logistic.py:1296: FutureWarning: Using the 'liblinear' solver for multiclass classification is deprecated. An error will be raised in 1.8. Either use another solver which supports the multinomial loss or wrap the estimator in a OneVsRestClassifier to keep applying a one-versus-rest scheme.
  warnings.warn(
/data2/hy/.local/lib/python3.10/site-packages/sklearn/linear_model/_logistic.py:1296: FutureWarning: Using the 'liblinear' solver for multiclass classification is deprecated. An error will be raised in 1.8. Either use another solver which supports the multinomial loss or wrap the estimator in a OneVsRestClassifier to keep applying a one-versus-rest scheme.
  warnings.warn(
/data2/hy/.local/lib/python3.10/site-packages/sklearn/linear_model/_logistic.py:1296: FutureWarning: Using the 'liblinear' solver for multiclass classification is deprecated. An error will be raised in 1.8. Either use another solver which supports the multinomial loss or wrap the estimator in a OneVsRestClassifier to keep applying a one-versus-rest scheme.
  warnings.warn(
/data2/hy/.local/lib/python3.10/site-packages/sklearn/linear_model/_logistic.py:1296: FutureWarning: Using the 'liblinear' solver for multiclass classification is deprecated. An error will be raised in 1.8. Either use another solver which supports the multinomial loss or wrap the estimator in a OneVsRestClassifier to keep applying a one-versus-rest scheme.
  warnings.warn(
/data2/hy/.local/lib/python3.10/site-packages/sklearn/linear_model/_logistic.py:1296: FutureWarning: Using the 'liblinear' solver for multiclass classification is deprecated. An error will be raised in 1.8. Either use another solver which supports the multinomial loss or wrap the estimator in a OneVsRestClassifier to keep applying a one-versus-rest scheme.
  warnings.warn(
/data2/hy/.local/lib/python3.10/site-packages/sklearn/linear_model/_logistic.py:1296: FutureWarning: Using the 'liblinear' solver for multiclass classification is deprecated. An error will be raised in 1.8. Either use another solver which supports the multinomial loss or wrap the estimator in a OneVsRestClassifier to keep applying a one-versus-rest scheme.
  warnings.warn(
/data2/hy/.local/lib/python3.10/site-packages/sklearn/linear_model/_logistic.py:1296: FutureWarning: Using the 'liblinear' solver for multiclass classification is deprecated. An error will be raised in 1.8. Either use another solver which supports the multinomial loss or wrap the estimator in a OneVsRestClassifier to keep applying a one-versus-rest scheme.
  warnings.warn(
/data2/hy/.local/lib/python3.10/site-packages/sklearn/linear_model/_logistic.py:1296: FutureWarning: Using the 'liblinear' solver for multiclass classification is deprecated. An error will be raised in 1.8. Either use another solver which supports the multinomial loss or wrap the estimator in a OneVsRestClassifier to keep applying a one-versus-rest scheme.
  warnings.warn(
/data2/hy/.local/lib/python3.10/site-packages/sklearn/linear_model/_logistic.py:1296: FutureWarning: Using the 'liblinear' solver for multiclass classification is deprecated. An error will be raised in 1.8. Either use another solver which supports the multinomial loss or wrap the estimator in a OneVsRestClassifier to keep applying a one-versus-rest scheme.
  warnings.warn(
/data2/hy/.local/lib/python3.10/site-packages/sklearn/linear_model/_logistic.py:1296: FutureWarning: Using the 'liblinear' solver for multiclass classification is deprecated. An error will be raised in 1.8. Either use another solver which supports the multinomial loss or wrap the estimator in a OneVsRestClassifier to keep applying a one-versus-rest scheme.
  warnings.warn(
/data2/hy/.local/lib/python3.10/site-packages/sklearn/linear_model/_logistic.py:1296: FutureWarning: Using the 'liblinear' solver for multiclass classification is deprecated. An error will be raised in 1.8. Either use another solver which supports the multinomial loss or wrap the estimator in a OneVsRestClassifier to keep applying a one-versus-rest scheme.
  warnings.warn(
/data2/hy/.local/lib/python3.10/site-packages/sklearn/linear_model/_logistic.py:1296: FutureWarning: Using the 'liblinear' solver for multiclass classification is deprecated. An error will be raised in 1.8. Either use another solver which supports the multinomial loss or wrap the estimator in a OneVsRestClassifier to keep applying a one-versus-rest scheme.
  warnings.warn(
/data2/hy/.local/lib/python3.10/site-packages/sklearn/linear_model/_logistic.py:1296: FutureWarning: Using the 'liblinear' solver for multiclass classification is deprecated. An error will be raised in 1.8. Either use another solver which supports the multinomial loss or wrap the estimator in a OneVsRestClassifier to keep applying a one-versus-rest scheme.
  warnings.warn(
/data2/hy/.local/lib/python3.10/site-packages/sklearn/linear_model/_logistic.py:1296: FutureWarning: Using the 'liblinear' solver for multiclass classification is deprecated. An error will be raised in 1.8. Either use another solver which supports the multinomial loss or wrap the estimator in a OneVsRestClassifier to keep applying a one-versus-rest scheme.
  warnings.warn(
/data2/hy/.local/lib/python3.10/site-packages/sklearn/linear_model/_logistic.py:1296: FutureWarning: Using the 'liblinear' solver for multiclass classification is deprecated. An error will be raised in 1.8. Either use another solver which supports the multinomial loss or wrap the estimator in a OneVsRestClassifier to keep applying a one-versus-rest scheme.
  warnings.warn(
/data2/hy/.local/lib/python3.10/site-packages/sklearn/linear_model/_logistic.py:1296: FutureWarning: Using the 'liblinear' solver for multiclass classification is deprecated. An error will be raised in 1.8. Either use another solver which supports the multinomial loss or wrap the estimator in a OneVsRestClassifier to keep applying a one-versus-rest scheme.
  warnings.warn(
/data2/hy/.local/lib/python3.10/site-packages/sklearn/linear_model/_logistic.py:1296: FutureWarning: Using the 'liblinear' solver for multiclass classification is deprecated. An error will be raised in 1.8. Either use another solver which supports the multinomial loss or wrap the estimator in a OneVsRestClassifier to keep applying a one-versus-rest scheme.
  warnings.warn(
/data2/hy/.local/lib/python3.10/site-packages/sklearn/linear_model/_logistic.py:1296: FutureWarning: Using the 'liblinear' solver for multiclass classification is deprecated. An error will be raised in 1.8. Either use another solver which supports the multinomial loss or wrap the estimator in a OneVsRestClassifier to keep applying a one-versus-rest scheme.
  warnings.warn(
/data2/hy/.local/lib/python3.10/site-packages/sklearn/linear_model/_logistic.py:1296: FutureWarning: Using the 'liblinear' solver for multiclass classification is deprecated. An error will be raised in 1.8. Either use another solver which supports the multinomial loss or wrap the estimator in a OneVsRestClassifier to keep applying a one-versus-rest scheme.
  warnings.warn(
/data2/hy/.local/lib/python3.10/site-packages/sklearn/linear_model/_logistic.py:1296: FutureWarning: Using the 'liblinear' solver for multiclass classification is deprecated. An error will be raised in 1.8. Either use another solver which supports the multinomial loss or wrap the estimator in a OneVsRestClassifier to keep applying a one-versus-rest scheme.
  warnings.warn(
/data2/hy/.local/lib/python3.10/site-packages/sklearn/linear_model/_logistic.py:1296: FutureWarning: Using the 'liblinear' solver for multiclass classification is deprecated. An error will be raised in 1.8. Either use another solver which supports the multinomial loss or wrap the estimator in a OneVsRestClassifier to keep applying a one-versus-rest scheme.
  warnings.warn(
/data2/hy/.local/lib/python3.10/site-packages/sklearn/linear_model/_logistic.py:1296: FutureWarning: Using the 'liblinear' solver for multiclass classification is deprecated. An error will be raised in 1.8. Either use another solver which supports the multinomial loss or wrap the estimator in a OneVsRestClassifier to keep applying a one-versus-rest scheme.
  warnings.warn(
/data2/hy/.local/lib/python3.10/site-packages/sklearn/linear_model/_logistic.py:1296: FutureWarning: Using the 'liblinear' solver for multiclass classification is deprecated. An error will be raised in 1.8. Either use another solver which supports the multinomial loss or wrap the estimator in a OneVsRestClassifier to keep applying a one-versus-rest scheme.
  warnings.warn(
/data2/hy/.local/lib/python3.10/site-packages/sklearn/linear_model/_logistic.py:1296: FutureWarning: Using the 'liblinear' solver for multiclass classification is deprecated. An error will be raised in 1.8. Either use another solver which supports the multinomial loss or wrap the estimator in a OneVsRestClassifier to keep applying a one-versus-rest scheme.
  warnings.warn(
/data2/hy/.local/lib/python3.10/site-packages/sklearn/linear_model/_logistic.py:1296: FutureWarning: Using the 'liblinear' solver for multiclass classification is deprecated. An error will be raised in 1.8. Either use another solver which supports the multinomial loss or wrap the estimator in a OneVsRestClassifier to keep applying a one-versus-rest scheme.
  warnings.warn(
/data2/hy/.local/lib/python3.10/site-packages/sklearn/linear_model/_logistic.py:1296: FutureWarning: Using the 'liblinear' solver for multiclass classification is deprecated. An error will be raised in 1.8. Either use another solver which supports the multinomial loss or wrap the estimator in a OneVsRestClassifier to keep applying a one-versus-rest scheme.
  warnings.warn(
/data2/hy/.local/lib/python3.10/site-packages/sklearn/linear_model/_logistic.py:1296: FutureWarning: Using the 'liblinear' solver for multiclass classification is deprecated. An error will be raised in 1.8. Either use another solver which supports the multinomial loss or wrap the estimator in a OneVsRestClassifier to keep applying a one-versus-rest scheme.
  warnings.warn(
/data2/hy/.local/lib/python3.10/site-packages/sklearn/linear_model/_logistic.py:1296: FutureWarning: Using the 'liblinear' solver for multiclass classification is deprecated. An error will be raised in 1.8. Either use another solver which supports the multinomial loss or wrap the estimator in a OneVsRestClassifier to keep applying a one-versus-rest scheme.
  warnings.warn(
/data2/hy/.local/lib/python3.10/site-packages/sklearn/linear_model/_logistic.py:1296: FutureWarning: Using the 'liblinear' solver for multiclass classification is deprecated. An error will be raised in 1.8. Either use another solver which supports the multinomial loss or wrap the estimator in a OneVsRestClassifier to keep applying a one-versus-rest scheme.
  warnings.warn(
/data2/hy/.local/lib/python3.10/site-packages/sklearn/linear_model/_logistic.py:1296: FutureWarning: Using the 'liblinear' solver for multiclass classification is deprecated. An error will be raised in 1.8. Either use another solver which supports the multinomial loss or wrap the estimator in a OneVsRestClassifier to keep applying a one-versus-rest scheme.
  warnings.warn(
/data2/hy/.local/lib/python3.10/site-packages/sklearn/linear_model/_logistic.py:1296: FutureWarning: Using the 'liblinear' solver for multiclass classification is deprecated. An error will be raised in 1.8. Either use another solver which supports the multinomial loss or wrap the estimator in a OneVsRestClassifier to keep applying a one-versus-rest scheme.
  warnings.warn(
/data2/hy/.local/lib/python3.10/site-packages/sklearn/linear_model/_logistic.py:1296: FutureWarning: Using the 'liblinear' solver for multiclass classification is deprecated. An error will be raised in 1.8. Either use another solver which supports the multinomial loss or wrap the estimator in a OneVsRestClassifier to keep applying a one-versus-rest scheme.
  warnings.warn(
/data2/hy/.local/lib/python3.10/site-packages/sklearn/linear_model/_logistic.py:1296: FutureWarning: Using the 'liblinear' solver for multiclass classification is deprecated. An error will be raised in 1.8. Either use another solver which supports the multinomial loss or wrap the estimator in a OneVsRestClassifier to keep applying a one-versus-rest scheme.
  warnings.warn(
/data2/hy/.local/lib/python3.10/site-packages/sklearn/linear_model/_logistic.py:1296: FutureWarning: Using the 'liblinear' solver for multiclass classification is deprecated. An error will be raised in 1.8. Either use another solver which supports the multinomial loss or wrap the estimator in a OneVsRestClassifier to keep applying a one-versus-rest scheme.
  warnings.warn(
/data2/hy/.local/lib/python3.10/site-packages/sklearn/linear_model/_logistic.py:1296: FutureWarning: Using the 'liblinear' solver for multiclass classification is deprecated. An error will be raised in 1.8. Either use another solver which supports the multinomial loss or wrap the estimator in a OneVsRestClassifier to keep applying a one-versus-rest scheme.
  warnings.warn(
/data2/hy/.local/lib/python3.10/site-packages/sklearn/linear_model/_logistic.py:1296: FutureWarning: Using the 'liblinear' solver for multiclass classification is deprecated. An error will be raised in 1.8. Either use another solver which supports the multinomial loss or wrap the estimator in a OneVsRestClassifier to keep applying a one-versus-rest scheme.
  warnings.warn(
/data2/hy/.local/lib/python3.10/site-packages/sklearn/linear_model/_logistic.py:1296: FutureWarning: Using the 'liblinear' solver for multiclass classification is deprecated. An error will be raised in 1.8. Either use another solver which supports the multinomial loss or wrap the estimator in a OneVsRestClassifier to keep applying a one-versus-rest scheme.
  warnings.warn(
/data2/hy/.local/lib/python3.10/site-packages/sklearn/linear_model/_logistic.py:1296: FutureWarning: Using the 'liblinear' solver for multiclass classification is deprecated. An error will be raised in 1.8. Either use another solver which supports the multinomial loss or wrap the estimator in a OneVsRestClassifier to keep applying a one-versus-rest scheme.
  warnings.warn(
/data2/hy/.local/lib/python3.10/site-packages/sklearn/linear_model/_logistic.py:1296: FutureWarning: Using the 'liblinear' solver for multiclass classification is deprecated. An error will be raised in 1.8. Either use another solver which supports the multinomial loss or wrap the estimator in a OneVsRestClassifier to keep applying a one-versus-rest scheme.
  warnings.warn(
/data2/hy/.local/lib/python3.10/site-packages/sklearn/linear_model/_logistic.py:1296: FutureWarning: Using the 'liblinear' solver for multiclass classification is deprecated. An error will be raised in 1.8. Either use another solver which supports the multinomial loss or wrap the estimator in a OneVsRestClassifier to keep applying a one-versus-rest scheme.
  warnings.warn(
/data2/hy/.local/lib/python3.10/site-packages/sklearn/linear_model/_logistic.py:1296: FutureWarning: Using the 'liblinear' solver for multiclass classification is deprecated. An error will be raised in 1.8. Either use another solver which supports the multinomial loss or wrap the estimator in a OneVsRestClassifier to keep applying a one-versus-rest scheme.
  warnings.warn(
/data2/hy/.local/lib/python3.10/site-packages/sklearn/linear_model/_logistic.py:1296: FutureWarning: Using the 'liblinear' solver for multiclass classification is deprecated. An error will be raised in 1.8. Either use another solver which supports the multinomial loss or wrap the estimator in a OneVsRestClassifier to keep applying a one-versus-rest scheme.
  warnings.warn(
/data2/hy/.local/lib/python3.10/site-packages/sklearn/linear_model/_logistic.py:1296: FutureWarning: Using the 'liblinear' solver for multiclass classification is deprecated. An error will be raised in 1.8. Either use another solver which supports the multinomial loss or wrap the estimator in a OneVsRestClassifier to keep applying a one-versus-rest scheme.
  warnings.warn(
/data2/hy/.local/lib/python3.10/site-packages/sklearn/linear_model/_logistic.py:1296: FutureWarning: Using the 'liblinear' solver for multiclass classification is deprecated. An error will be raised in 1.8. Either use another solver which supports the multinomial loss or wrap the estimator in a OneVsRestClassifier to keep applying a one-versus-rest scheme.
  warnings.warn(
/data2/hy/.local/lib/python3.10/site-packages/sklearn/linear_model/_logistic.py:1296: FutureWarning: Using the 'liblinear' solver for multiclass classification is deprecated. An error will be raised in 1.8. Either use another solver which supports the multinomial loss or wrap the estimator in a OneVsRestClassifier to keep applying a one-versus-rest scheme.
  warnings.warn(
/data2/hy/.local/lib/python3.10/site-packages/sklearn/linear_model/_logistic.py:1296: FutureWarning: Using the 'liblinear' solver for multiclass classification is deprecated. An error will be raised in 1.8. Either use another solver which supports the multinomial loss or wrap the estimator in a OneVsRestClassifier to keep applying a one-versus-rest scheme.
  warnings.warn(
/data2/hy/.local/lib/python3.10/site-packages/sklearn/linear_model/_logistic.py:1296: FutureWarning: Using the 'liblinear' solver for multiclass classification is deprecated. An error will be raised in 1.8. Either use another solver which supports the multinomial loss or wrap the estimator in a OneVsRestClassifier to keep applying a one-versus-rest scheme.
  warnings.warn(
/data2/hy/.local/lib/python3.10/site-packages/sklearn/linear_model/_logistic.py:1296: FutureWarning: Using the 'liblinear' solver for multiclass classification is deprecated. An error will be raised in 1.8. Either use another solver which supports the multinomial loss or wrap the estimator in a OneVsRestClassifier to keep applying a one-versus-rest scheme.
  warnings.warn(
/data2/hy/.local/lib/python3.10/site-packages/sklearn/linear_model/_logistic.py:1296: FutureWarning: Using the 'liblinear' solver for multiclass classification is deprecated. An error will be raised in 1.8. Either use another solver which supports the multinomial loss or wrap the estimator in a OneVsRestClassifier to keep applying a one-versus-rest scheme.
  warnings.warn(
/data2/hy/.local/lib/python3.10/site-packages/sklearn/linear_model/_logistic.py:1296: FutureWarning: Using the 'liblinear' solver for multiclass classification is deprecated. An error will be raised in 1.8. Either use another solver which supports the multinomial loss or wrap the estimator in a OneVsRestClassifier to keep applying a one-versus-rest scheme.
  warnings.warn(
/data2/hy/.local/lib/python3.10/site-packages/sklearn/linear_model/_logistic.py:1296: FutureWarning: Using the 'liblinear' solver for multiclass classification is deprecated. An error will be raised in 1.8. Either use another solver which supports the multinomial loss or wrap the estimator in a OneVsRestClassifier to keep applying a one-versus-rest scheme.
  warnings.warn(
/data2/hy/.local/lib/python3.10/site-packages/sklearn/linear_model/_logistic.py:1296: FutureWarning: Using the 'liblinear' solver for multiclass classification is deprecated. An error will be raised in 1.8. Either use another solver which supports the multinomial loss or wrap the estimator in a OneVsRestClassifier to keep applying a one-versus-rest scheme.
  warnings.warn(
/data2/hy/.local/lib/python3.10/site-packages/sklearn/linear_model/_logistic.py:1296: FutureWarning: Using the 'liblinear' solver for multiclass classification is deprecated. An error will be raised in 1.8. Either use another solver which supports the multinomial loss or wrap the estimator in a OneVsRestClassifier to keep applying a one-versus-rest scheme.
  warnings.warn(
/data2/hy/.local/lib/python3.10/site-packages/sklearn/linear_model/_logistic.py:1296: FutureWarning: Using the 'liblinear' solver for multiclass classification is deprecated. An error will be raised in 1.8. Either use another solver which supports the multinomial loss or wrap the estimator in a OneVsRestClassifier to keep applying a one-versus-rest scheme.
  warnings.warn(
/data2/hy/.local/lib/python3.10/site-packages/sklearn/linear_model/_logistic.py:1296: FutureWarning: Using the 'liblinear' solver for multiclass classification is deprecated. An error will be raised in 1.8. Either use another solver which supports the multinomial loss or wrap the estimator in a OneVsRestClassifier to keep applying a one-versus-rest scheme.
  warnings.warn(
/data2/hy/.local/lib/python3.10/site-packages/sklearn/linear_model/_logistic.py:1296: FutureWarning: Using the 'liblinear' solver for multiclass classification is deprecated. An error will be raised in 1.8. Either use another solver which supports the multinomial loss or wrap the estimator in a OneVsRestClassifier to keep applying a one-versus-rest scheme.
  warnings.warn(
/data2/hy/.local/lib/python3.10/site-packages/sklearn/linear_model/_logistic.py:1296: FutureWarning: Using the 'liblinear' solver for multiclass classification is deprecated. An error will be raised in 1.8. Either use another solver which supports the multinomial loss or wrap the estimator in a OneVsRestClassifier to keep applying a one-versus-rest scheme.
  warnings.warn(
/data2/hy/.local/lib/python3.10/site-packages/sklearn/linear_model/_logistic.py:1296: FutureWarning: Using the 'liblinear' solver for multiclass classification is deprecated. An error will be raised in 1.8. Either use another solver which supports the multinomial loss or wrap the estimator in a OneVsRestClassifier to keep applying a one-versus-rest scheme.
  warnings.warn(
/data2/hy/.local/lib/python3.10/site-packages/sklearn/linear_model/_logistic.py:1296: FutureWarning: Using the 'liblinear' solver for multiclass classification is deprecated. An error will be raised in 1.8. Either use another solver which supports the multinomial loss or wrap the estimator in a OneVsRestClassifier to keep applying a one-versus-rest scheme.
  warnings.warn(
/data2/hy/.local/lib/python3.10/site-packages/sklearn/linear_model/_logistic.py:1296: FutureWarning: Using the 'liblinear' solver for multiclass classification is deprecated. An error will be raised in 1.8. Either use another solver which supports the multinomial loss or wrap the estimator in a OneVsRestClassifier to keep applying a one-versus-rest scheme.
  warnings.warn(
/data2/hy/.local/lib/python3.10/site-packages/sklearn/linear_model/_logistic.py:1296: FutureWarning: Using the 'liblinear' solver for multiclass classification is deprecated. An error will be raised in 1.8. Either use another solver which supports the multinomial loss or wrap the estimator in a OneVsRestClassifier to keep applying a one-versus-rest scheme.
  warnings.warn(
/data2/hy/.local/lib/python3.10/site-packages/sklearn/linear_model/_logistic.py:1296: FutureWarning: Using the 'liblinear' solver for multiclass classification is deprecated. An error will be raised in 1.8. Either use another solver which supports the multinomial loss or wrap the estimator in a OneVsRestClassifier to keep applying a one-versus-rest scheme.
  warnings.warn(
/data2/hy/.local/lib/python3.10/site-packages/sklearn/linear_model/_logistic.py:1296: FutureWarning: Using the 'liblinear' solver for multiclass classification is deprecated. An error will be raised in 1.8. Either use another solver which supports the multinomial loss or wrap the estimator in a OneVsRestClassifier to keep applying a one-versus-rest scheme.
  warnings.warn(
/data2/hy/.local/lib/python3.10/site-packages/sklearn/linear_model/_logistic.py:1296: FutureWarning: Using the 'liblinear' solver for multiclass classification is deprecated. An error will be raised in 1.8. Either use another solver which supports the multinomial loss or wrap the estimator in a OneVsRestClassifier to keep applying a one-versus-rest scheme.
  warnings.warn(
/data2/hy/.local/lib/python3.10/site-packages/sklearn/linear_model/_logistic.py:1296: FutureWarning: Using the 'liblinear' solver for multiclass classification is deprecated. An error will be raised in 1.8. Either use another solver which supports the multinomial loss or wrap the estimator in a OneVsRestClassifier to keep applying a one-versus-rest scheme.
  warnings.warn(
/data2/hy/.local/lib/python3.10/site-packages/sklearn/linear_model/_logistic.py:1296: FutureWarning: Using the 'liblinear' solver for multiclass classification is deprecated. An error will be raised in 1.8. Either use another solver which supports the multinomial loss or wrap the estimator in a OneVsRestClassifier to keep applying a one-versus-rest scheme.
  warnings.warn(
/data2/hy/.local/lib/python3.10/site-packages/sklearn/linear_model/_logistic.py:1296: FutureWarning: Using the 'liblinear' solver for multiclass classification is deprecated. An error will be raised in 1.8. Either use another solver which supports the multinomial loss or wrap the estimator in a OneVsRestClassifier to keep applying a one-versus-rest scheme.
  warnings.warn(
/data2/hy/.local/lib/python3.10/site-packages/sklearn/linear_model/_logistic.py:1296: FutureWarning: Using the 'liblinear' solver for multiclass classification is deprecated. An error will be raised in 1.8. Either use another solver which supports the multinomial loss or wrap the estimator in a OneVsRestClassifier to keep applying a one-versus-rest scheme.
  warnings.warn(
/data2/hy/.local/lib/python3.10/site-packages/sklearn/linear_model/_logistic.py:1296: FutureWarning: Using the 'liblinear' solver for multiclass classification is deprecated. An error will be raised in 1.8. Either use another solver which supports the multinomial loss or wrap the estimator in a OneVsRestClassifier to keep applying a one-versus-rest scheme.
  warnings.warn(
/data2/hy/.local/lib/python3.10/site-packages/sklearn/linear_model/_logistic.py:1296: FutureWarning: Using the 'liblinear' solver for multiclass classification is deprecated. An error will be raised in 1.8. Either use another solver which supports the multinomial loss or wrap the estimator in a OneVsRestClassifier to keep applying a one-versus-rest scheme.
  warnings.warn(
/data2/hy/.local/lib/python3.10/site-packages/sklearn/linear_model/_logistic.py:1296: FutureWarning: Using the 'liblinear' solver for multiclass classification is deprecated. An error will be raised in 1.8. Either use another solver which supports the multinomial loss or wrap the estimator in a OneVsRestClassifier to keep applying a one-versus-rest scheme.
  warnings.warn(
/data2/hy/.local/lib/python3.10/site-packages/sklearn/linear_model/_logistic.py:1296: FutureWarning: Using the 'liblinear' solver for multiclass classification is deprecated. An error will be raised in 1.8. Either use another solver which supports the multinomial loss or wrap the estimator in a OneVsRestClassifier to keep applying a one-versus-rest scheme.
  warnings.warn(
/data2/hy/.local/lib/python3.10/site-packages/sklearn/linear_model/_logistic.py:1296: FutureWarning: Using the 'liblinear' solver for multiclass classification is deprecated. An error will be raised in 1.8. Either use another solver which supports the multinomial loss or wrap the estimator in a OneVsRestClassifier to keep applying a one-versus-rest scheme.
  warnings.warn(
/data2/hy/.local/lib/python3.10/site-packages/sklearn/linear_model/_logistic.py:1296: FutureWarning: Using the 'liblinear' solver for multiclass classification is deprecated. An error will be raised in 1.8. Either use another solver which supports the multinomial loss or wrap the estimator in a OneVsRestClassifier to keep applying a one-versus-rest scheme.
  warnings.warn(
/data2/hy/.local/lib/python3.10/site-packages/sklearn/linear_model/_logistic.py:1296: FutureWarning: Using the 'liblinear' solver for multiclass classification is deprecated. An error will be raised in 1.8. Either use another solver which supports the multinomial loss or wrap the estimator in a OneVsRestClassifier to keep applying a one-versus-rest scheme.
  warnings.warn(
/data2/hy/.local/lib/python3.10/site-packages/sklearn/linear_model/_logistic.py:1296: FutureWarning: Using the 'liblinear' solver for multiclass classification is deprecated. An error will be raised in 1.8. Either use another solver which supports the multinomial loss or wrap the estimator in a OneVsRestClassifier to keep applying a one-versus-rest scheme.
  warnings.warn(
/data2/hy/.local/lib/python3.10/site-packages/sklearn/linear_model/_logistic.py:1296: FutureWarning: Using the 'liblinear' solver for multiclass classification is deprecated. An error will be raised in 1.8. Either use another solver which supports the multinomial loss or wrap the estimator in a OneVsRestClassifier to keep applying a one-versus-rest scheme.
  warnings.warn(
/data2/hy/.local/lib/python3.10/site-packages/sklearn/linear_model/_logistic.py:1296: FutureWarning: Using the 'liblinear' solver for multiclass classification is deprecated. An error will be raised in 1.8. Either use another solver which supports the multinomial loss or wrap the estimator in a OneVsRestClassifier to keep applying a one-versus-rest scheme.
  warnings.warn(
/data2/hy/.local/lib/python3.10/site-packages/sklearn/linear_model/_logistic.py:1296: FutureWarning: Using the 'liblinear' solver for multiclass classification is deprecated. An error will be raised in 1.8. Either use another solver which supports the multinomial loss or wrap the estimator in a OneVsRestClassifier to keep applying a one-versus-rest scheme.
  warnings.warn(
/data2/hy/.local/lib/python3.10/site-packages/sklearn/linear_model/_logistic.py:1296: FutureWarning: Using the 'liblinear' solver for multiclass classification is deprecated. An error will be raised in 1.8. Either use another solver which supports the multinomial loss or wrap the estimator in a OneVsRestClassifier to keep applying a one-versus-rest scheme.
  warnings.warn(
/data2/hy/.local/lib/python3.10/site-packages/sklearn/linear_model/_logistic.py:1296: FutureWarning: Using the 'liblinear' solver for multiclass classification is deprecated. An error will be raised in 1.8. Either use another solver which supports the multinomial loss or wrap the estimator in a OneVsRestClassifier to keep applying a one-versus-rest scheme.
  warnings.warn(
/data2/hy/.local/lib/python3.10/site-packages/sklearn/linear_model/_logistic.py:1296: FutureWarning: Using the 'liblinear' solver for multiclass classification is deprecated. An error will be raised in 1.8. Either use another solver which supports the multinomial loss or wrap the estimator in a OneVsRestClassifier to keep applying a one-versus-rest scheme.
  warnings.warn(
/data2/hy/.local/lib/python3.10/site-packages/sklearn/linear_model/_logistic.py:1296: FutureWarning: Using the 'liblinear' solver for multiclass classification is deprecated. An error will be raised in 1.8. Either use another solver which supports the multinomial loss or wrap the estimator in a OneVsRestClassifier to keep applying a one-versus-rest scheme.
  warnings.warn(
/data2/hy/.local/lib/python3.10/site-packages/sklearn/linear_model/_logistic.py:1296: FutureWarning: Using the 'liblinear' solver for multiclass classification is deprecated. An error will be raised in 1.8. Either use another solver which supports the multinomial loss or wrap the estimator in a OneVsRestClassifier to keep applying a one-versus-rest scheme.
  warnings.warn(
/data2/hy/.local/lib/python3.10/site-packages/sklearn/linear_model/_logistic.py:1296: FutureWarning: Using the 'liblinear' solver for multiclass classification is deprecated. An error will be raised in 1.8. Either use another solver which supports the multinomial loss or wrap the estimator in a OneVsRestClassifier to keep applying a one-versus-rest scheme.
  warnings.warn(
/data2/hy/.local/lib/python3.10/site-packages/sklearn/linear_model/_logistic.py:1296: FutureWarning: Using the 'liblinear' solver for multiclass classification is deprecated. An error will be raised in 1.8. Either use another solver which supports the multinomial loss or wrap the estimator in a OneVsRestClassifier to keep applying a one-versus-rest scheme.
  warnings.warn(
/data2/hy/.local/lib/python3.10/site-packages/sklearn/linear_model/_logistic.py:1296: FutureWarning: Using the 'liblinear' solver for multiclass classification is deprecated. An error will be raised in 1.8. Either use another solver which supports the multinomial loss or wrap the estimator in a OneVsRestClassifier to keep applying a one-versus-rest scheme.
  warnings.warn(
/data2/hy/.local/lib/python3.10/site-packages/sklearn/linear_model/_logistic.py:1296: FutureWarning: Using the 'liblinear' solver for multiclass classification is deprecated. An error will be raised in 1.8. Either use another solver which supports the multinomial loss or wrap the estimator in a OneVsRestClassifier to keep applying a one-versus-rest scheme.
  warnings.warn(
/data2/hy/.local/lib/python3.10/site-packages/sklearn/linear_model/_logistic.py:1296: FutureWarning: Using the 'liblinear' solver for multiclass classification is deprecated. An error will be raised in 1.8. Either use another solver which supports the multinomial loss or wrap the estimator in a OneVsRestClassifier to keep applying a one-versus-rest scheme.
  warnings.warn(
/data2/hy/.local/lib/python3.10/site-packages/sklearn/linear_model/_logistic.py:1296: FutureWarning: Using the 'liblinear' solver for multiclass classification is deprecated. An error will be raised in 1.8. Either use another solver which supports the multinomial loss or wrap the estimator in a OneVsRestClassifier to keep applying a one-versus-rest scheme.
  warnings.warn(
/data2/hy/.local/lib/python3.10/site-packages/sklearn/linear_model/_logistic.py:1296: FutureWarning: Using the 'liblinear' solver for multiclass classification is deprecated. An error will be raised in 1.8. Either use another solver which supports the multinomial loss or wrap the estimator in a OneVsRestClassifier to keep applying a one-versus-rest scheme.
  warnings.warn(
/data2/hy/.local/lib/python3.10/site-packages/sklearn/linear_model/_logistic.py:1296: FutureWarning: Using the 'liblinear' solver for multiclass classification is deprecated. An error will be raised in 1.8. Either use another solver which supports the multinomial loss or wrap the estimator in a OneVsRestClassifier to keep applying a one-versus-rest scheme.
  warnings.warn(
/data2/hy/.local/lib/python3.10/site-packages/sklearn/linear_model/_logistic.py:1296: FutureWarning: Using the 'liblinear' solver for multiclass classification is deprecated. An error will be raised in 1.8. Either use another solver which supports the multinomial loss or wrap the estimator in a OneVsRestClassifier to keep applying a one-versus-rest scheme.
  warnings.warn(
/data2/hy/.local/lib/python3.10/site-packages/sklearn/linear_model/_logistic.py:1296: FutureWarning: Using the 'liblinear' solver for multiclass classification is deprecated. An error will be raised in 1.8. Either use another solver which supports the multinomial loss or wrap the estimator in a OneVsRestClassifier to keep applying a one-versus-rest scheme.
  warnings.warn(
/data2/hy/.local/lib/python3.10/site-packages/sklearn/linear_model/_logistic.py:1296: FutureWarning: Using the 'liblinear' solver for multiclass classification is deprecated. An error will be raised in 1.8. Either use another solver which supports the multinomial loss or wrap the estimator in a OneVsRestClassifier to keep applying a one-versus-rest scheme.
  warnings.warn(
/data2/hy/.local/lib/python3.10/site-packages/sklearn/linear_model/_logistic.py:1296: FutureWarning: Using the 'liblinear' solver for multiclass classification is deprecated. An error will be raised in 1.8. Either use another solver which supports the multinomial loss or wrap the estimator in a OneVsRestClassifier to keep applying a one-versus-rest scheme.
  warnings.warn(
/data2/hy/.local/lib/python3.10/site-packages/sklearn/linear_model/_logistic.py:1296: FutureWarning: Using the 'liblinear' solver for multiclass classification is deprecated. An error will be raised in 1.8. Either use another solver which supports the multinomial loss or wrap the estimator in a OneVsRestClassifier to keep applying a one-versus-rest scheme.
  warnings.warn(
/data2/hy/.local/lib/python3.10/site-packages/sklearn/linear_model/_logistic.py:1296: FutureWarning: Using the 'liblinear' solver for multiclass classification is deprecated. An error will be raised in 1.8. Either use another solver which supports the multinomial loss or wrap the estimator in a OneVsRestClassifier to keep applying a one-versus-rest scheme.
  warnings.warn(
/data2/hy/.local/lib/python3.10/site-packages/sklearn/linear_model/_logistic.py:1296: FutureWarning: Using the 'liblinear' solver for multiclass classification is deprecated. An error will be raised in 1.8. Either use another solver which supports the multinomial loss or wrap the estimator in a OneVsRestClassifier to keep applying a one-versus-rest scheme.
  warnings.warn(
/data2/hy/.local/lib/python3.10/site-packages/sklearn/linear_model/_logistic.py:1296: FutureWarning: Using the 'liblinear' solver for multiclass classification is deprecated. An error will be raised in 1.8. Either use another solver which supports the multinomial loss or wrap the estimator in a OneVsRestClassifier to keep applying a one-versus-rest scheme.
  warnings.warn(
/data2/hy/.local/lib/python3.10/site-packages/sklearn/linear_model/_logistic.py:1296: FutureWarning: Using the 'liblinear' solver for multiclass classification is deprecated. An error will be raised in 1.8. Either use another solver which supports the multinomial loss or wrap the estimator in a OneVsRestClassifier to keep applying a one-versus-rest scheme.
  warnings.warn(
/data2/hy/.local/lib/python3.10/site-packages/sklearn/linear_model/_logistic.py:1296: FutureWarning: Using the 'liblinear' solver for multiclass classification is deprecated. An error will be raised in 1.8. Either use another solver which supports the multinomial loss or wrap the estimator in a OneVsRestClassifier to keep applying a one-versus-rest scheme.
  warnings.warn(
/data2/hy/.local/lib/python3.10/site-packages/sklearn/linear_model/_logistic.py:1296: FutureWarning: Using the 'liblinear' solver for multiclass classification is deprecated. An error will be raised in 1.8. Either use another solver which supports the multinomial loss or wrap the estimator in a OneVsRestClassifier to keep applying a one-versus-rest scheme.
  warnings.warn(
/data2/hy/.local/lib/python3.10/site-packages/sklearn/linear_model/_logistic.py:1296: FutureWarning: Using the 'liblinear' solver for multiclass classification is deprecated. An error will be raised in 1.8. Either use another solver which supports the multinomial loss or wrap the estimator in a OneVsRestClassifier to keep applying a one-versus-rest scheme.
  warnings.warn(
/data2/hy/.local/lib/python3.10/site-packages/sklearn/linear_model/_logistic.py:1296: FutureWarning: Using the 'liblinear' solver for multiclass classification is deprecated. An error will be raised in 1.8. Either use another solver which supports the multinomial loss or wrap the estimator in a OneVsRestClassifier to keep applying a one-versus-rest scheme.
  warnings.warn(
/data2/hy/.local/lib/python3.10/site-packages/sklearn/linear_model/_logistic.py:1296: FutureWarning: Using the 'liblinear' solver for multiclass classification is deprecated. An error will be raised in 1.8. Either use another solver which supports the multinomial loss or wrap the estimator in a OneVsRestClassifier to keep applying a one-versus-rest scheme.
  warnings.warn(
/data2/hy/.local/lib/python3.10/site-packages/sklearn/linear_model/_logistic.py:1296: FutureWarning: Using the 'liblinear' solver for multiclass classification is deprecated. An error will be raised in 1.8. Either use another solver which supports the multinomial loss or wrap the estimator in a OneVsRestClassifier to keep applying a one-versus-rest scheme.
  warnings.warn(
/data2/hy/.local/lib/python3.10/site-packages/sklearn/linear_model/_logistic.py:1296: FutureWarning: Using the 'liblinear' solver for multiclass classification is deprecated. An error will be raised in 1.8. Either use another solver which supports the multinomial loss or wrap the estimator in a OneVsRestClassifier to keep applying a one-versus-rest scheme.
  warnings.warn(
/data2/hy/.local/lib/python3.10/site-packages/sklearn/linear_model/_logistic.py:1296: FutureWarning: Using the 'liblinear' solver for multiclass classification is deprecated. An error will be raised in 1.8. Either use another solver which supports the multinomial loss or wrap the estimator in a OneVsRestClassifier to keep applying a one-versus-rest scheme.
  warnings.warn(
/data2/hy/.local/lib/python3.10/site-packages/sklearn/linear_model/_logistic.py:1296: FutureWarning: Using the 'liblinear' solver for multiclass classification is deprecated. An error will be raised in 1.8. Either use another solver which supports the multinomial loss or wrap the estimator in a OneVsRestClassifier to keep applying a one-versus-rest scheme.
  warnings.warn(
/data2/hy/.local/lib/python3.10/site-packages/sklearn/linear_model/_logistic.py:1296: FutureWarning: Using the 'liblinear' solver for multiclass classification is deprecated. An error will be raised in 1.8. Either use another solver which supports the multinomial loss or wrap the estimator in a OneVsRestClassifier to keep applying a one-versus-rest scheme.
  warnings.warn(
/data2/hy/.local/lib/python3.10/site-packages/sklearn/linear_model/_logistic.py:1296: FutureWarning: Using the 'liblinear' solver for multiclass classification is deprecated. An error will be raised in 1.8. Either use another solver which supports the multinomial loss or wrap the estimator in a OneVsRestClassifier to keep applying a one-versus-rest scheme.
  warnings.warn(
/data2/hy/.local/lib/python3.10/site-packages/sklearn/linear_model/_logistic.py:1296: FutureWarning: Using the 'liblinear' solver for multiclass classification is deprecated. An error will be raised in 1.8. Either use another solver which supports the multinomial loss or wrap the estimator in a OneVsRestClassifier to keep applying a one-versus-rest scheme.
  warnings.warn(
/data2/hy/.local/lib/python3.10/site-packages/sklearn/linear_model/_logistic.py:1296: FutureWarning: Using the 'liblinear' solver for multiclass classification is deprecated. An error will be raised in 1.8. Either use another solver which supports the multinomial loss or wrap the estimator in a OneVsRestClassifier to keep applying a one-versus-rest scheme.
  warnings.warn(
/data2/hy/.local/lib/python3.10/site-packages/sklearn/linear_model/_logistic.py:1296: FutureWarning: Using the 'liblinear' solver for multiclass classification is deprecated. An error will be raised in 1.8. Either use another solver which supports the multinomial loss or wrap the estimator in a OneVsRestClassifier to keep applying a one-versus-rest scheme.
  warnings.warn(
/data2/hy/.local/lib/python3.10/site-packages/sklearn/linear_model/_logistic.py:1296: FutureWarning: Using the 'liblinear' solver for multiclass classification is deprecated. An error will be raised in 1.8. Either use another solver which supports the multinomial loss or wrap the estimator in a OneVsRestClassifier to keep applying a one-versus-rest scheme.
  warnings.warn(
/data2/hy/.local/lib/python3.10/site-packages/sklearn/linear_model/_logistic.py:1296: FutureWarning: Using the 'liblinear' solver for multiclass classification is deprecated. An error will be raised in 1.8. Either use another solver which supports the multinomial loss or wrap the estimator in a OneVsRestClassifier to keep applying a one-versus-rest scheme.
  warnings.warn(
/data2/hy/.local/lib/python3.10/site-packages/sklearn/linear_model/_logistic.py:1296: FutureWarning: Using the 'liblinear' solver for multiclass classification is deprecated. An error will be raised in 1.8. Either use another solver which supports the multinomial loss or wrap the estimator in a OneVsRestClassifier to keep applying a one-versus-rest scheme.
  warnings.warn(
/data2/hy/.local/lib/python3.10/site-packages/sklearn/linear_model/_logistic.py:1296: FutureWarning: Using the 'liblinear' solver for multiclass classification is deprecated. An error will be raised in 1.8. Either use another solver which supports the multinomial loss or wrap the estimator in a OneVsRestClassifier to keep applying a one-versus-rest scheme.
  warnings.warn(
/data2/hy/.local/lib/python3.10/site-packages/sklearn/linear_model/_logistic.py:1296: FutureWarning: Using the 'liblinear' solver for multiclass classification is deprecated. An error will be raised in 1.8. Either use another solver which supports the multinomial loss or wrap the estimator in a OneVsRestClassifier to keep applying a one-versus-rest scheme.
  warnings.warn(
/data2/hy/.local/lib/python3.10/site-packages/sklearn/linear_model/_logistic.py:1296: FutureWarning: Using the 'liblinear' solver for multiclass classification is deprecated. An error will be raised in 1.8. Either use another solver which supports the multinomial loss or wrap the estimator in a OneVsRestClassifier to keep applying a one-versus-rest scheme.
  warnings.warn(
/data2/hy/.local/lib/python3.10/site-packages/sklearn/linear_model/_logistic.py:1296: FutureWarning: Using the 'liblinear' solver for multiclass classification is deprecated. An error will be raised in 1.8. Either use another solver which supports the multinomial loss or wrap the estimator in a OneVsRestClassifier to keep applying a one-versus-rest scheme.
  warnings.warn(
/data2/hy/.local/lib/python3.10/site-packages/sklearn/linear_model/_logistic.py:1296: FutureWarning: Using the 'liblinear' solver for multiclass classification is deprecated. An error will be raised in 1.8. Either use another solver which supports the multinomial loss or wrap the estimator in a OneVsRestClassifier to keep applying a one-versus-rest scheme.
  warnings.warn(
/data2/hy/.local/lib/python3.10/site-packages/sklearn/linear_model/_logistic.py:1296: FutureWarning: Using the 'liblinear' solver for multiclass classification is deprecated. An error will be raised in 1.8. Either use another solver which supports the multinomial loss or wrap the estimator in a OneVsRestClassifier to keep applying a one-versus-rest scheme.
  warnings.warn(
/data2/hy/.local/lib/python3.10/site-packages/sklearn/linear_model/_logistic.py:1296: FutureWarning: Using the 'liblinear' solver for multiclass classification is deprecated. An error will be raised in 1.8. Either use another solver which supports the multinomial loss or wrap the estimator in a OneVsRestClassifier to keep applying a one-versus-rest scheme.
  warnings.warn(
/data2/hy/.local/lib/python3.10/site-packages/sklearn/linear_model/_logistic.py:1296: FutureWarning: Using the 'liblinear' solver for multiclass classification is deprecated. An error will be raised in 1.8. Either use another solver which supports the multinomial loss or wrap the estimator in a OneVsRestClassifier to keep applying a one-versus-rest scheme.
  warnings.warn(
/data2/hy/.local/lib/python3.10/site-packages/sklearn/linear_model/_logistic.py:1296: FutureWarning: Using the 'liblinear' solver for multiclass classification is deprecated. An error will be raised in 1.8. Either use another solver which supports the multinomial loss or wrap the estimator in a OneVsRestClassifier to keep applying a one-versus-rest scheme.
  warnings.warn(
/data2/hy/.local/lib/python3.10/site-packages/sklearn/linear_model/_logistic.py:1296: FutureWarning: Using the 'liblinear' solver for multiclass classification is deprecated. An error will be raised in 1.8. Either use another solver which supports the multinomial loss or wrap the estimator in a OneVsRestClassifier to keep applying a one-versus-rest scheme.
  warnings.warn(
/data2/hy/.local/lib/python3.10/site-packages/sklearn/linear_model/_logistic.py:1296: FutureWarning: Using the 'liblinear' solver for multiclass classification is deprecated. An error will be raised in 1.8. Either use another solver which supports the multinomial loss or wrap the estimator in a OneVsRestClassifier to keep applying a one-versus-rest scheme.
  warnings.warn(
/data2/hy/.local/lib/python3.10/site-packages/sklearn/linear_model/_logistic.py:1296: FutureWarning: Using the 'liblinear' solver for multiclass classification is deprecated. An error will be raised in 1.8. Either use another solver which supports the multinomial loss or wrap the estimator in a OneVsRestClassifier to keep applying a one-versus-rest scheme.
  warnings.warn(
/data2/hy/.local/lib/python3.10/site-packages/sklearn/linear_model/_logistic.py:1296: FutureWarning: Using the 'liblinear' solver for multiclass classification is deprecated. An error will be raised in 1.8. Either use another solver which supports the multinomial loss or wrap the estimator in a OneVsRestClassifier to keep applying a one-versus-rest scheme.
  warnings.warn(
/data2/hy/.local/lib/python3.10/site-packages/sklearn/linear_model/_logistic.py:1296: FutureWarning: Using the 'liblinear' solver for multiclass classification is deprecated. An error will be raised in 1.8. Either use another solver which supports the multinomial loss or wrap the estimator in a OneVsRestClassifier to keep applying a one-versus-rest scheme.
  warnings.warn(
/data2/hy/.local/lib/python3.10/site-packages/sklearn/linear_model/_logistic.py:1296: FutureWarning: Using the 'liblinear' solver for multiclass classification is deprecated. An error will be raised in 1.8. Either use another solver which supports the multinomial loss or wrap the estimator in a OneVsRestClassifier to keep applying a one-versus-rest scheme.
  warnings.warn(
/data2/hy/.local/lib/python3.10/site-packages/sklearn/linear_model/_logistic.py:1296: FutureWarning: Using the 'liblinear' solver for multiclass classification is deprecated. An error will be raised in 1.8. Either use another solver which supports the multinomial loss or wrap the estimator in a OneVsRestClassifier to keep applying a one-versus-rest scheme.
  warnings.warn(
/data2/hy/.local/lib/python3.10/site-packages/sklearn/linear_model/_logistic.py:1296: FutureWarning: Using the 'liblinear' solver for multiclass classification is deprecated. An error will be raised in 1.8. Either use another solver which supports the multinomial loss or wrap the estimator in a OneVsRestClassifier to keep applying a one-versus-rest scheme.
  warnings.warn(
/data2/hy/.local/lib/python3.10/site-packages/sklearn/linear_model/_logistic.py:1296: FutureWarning: Using the 'liblinear' solver for multiclass classification is deprecated. An error will be raised in 1.8. Either use another solver which supports the multinomial loss or wrap the estimator in a OneVsRestClassifier to keep applying a one-versus-rest scheme.
  warnings.warn(
/data2/hy/.local/lib/python3.10/site-packages/sklearn/linear_model/_logistic.py:1296: FutureWarning: Using the 'liblinear' solver for multiclass classification is deprecated. An error will be raised in 1.8. Either use another solver which supports the multinomial loss or wrap the estimator in a OneVsRestClassifier to keep applying a one-versus-rest scheme.
  warnings.warn(
/data2/hy/.local/lib/python3.10/site-packages/sklearn/linear_model/_logistic.py:1296: FutureWarning: Using the 'liblinear' solver for multiclass classification is deprecated. An error will be raised in 1.8. Either use another solver which supports the multinomial loss or wrap the estimator in a OneVsRestClassifier to keep applying a one-versus-rest scheme.
  warnings.warn(
/data2/hy/.local/lib/python3.10/site-packages/sklearn/linear_model/_logistic.py:1296: FutureWarning: Using the 'liblinear' solver for multiclass classification is deprecated. An error will be raised in 1.8. Either use another solver which supports the multinomial loss or wrap the estimator in a OneVsRestClassifier to keep applying a one-versus-rest scheme.
  warnings.warn(
/data2/hy/.local/lib/python3.10/site-packages/sklearn/linear_model/_logistic.py:1296: FutureWarning: Using the 'liblinear' solver for multiclass classification is deprecated. An error will be raised in 1.8. Either use another solver which supports the multinomial loss or wrap the estimator in a OneVsRestClassifier to keep applying a one-versus-rest scheme.
  warnings.warn(
/data2/hy/.local/lib/python3.10/site-packages/sklearn/linear_model/_logistic.py:1296: FutureWarning: Using the 'liblinear' solver for multiclass classification is deprecated. An error will be raised in 1.8. Either use another solver which supports the multinomial loss or wrap the estimator in a OneVsRestClassifier to keep applying a one-versus-rest scheme.
  warnings.warn(
/data2/hy/.local/lib/python3.10/site-packages/sklearn/linear_model/_logistic.py:1296: FutureWarning: Using the 'liblinear' solver for multiclass classification is deprecated. An error will be raised in 1.8. Either use another solver which supports the multinomial loss or wrap the estimator in a OneVsRestClassifier to keep applying a one-versus-rest scheme.
  warnings.warn(
/data2/hy/.local/lib/python3.10/site-packages/sklearn/linear_model/_logistic.py:1296: FutureWarning: Using the 'liblinear' solver for multiclass classification is deprecated. An error will be raised in 1.8. Either use another solver which supports the multinomial loss or wrap the estimator in a OneVsRestClassifier to keep applying a one-versus-rest scheme.
  warnings.warn(
/data2/hy/.local/lib/python3.10/site-packages/sklearn/linear_model/_logistic.py:1296: FutureWarning: Using the 'liblinear' solver for multiclass classification is deprecated. An error will be raised in 1.8. Either use another solver which supports the multinomial loss or wrap the estimator in a OneVsRestClassifier to keep applying a one-versus-rest scheme.
  warnings.warn(
/data2/hy/.local/lib/python3.10/site-packages/sklearn/linear_model/_logistic.py:1296: FutureWarning: Using the 'liblinear' solver for multiclass classification is deprecated. An error will be raised in 1.8. Either use another solver which supports the multinomial loss or wrap the estimator in a OneVsRestClassifier to keep applying a one-versus-rest scheme.
  warnings.warn(
/data2/hy/.local/lib/python3.10/site-packages/sklearn/linear_model/_logistic.py:1296: FutureWarning: Using the 'liblinear' solver for multiclass classification is deprecated. An error will be raised in 1.8. Either use another solver which supports the multinomial loss or wrap the estimator in a OneVsRestClassifier to keep applying a one-versus-rest scheme.
  warnings.warn(
/data2/hy/.local/lib/python3.10/site-packages/sklearn/linear_model/_logistic.py:1296: FutureWarning: Using the 'liblinear' solver for multiclass classification is deprecated. An error will be raised in 1.8. Either use another solver which supports the multinomial loss or wrap the estimator in a OneVsRestClassifier to keep applying a one-versus-rest scheme.
  warnings.warn(
/data2/hy/.local/lib/python3.10/site-packages/sklearn/linear_model/_logistic.py:1296: FutureWarning: Using the 'liblinear' solver for multiclass classification is deprecated. An error will be raised in 1.8. Either use another solver which supports the multinomial loss or wrap the estimator in a OneVsRestClassifier to keep applying a one-versus-rest scheme.
  warnings.warn(
/data2/hy/.local/lib/python3.10/site-packages/sklearn/linear_model/_logistic.py:1296: FutureWarning: Using the 'liblinear' solver for multiclass classification is deprecated. An error will be raised in 1.8. Either use another solver which supports the multinomial loss or wrap the estimator in a OneVsRestClassifier to keep applying a one-versus-rest scheme.
  warnings.warn(
/data2/hy/.local/lib/python3.10/site-packages/sklearn/linear_model/_logistic.py:1296: FutureWarning: Using the 'liblinear' solver for multiclass classification is deprecated. An error will be raised in 1.8. Either use another solver which supports the multinomial loss or wrap the estimator in a OneVsRestClassifier to keep applying a one-versus-rest scheme.
  warnings.warn(
/data2/hy/.local/lib/python3.10/site-packages/sklearn/linear_model/_logistic.py:1296: FutureWarning: Using the 'liblinear' solver for multiclass classification is deprecated. An error will be raised in 1.8. Either use another solver which supports the multinomial loss or wrap the estimator in a OneVsRestClassifier to keep applying a one-versus-rest scheme.
  warnings.warn(
/data2/hy/.local/lib/python3.10/site-packages/sklearn/linear_model/_logistic.py:1296: FutureWarning: Using the 'liblinear' solver for multiclass classification is deprecated. An error will be raised in 1.8. Either use another solver which supports the multinomial loss or wrap the estimator in a OneVsRestClassifier to keep applying a one-versus-rest scheme.
  warnings.warn(
/data2/hy/.local/lib/python3.10/site-packages/sklearn/linear_model/_logistic.py:1296: FutureWarning: Using the 'liblinear' solver for multiclass classification is deprecated. An error will be raised in 1.8. Either use another solver which supports the multinomial loss or wrap the estimator in a OneVsRestClassifier to keep applying a one-versus-rest scheme.
  warnings.warn(
/data2/hy/.local/lib/python3.10/site-packages/sklearn/linear_model/_logistic.py:1296: FutureWarning: Using the 'liblinear' solver for multiclass classification is deprecated. An error will be raised in 1.8. Either use another solver which supports the multinomial loss or wrap the estimator in a OneVsRestClassifier to keep applying a one-versus-rest scheme.
  warnings.warn(
/data2/hy/.local/lib/python3.10/site-packages/sklearn/linear_model/_logistic.py:1296: FutureWarning: Using the 'liblinear' solver for multiclass classification is deprecated. An error will be raised in 1.8. Either use another solver which supports the multinomial loss or wrap the estimator in a OneVsRestClassifier to keep applying a one-versus-rest scheme.
  warnings.warn(
/data2/hy/.local/lib/python3.10/site-packages/sklearn/linear_model/_logistic.py:1296: FutureWarning: Using the 'liblinear' solver for multiclass classification is deprecated. An error will be raised in 1.8. Either use another solver which supports the multinomial loss or wrap the estimator in a OneVsRestClassifier to keep applying a one-versus-rest scheme.
  warnings.warn(
/data2/hy/.local/lib/python3.10/site-packages/sklearn/linear_model/_logistic.py:1296: FutureWarning: Using the 'liblinear' solver for multiclass classification is deprecated. An error will be raised in 1.8. Either use another solver which supports the multinomial loss or wrap the estimator in a OneVsRestClassifier to keep applying a one-versus-rest scheme.
  warnings.warn(
/data2/hy/.local/lib/python3.10/site-packages/sklearn/linear_model/_logistic.py:1296: FutureWarning: Using the 'liblinear' solver for multiclass classification is deprecated. An error will be raised in 1.8. Either use another solver which supports the multinomial loss or wrap the estimator in a OneVsRestClassifier to keep applying a one-versus-rest scheme.
  warnings.warn(
/data2/hy/.local/lib/python3.10/site-packages/sklearn/linear_model/_logistic.py:1296: FutureWarning: Using the 'liblinear' solver for multiclass classification is deprecated. An error will be raised in 1.8. Either use another solver which supports the multinomial loss or wrap the estimator in a OneVsRestClassifier to keep applying a one-versus-rest scheme.
  warnings.warn(
/data2/hy/.local/lib/python3.10/site-packages/sklearn/linear_model/_logistic.py:1296: FutureWarning: Using the 'liblinear' solver for multiclass classification is deprecated. An error will be raised in 1.8. Either use another solver which supports the multinomial loss or wrap the estimator in a OneVsRestClassifier to keep applying a one-versus-rest scheme.
  warnings.warn(
/data2/hy/.local/lib/python3.10/site-packages/sklearn/linear_model/_logistic.py:1296: FutureWarning: Using the 'liblinear' solver for multiclass classification is deprecated. An error will be raised in 1.8. Either use another solver which supports the multinomial loss or wrap the estimator in a OneVsRestClassifier to keep applying a one-versus-rest scheme.
  warnings.warn(
/data2/hy/.local/lib/python3.10/site-packages/sklearn/linear_model/_logistic.py:1296: FutureWarning: Using the 'liblinear' solver for multiclass classification is deprecated. An error will be raised in 1.8. Either use another solver which supports the multinomial loss or wrap the estimator in a OneVsRestClassifier to keep applying a one-versus-rest scheme.
  warnings.warn(
/data2/hy/.local/lib/python3.10/site-packages/sklearn/linear_model/_logistic.py:1296: FutureWarning: Using the 'liblinear' solver for multiclass classification is deprecated. An error will be raised in 1.8. Either use another solver which supports the multinomial loss or wrap the estimator in a OneVsRestClassifier to keep applying a one-versus-rest scheme.
  warnings.warn(
/data2/hy/.local/lib/python3.10/site-packages/sklearn/linear_model/_logistic.py:1296: FutureWarning: Using the 'liblinear' solver for multiclass classification is deprecated. An error will be raised in 1.8. Either use another solver which supports the multinomial loss or wrap the estimator in a OneVsRestClassifier to keep applying a one-versus-rest scheme.
  warnings.warn(
/data2/hy/.local/lib/python3.10/site-packages/sklearn/linear_model/_logistic.py:1296: FutureWarning: Using the 'liblinear' solver for multiclass classification is deprecated. An error will be raised in 1.8. Either use another solver which supports the multinomial loss or wrap the estimator in a OneVsRestClassifier to keep applying a one-versus-rest scheme.
  warnings.warn(
/data2/hy/.local/lib/python3.10/site-packages/sklearn/linear_model/_logistic.py:1296: FutureWarning: Using the 'liblinear' solver for multiclass classification is deprecated. An error will be raised in 1.8. Either use another solver which supports the multinomial loss or wrap the estimator in a OneVsRestClassifier to keep applying a one-versus-rest scheme.
  warnings.warn(
/data2/hy/.local/lib/python3.10/site-packages/sklearn/linear_model/_logistic.py:1296: FutureWarning: Using the 'liblinear' solver for multiclass classification is deprecated. An error will be raised in 1.8. Either use another solver which supports the multinomial loss or wrap the estimator in a OneVsRestClassifier to keep applying a one-versus-rest scheme.
  warnings.warn(
/data2/hy/.local/lib/python3.10/site-packages/sklearn/linear_model/_logistic.py:1296: FutureWarning: Using the 'liblinear' solver for multiclass classification is deprecated. An error will be raised in 1.8. Either use another solver which supports the multinomial loss or wrap the estimator in a OneVsRestClassifier to keep applying a one-versus-rest scheme.
  warnings.warn(
/data2/hy/.local/lib/python3.10/site-packages/sklearn/linear_model/_logistic.py:1296: FutureWarning: Using the 'liblinear' solver for multiclass classification is deprecated. An error will be raised in 1.8. Either use another solver which supports the multinomial loss or wrap the estimator in a OneVsRestClassifier to keep applying a one-versus-rest scheme.
  warnings.warn(
/data2/hy/.local/lib/python3.10/site-packages/sklearn/linear_model/_logistic.py:1296: FutureWarning: Using the 'liblinear' solver for multiclass classification is deprecated. An error will be raised in 1.8. Either use another solver which supports the multinomial loss or wrap the estimator in a OneVsRestClassifier to keep applying a one-versus-rest scheme.
  warnings.warn(
/data2/hy/.local/lib/python3.10/site-packages/sklearn/linear_model/_logistic.py:1296: FutureWarning: Using the 'liblinear' solver for multiclass classification is deprecated. An error will be raised in 1.8. Either use another solver which supports the multinomial loss or wrap the estimator in a OneVsRestClassifier to keep applying a one-versus-rest scheme.
  warnings.warn(
/data2/hy/.local/lib/python3.10/site-packages/sklearn/linear_model/_logistic.py:1296: FutureWarning: Using the 'liblinear' solver for multiclass classification is deprecated. An error will be raised in 1.8. Either use another solver which supports the multinomial loss or wrap the estimator in a OneVsRestClassifier to keep applying a one-versus-rest scheme.
  warnings.warn(
/data2/hy/.local/lib/python3.10/site-packages/sklearn/linear_model/_logistic.py:1296: FutureWarning: Using the 'liblinear' solver for multiclass classification is deprecated. An error will be raised in 1.8. Either use another solver which supports the multinomial loss or wrap the estimator in a OneVsRestClassifier to keep applying a one-versus-rest scheme.
  warnings.warn(
/data2/hy/.local/lib/python3.10/site-packages/sklearn/linear_model/_logistic.py:1296: FutureWarning: Using the 'liblinear' solver for multiclass classification is deprecated. An error will be raised in 1.8. Either use another solver which supports the multinomial loss or wrap the estimator in a OneVsRestClassifier to keep applying a one-versus-rest scheme.
  warnings.warn(
/data2/hy/.local/lib/python3.10/site-packages/sklearn/linear_model/_logistic.py:1296: FutureWarning: Using the 'liblinear' solver for multiclass classification is deprecated. An error will be raised in 1.8. Either use another solver which supports the multinomial loss or wrap the estimator in a OneVsRestClassifier to keep applying a one-versus-rest scheme.
  warnings.warn(
/data2/hy/.local/lib/python3.10/site-packages/sklearn/linear_model/_logistic.py:1296: FutureWarning: Using the 'liblinear' solver for multiclass classification is deprecated. An error will be raised in 1.8. Either use another solver which supports the multinomial loss or wrap the estimator in a OneVsRestClassifier to keep applying a one-versus-rest scheme.
  warnings.warn(
/data2/hy/.local/lib/python3.10/site-packages/sklearn/linear_model/_logistic.py:1296: FutureWarning: Using the 'liblinear' solver for multiclass classification is deprecated. An error will be raised in 1.8. Either use another solver which supports the multinomial loss or wrap the estimator in a OneVsRestClassifier to keep applying a one-versus-rest scheme.
  warnings.warn(
/data2/hy/.local/lib/python3.10/site-packages/sklearn/linear_model/_logistic.py:1296: FutureWarning: Using the 'liblinear' solver for multiclass classification is deprecated. An error will be raised in 1.8. Either use another solver which supports the multinomial loss or wrap the estimator in a OneVsRestClassifier to keep applying a one-versus-rest scheme.
  warnings.warn(
/data2/hy/.local/lib/python3.10/site-packages/sklearn/linear_model/_logistic.py:1296: FutureWarning: Using the 'liblinear' solver for multiclass classification is deprecated. An error will be raised in 1.8. Either use another solver which supports the multinomial loss or wrap the estimator in a OneVsRestClassifier to keep applying a one-versus-rest scheme.
  warnings.warn(
/data2/hy/.local/lib/python3.10/site-packages/sklearn/linear_model/_logistic.py:1296: FutureWarning: Using the 'liblinear' solver for multiclass classification is deprecated. An error will be raised in 1.8. Either use another solver which supports the multinomial loss or wrap the estimator in a OneVsRestClassifier to keep applying a one-versus-rest scheme.
  warnings.warn(
/data2/hy/.local/lib/python3.10/site-packages/sklearn/linear_model/_logistic.py:1296: FutureWarning: Using the 'liblinear' solver for multiclass classification is deprecated. An error will be raised in 1.8. Either use another solver which supports the multinomial loss or wrap the estimator in a OneVsRestClassifier to keep applying a one-versus-rest scheme.
  warnings.warn(
/data2/hy/.local/lib/python3.10/site-packages/sklearn/linear_model/_logistic.py:1296: FutureWarning: Using the 'liblinear' solver for multiclass classification is deprecated. An error will be raised in 1.8. Either use another solver which supports the multinomial loss or wrap the estimator in a OneVsRestClassifier to keep applying a one-versus-rest scheme.
  warnings.warn(
/data2/hy/.local/lib/python3.10/site-packages/sklearn/linear_model/_logistic.py:1296: FutureWarning: Using the 'liblinear' solver for multiclass classification is deprecated. An error will be raised in 1.8. Either use another solver which supports the multinomial loss or wrap the estimator in a OneVsRestClassifier to keep applying a one-versus-rest scheme.
  warnings.warn(
/data2/hy/.local/lib/python3.10/site-packages/sklearn/linear_model/_logistic.py:1296: FutureWarning: Using the 'liblinear' solver for multiclass classification is deprecated. An error will be raised in 1.8. Either use another solver which supports the multinomial loss or wrap the estimator in a OneVsRestClassifier to keep applying a one-versus-rest scheme.
  warnings.warn(
/data2/hy/.local/lib/python3.10/site-packages/sklearn/linear_model/_logistic.py:1296: FutureWarning: Using the 'liblinear' solver for multiclass classification is deprecated. An error will be raised in 1.8. Either use another solver which supports the multinomial loss or wrap the estimator in a OneVsRestClassifier to keep applying a one-versus-rest scheme.
  warnings.warn(
/data2/hy/.local/lib/python3.10/site-packages/sklearn/linear_model/_logistic.py:1296: FutureWarning: Using the 'liblinear' solver for multiclass classification is deprecated. An error will be raised in 1.8. Either use another solver which supports the multinomial loss or wrap the estimator in a OneVsRestClassifier to keep applying a one-versus-rest scheme.
  warnings.warn(
/data2/hy/.local/lib/python3.10/site-packages/sklearn/linear_model/_logistic.py:1296: FutureWarning: Using the 'liblinear' solver for multiclass classification is deprecated. An error will be raised in 1.8. Either use another solver which supports the multinomial loss or wrap the estimator in a OneVsRestClassifier to keep applying a one-versus-rest scheme.
  warnings.warn(
/data2/hy/.local/lib/python3.10/site-packages/sklearn/linear_model/_logistic.py:1296: FutureWarning: Using the 'liblinear' solver for multiclass classification is deprecated. An error will be raised in 1.8. Either use another solver which supports the multinomial loss or wrap the estimator in a OneVsRestClassifier to keep applying a one-versus-rest scheme.
  warnings.warn(
/data2/hy/.local/lib/python3.10/site-packages/sklearn/linear_model/_logistic.py:1296: FutureWarning: Using the 'liblinear' solver for multiclass classification is deprecated. An error will be raised in 1.8. Either use another solver which supports the multinomial loss or wrap the estimator in a OneVsRestClassifier to keep applying a one-versus-rest scheme.
  warnings.warn(
/data2/hy/.local/lib/python3.10/site-packages/sklearn/linear_model/_logistic.py:1296: FutureWarning: Using the 'liblinear' solver for multiclass classification is deprecated. An error will be raised in 1.8. Either use another solver which supports the multinomial loss or wrap the estimator in a OneVsRestClassifier to keep applying a one-versus-rest scheme.
  warnings.warn(
/data2/hy/.local/lib/python3.10/site-packages/sklearn/linear_model/_logistic.py:1296: FutureWarning: Using the 'liblinear' solver for multiclass classification is deprecated. An error will be raised in 1.8. Either use another solver which supports the multinomial loss or wrap the estimator in a OneVsRestClassifier to keep applying a one-versus-rest scheme.
  warnings.warn(
/data2/hy/.local/lib/python3.10/site-packages/sklearn/linear_model/_logistic.py:1296: FutureWarning: Using the 'liblinear' solver for multiclass classification is deprecated. An error will be raised in 1.8. Either use another solver which supports the multinomial loss or wrap the estimator in a OneVsRestClassifier to keep applying a one-versus-rest scheme.
  warnings.warn(
/data2/hy/.local/lib/python3.10/site-packages/sklearn/linear_model/_logistic.py:1296: FutureWarning: Using the 'liblinear' solver for multiclass classification is deprecated. An error will be raised in 1.8. Either use another solver which supports the multinomial loss or wrap the estimator in a OneVsRestClassifier to keep applying a one-versus-rest scheme.
  warnings.warn(
/data2/hy/.local/lib/python3.10/site-packages/sklearn/linear_model/_logistic.py:1296: FutureWarning: Using the 'liblinear' solver for multiclass classification is deprecated. An error will be raised in 1.8. Either use another solver which supports the multinomial loss or wrap the estimator in a OneVsRestClassifier to keep applying a one-versus-rest scheme.
  warnings.warn(
/data2/hy/.local/lib/python3.10/site-packages/sklearn/linear_model/_logistic.py:1296: FutureWarning: Using the 'liblinear' solver for multiclass classification is deprecated. An error will be raised in 1.8. Either use another solver which supports the multinomial loss or wrap the estimator in a OneVsRestClassifier to keep applying a one-versus-rest scheme.
  warnings.warn(
/data2/hy/.local/lib/python3.10/site-packages/sklearn/linear_model/_logistic.py:1296: FutureWarning: Using the 'liblinear' solver for multiclass classification is deprecated. An error will be raised in 1.8. Either use another solver which supports the multinomial loss or wrap the estimator in a OneVsRestClassifier to keep applying a one-versus-rest scheme.
  warnings.warn(
/data2/hy/.local/lib/python3.10/site-packages/sklearn/linear_model/_logistic.py:1296: FutureWarning: Using the 'liblinear' solver for multiclass classification is deprecated. An error will be raised in 1.8. Either use another solver which supports the multinomial loss or wrap the estimator in a OneVsRestClassifier to keep applying a one-versus-rest scheme.
  warnings.warn(
/data2/hy/.local/lib/python3.10/site-packages/sklearn/linear_model/_logistic.py:1296: FutureWarning: Using the 'liblinear' solver for multiclass classification is deprecated. An error will be raised in 1.8. Either use another solver which supports the multinomial loss or wrap the estimator in a OneVsRestClassifier to keep applying a one-versus-rest scheme.
  warnings.warn(
/data2/hy/.local/lib/python3.10/site-packages/sklearn/linear_model/_logistic.py:1296: FutureWarning: Using the 'liblinear' solver for multiclass classification is deprecated. An error will be raised in 1.8. Either use another solver which supports the multinomial loss or wrap the estimator in a OneVsRestClassifier to keep applying a one-versus-rest scheme.
  warnings.warn(
/data2/hy/.local/lib/python3.10/site-packages/sklearn/linear_model/_logistic.py:1296: FutureWarning: Using the 'liblinear' solver for multiclass classification is deprecated. An error will be raised in 1.8. Either use another solver which supports the multinomial loss or wrap the estimator in a OneVsRestClassifier to keep applying a one-versus-rest scheme.
  warnings.warn(
/data2/hy/.local/lib/python3.10/site-packages/sklearn/linear_model/_logistic.py:1296: FutureWarning: Using the 'liblinear' solver for multiclass classification is deprecated. An error will be raised in 1.8. Either use another solver which supports the multinomial loss or wrap the estimator in a OneVsRestClassifier to keep applying a one-versus-rest scheme.
  warnings.warn(
/data2/hy/.local/lib/python3.10/site-packages/sklearn/linear_model/_logistic.py:1296: FutureWarning: Using the 'liblinear' solver for multiclass classification is deprecated. An error will be raised in 1.8. Either use another solver which supports the multinomial loss or wrap the estimator in a OneVsRestClassifier to keep applying a one-versus-rest scheme.
  warnings.warn(
/data2/hy/.local/lib/python3.10/site-packages/sklearn/linear_model/_logistic.py:1296: FutureWarning: Using the 'liblinear' solver for multiclass classification is deprecated. An error will be raised in 1.8. Either use another solver which supports the multinomial loss or wrap the estimator in a OneVsRestClassifier to keep applying a one-versus-rest scheme.
  warnings.warn(
/data2/hy/.local/lib/python3.10/site-packages/sklearn/linear_model/_logistic.py:1296: FutureWarning: Using the 'liblinear' solver for multiclass classification is deprecated. An error will be raised in 1.8. Either use another solver which supports the multinomial loss or wrap the estimator in a OneVsRestClassifier to keep applying a one-versus-rest scheme.
  warnings.warn(
/data2/hy/.local/lib/python3.10/site-packages/sklearn/linear_model/_logistic.py:1296: FutureWarning: Using the 'liblinear' solver for multiclass classification is deprecated. An error will be raised in 1.8. Either use another solver which supports the multinomial loss or wrap the estimator in a OneVsRestClassifier to keep applying a one-versus-rest scheme.
  warnings.warn(
/data2/hy/.local/lib/python3.10/site-packages/sklearn/linear_model/_logistic.py:1296: FutureWarning: Using the 'liblinear' solver for multiclass classification is deprecated. An error will be raised in 1.8. Either use another solver which supports the multinomial loss or wrap the estimator in a OneVsRestClassifier to keep applying a one-versus-rest scheme.
  warnings.warn(
/data2/hy/.local/lib/python3.10/site-packages/sklearn/linear_model/_logistic.py:1296: FutureWarning: Using the 'liblinear' solver for multiclass classification is deprecated. An error will be raised in 1.8. Either use another solver which supports the multinomial loss or wrap the estimator in a OneVsRestClassifier to keep applying a one-versus-rest scheme.
  warnings.warn(
/data2/hy/.local/lib/python3.10/site-packages/sklearn/linear_model/_logistic.py:1296: FutureWarning: Using the 'liblinear' solver for multiclass classification is deprecated. An error will be raised in 1.8. Either use another solver which supports the multinomial loss or wrap the estimator in a OneVsRestClassifier to keep applying a one-versus-rest scheme.
  warnings.warn(
/data2/hy/.local/lib/python3.10/site-packages/sklearn/linear_model/_logistic.py:1296: FutureWarning: Using the 'liblinear' solver for multiclass classification is deprecated. An error will be raised in 1.8. Either use another solver which supports the multinomial loss or wrap the estimator in a OneVsRestClassifier to keep applying a one-versus-rest scheme.
  warnings.warn(
/data2/hy/.local/lib/python3.10/site-packages/sklearn/linear_model/_logistic.py:1296: FutureWarning: Using the 'liblinear' solver for multiclass classification is deprecated. An error will be raised in 1.8. Either use another solver which supports the multinomial loss or wrap the estimator in a OneVsRestClassifier to keep applying a one-versus-rest scheme.
  warnings.warn(
/data2/hy/.local/lib/python3.10/site-packages/sklearn/linear_model/_logistic.py:1296: FutureWarning: Using the 'liblinear' solver for multiclass classification is deprecated. An error will be raised in 1.8. Either use another solver which supports the multinomial loss or wrap the estimator in a OneVsRestClassifier to keep applying a one-versus-rest scheme.
  warnings.warn(
/data2/hy/.local/lib/python3.10/site-packages/sklearn/linear_model/_logistic.py:1296: FutureWarning: Using the 'liblinear' solver for multiclass classification is deprecated. An error will be raised in 1.8. Either use another solver which supports the multinomial loss or wrap the estimator in a OneVsRestClassifier to keep applying a one-versus-rest scheme.
  warnings.warn(
/data2/hy/.local/lib/python3.10/site-packages/sklearn/linear_model/_logistic.py:1296: FutureWarning: Using the 'liblinear' solver for multiclass classification is deprecated. An error will be raised in 1.8. Either use another solver which supports the multinomial loss or wrap the estimator in a OneVsRestClassifier to keep applying a one-versus-rest scheme.
  warnings.warn(
/data2/hy/.local/lib/python3.10/site-packages/sklearn/linear_model/_logistic.py:1296: FutureWarning: Using the 'liblinear' solver for multiclass classification is deprecated. An error will be raised in 1.8. Either use another solver which supports the multinomial loss or wrap the estimator in a OneVsRestClassifier to keep applying a one-versus-rest scheme.
  warnings.warn(
/data2/hy/.local/lib/python3.10/site-packages/sklearn/linear_model/_logistic.py:1296: FutureWarning: Using the 'liblinear' solver for multiclass classification is deprecated. An error will be raised in 1.8. Either use another solver which supports the multinomial loss or wrap the estimator in a OneVsRestClassifier to keep applying a one-versus-rest scheme.
  warnings.warn(
/data2/hy/.local/lib/python3.10/site-packages/sklearn/linear_model/_logistic.py:1296: FutureWarning: Using the 'liblinear' solver for multiclass classification is deprecated. An error will be raised in 1.8. Either use another solver which supports the multinomial loss or wrap the estimator in a OneVsRestClassifier to keep applying a one-versus-rest scheme.
  warnings.warn(
/data2/hy/.local/lib/python3.10/site-packages/sklearn/linear_model/_logistic.py:1296: FutureWarning: Using the 'liblinear' solver for multiclass classification is deprecated. An error will be raised in 1.8. Either use another solver which supports the multinomial loss or wrap the estimator in a OneVsRestClassifier to keep applying a one-versus-rest scheme.
  warnings.warn(
/data2/hy/.local/lib/python3.10/site-packages/sklearn/linear_model/_logistic.py:1296: FutureWarning: Using the 'liblinear' solver for multiclass classification is deprecated. An error will be raised in 1.8. Either use another solver which supports the multinomial loss or wrap the estimator in a OneVsRestClassifier to keep applying a one-versus-rest scheme.
  warnings.warn(
/data2/hy/.local/lib/python3.10/site-packages/sklearn/linear_model/_logistic.py:1296: FutureWarning: Using the 'liblinear' solver for multiclass classification is deprecated. An error will be raised in 1.8. Either use another solver which supports the multinomial loss or wrap the estimator in a OneVsRestClassifier to keep applying a one-versus-rest scheme.
  warnings.warn(
/data2/hy/.local/lib/python3.10/site-packages/sklearn/linear_model/_logistic.py:1296: FutureWarning: Using the 'liblinear' solver for multiclass classification is deprecated. An error will be raised in 1.8. Either use another solver which supports the multinomial loss or wrap the estimator in a OneVsRestClassifier to keep applying a one-versus-rest scheme.
  warnings.warn(
/data2/hy/.local/lib/python3.10/site-packages/sklearn/linear_model/_logistic.py:1296: FutureWarning: Using the 'liblinear' solver for multiclass classification is deprecated. An error will be raised in 1.8. Either use another solver which supports the multinomial loss or wrap the estimator in a OneVsRestClassifier to keep applying a one-versus-rest scheme.
  warnings.warn(
/data2/hy/.local/lib/python3.10/site-packages/sklearn/linear_model/_logistic.py:1296: FutureWarning: Using the 'liblinear' solver for multiclass classification is deprecated. An error will be raised in 1.8. Either use another solver which supports the multinomial loss or wrap the estimator in a OneVsRestClassifier to keep applying a one-versus-rest scheme.
  warnings.warn(
/data2/hy/.local/lib/python3.10/site-packages/sklearn/linear_model/_logistic.py:1296: FutureWarning: Using the 'liblinear' solver for multiclass classification is deprecated. An error will be raised in 1.8. Either use another solver which supports the multinomial loss or wrap the estimator in a OneVsRestClassifier to keep applying a one-versus-rest scheme.
  warnings.warn(
/data2/hy/.local/lib/python3.10/site-packages/sklearn/linear_model/_logistic.py:1296: FutureWarning: Using the 'liblinear' solver for multiclass classification is deprecated. An error will be raised in 1.8. Either use another solver which supports the multinomial loss or wrap the estimator in a OneVsRestClassifier to keep applying a one-versus-rest scheme.
  warnings.warn(
/data2/hy/.local/lib/python3.10/site-packages/sklearn/linear_model/_logistic.py:1296: FutureWarning: Using the 'liblinear' solver for multiclass classification is deprecated. An error will be raised in 1.8. Either use another solver which supports the multinomial loss or wrap the estimator in a OneVsRestClassifier to keep applying a one-versus-rest scheme.
  warnings.warn(
/data2/hy/.local/lib/python3.10/site-packages/sklearn/linear_model/_logistic.py:1296: FutureWarning: Using the 'liblinear' solver for multiclass classification is deprecated. An error will be raised in 1.8. Either use another solver which supports the multinomial loss or wrap the estimator in a OneVsRestClassifier to keep applying a one-versus-rest scheme.
  warnings.warn(
/data2/hy/.local/lib/python3.10/site-packages/sklearn/linear_model/_logistic.py:1296: FutureWarning: Using the 'liblinear' solver for multiclass classification is deprecated. An error will be raised in 1.8. Either use another solver which supports the multinomial loss or wrap the estimator in a OneVsRestClassifier to keep applying a one-versus-rest scheme.
  warnings.warn(
/data2/hy/.local/lib/python3.10/site-packages/sklearn/linear_model/_logistic.py:1296: FutureWarning: Using the 'liblinear' solver for multiclass classification is deprecated. An error will be raised in 1.8. Either use another solver which supports the multinomial loss or wrap the estimator in a OneVsRestClassifier to keep applying a one-versus-rest scheme.
  warnings.warn(
/data2/hy/.local/lib/python3.10/site-packages/sklearn/linear_model/_logistic.py:1296: FutureWarning: Using the 'liblinear' solver for multiclass classification is deprecated. An error will be raised in 1.8. Either use another solver which supports the multinomial loss or wrap the estimator in a OneVsRestClassifier to keep applying a one-versus-rest scheme.
  warnings.warn(
/data2/hy/.local/lib/python3.10/site-packages/sklearn/linear_model/_logistic.py:1296: FutureWarning: Using the 'liblinear' solver for multiclass classification is deprecated. An error will be raised in 1.8. Either use another solver which supports the multinomial loss or wrap the estimator in a OneVsRestClassifier to keep applying a one-versus-rest scheme.
  warnings.warn(
/data2/hy/.local/lib/python3.10/site-packages/sklearn/linear_model/_logistic.py:1296: FutureWarning: Using the 'liblinear' solver for multiclass classification is deprecated. An error will be raised in 1.8. Either use another solver which supports the multinomial loss or wrap the estimator in a OneVsRestClassifier to keep applying a one-versus-rest scheme.
  warnings.warn(
/data2/hy/.local/lib/python3.10/site-packages/sklearn/linear_model/_logistic.py:1296: FutureWarning: Using the 'liblinear' solver for multiclass classification is deprecated. An error will be raised in 1.8. Either use another solver which supports the multinomial loss or wrap the estimator in a OneVsRestClassifier to keep applying a one-versus-rest scheme.
  warnings.warn(
/data2/hy/.local/lib/python3.10/site-packages/sklearn/linear_model/_logistic.py:1296: FutureWarning: Using the 'liblinear' solver for multiclass classification is deprecated. An error will be raised in 1.8. Either use another solver which supports the multinomial loss or wrap the estimator in a OneVsRestClassifier to keep applying a one-versus-rest scheme.
  warnings.warn(
/data2/hy/.local/lib/python3.10/site-packages/sklearn/linear_model/_logistic.py:1296: FutureWarning: Using the 'liblinear' solver for multiclass classification is deprecated. An error will be raised in 1.8. Either use another solver which supports the multinomial loss or wrap the estimator in a OneVsRestClassifier to keep applying a one-versus-rest scheme.
  warnings.warn(
/data2/hy/.local/lib/python3.10/site-packages/sklearn/linear_model/_logistic.py:1296: FutureWarning: Using the 'liblinear' solver for multiclass classification is deprecated. An error will be raised in 1.8. Either use another solver which supports the multinomial loss or wrap the estimator in a OneVsRestClassifier to keep applying a one-versus-rest scheme.
  warnings.warn(
/data2/hy/.local/lib/python3.10/site-packages/sklearn/linear_model/_logistic.py:1296: FutureWarning: Using the 'liblinear' solver for multiclass classification is deprecated. An error will be raised in 1.8. Either use another solver which supports the multinomial loss or wrap the estimator in a OneVsRestClassifier to keep applying a one-versus-rest scheme.
  warnings.warn(
/data2/hy/.local/lib/python3.10/site-packages/sklearn/linear_model/_logistic.py:1296: FutureWarning: Using the 'liblinear' solver for multiclass classification is deprecated. An error will be raised in 1.8. Either use another solver which supports the multinomial loss or wrap the estimator in a OneVsRestClassifier to keep applying a one-versus-rest scheme.
  warnings.warn(
/data2/hy/.local/lib/python3.10/site-packages/sklearn/linear_model/_logistic.py:1296: FutureWarning: Using the 'liblinear' solver for multiclass classification is deprecated. An error will be raised in 1.8. Either use another solver which supports the multinomial loss or wrap the estimator in a OneVsRestClassifier to keep applying a one-versus-rest scheme.
  warnings.warn(
/data2/hy/.local/lib/python3.10/site-packages/sklearn/linear_model/_logistic.py:1296: FutureWarning: Using the 'liblinear' solver for multiclass classification is deprecated. An error will be raised in 1.8. Either use another solver which supports the multinomial loss or wrap the estimator in a OneVsRestClassifier to keep applying a one-versus-rest scheme.
  warnings.warn(
/data2/hy/.local/lib/python3.10/site-packages/sklearn/linear_model/_logistic.py:1296: FutureWarning: Using the 'liblinear' solver for multiclass classification is deprecated. An error will be raised in 1.8. Either use another solver which supports the multinomial loss or wrap the estimator in a OneVsRestClassifier to keep applying a one-versus-rest scheme.
  warnings.warn(
/data2/hy/.local/lib/python3.10/site-packages/sklearn/linear_model/_logistic.py:1296: FutureWarning: Using the 'liblinear' solver for multiclass classification is deprecated. An error will be raised in 1.8. Either use another solver which supports the multinomial loss or wrap the estimator in a OneVsRestClassifier to keep applying a one-versus-rest scheme.
  warnings.warn(
/data2/hy/.local/lib/python3.10/site-packages/sklearn/linear_model/_logistic.py:1296: FutureWarning: Using the 'liblinear' solver for multiclass classification is deprecated. An error will be raised in 1.8. Either use another solver which supports the multinomial loss or wrap the estimator in a OneVsRestClassifier to keep applying a one-versus-rest scheme.
  warnings.warn(
/data2/hy/.local/lib/python3.10/site-packages/sklearn/linear_model/_logistic.py:1296: FutureWarning: Using the 'liblinear' solver for multiclass classification is deprecated. An error will be raised in 1.8. Either use another solver which supports the multinomial loss or wrap the estimator in a OneVsRestClassifier to keep applying a one-versus-rest scheme.
  warnings.warn(
/data2/hy/.local/lib/python3.10/site-packages/sklearn/linear_model/_logistic.py:1296: FutureWarning: Using the 'liblinear' solver for multiclass classification is deprecated. An error will be raised in 1.8. Either use another solver which supports the multinomial loss or wrap the estimator in a OneVsRestClassifier to keep applying a one-versus-rest scheme.
  warnings.warn(
/data2/hy/.local/lib/python3.10/site-packages/sklearn/linear_model/_logistic.py:1296: FutureWarning: Using the 'liblinear' solver for multiclass classification is deprecated. An error will be raised in 1.8. Either use another solver which supports the multinomial loss or wrap the estimator in a OneVsRestClassifier to keep applying a one-versus-rest scheme.
  warnings.warn(
/data2/hy/.local/lib/python3.10/site-packages/sklearn/linear_model/_logistic.py:1296: FutureWarning: Using the 'liblinear' solver for multiclass classification is deprecated. An error will be raised in 1.8. Either use another solver which supports the multinomial loss or wrap the estimator in a OneVsRestClassifier to keep applying a one-versus-rest scheme.
  warnings.warn(
/data2/hy/.local/lib/python3.10/site-packages/sklearn/linear_model/_logistic.py:1296: FutureWarning: Using the 'liblinear' solver for multiclass classification is deprecated. An error will be raised in 1.8. Either use another solver which supports the multinomial loss or wrap the estimator in a OneVsRestClassifier to keep applying a one-versus-rest scheme.
  warnings.warn(
/data2/hy/.local/lib/python3.10/site-packages/sklearn/linear_model/_logistic.py:1296: FutureWarning: Using the 'liblinear' solver for multiclass classification is deprecated. An error will be raised in 1.8. Either use another solver which supports the multinomial loss or wrap the estimator in a OneVsRestClassifier to keep applying a one-versus-rest scheme.
  warnings.warn(
/data2/hy/.local/lib/python3.10/site-packages/sklearn/linear_model/_logistic.py:1296: FutureWarning: Using the 'liblinear' solver for multiclass classification is deprecated. An error will be raised in 1.8. Either use another solver which supports the multinomial loss or wrap the estimator in a OneVsRestClassifier to keep applying a one-versus-rest scheme.
  warnings.warn(
/data2/hy/.local/lib/python3.10/site-packages/sklearn/linear_model/_logistic.py:1296: FutureWarning: Using the 'liblinear' solver for multiclass classification is deprecated. An error will be raised in 1.8. Either use another solver which supports the multinomial loss or wrap the estimator in a OneVsRestClassifier to keep applying a one-versus-rest scheme.
  warnings.warn(
/data2/hy/.local/lib/python3.10/site-packages/sklearn/linear_model/_logistic.py:1296: FutureWarning: Using the 'liblinear' solver for multiclass classification is deprecated. An error will be raised in 1.8. Either use another solver which supports the multinomial loss or wrap the estimator in a OneVsRestClassifier to keep applying a one-versus-rest scheme.
  warnings.warn(
/data2/hy/.local/lib/python3.10/site-packages/sklearn/linear_model/_logistic.py:1296: FutureWarning: Using the 'liblinear' solver for multiclass classification is deprecated. An error will be raised in 1.8. Either use another solver which supports the multinomial loss or wrap the estimator in a OneVsRestClassifier to keep applying a one-versus-rest scheme.
  warnings.warn(
/data2/hy/.local/lib/python3.10/site-packages/sklearn/linear_model/_logistic.py:1296: FutureWarning: Using the 'liblinear' solver for multiclass classification is deprecated. An error will be raised in 1.8. Either use another solver which supports the multinomial loss or wrap the estimator in a OneVsRestClassifier to keep applying a one-versus-rest scheme.
  warnings.warn(
/data2/hy/.local/lib/python3.10/site-packages/sklearn/linear_model/_logistic.py:1296: FutureWarning: Using the 'liblinear' solver for multiclass classification is deprecated. An error will be raised in 1.8. Either use another solver which supports the multinomial loss or wrap the estimator in a OneVsRestClassifier to keep applying a one-versus-rest scheme.
  warnings.warn(
/data2/hy/.local/lib/python3.10/site-packages/sklearn/linear_model/_logistic.py:1296: FutureWarning: Using the 'liblinear' solver for multiclass classification is deprecated. An error will be raised in 1.8. Either use another solver which supports the multinomial loss or wrap the estimator in a OneVsRestClassifier to keep applying a one-versus-rest scheme.
  warnings.warn(
/data2/hy/.local/lib/python3.10/site-packages/sklearn/linear_model/_logistic.py:1296: FutureWarning: Using the 'liblinear' solver for multiclass classification is deprecated. An error will be raised in 1.8. Either use another solver which supports the multinomial loss or wrap the estimator in a OneVsRestClassifier to keep applying a one-versus-rest scheme.
  warnings.warn(
/data2/hy/.local/lib/python3.10/site-packages/sklearn/linear_model/_logistic.py:1296: FutureWarning: Using the 'liblinear' solver for multiclass classification is deprecated. An error will be raised in 1.8. Either use another solver which supports the multinomial loss or wrap the estimator in a OneVsRestClassifier to keep applying a one-versus-rest scheme.
  warnings.warn(
/data2/hy/.local/lib/python3.10/site-packages/sklearn/linear_model/_logistic.py:1296: FutureWarning: Using the 'liblinear' solver for multiclass classification is deprecated. An error will be raised in 1.8. Either use another solver which supports the multinomial loss or wrap the estimator in a OneVsRestClassifier to keep applying a one-versus-rest scheme.
  warnings.warn(
/data2/hy/.local/lib/python3.10/site-packages/sklearn/linear_model/_logistic.py:1296: FutureWarning: Using the 'liblinear' solver for multiclass classification is deprecated. An error will be raised in 1.8. Either use another solver which supports the multinomial loss or wrap the estimator in a OneVsRestClassifier to keep applying a one-versus-rest scheme.
  warnings.warn(
/data2/hy/.local/lib/python3.10/site-packages/sklearn/linear_model/_logistic.py:1296: FutureWarning: Using the 'liblinear' solver for multiclass classification is deprecated. An error will be raised in 1.8. Either use another solver which supports the multinomial loss or wrap the estimator in a OneVsRestClassifier to keep applying a one-versus-rest scheme.
  warnings.warn(
/data2/hy/.local/lib/python3.10/site-packages/sklearn/linear_model/_logistic.py:1296: FutureWarning: Using the 'liblinear' solver for multiclass classification is deprecated. An error will be raised in 1.8. Either use another solver which supports the multinomial loss or wrap the estimator in a OneVsRestClassifier to keep applying a one-versus-rest scheme.
  warnings.warn(
/data2/hy/.local/lib/python3.10/site-packages/sklearn/linear_model/_logistic.py:1296: FutureWarning: Using the 'liblinear' solver for multiclass classification is deprecated. An error will be raised in 1.8. Either use another solver which supports the multinomial loss or wrap the estimator in a OneVsRestClassifier to keep applying a one-versus-rest scheme.
  warnings.warn(
/data2/hy/.local/lib/python3.10/site-packages/sklearn/linear_model/_logistic.py:1296: FutureWarning: Using the 'liblinear' solver for multiclass classification is deprecated. An error will be raised in 1.8. Either use another solver which supports the multinomial loss or wrap the estimator in a OneVsRestClassifier to keep applying a one-versus-rest scheme.
  warnings.warn(
/data2/hy/.local/lib/python3.10/site-packages/sklearn/linear_model/_logistic.py:1296: FutureWarning: Using the 'liblinear' solver for multiclass classification is deprecated. An error will be raised in 1.8. Either use another solver which supports the multinomial loss or wrap the estimator in a OneVsRestClassifier to keep applying a one-versus-rest scheme.
  warnings.warn(
/data2/hy/.local/lib/python3.10/site-packages/sklearn/linear_model/_logistic.py:1296: FutureWarning: Using the 'liblinear' solver for multiclass classification is deprecated. An error will be raised in 1.8. Either use another solver which supports the multinomial loss or wrap the estimator in a OneVsRestClassifier to keep applying a one-versus-rest scheme.
  warnings.warn(
/data2/hy/.local/lib/python3.10/site-packages/sklearn/linear_model/_logistic.py:1296: FutureWarning: Using the 'liblinear' solver for multiclass classification is deprecated. An error will be raised in 1.8. Either use another solver which supports the multinomial loss or wrap the estimator in a OneVsRestClassifier to keep applying a one-versus-rest scheme.
  warnings.warn(
/data2/hy/.local/lib/python3.10/site-packages/sklearn/linear_model/_logistic.py:1296: FutureWarning: Using the 'liblinear' solver for multiclass classification is deprecated. An error will be raised in 1.8. Either use another solver which supports the multinomial loss or wrap the estimator in a OneVsRestClassifier to keep applying a one-versus-rest scheme.
  warnings.warn(
/data2/hy/.local/lib/python3.10/site-packages/sklearn/linear_model/_logistic.py:1296: FutureWarning: Using the 'liblinear' solver for multiclass classification is deprecated. An error will be raised in 1.8. Either use another solver which supports the multinomial loss or wrap the estimator in a OneVsRestClassifier to keep applying a one-versus-rest scheme.
  warnings.warn(
/data2/hy/.local/lib/python3.10/site-packages/sklearn/linear_model/_logistic.py:1296: FutureWarning: Using the 'liblinear' solver for multiclass classification is deprecated. An error will be raised in 1.8. Either use another solver which supports the multinomial loss or wrap the estimator in a OneVsRestClassifier to keep applying a one-versus-rest scheme.
  warnings.warn(
/data2/hy/.local/lib/python3.10/site-packages/sklearn/linear_model/_logistic.py:1296: FutureWarning: Using the 'liblinear' solver for multiclass classification is deprecated. An error will be raised in 1.8. Either use another solver which supports the multinomial loss or wrap the estimator in a OneVsRestClassifier to keep applying a one-versus-rest scheme.
  warnings.warn(
/data2/hy/.local/lib/python3.10/site-packages/sklearn/linear_model/_logistic.py:1296: FutureWarning: Using the 'liblinear' solver for multiclass classification is deprecated. An error will be raised in 1.8. Either use another solver which supports the multinomial loss or wrap the estimator in a OneVsRestClassifier to keep applying a one-versus-rest scheme.
  warnings.warn(
/data2/hy/.local/lib/python3.10/site-packages/sklearn/linear_model/_logistic.py:1296: FutureWarning: Using the 'liblinear' solver for multiclass classification is deprecated. An error will be raised in 1.8. Either use another solver which supports the multinomial loss or wrap the estimator in a OneVsRestClassifier to keep applying a one-versus-rest scheme.
  warnings.warn(
/data2/hy/.local/lib/python3.10/site-packages/sklearn/linear_model/_logistic.py:1296: FutureWarning: Using the 'liblinear' solver for multiclass classification is deprecated. An error will be raised in 1.8. Either use another solver which supports the multinomial loss or wrap the estimator in a OneVsRestClassifier to keep applying a one-versus-rest scheme.
  warnings.warn(
/data2/hy/.local/lib/python3.10/site-packages/sklearn/linear_model/_logistic.py:1296: FutureWarning: Using the 'liblinear' solver for multiclass classification is deprecated. An error will be raised in 1.8. Either use another solver which supports the multinomial loss or wrap the estimator in a OneVsRestClassifier to keep applying a one-versus-rest scheme.
  warnings.warn(
/data2/hy/.local/lib/python3.10/site-packages/sklearn/linear_model/_logistic.py:1296: FutureWarning: Using the 'liblinear' solver for multiclass classification is deprecated. An error will be raised in 1.8. Either use another solver which supports the multinomial loss or wrap the estimator in a OneVsRestClassifier to keep applying a one-versus-rest scheme.
  warnings.warn(
/data2/hy/.local/lib/python3.10/site-packages/sklearn/linear_model/_logistic.py:1296: FutureWarning: Using the 'liblinear' solver for multiclass classification is deprecated. An error will be raised in 1.8. Either use another solver which supports the multinomial loss or wrap the estimator in a OneVsRestClassifier to keep applying a one-versus-rest scheme.
  warnings.warn(
/data2/hy/.local/lib/python3.10/site-packages/sklearn/linear_model/_logistic.py:1296: FutureWarning: Using the 'liblinear' solver for multiclass classification is deprecated. An error will be raised in 1.8. Either use another solver which supports the multinomial loss or wrap the estimator in a OneVsRestClassifier to keep applying a one-versus-rest scheme.
  warnings.warn(
/data2/hy/.local/lib/python3.10/site-packages/sklearn/linear_model/_logistic.py:1296: FutureWarning: Using the 'liblinear' solver for multiclass classification is deprecated. An error will be raised in 1.8. Either use another solver which supports the multinomial loss or wrap the estimator in a OneVsRestClassifier to keep applying a one-versus-rest scheme.
  warnings.warn(
/data2/hy/.local/lib/python3.10/site-packages/sklearn/linear_model/_logistic.py:1296: FutureWarning: Using the 'liblinear' solver for multiclass classification is deprecated. An error will be raised in 1.8. Either use another solver which supports the multinomial loss or wrap the estimator in a OneVsRestClassifier to keep applying a one-versus-rest scheme.
  warnings.warn(
/data2/hy/.local/lib/python3.10/site-packages/sklearn/linear_model/_logistic.py:1296: FutureWarning: Using the 'liblinear' solver for multiclass classification is deprecated. An error will be raised in 1.8. Either use another solver which supports the multinomial loss or wrap the estimator in a OneVsRestClassifier to keep applying a one-versus-rest scheme.
  warnings.warn(
/data2/hy/.local/lib/python3.10/site-packages/sklearn/linear_model/_logistic.py:1296: FutureWarning: Using the 'liblinear' solver for multiclass classification is deprecated. An error will be raised in 1.8. Either use another solver which supports the multinomial loss or wrap the estimator in a OneVsRestClassifier to keep applying a one-versus-rest scheme.
  warnings.warn(
/data2/hy/.local/lib/python3.10/site-packages/sklearn/linear_model/_logistic.py:1296: FutureWarning: Using the 'liblinear' solver for multiclass classification is deprecated. An error will be raised in 1.8. Either use another solver which supports the multinomial loss or wrap the estimator in a OneVsRestClassifier to keep applying a one-versus-rest scheme.
  warnings.warn(
/data2/hy/.local/lib/python3.10/site-packages/sklearn/linear_model/_logistic.py:1296: FutureWarning: Using the 'liblinear' solver for multiclass classification is deprecated. An error will be raised in 1.8. Either use another solver which supports the multinomial loss or wrap the estimator in a OneVsRestClassifier to keep applying a one-versus-rest scheme.
  warnings.warn(
/data2/hy/.local/lib/python3.10/site-packages/sklearn/linear_model/_logistic.py:1296: FutureWarning: Using the 'liblinear' solver for multiclass classification is deprecated. An error will be raised in 1.8. Either use another solver which supports the multinomial loss or wrap the estimator in a OneVsRestClassifier to keep applying a one-versus-rest scheme.
  warnings.warn(
/data2/hy/.local/lib/python3.10/site-packages/sklearn/linear_model/_logistic.py:1296: FutureWarning: Using the 'liblinear' solver for multiclass classification is deprecated. An error will be raised in 1.8. Either use another solver which supports the multinomial loss or wrap the estimator in a OneVsRestClassifier to keep applying a one-versus-rest scheme.
  warnings.warn(
/data2/hy/.local/lib/python3.10/site-packages/sklearn/linear_model/_logistic.py:1296: FutureWarning: Using the 'liblinear' solver for multiclass classification is deprecated. An error will be raised in 1.8. Either use another solver which supports the multinomial loss or wrap the estimator in a OneVsRestClassifier to keep applying a one-versus-rest scheme.
  warnings.warn(
/data2/hy/.local/lib/python3.10/site-packages/sklearn/linear_model/_logistic.py:1296: FutureWarning: Using the 'liblinear' solver for multiclass classification is deprecated. An error will be raised in 1.8. Either use another solver which supports the multinomial loss or wrap the estimator in a OneVsRestClassifier to keep applying a one-versus-rest scheme.
  warnings.warn(
/data2/hy/.local/lib/python3.10/site-packages/sklearn/linear_model/_logistic.py:1296: FutureWarning: Using the 'liblinear' solver for multiclass classification is deprecated. An error will be raised in 1.8. Either use another solver which supports the multinomial loss or wrap the estimator in a OneVsRestClassifier to keep applying a one-versus-rest scheme.
  warnings.warn(
/data2/hy/.local/lib/python3.10/site-packages/sklearn/linear_model/_logistic.py:1296: FutureWarning: Using the 'liblinear' solver for multiclass classification is deprecated. An error will be raised in 1.8. Either use another solver which supports the multinomial loss or wrap the estimator in a OneVsRestClassifier to keep applying a one-versus-rest scheme.
  warnings.warn(
/data2/hy/.local/lib/python3.10/site-packages/sklearn/linear_model/_logistic.py:1296: FutureWarning: Using the 'liblinear' solver for multiclass classification is deprecated. An error will be raised in 1.8. Either use another solver which supports the multinomial loss or wrap the estimator in a OneVsRestClassifier to keep applying a one-versus-rest scheme.
  warnings.warn(
/data2/hy/.local/lib/python3.10/site-packages/sklearn/linear_model/_logistic.py:1296: FutureWarning: Using the 'liblinear' solver for multiclass classification is deprecated. An error will be raised in 1.8. Either use another solver which supports the multinomial loss or wrap the estimator in a OneVsRestClassifier to keep applying a one-versus-rest scheme.
  warnings.warn(
/data2/hy/.local/lib/python3.10/site-packages/sklearn/linear_model/_logistic.py:1296: FutureWarning: Using the 'liblinear' solver for multiclass classification is deprecated. An error will be raised in 1.8. Either use another solver which supports the multinomial loss or wrap the estimator in a OneVsRestClassifier to keep applying a one-versus-rest scheme.
  warnings.warn(
/data2/hy/.local/lib/python3.10/site-packages/sklearn/linear_model/_logistic.py:1296: FutureWarning: Using the 'liblinear' solver for multiclass classification is deprecated. An error will be raised in 1.8. Either use another solver which supports the multinomial loss or wrap the estimator in a OneVsRestClassifier to keep applying a one-versus-rest scheme.
  warnings.warn(
/data2/hy/.local/lib/python3.10/site-packages/sklearn/linear_model/_logistic.py:1296: FutureWarning: Using the 'liblinear' solver for multiclass classification is deprecated. An error will be raised in 1.8. Either use another solver which supports the multinomial loss or wrap the estimator in a OneVsRestClassifier to keep applying a one-versus-rest scheme.
  warnings.warn(
/data2/hy/.local/lib/python3.10/site-packages/sklearn/linear_model/_logistic.py:1296: FutureWarning: Using the 'liblinear' solver for multiclass classification is deprecated. An error will be raised in 1.8. Either use another solver which supports the multinomial loss or wrap the estimator in a OneVsRestClassifier to keep applying a one-versus-rest scheme.
  warnings.warn(
/data2/hy/.local/lib/python3.10/site-packages/sklearn/linear_model/_logistic.py:1296: FutureWarning: Using the 'liblinear' solver for multiclass classification is deprecated. An error will be raised in 1.8. Either use another solver which supports the multinomial loss or wrap the estimator in a OneVsRestClassifier to keep applying a one-versus-rest scheme.
  warnings.warn(
/data2/hy/.local/lib/python3.10/site-packages/sklearn/linear_model/_logistic.py:1296: FutureWarning: Using the 'liblinear' solver for multiclass classification is deprecated. An error will be raised in 1.8. Either use another solver which supports the multinomial loss or wrap the estimator in a OneVsRestClassifier to keep applying a one-versus-rest scheme.
  warnings.warn(
/data2/hy/.local/lib/python3.10/site-packages/sklearn/linear_model/_logistic.py:1296: FutureWarning: Using the 'liblinear' solver for multiclass classification is deprecated. An error will be raised in 1.8. Either use another solver which supports the multinomial loss or wrap the estimator in a OneVsRestClassifier to keep applying a one-versus-rest scheme.
  warnings.warn(
/data2/hy/.local/lib/python3.10/site-packages/sklearn/linear_model/_logistic.py:1296: FutureWarning: Using the 'liblinear' solver for multiclass classification is deprecated. An error will be raised in 1.8. Either use another solver which supports the multinomial loss or wrap the estimator in a OneVsRestClassifier to keep applying a one-versus-rest scheme.
  warnings.warn(
/data2/hy/.local/lib/python3.10/site-packages/sklearn/linear_model/_logistic.py:1296: FutureWarning: Using the 'liblinear' solver for multiclass classification is deprecated. An error will be raised in 1.8. Either use another solver which supports the multinomial loss or wrap the estimator in a OneVsRestClassifier to keep applying a one-versus-rest scheme.
  warnings.warn(
/data2/hy/.local/lib/python3.10/site-packages/sklearn/linear_model/_logistic.py:1296: FutureWarning: Using the 'liblinear' solver for multiclass classification is deprecated. An error will be raised in 1.8. Either use another solver which supports the multinomial loss or wrap the estimator in a OneVsRestClassifier to keep applying a one-versus-rest scheme.
  warnings.warn(
/data2/hy/.local/lib/python3.10/site-packages/sklearn/linear_model/_logistic.py:1296: FutureWarning: Using the 'liblinear' solver for multiclass classification is deprecated. An error will be raised in 1.8. Either use another solver which supports the multinomial loss or wrap the estimator in a OneVsRestClassifier to keep applying a one-versus-rest scheme.
  warnings.warn(
/data2/hy/.local/lib/python3.10/site-packages/sklearn/linear_model/_logistic.py:1296: FutureWarning: Using the 'liblinear' solver for multiclass classification is deprecated. An error will be raised in 1.8. Either use another solver which supports the multinomial loss or wrap the estimator in a OneVsRestClassifier to keep applying a one-versus-rest scheme.
  warnings.warn(
/data2/hy/.local/lib/python3.10/site-packages/sklearn/linear_model/_logistic.py:1296: FutureWarning: Using the 'liblinear' solver for multiclass classification is deprecated. An error will be raised in 1.8. Either use another solver which supports the multinomial loss or wrap the estimator in a OneVsRestClassifier to keep applying a one-versus-rest scheme.
  warnings.warn(
/data2/hy/.local/lib/python3.10/site-packages/sklearn/linear_model/_logistic.py:1296: FutureWarning: Using the 'liblinear' solver for multiclass classification is deprecated. An error will be raised in 1.8. Either use another solver which supports the multinomial loss or wrap the estimator in a OneVsRestClassifier to keep applying a one-versus-rest scheme.
  warnings.warn(
/data2/hy/.local/lib/python3.10/site-packages/sklearn/linear_model/_logistic.py:1296: FutureWarning: Using the 'liblinear' solver for multiclass classification is deprecated. An error will be raised in 1.8. Either use another solver which supports the multinomial loss or wrap the estimator in a OneVsRestClassifier to keep applying a one-versus-rest scheme.
  warnings.warn(
/data2/hy/.local/lib/python3.10/site-packages/sklearn/linear_model/_logistic.py:1296: FutureWarning: Using the 'liblinear' solver for multiclass classification is deprecated. An error will be raised in 1.8. Either use another solver which supports the multinomial loss or wrap the estimator in a OneVsRestClassifier to keep applying a one-versus-rest scheme.
  warnings.warn(
/data2/hy/.local/lib/python3.10/site-packages/sklearn/linear_model/_logistic.py:1296: FutureWarning: Using the 'liblinear' solver for multiclass classification is deprecated. An error will be raised in 1.8. Either use another solver which supports the multinomial loss or wrap the estimator in a OneVsRestClassifier to keep applying a one-versus-rest scheme.
  warnings.warn(
/data2/hy/.local/lib/python3.10/site-packages/sklearn/linear_model/_logistic.py:1296: FutureWarning: Using the 'liblinear' solver for multiclass classification is deprecated. An error will be raised in 1.8. Either use another solver which supports the multinomial loss or wrap the estimator in a OneVsRestClassifier to keep applying a one-versus-rest scheme.
  warnings.warn(
/data2/hy/.local/lib/python3.10/site-packages/sklearn/linear_model/_logistic.py:1296: FutureWarning: Using the 'liblinear' solver for multiclass classification is deprecated. An error will be raised in 1.8. Either use another solver which supports the multinomial loss or wrap the estimator in a OneVsRestClassifier to keep applying a one-versus-rest scheme.
  warnings.warn(
/data2/hy/.local/lib/python3.10/site-packages/sklearn/linear_model/_logistic.py:1296: FutureWarning: Using the 'liblinear' solver for multiclass classification is deprecated. An error will be raised in 1.8. Either use another solver which supports the multinomial loss or wrap the estimator in a OneVsRestClassifier to keep applying a one-versus-rest scheme.
  warnings.warn(
/data2/hy/.local/lib/python3.10/site-packages/sklearn/linear_model/_logistic.py:1296: FutureWarning: Using the 'liblinear' solver for multiclass classification is deprecated. An error will be raised in 1.8. Either use another solver which supports the multinomial loss or wrap the estimator in a OneVsRestClassifier to keep applying a one-versus-rest scheme.
  warnings.warn(
/data2/hy/.local/lib/python3.10/site-packages/sklearn/linear_model/_logistic.py:1296: FutureWarning: Using the 'liblinear' solver for multiclass classification is deprecated. An error will be raised in 1.8. Either use another solver which supports the multinomial loss or wrap the estimator in a OneVsRestClassifier to keep applying a one-versus-rest scheme.
  warnings.warn(
/data2/hy/.local/lib/python3.10/site-packages/sklearn/linear_model/_logistic.py:1296: FutureWarning: Using the 'liblinear' solver for multiclass classification is deprecated. An error will be raised in 1.8. Either use another solver which supports the multinomial loss or wrap the estimator in a OneVsRestClassifier to keep applying a one-versus-rest scheme.
  warnings.warn(
/data2/hy/.local/lib/python3.10/site-packages/sklearn/linear_model/_logistic.py:1296: FutureWarning: Using the 'liblinear' solver for multiclass classification is deprecated. An error will be raised in 1.8. Either use another solver which supports the multinomial loss or wrap the estimator in a OneVsRestClassifier to keep applying a one-versus-rest scheme.
  warnings.warn(
/data2/hy/.local/lib/python3.10/site-packages/sklearn/linear_model/_logistic.py:1296: FutureWarning: Using the 'liblinear' solver for multiclass classification is deprecated. An error will be raised in 1.8. Either use another solver which supports the multinomial loss or wrap the estimator in a OneVsRestClassifier to keep applying a one-versus-rest scheme.
  warnings.warn(
/data2/hy/.local/lib/python3.10/site-packages/sklearn/linear_model/_logistic.py:1296: FutureWarning: Using the 'liblinear' solver for multiclass classification is deprecated. An error will be raised in 1.8. Either use another solver which supports the multinomial loss or wrap the estimator in a OneVsRestClassifier to keep applying a one-versus-rest scheme.
  warnings.warn(
/data2/hy/.local/lib/python3.10/site-packages/sklearn/linear_model/_logistic.py:1296: FutureWarning: Using the 'liblinear' solver for multiclass classification is deprecated. An error will be raised in 1.8. Either use another solver which supports the multinomial loss or wrap the estimator in a OneVsRestClassifier to keep applying a one-versus-rest scheme.
  warnings.warn(
/data2/hy/.local/lib/python3.10/site-packages/sklearn/linear_model/_logistic.py:1296: FutureWarning: Using the 'liblinear' solver for multiclass classification is deprecated. An error will be raised in 1.8. Either use another solver which supports the multinomial loss or wrap the estimator in a OneVsRestClassifier to keep applying a one-versus-rest scheme.
  warnings.warn(
/data2/hy/.local/lib/python3.10/site-packages/sklearn/linear_model/_logistic.py:1296: FutureWarning: Using the 'liblinear' solver for multiclass classification is deprecated. An error will be raised in 1.8. Either use another solver which supports the multinomial loss or wrap the estimator in a OneVsRestClassifier to keep applying a one-versus-rest scheme.
  warnings.warn(
/data2/hy/.local/lib/python3.10/site-packages/sklearn/linear_model/_logistic.py:1296: FutureWarning: Using the 'liblinear' solver for multiclass classification is deprecated. An error will be raised in 1.8. Either use another solver which supports the multinomial loss or wrap the estimator in a OneVsRestClassifier to keep applying a one-versus-rest scheme.
  warnings.warn(
/data2/hy/.local/lib/python3.10/site-packages/sklearn/linear_model/_logistic.py:1296: FutureWarning: Using the 'liblinear' solver for multiclass classification is deprecated. An error will be raised in 1.8. Either use another solver which supports the multinomial loss or wrap the estimator in a OneVsRestClassifier to keep applying a one-versus-rest scheme.
  warnings.warn(
/data2/hy/.local/lib/python3.10/site-packages/sklearn/linear_model/_logistic.py:1296: FutureWarning: Using the 'liblinear' solver for multiclass classification is deprecated. An error will be raised in 1.8. Either use another solver which supports the multinomial loss or wrap the estimator in a OneVsRestClassifier to keep applying a one-versus-rest scheme.
  warnings.warn(
/data2/hy/.local/lib/python3.10/site-packages/sklearn/linear_model/_logistic.py:1296: FutureWarning: Using the 'liblinear' solver for multiclass classification is deprecated. An error will be raised in 1.8. Either use another solver which supports the multinomial loss or wrap the estimator in a OneVsRestClassifier to keep applying a one-versus-rest scheme.
  warnings.warn(
/data2/hy/.local/lib/python3.10/site-packages/sklearn/linear_model/_logistic.py:1296: FutureWarning: Using the 'liblinear' solver for multiclass classification is deprecated. An error will be raised in 1.8. Either use another solver which supports the multinomial loss or wrap the estimator in a OneVsRestClassifier to keep applying a one-versus-rest scheme.
  warnings.warn(
/data2/hy/.local/lib/python3.10/site-packages/sklearn/linear_model/_logistic.py:1296: FutureWarning: Using the 'liblinear' solver for multiclass classification is deprecated. An error will be raised in 1.8. Either use another solver which supports the multinomial loss or wrap the estimator in a OneVsRestClassifier to keep applying a one-versus-rest scheme.
  warnings.warn(
/data2/hy/.local/lib/python3.10/site-packages/sklearn/linear_model/_logistic.py:1296: FutureWarning: Using the 'liblinear' solver for multiclass classification is deprecated. An error will be raised in 1.8. Either use another solver which supports the multinomial loss or wrap the estimator in a OneVsRestClassifier to keep applying a one-versus-rest scheme.
  warnings.warn(
/data2/hy/.local/lib/python3.10/site-packages/sklearn/linear_model/_logistic.py:1296: FutureWarning: Using the 'liblinear' solver for multiclass classification is deprecated. An error will be raised in 1.8. Either use another solver which supports the multinomial loss or wrap the estimator in a OneVsRestClassifier to keep applying a one-versus-rest scheme.
  warnings.warn(
/data2/hy/.local/lib/python3.10/site-packages/sklearn/linear_model/_logistic.py:1296: FutureWarning: Using the 'liblinear' solver for multiclass classification is deprecated. An error will be raised in 1.8. Either use another solver which supports the multinomial loss or wrap the estimator in a OneVsRestClassifier to keep applying a one-versus-rest scheme.
  warnings.warn(
/data2/hy/.local/lib/python3.10/site-packages/sklearn/linear_model/_logistic.py:1296: FutureWarning: Using the 'liblinear' solver for multiclass classification is deprecated. An error will be raised in 1.8. Either use another solver which supports the multinomial loss or wrap the estimator in a OneVsRestClassifier to keep applying a one-versus-rest scheme.
  warnings.warn(
/data2/hy/.local/lib/python3.10/site-packages/sklearn/linear_model/_logistic.py:1296: FutureWarning: Using the 'liblinear' solver for multiclass classification is deprecated. An error will be raised in 1.8. Either use another solver which supports the multinomial loss or wrap the estimator in a OneVsRestClassifier to keep applying a one-versus-rest scheme.
  warnings.warn(
/data2/hy/.local/lib/python3.10/site-packages/sklearn/linear_model/_logistic.py:1296: FutureWarning: Using the 'liblinear' solver for multiclass classification is deprecated. An error will be raised in 1.8. Either use another solver which supports the multinomial loss or wrap the estimator in a OneVsRestClassifier to keep applying a one-versus-rest scheme.
  warnings.warn(
/data2/hy/.local/lib/python3.10/site-packages/sklearn/linear_model/_logistic.py:1296: FutureWarning: Using the 'liblinear' solver for multiclass classification is deprecated. An error will be raised in 1.8. Either use another solver which supports the multinomial loss or wrap the estimator in a OneVsRestClassifier to keep applying a one-versus-rest scheme.
  warnings.warn(
/data2/hy/.local/lib/python3.10/site-packages/sklearn/linear_model/_logistic.py:1296: FutureWarning: Using the 'liblinear' solver for multiclass classification is deprecated. An error will be raised in 1.8. Either use another solver which supports the multinomial loss or wrap the estimator in a OneVsRestClassifier to keep applying a one-versus-rest scheme.
  warnings.warn(
/data2/hy/.local/lib/python3.10/site-packages/sklearn/linear_model/_logistic.py:1296: FutureWarning: Using the 'liblinear' solver for multiclass classification is deprecated. An error will be raised in 1.8. Either use another solver which supports the multinomial loss or wrap the estimator in a OneVsRestClassifier to keep applying a one-versus-rest scheme.
  warnings.warn(
/data2/hy/.local/lib/python3.10/site-packages/sklearn/linear_model/_logistic.py:1296: FutureWarning: Using the 'liblinear' solver for multiclass classification is deprecated. An error will be raised in 1.8. Either use another solver which supports the multinomial loss or wrap the estimator in a OneVsRestClassifier to keep applying a one-versus-rest scheme.
  warnings.warn(
/data2/hy/.local/lib/python3.10/site-packages/sklearn/linear_model/_logistic.py:1296: FutureWarning: Using the 'liblinear' solver for multiclass classification is deprecated. An error will be raised in 1.8. Either use another solver which supports the multinomial loss or wrap the estimator in a OneVsRestClassifier to keep applying a one-versus-rest scheme.
  warnings.warn(
/data2/hy/.local/lib/python3.10/site-packages/sklearn/linear_model/_logistic.py:1296: FutureWarning: Using the 'liblinear' solver for multiclass classification is deprecated. An error will be raised in 1.8. Either use another solver which supports the multinomial loss or wrap the estimator in a OneVsRestClassifier to keep applying a one-versus-rest scheme.
  warnings.warn(
/data2/hy/.local/lib/python3.10/site-packages/sklearn/linear_model/_logistic.py:1296: FutureWarning: Using the 'liblinear' solver for multiclass classification is deprecated. An error will be raised in 1.8. Either use another solver which supports the multinomial loss or wrap the estimator in a OneVsRestClassifier to keep applying a one-versus-rest scheme.
  warnings.warn(
/data2/hy/.local/lib/python3.10/site-packages/sklearn/linear_model/_logistic.py:1296: FutureWarning: Using the 'liblinear' solver for multiclass classification is deprecated. An error will be raised in 1.8. Either use another solver which supports the multinomial loss or wrap the estimator in a OneVsRestClassifier to keep applying a one-versus-rest scheme.
  warnings.warn(
/data2/hy/.local/lib/python3.10/site-packages/sklearn/linear_model/_logistic.py:1296: FutureWarning: Using the 'liblinear' solver for multiclass classification is deprecated. An error will be raised in 1.8. Either use another solver which supports the multinomial loss or wrap the estimator in a OneVsRestClassifier to keep applying a one-versus-rest scheme.
  warnings.warn(
/data2/hy/.local/lib/python3.10/site-packages/sklearn/linear_model/_logistic.py:1296: FutureWarning: Using the 'liblinear' solver for multiclass classification is deprecated. An error will be raised in 1.8. Either use another solver which supports the multinomial loss or wrap the estimator in a OneVsRestClassifier to keep applying a one-versus-rest scheme.
  warnings.warn(
/data2/hy/.local/lib/python3.10/site-packages/sklearn/linear_model/_logistic.py:1296: FutureWarning: Using the 'liblinear' solver for multiclass classification is deprecated. An error will be raised in 1.8. Either use another solver which supports the multinomial loss or wrap the estimator in a OneVsRestClassifier to keep applying a one-versus-rest scheme.
  warnings.warn(
/data2/hy/.local/lib/python3.10/site-packages/sklearn/linear_model/_logistic.py:1296: FutureWarning: Using the 'liblinear' solver for multiclass classification is deprecated. An error will be raised in 1.8. Either use another solver which supports the multinomial loss or wrap the estimator in a OneVsRestClassifier to keep applying a one-versus-rest scheme.
  warnings.warn(
/data2/hy/.local/lib/python3.10/site-packages/sklearn/linear_model/_logistic.py:1296: FutureWarning: Using the 'liblinear' solver for multiclass classification is deprecated. An error will be raised in 1.8. Either use another solver which supports the multinomial loss or wrap the estimator in a OneVsRestClassifier to keep applying a one-versus-rest scheme.
  warnings.warn(
/data2/hy/.local/lib/python3.10/site-packages/sklearn/linear_model/_logistic.py:1296: FutureWarning: Using the 'liblinear' solver for multiclass classification is deprecated. An error will be raised in 1.8. Either use another solver which supports the multinomial loss or wrap the estimator in a OneVsRestClassifier to keep applying a one-versus-rest scheme.
  warnings.warn(
/data2/hy/.local/lib/python3.10/site-packages/sklearn/linear_model/_logistic.py:1296: FutureWarning: Using the 'liblinear' solver for multiclass classification is deprecated. An error will be raised in 1.8. Either use another solver which supports the multinomial loss or wrap the estimator in a OneVsRestClassifier to keep applying a one-versus-rest scheme.
  warnings.warn(
/data2/hy/.local/lib/python3.10/site-packages/sklearn/linear_model/_logistic.py:1296: FutureWarning: Using the 'liblinear' solver for multiclass classification is deprecated. An error will be raised in 1.8. Either use another solver which supports the multinomial loss or wrap the estimator in a OneVsRestClassifier to keep applying a one-versus-rest scheme.
  warnings.warn(
/data2/hy/.local/lib/python3.10/site-packages/sklearn/linear_model/_logistic.py:1296: FutureWarning: Using the 'liblinear' solver for multiclass classification is deprecated. An error will be raised in 1.8. Either use another solver which supports the multinomial loss or wrap the estimator in a OneVsRestClassifier to keep applying a one-versus-rest scheme.
  warnings.warn(
/data2/hy/.local/lib/python3.10/site-packages/sklearn/linear_model/_logistic.py:1296: FutureWarning: Using the 'liblinear' solver for multiclass classification is deprecated. An error will be raised in 1.8. Either use another solver which supports the multinomial loss or wrap the estimator in a OneVsRestClassifier to keep applying a one-versus-rest scheme.
  warnings.warn(
/data2/hy/.local/lib/python3.10/site-packages/sklearn/linear_model/_logistic.py:1296: FutureWarning: Using the 'liblinear' solver for multiclass classification is deprecated. An error will be raised in 1.8. Either use another solver which supports the multinomial loss or wrap the estimator in a OneVsRestClassifier to keep applying a one-versus-rest scheme.
  warnings.warn(
/data2/hy/.local/lib/python3.10/site-packages/sklearn/linear_model/_logistic.py:1296: FutureWarning: Using the 'liblinear' solver for multiclass classification is deprecated. An error will be raised in 1.8. Either use another solver which supports the multinomial loss or wrap the estimator in a OneVsRestClassifier to keep applying a one-versus-rest scheme.
  warnings.warn(
/data2/hy/.local/lib/python3.10/site-packages/sklearn/linear_model/_logistic.py:1296: FutureWarning: Using the 'liblinear' solver for multiclass classification is deprecated. An error will be raised in 1.8. Either use another solver which supports the multinomial loss or wrap the estimator in a OneVsRestClassifier to keep applying a one-versus-rest scheme.
  warnings.warn(
/data2/hy/.local/lib/python3.10/site-packages/sklearn/linear_model/_logistic.py:1296: FutureWarning: Using the 'liblinear' solver for multiclass classification is deprecated. An error will be raised in 1.8. Either use another solver which supports the multinomial loss or wrap the estimator in a OneVsRestClassifier to keep applying a one-versus-rest scheme.
  warnings.warn(
/data2/hy/.local/lib/python3.10/site-packages/sklearn/linear_model/_logistic.py:1296: FutureWarning: Using the 'liblinear' solver for multiclass classification is deprecated. An error will be raised in 1.8. Either use another solver which supports the multinomial loss or wrap the estimator in a OneVsRestClassifier to keep applying a one-versus-rest scheme.
  warnings.warn(
/data2/hy/.local/lib/python3.10/site-packages/sklearn/linear_model/_logistic.py:1296: FutureWarning: Using the 'liblinear' solver for multiclass classification is deprecated. An error will be raised in 1.8. Either use another solver which supports the multinomial loss or wrap the estimator in a OneVsRestClassifier to keep applying a one-versus-rest scheme.
  warnings.warn(
/data2/hy/.local/lib/python3.10/site-packages/sklearn/linear_model/_logistic.py:1296: FutureWarning: Using the 'liblinear' solver for multiclass classification is deprecated. An error will be raised in 1.8. Either use another solver which supports the multinomial loss or wrap the estimator in a OneVsRestClassifier to keep applying a one-versus-rest scheme.
  warnings.warn(
/data2/hy/.local/lib/python3.10/site-packages/sklearn/linear_model/_logistic.py:1296: FutureWarning: Using the 'liblinear' solver for multiclass classification is deprecated. An error will be raised in 1.8. Either use another solver which supports the multinomial loss or wrap the estimator in a OneVsRestClassifier to keep applying a one-versus-rest scheme.
  warnings.warn(
/data2/hy/.local/lib/python3.10/site-packages/sklearn/linear_model/_logistic.py:1296: FutureWarning: Using the 'liblinear' solver for multiclass classification is deprecated. An error will be raised in 1.8. Either use another solver which supports the multinomial loss or wrap the estimator in a OneVsRestClassifier to keep applying a one-versus-rest scheme.
  warnings.warn(
/data2/hy/.local/lib/python3.10/site-packages/sklearn/linear_model/_logistic.py:1296: FutureWarning: Using the 'liblinear' solver for multiclass classification is deprecated. An error will be raised in 1.8. Either use another solver which supports the multinomial loss or wrap the estimator in a OneVsRestClassifier to keep applying a one-versus-rest scheme.
  warnings.warn(
/data2/hy/.local/lib/python3.10/site-packages/sklearn/linear_model/_logistic.py:1296: FutureWarning: Using the 'liblinear' solver for multiclass classification is deprecated. An error will be raised in 1.8. Either use another solver which supports the multinomial loss or wrap the estimator in a OneVsRestClassifier to keep applying a one-versus-rest scheme.
  warnings.warn(
/data2/hy/.local/lib/python3.10/site-packages/sklearn/linear_model/_logistic.py:1296: FutureWarning: Using the 'liblinear' solver for multiclass classification is deprecated. An error will be raised in 1.8. Either use another solver which supports the multinomial loss or wrap the estimator in a OneVsRestClassifier to keep applying a one-versus-rest scheme.
  warnings.warn(
/data2/hy/.local/lib/python3.10/site-packages/sklearn/linear_model/_logistic.py:1296: FutureWarning: Using the 'liblinear' solver for multiclass classification is deprecated. An error will be raised in 1.8. Either use another solver which supports the multinomial loss or wrap the estimator in a OneVsRestClassifier to keep applying a one-versus-rest scheme.
  warnings.warn(
/data2/hy/.local/lib/python3.10/site-packages/sklearn/linear_model/_logistic.py:1296: FutureWarning: Using the 'liblinear' solver for multiclass classification is deprecated. An error will be raised in 1.8. Either use another solver which supports the multinomial loss or wrap the estimator in a OneVsRestClassifier to keep applying a one-versus-rest scheme.
  warnings.warn(
/data2/hy/.local/lib/python3.10/site-packages/sklearn/linear_model/_logistic.py:1296: FutureWarning: Using the 'liblinear' solver for multiclass classification is deprecated. An error will be raised in 1.8. Either use another solver which supports the multinomial loss or wrap the estimator in a OneVsRestClassifier to keep applying a one-versus-rest scheme.
  warnings.warn(
/data2/hy/.local/lib/python3.10/site-packages/sklearn/linear_model/_logistic.py:1296: FutureWarning: Using the 'liblinear' solver for multiclass classification is deprecated. An error will be raised in 1.8. Either use another solver which supports the multinomial loss or wrap the estimator in a OneVsRestClassifier to keep applying a one-versus-rest scheme.
  warnings.warn(
/data2/hy/.local/lib/python3.10/site-packages/sklearn/linear_model/_logistic.py:1296: FutureWarning: Using the 'liblinear' solver for multiclass classification is deprecated. An error will be raised in 1.8. Either use another solver which supports the multinomial loss or wrap the estimator in a OneVsRestClassifier to keep applying a one-versus-rest scheme.
  warnings.warn(
/data2/hy/.local/lib/python3.10/site-packages/sklearn/linear_model/_logistic.py:1296: FutureWarning: Using the 'liblinear' solver for multiclass classification is deprecated. An error will be raised in 1.8. Either use another solver which supports the multinomial loss or wrap the estimator in a OneVsRestClassifier to keep applying a one-versus-rest scheme.
  warnings.warn(
/data2/hy/.local/lib/python3.10/site-packages/sklearn/linear_model/_logistic.py:1296: FutureWarning: Using the 'liblinear' solver for multiclass classification is deprecated. An error will be raised in 1.8. Either use another solver which supports the multinomial loss or wrap the estimator in a OneVsRestClassifier to keep applying a one-versus-rest scheme.
  warnings.warn(
/data2/hy/.local/lib/python3.10/site-packages/sklearn/linear_model/_logistic.py:1296: FutureWarning: Using the 'liblinear' solver for multiclass classification is deprecated. An error will be raised in 1.8. Either use another solver which supports the multinomial loss or wrap the estimator in a OneVsRestClassifier to keep applying a one-versus-rest scheme.
  warnings.warn(
/data2/hy/.local/lib/python3.10/site-packages/sklearn/linear_model/_logistic.py:1296: FutureWarning: Using the 'liblinear' solver for multiclass classification is deprecated. An error will be raised in 1.8. Either use another solver which supports the multinomial loss or wrap the estimator in a OneVsRestClassifier to keep applying a one-versus-rest scheme.
  warnings.warn(
/data2/hy/.local/lib/python3.10/site-packages/sklearn/linear_model/_logistic.py:1296: FutureWarning: Using the 'liblinear' solver for multiclass classification is deprecated. An error will be raised in 1.8. Either use another solver which supports the multinomial loss or wrap the estimator in a OneVsRestClassifier to keep applying a one-versus-rest scheme.
  warnings.warn(
/data2/hy/.local/lib/python3.10/site-packages/sklearn/linear_model/_logistic.py:1296: FutureWarning: Using the 'liblinear' solver for multiclass classification is deprecated. An error will be raised in 1.8. Either use another solver which supports the multinomial loss or wrap the estimator in a OneVsRestClassifier to keep applying a one-versus-rest scheme.
  warnings.warn(
/data2/hy/.local/lib/python3.10/site-packages/sklearn/linear_model/_logistic.py:1296: FutureWarning: Using the 'liblinear' solver for multiclass classification is deprecated. An error will be raised in 1.8. Either use another solver which supports the multinomial loss or wrap the estimator in a OneVsRestClassifier to keep applying a one-versus-rest scheme.
  warnings.warn(
/data2/hy/.local/lib/python3.10/site-packages/sklearn/linear_model/_logistic.py:1296: FutureWarning: Using the 'liblinear' solver for multiclass classification is deprecated. An error will be raised in 1.8. Either use another solver which supports the multinomial loss or wrap the estimator in a OneVsRestClassifier to keep applying a one-versus-rest scheme.
  warnings.warn(
/data2/hy/.local/lib/python3.10/site-packages/sklearn/linear_model/_logistic.py:1296: FutureWarning: Using the 'liblinear' solver for multiclass classification is deprecated. An error will be raised in 1.8. Either use another solver which supports the multinomial loss or wrap the estimator in a OneVsRestClassifier to keep applying a one-versus-rest scheme.
  warnings.warn(
/data2/hy/.local/lib/python3.10/site-packages/sklearn/linear_model/_logistic.py:1296: FutureWarning: Using the 'liblinear' solver for multiclass classification is deprecated. An error will be raised in 1.8. Either use another solver which supports the multinomial loss or wrap the estimator in a OneVsRestClassifier to keep applying a one-versus-rest scheme.
  warnings.warn(
/data2/hy/.local/lib/python3.10/site-packages/sklearn/linear_model/_logistic.py:1296: FutureWarning: Using the 'liblinear' solver for multiclass classification is deprecated. An error will be raised in 1.8. Either use another solver which supports the multinomial loss or wrap the estimator in a OneVsRestClassifier to keep applying a one-versus-rest scheme.
  warnings.warn(
/data2/hy/.local/lib/python3.10/site-packages/sklearn/linear_model/_logistic.py:1296: FutureWarning: Using the 'liblinear' solver for multiclass classification is deprecated. An error will be raised in 1.8. Either use another solver which supports the multinomial loss or wrap the estimator in a OneVsRestClassifier to keep applying a one-versus-rest scheme.
  warnings.warn(
/data2/hy/.local/lib/python3.10/site-packages/sklearn/linear_model/_logistic.py:1296: FutureWarning: Using the 'liblinear' solver for multiclass classification is deprecated. An error will be raised in 1.8. Either use another solver which supports the multinomial loss or wrap the estimator in a OneVsRestClassifier to keep applying a one-versus-rest scheme.
  warnings.warn(
/data2/hy/.local/lib/python3.10/site-packages/sklearn/linear_model/_logistic.py:1296: FutureWarning: Using the 'liblinear' solver for multiclass classification is deprecated. An error will be raised in 1.8. Either use another solver which supports the multinomial loss or wrap the estimator in a OneVsRestClassifier to keep applying a one-versus-rest scheme.
  warnings.warn(
/data2/hy/.local/lib/python3.10/site-packages/sklearn/linear_model/_logistic.py:1296: FutureWarning: Using the 'liblinear' solver for multiclass classification is deprecated. An error will be raised in 1.8. Either use another solver which supports the multinomial loss or wrap the estimator in a OneVsRestClassifier to keep applying a one-versus-rest scheme.
  warnings.warn(
/data2/hy/.local/lib/python3.10/site-packages/sklearn/linear_model/_logistic.py:1296: FutureWarning: Using the 'liblinear' solver for multiclass classification is deprecated. An error will be raised in 1.8. Either use another solver which supports the multinomial loss or wrap the estimator in a OneVsRestClassifier to keep applying a one-versus-rest scheme.
  warnings.warn(
/data2/hy/.local/lib/python3.10/site-packages/sklearn/linear_model/_logistic.py:1296: FutureWarning: Using the 'liblinear' solver for multiclass classification is deprecated. An error will be raised in 1.8. Either use another solver which supports the multinomial loss or wrap the estimator in a OneVsRestClassifier to keep applying a one-versus-rest scheme.
  warnings.warn(
/data2/hy/.local/lib/python3.10/site-packages/sklearn/linear_model/_logistic.py:1296: FutureWarning: Using the 'liblinear' solver for multiclass classification is deprecated. An error will be raised in 1.8. Either use another solver which supports the multinomial loss or wrap the estimator in a OneVsRestClassifier to keep applying a one-versus-rest scheme.
  warnings.warn(
/data2/hy/.local/lib/python3.10/site-packages/sklearn/linear_model/_logistic.py:1296: FutureWarning: Using the 'liblinear' solver for multiclass classification is deprecated. An error will be raised in 1.8. Either use another solver which supports the multinomial loss or wrap the estimator in a OneVsRestClassifier to keep applying a one-versus-rest scheme.
  warnings.warn(
/data2/hy/.local/lib/python3.10/site-packages/sklearn/linear_model/_logistic.py:1296: FutureWarning: Using the 'liblinear' solver for multiclass classification is deprecated. An error will be raised in 1.8. Either use another solver which supports the multinomial loss or wrap the estimator in a OneVsRestClassifier to keep applying a one-versus-rest scheme.
  warnings.warn(
/data2/hy/.local/lib/python3.10/site-packages/sklearn/linear_model/_logistic.py:1296: FutureWarning: Using the 'liblinear' solver for multiclass classification is deprecated. An error will be raised in 1.8. Either use another solver which supports the multinomial loss or wrap the estimator in a OneVsRestClassifier to keep applying a one-versus-rest scheme.
  warnings.warn(
/data2/hy/.local/lib/python3.10/site-packages/sklearn/linear_model/_logistic.py:1296: FutureWarning: Using the 'liblinear' solver for multiclass classification is deprecated. An error will be raised in 1.8. Either use another solver which supports the multinomial loss or wrap the estimator in a OneVsRestClassifier to keep applying a one-versus-rest scheme.
  warnings.warn(
/data2/hy/.local/lib/python3.10/site-packages/sklearn/linear_model/_logistic.py:1296: FutureWarning: Using the 'liblinear' solver for multiclass classification is deprecated. An error will be raised in 1.8. Either use another solver which supports the multinomial loss or wrap the estimator in a OneVsRestClassifier to keep applying a one-versus-rest scheme.
  warnings.warn(
/data2/hy/.local/lib/python3.10/site-packages/sklearn/linear_model/_logistic.py:1296: FutureWarning: Using the 'liblinear' solver for multiclass classification is deprecated. An error will be raised in 1.8. Either use another solver which supports the multinomial loss or wrap the estimator in a OneVsRestClassifier to keep applying a one-versus-rest scheme.
  warnings.warn(
/data2/hy/.local/lib/python3.10/site-packages/sklearn/linear_model/_logistic.py:1296: FutureWarning: Using the 'liblinear' solver for multiclass classification is deprecated. An error will be raised in 1.8. Either use another solver which supports the multinomial loss or wrap the estimator in a OneVsRestClassifier to keep applying a one-versus-rest scheme.
  warnings.warn(
/data2/hy/.local/lib/python3.10/site-packages/sklearn/linear_model/_logistic.py:1296: FutureWarning: Using the 'liblinear' solver for multiclass classification is deprecated. An error will be raised in 1.8. Either use another solver which supports the multinomial loss or wrap the estimator in a OneVsRestClassifier to keep applying a one-versus-rest scheme.
  warnings.warn(
/data2/hy/.local/lib/python3.10/site-packages/sklearn/linear_model/_logistic.py:1296: FutureWarning: Using the 'liblinear' solver for multiclass classification is deprecated. An error will be raised in 1.8. Either use another solver which supports the multinomial loss or wrap the estimator in a OneVsRestClassifier to keep applying a one-versus-rest scheme.
  warnings.warn(
/data2/hy/.local/lib/python3.10/site-packages/sklearn/linear_model/_logistic.py:1296: FutureWarning: Using the 'liblinear' solver for multiclass classification is deprecated. An error will be raised in 1.8. Either use another solver which supports the multinomial loss or wrap the estimator in a OneVsRestClassifier to keep applying a one-versus-rest scheme.
  warnings.warn(
/data2/hy/.local/lib/python3.10/site-packages/sklearn/linear_model/_logistic.py:1296: FutureWarning: Using the 'liblinear' solver for multiclass classification is deprecated. An error will be raised in 1.8. Either use another solver which supports the multinomial loss or wrap the estimator in a OneVsRestClassifier to keep applying a one-versus-rest scheme.
  warnings.warn(
/data2/hy/.local/lib/python3.10/site-packages/sklearn/linear_model/_logistic.py:1296: FutureWarning: Using the 'liblinear' solver for multiclass classification is deprecated. An error will be raised in 1.8. Either use another solver which supports the multinomial loss or wrap the estimator in a OneVsRestClassifier to keep applying a one-versus-rest scheme.
  warnings.warn(
/data2/hy/.local/lib/python3.10/site-packages/sklearn/linear_model/_logistic.py:1296: FutureWarning: Using the 'liblinear' solver for multiclass classification is deprecated. An error will be raised in 1.8. Either use another solver which supports the multinomial loss or wrap the estimator in a OneVsRestClassifier to keep applying a one-versus-rest scheme.
  warnings.warn(
/data2/hy/.local/lib/python3.10/site-packages/sklearn/linear_model/_logistic.py:1296: FutureWarning: Using the 'liblinear' solver for multiclass classification is deprecated. An error will be raised in 1.8. Either use another solver which supports the multinomial loss or wrap the estimator in a OneVsRestClassifier to keep applying a one-versus-rest scheme.
  warnings.warn(
/data2/hy/.local/lib/python3.10/site-packages/sklearn/linear_model/_logistic.py:1296: FutureWarning: Using the 'liblinear' solver for multiclass classification is deprecated. An error will be raised in 1.8. Either use another solver which supports the multinomial loss or wrap the estimator in a OneVsRestClassifier to keep applying a one-versus-rest scheme.
  warnings.warn(
/data2/hy/.local/lib/python3.10/site-packages/sklearn/linear_model/_logistic.py:1296: FutureWarning: Using the 'liblinear' solver for multiclass classification is deprecated. An error will be raised in 1.8. Either use another solver which supports the multinomial loss or wrap the estimator in a OneVsRestClassifier to keep applying a one-versus-rest scheme.
  warnings.warn(
/data2/hy/.local/lib/python3.10/site-packages/sklearn/linear_model/_logistic.py:1296: FutureWarning: Using the 'liblinear' solver for multiclass classification is deprecated. An error will be raised in 1.8. Either use another solver which supports the multinomial loss or wrap the estimator in a OneVsRestClassifier to keep applying a one-versus-rest scheme.
  warnings.warn(
/data2/hy/.local/lib/python3.10/site-packages/sklearn/linear_model/_logistic.py:1296: FutureWarning: Using the 'liblinear' solver for multiclass classification is deprecated. An error will be raised in 1.8. Either use another solver which supports the multinomial loss or wrap the estimator in a OneVsRestClassifier to keep applying a one-versus-rest scheme.
  warnings.warn(
/data2/hy/.local/lib/python3.10/site-packages/sklearn/linear_model/_logistic.py:1296: FutureWarning: Using the 'liblinear' solver for multiclass classification is deprecated. An error will be raised in 1.8. Either use another solver which supports the multinomial loss or wrap the estimator in a OneVsRestClassifier to keep applying a one-versus-rest scheme.
  warnings.warn(
/data2/hy/.local/lib/python3.10/site-packages/sklearn/linear_model/_logistic.py:1296: FutureWarning: Using the 'liblinear' solver for multiclass classification is deprecated. An error will be raised in 1.8. Either use another solver which supports the multinomial loss or wrap the estimator in a OneVsRestClassifier to keep applying a one-versus-rest scheme.
  warnings.warn(
/data2/hy/.local/lib/python3.10/site-packages/sklearn/linear_model/_logistic.py:1296: FutureWarning: Using the 'liblinear' solver for multiclass classification is deprecated. An error will be raised in 1.8. Either use another solver which supports the multinomial loss or wrap the estimator in a OneVsRestClassifier to keep applying a one-versus-rest scheme.
  warnings.warn(
/data2/hy/.local/lib/python3.10/site-packages/sklearn/linear_model/_logistic.py:1296: FutureWarning: Using the 'liblinear' solver for multiclass classification is deprecated. An error will be raised in 1.8. Either use another solver which supports the multinomial loss or wrap the estimator in a OneVsRestClassifier to keep applying a one-versus-rest scheme.
  warnings.warn(
/data2/hy/.local/lib/python3.10/site-packages/sklearn/linear_model/_logistic.py:1296: FutureWarning: Using the 'liblinear' solver for multiclass classification is deprecated. An error will be raised in 1.8. Either use another solver which supports the multinomial loss or wrap the estimator in a OneVsRestClassifier to keep applying a one-versus-rest scheme.
  warnings.warn(
/data2/hy/.local/lib/python3.10/site-packages/sklearn/linear_model/_logistic.py:1296: FutureWarning: Using the 'liblinear' solver for multiclass classification is deprecated. An error will be raised in 1.8. Either use another solver which supports the multinomial loss or wrap the estimator in a OneVsRestClassifier to keep applying a one-versus-rest scheme.
  warnings.warn(
/data2/hy/.local/lib/python3.10/site-packages/sklearn/linear_model/_logistic.py:1296: FutureWarning: Using the 'liblinear' solver for multiclass classification is deprecated. An error will be raised in 1.8. Either use another solver which supports the multinomial loss or wrap the estimator in a OneVsRestClassifier to keep applying a one-versus-rest scheme.
  warnings.warn(
/data2/hy/.local/lib/python3.10/site-packages/sklearn/linear_model/_logistic.py:1296: FutureWarning: Using the 'liblinear' solver for multiclass classification is deprecated. An error will be raised in 1.8. Either use another solver which supports the multinomial loss or wrap the estimator in a OneVsRestClassifier to keep applying a one-versus-rest scheme.
  warnings.warn(
/data2/hy/.local/lib/python3.10/site-packages/sklearn/linear_model/_logistic.py:1296: FutureWarning: Using the 'liblinear' solver for multiclass classification is deprecated. An error will be raised in 1.8. Either use another solver which supports the multinomial loss or wrap the estimator in a OneVsRestClassifier to keep applying a one-versus-rest scheme.
  warnings.warn(
/data2/hy/.local/lib/python3.10/site-packages/sklearn/linear_model/_logistic.py:1296: FutureWarning: Using the 'liblinear' solver for multiclass classification is deprecated. An error will be raised in 1.8. Either use another solver which supports the multinomial loss or wrap the estimator in a OneVsRestClassifier to keep applying a one-versus-rest scheme.
  warnings.warn(
/data2/hy/.local/lib/python3.10/site-packages/sklearn/linear_model/_logistic.py:1296: FutureWarning: Using the 'liblinear' solver for multiclass classification is deprecated. An error will be raised in 1.8. Either use another solver which supports the multinomial loss or wrap the estimator in a OneVsRestClassifier to keep applying a one-versus-rest scheme.
  warnings.warn(
/data2/hy/.local/lib/python3.10/site-packages/sklearn/linear_model/_logistic.py:1296: FutureWarning: Using the 'liblinear' solver for multiclass classification is deprecated. An error will be raised in 1.8. Either use another solver which supports the multinomial loss or wrap the estimator in a OneVsRestClassifier to keep applying a one-versus-rest scheme.
  warnings.warn(
/data2/hy/.local/lib/python3.10/site-packages/sklearn/linear_model/_logistic.py:1296: FutureWarning: Using the 'liblinear' solver for multiclass classification is deprecated. An error will be raised in 1.8. Either use another solver which supports the multinomial loss or wrap the estimator in a OneVsRestClassifier to keep applying a one-versus-rest scheme.
  warnings.warn(
/data2/hy/.local/lib/python3.10/site-packages/sklearn/linear_model/_logistic.py:1296: FutureWarning: Using the 'liblinear' solver for multiclass classification is deprecated. An error will be raised in 1.8. Either use another solver which supports the multinomial loss or wrap the estimator in a OneVsRestClassifier to keep applying a one-versus-rest scheme.
  warnings.warn(
/data2/hy/.local/lib/python3.10/site-packages/sklearn/linear_model/_logistic.py:1296: FutureWarning: Using the 'liblinear' solver for multiclass classification is deprecated. An error will be raised in 1.8. Either use another solver which supports the multinomial loss or wrap the estimator in a OneVsRestClassifier to keep applying a one-versus-rest scheme.
  warnings.warn(
/data2/hy/.local/lib/python3.10/site-packages/sklearn/linear_model/_logistic.py:1296: FutureWarning: Using the 'liblinear' solver for multiclass classification is deprecated. An error will be raised in 1.8. Either use another solver which supports the multinomial loss or wrap the estimator in a OneVsRestClassifier to keep applying a one-versus-rest scheme.
  warnings.warn(
/data2/hy/.local/lib/python3.10/site-packages/sklearn/linear_model/_logistic.py:1296: FutureWarning: Using the 'liblinear' solver for multiclass classification is deprecated. An error will be raised in 1.8. Either use another solver which supports the multinomial loss or wrap the estimator in a OneVsRestClassifier to keep applying a one-versus-rest scheme.
  warnings.warn(
/data2/hy/.local/lib/python3.10/site-packages/sklearn/linear_model/_logistic.py:1296: FutureWarning: Using the 'liblinear' solver for multiclass classification is deprecated. An error will be raised in 1.8. Either use another solver which supports the multinomial loss or wrap the estimator in a OneVsRestClassifier to keep applying a one-versus-rest scheme.
  warnings.warn(
/data2/hy/.local/lib/python3.10/site-packages/sklearn/linear_model/_logistic.py:1296: FutureWarning: Using the 'liblinear' solver for multiclass classification is deprecated. An error will be raised in 1.8. Either use another solver which supports the multinomial loss or wrap the estimator in a OneVsRestClassifier to keep applying a one-versus-rest scheme.
  warnings.warn(
/data2/hy/.local/lib/python3.10/site-packages/sklearn/linear_model/_logistic.py:1296: FutureWarning: Using the 'liblinear' solver for multiclass classification is deprecated. An error will be raised in 1.8. Either use another solver which supports the multinomial loss or wrap the estimator in a OneVsRestClassifier to keep applying a one-versus-rest scheme.
  warnings.warn(
/data2/hy/.local/lib/python3.10/site-packages/sklearn/linear_model/_logistic.py:1296: FutureWarning: Using the 'liblinear' solver for multiclass classification is deprecated. An error will be raised in 1.8. Either use another solver which supports the multinomial loss or wrap the estimator in a OneVsRestClassifier to keep applying a one-versus-rest scheme.
  warnings.warn(
/data2/hy/.local/lib/python3.10/site-packages/sklearn/linear_model/_logistic.py:1296: FutureWarning: Using the 'liblinear' solver for multiclass classification is deprecated. An error will be raised in 1.8. Either use another solver which supports the multinomial loss or wrap the estimator in a OneVsRestClassifier to keep applying a one-versus-rest scheme.
  warnings.warn(
/data2/hy/.local/lib/python3.10/site-packages/sklearn/linear_model/_logistic.py:1296: FutureWarning: Using the 'liblinear' solver for multiclass classification is deprecated. An error will be raised in 1.8. Either use another solver which supports the multinomial loss or wrap the estimator in a OneVsRestClassifier to keep applying a one-versus-rest scheme.
  warnings.warn(
/data2/hy/.local/lib/python3.10/site-packages/sklearn/linear_model/_logistic.py:1296: FutureWarning: Using the 'liblinear' solver for multiclass classification is deprecated. An error will be raised in 1.8. Either use another solver which supports the multinomial loss or wrap the estimator in a OneVsRestClassifier to keep applying a one-versus-rest scheme.
  warnings.warn(
/data2/hy/.local/lib/python3.10/site-packages/sklearn/linear_model/_logistic.py:1296: FutureWarning: Using the 'liblinear' solver for multiclass classification is deprecated. An error will be raised in 1.8. Either use another solver which supports the multinomial loss or wrap the estimator in a OneVsRestClassifier to keep applying a one-versus-rest scheme.
  warnings.warn(
/data2/hy/.local/lib/python3.10/site-packages/sklearn/linear_model/_logistic.py:1296: FutureWarning: Using the 'liblinear' solver for multiclass classification is deprecated. An error will be raised in 1.8. Either use another solver which supports the multinomial loss or wrap the estimator in a OneVsRestClassifier to keep applying a one-versus-rest scheme.
  warnings.warn(
/data2/hy/.local/lib/python3.10/site-packages/sklearn/linear_model/_logistic.py:1296: FutureWarning: Using the 'liblinear' solver for multiclass classification is deprecated. An error will be raised in 1.8. Either use another solver which supports the multinomial loss or wrap the estimator in a OneVsRestClassifier to keep applying a one-versus-rest scheme.
  warnings.warn(
/data2/hy/.local/lib/python3.10/site-packages/sklearn/linear_model/_logistic.py:1296: FutureWarning: Using the 'liblinear' solver for multiclass classification is deprecated. An error will be raised in 1.8. Either use another solver which supports the multinomial loss or wrap the estimator in a OneVsRestClassifier to keep applying a one-versus-rest scheme.
  warnings.warn(
/data2/hy/.local/lib/python3.10/site-packages/sklearn/linear_model/_logistic.py:1296: FutureWarning: Using the 'liblinear' solver for multiclass classification is deprecated. An error will be raised in 1.8. Either use another solver which supports the multinomial loss or wrap the estimator in a OneVsRestClassifier to keep applying a one-versus-rest scheme.
  warnings.warn(
/data2/hy/.local/lib/python3.10/site-packages/sklearn/linear_model/_logistic.py:1296: FutureWarning: Using the 'liblinear' solver for multiclass classification is deprecated. An error will be raised in 1.8. Either use another solver which supports the multinomial loss or wrap the estimator in a OneVsRestClassifier to keep applying a one-versus-rest scheme.
  warnings.warn(
/data2/hy/.local/lib/python3.10/site-packages/sklearn/linear_model/_logistic.py:1296: FutureWarning: Using the 'liblinear' solver for multiclass classification is deprecated. An error will be raised in 1.8. Either use another solver which supports the multinomial loss or wrap the estimator in a OneVsRestClassifier to keep applying a one-versus-rest scheme.
  warnings.warn(
/data2/hy/.local/lib/python3.10/site-packages/sklearn/linear_model/_logistic.py:1296: FutureWarning: Using the 'liblinear' solver for multiclass classification is deprecated. An error will be raised in 1.8. Either use another solver which supports the multinomial loss or wrap the estimator in a OneVsRestClassifier to keep applying a one-versus-rest scheme.
  warnings.warn(
/data2/hy/.local/lib/python3.10/site-packages/sklearn/linear_model/_logistic.py:1296: FutureWarning: Using the 'liblinear' solver for multiclass classification is deprecated. An error will be raised in 1.8. Either use another solver which supports the multinomial loss or wrap the estimator in a OneVsRestClassifier to keep applying a one-versus-rest scheme.
  warnings.warn(
/data2/hy/.local/lib/python3.10/site-packages/sklearn/linear_model/_logistic.py:1296: FutureWarning: Using the 'liblinear' solver for multiclass classification is deprecated. An error will be raised in 1.8. Either use another solver which supports the multinomial loss or wrap the estimator in a OneVsRestClassifier to keep applying a one-versus-rest scheme.
  warnings.warn(
/data2/hy/.local/lib/python3.10/site-packages/sklearn/linear_model/_logistic.py:1296: FutureWarning: Using the 'liblinear' solver for multiclass classification is deprecated. An error will be raised in 1.8. Either use another solver which supports the multinomial loss or wrap the estimator in a OneVsRestClassifier to keep applying a one-versus-rest scheme.
  warnings.warn(
/data2/hy/.local/lib/python3.10/site-packages/sklearn/linear_model/_logistic.py:1296: FutureWarning: Using the 'liblinear' solver for multiclass classification is deprecated. An error will be raised in 1.8. Either use another solver which supports the multinomial loss or wrap the estimator in a OneVsRestClassifier to keep applying a one-versus-rest scheme.
  warnings.warn(
/data2/hy/.local/lib/python3.10/site-packages/sklearn/linear_model/_logistic.py:1296: FutureWarning: Using the 'liblinear' solver for multiclass classification is deprecated. An error will be raised in 1.8. Either use another solver which supports the multinomial loss or wrap the estimator in a OneVsRestClassifier to keep applying a one-versus-rest scheme.
  warnings.warn(
/data2/hy/.local/lib/python3.10/site-packages/sklearn/linear_model/_logistic.py:1296: FutureWarning: Using the 'liblinear' solver for multiclass classification is deprecated. An error will be raised in 1.8. Either use another solver which supports the multinomial loss or wrap the estimator in a OneVsRestClassifier to keep applying a one-versus-rest scheme.
  warnings.warn(
/data2/hy/.local/lib/python3.10/site-packages/sklearn/linear_model/_logistic.py:1296: FutureWarning: Using the 'liblinear' solver for multiclass classification is deprecated. An error will be raised in 1.8. Either use another solver which supports the multinomial loss or wrap the estimator in a OneVsRestClassifier to keep applying a one-versus-rest scheme.
  warnings.warn(
/data2/hy/.local/lib/python3.10/site-packages/sklearn/linear_model/_logistic.py:1296: FutureWarning: Using the 'liblinear' solver for multiclass classification is deprecated. An error will be raised in 1.8. Either use another solver which supports the multinomial loss or wrap the estimator in a OneVsRestClassifier to keep applying a one-versus-rest scheme.
  warnings.warn(
/data2/hy/.local/lib/python3.10/site-packages/sklearn/linear_model/_logistic.py:1296: FutureWarning: Using the 'liblinear' solver for multiclass classification is deprecated. An error will be raised in 1.8. Either use another solver which supports the multinomial loss or wrap the estimator in a OneVsRestClassifier to keep applying a one-versus-rest scheme.
  warnings.warn(
/data2/hy/.local/lib/python3.10/site-packages/sklearn/linear_model/_logistic.py:1296: FutureWarning: Using the 'liblinear' solver for multiclass classification is deprecated. An error will be raised in 1.8. Either use another solver which supports the multinomial loss or wrap the estimator in a OneVsRestClassifier to keep applying a one-versus-rest scheme.
  warnings.warn(
/data2/hy/.local/lib/python3.10/site-packages/sklearn/linear_model/_logistic.py:1296: FutureWarning: Using the 'liblinear' solver for multiclass classification is deprecated. An error will be raised in 1.8. Either use another solver which supports the multinomial loss or wrap the estimator in a OneVsRestClassifier to keep applying a one-versus-rest scheme.
  warnings.warn(
/data2/hy/.local/lib/python3.10/site-packages/sklearn/linear_model/_logistic.py:1296: FutureWarning: Using the 'liblinear' solver for multiclass classification is deprecated. An error will be raised in 1.8. Either use another solver which supports the multinomial loss or wrap the estimator in a OneVsRestClassifier to keep applying a one-versus-rest scheme.
  warnings.warn(
/data2/hy/.local/lib/python3.10/site-packages/sklearn/linear_model/_logistic.py:1296: FutureWarning: Using the 'liblinear' solver for multiclass classification is deprecated. An error will be raised in 1.8. Either use another solver which supports the multinomial loss or wrap the estimator in a OneVsRestClassifier to keep applying a one-versus-rest scheme.
  warnings.warn(
/data2/hy/.local/lib/python3.10/site-packages/sklearn/linear_model/_logistic.py:1296: FutureWarning: Using the 'liblinear' solver for multiclass classification is deprecated. An error will be raised in 1.8. Either use another solver which supports the multinomial loss or wrap the estimator in a OneVsRestClassifier to keep applying a one-versus-rest scheme.
  warnings.warn(
/data2/hy/.local/lib/python3.10/site-packages/sklearn/linear_model/_logistic.py:1296: FutureWarning: Using the 'liblinear' solver for multiclass classification is deprecated. An error will be raised in 1.8. Either use another solver which supports the multinomial loss or wrap the estimator in a OneVsRestClassifier to keep applying a one-versus-rest scheme.
  warnings.warn(
/data2/hy/.local/lib/python3.10/site-packages/sklearn/linear_model/_logistic.py:1296: FutureWarning: Using the 'liblinear' solver for multiclass classification is deprecated. An error will be raised in 1.8. Either use another solver which supports the multinomial loss or wrap the estimator in a OneVsRestClassifier to keep applying a one-versus-rest scheme.
  warnings.warn(
/data2/hy/.local/lib/python3.10/site-packages/sklearn/linear_model/_logistic.py:1296: FutureWarning: Using the 'liblinear' solver for multiclass classification is deprecated. An error will be raised in 1.8. Either use another solver which supports the multinomial loss or wrap the estimator in a OneVsRestClassifier to keep applying a one-versus-rest scheme.
  warnings.warn(
/data2/hy/.local/lib/python3.10/site-packages/sklearn/linear_model/_logistic.py:1296: FutureWarning: Using the 'liblinear' solver for multiclass classification is deprecated. An error will be raised in 1.8. Either use another solver which supports the multinomial loss or wrap the estimator in a OneVsRestClassifier to keep applying a one-versus-rest scheme.
  warnings.warn(
/data2/hy/.local/lib/python3.10/site-packages/sklearn/linear_model/_logistic.py:1296: FutureWarning: Using the 'liblinear' solver for multiclass classification is deprecated. An error will be raised in 1.8. Either use another solver which supports the multinomial loss or wrap the estimator in a OneVsRestClassifier to keep applying a one-versus-rest scheme.
  warnings.warn(
/data2/hy/.local/lib/python3.10/site-packages/sklearn/linear_model/_logistic.py:1296: FutureWarning: Using the 'liblinear' solver for multiclass classification is deprecated. An error will be raised in 1.8. Either use another solver which supports the multinomial loss or wrap the estimator in a OneVsRestClassifier to keep applying a one-versus-rest scheme.
  warnings.warn(
/data2/hy/.local/lib/python3.10/site-packages/sklearn/linear_model/_logistic.py:1296: FutureWarning: Using the 'liblinear' solver for multiclass classification is deprecated. An error will be raised in 1.8. Either use another solver which supports the multinomial loss or wrap the estimator in a OneVsRestClassifier to keep applying a one-versus-rest scheme.
  warnings.warn(
/data2/hy/.local/lib/python3.10/site-packages/sklearn/linear_model/_logistic.py:1296: FutureWarning: Using the 'liblinear' solver for multiclass classification is deprecated. An error will be raised in 1.8. Either use another solver which supports the multinomial loss or wrap the estimator in a OneVsRestClassifier to keep applying a one-versus-rest scheme.
  warnings.warn(
/data2/hy/.local/lib/python3.10/site-packages/sklearn/linear_model/_logistic.py:1296: FutureWarning: Using the 'liblinear' solver for multiclass classification is deprecated. An error will be raised in 1.8. Either use another solver which supports the multinomial loss or wrap the estimator in a OneVsRestClassifier to keep applying a one-versus-rest scheme.
  warnings.warn(
/data2/hy/.local/lib/python3.10/site-packages/sklearn/linear_model/_logistic.py:1296: FutureWarning: Using the 'liblinear' solver for multiclass classification is deprecated. An error will be raised in 1.8. Either use another solver which supports the multinomial loss or wrap the estimator in a OneVsRestClassifier to keep applying a one-versus-rest scheme.
  warnings.warn(
/data2/hy/.local/lib/python3.10/site-packages/sklearn/linear_model/_logistic.py:1296: FutureWarning: Using the 'liblinear' solver for multiclass classification is deprecated. An error will be raised in 1.8. Either use another solver which supports the multinomial loss or wrap the estimator in a OneVsRestClassifier to keep applying a one-versus-rest scheme.
  warnings.warn(
/data2/hy/.local/lib/python3.10/site-packages/sklearn/linear_model/_logistic.py:1296: FutureWarning: Using the 'liblinear' solver for multiclass classification is deprecated. An error will be raised in 1.8. Either use another solver which supports the multinomial loss or wrap the estimator in a OneVsRestClassifier to keep applying a one-versus-rest scheme.
  warnings.warn(
/data2/hy/.local/lib/python3.10/site-packages/sklearn/linear_model/_logistic.py:1296: FutureWarning: Using the 'liblinear' solver for multiclass classification is deprecated. An error will be raised in 1.8. Either use another solver which supports the multinomial loss or wrap the estimator in a OneVsRestClassifier to keep applying a one-versus-rest scheme.
  warnings.warn(
/data2/hy/.local/lib/python3.10/site-packages/sklearn/linear_model/_logistic.py:1296: FutureWarning: Using the 'liblinear' solver for multiclass classification is deprecated. An error will be raised in 1.8. Either use another solver which supports the multinomial loss or wrap the estimator in a OneVsRestClassifier to keep applying a one-versus-rest scheme.
  warnings.warn(
/data2/hy/.local/lib/python3.10/site-packages/sklearn/linear_model/_logistic.py:1296: FutureWarning: Using the 'liblinear' solver for multiclass classification is deprecated. An error will be raised in 1.8. Either use another solver which supports the multinomial loss or wrap the estimator in a OneVsRestClassifier to keep applying a one-versus-rest scheme.
  warnings.warn(
/data2/hy/.local/lib/python3.10/site-packages/sklearn/linear_model/_logistic.py:1296: FutureWarning: Using the 'liblinear' solver for multiclass classification is deprecated. An error will be raised in 1.8. Either use another solver which supports the multinomial loss or wrap the estimator in a OneVsRestClassifier to keep applying a one-versus-rest scheme.
  warnings.warn(
/data2/hy/.local/lib/python3.10/site-packages/sklearn/linear_model/_logistic.py:1296: FutureWarning: Using the 'liblinear' solver for multiclass classification is deprecated. An error will be raised in 1.8. Either use another solver which supports the multinomial loss or wrap the estimator in a OneVsRestClassifier to keep applying a one-versus-rest scheme.
  warnings.warn(
/data2/hy/.local/lib/python3.10/site-packages/sklearn/linear_model/_logistic.py:1296: FutureWarning: Using the 'liblinear' solver for multiclass classification is deprecated. An error will be raised in 1.8. Either use another solver which supports the multinomial loss or wrap the estimator in a OneVsRestClassifier to keep applying a one-versus-rest scheme.
  warnings.warn(
/data2/hy/.local/lib/python3.10/site-packages/sklearn/linear_model/_logistic.py:1296: FutureWarning: Using the 'liblinear' solver for multiclass classification is deprecated. An error will be raised in 1.8. Either use another solver which supports the multinomial loss or wrap the estimator in a OneVsRestClassifier to keep applying a one-versus-rest scheme.
  warnings.warn(
/data2/hy/.local/lib/python3.10/site-packages/sklearn/linear_model/_logistic.py:1296: FutureWarning: Using the 'liblinear' solver for multiclass classification is deprecated. An error will be raised in 1.8. Either use another solver which supports the multinomial loss or wrap the estimator in a OneVsRestClassifier to keep applying a one-versus-rest scheme.
  warnings.warn(
/data2/hy/.local/lib/python3.10/site-packages/sklearn/linear_model/_logistic.py:1296: FutureWarning: Using the 'liblinear' solver for multiclass classification is deprecated. An error will be raised in 1.8. Either use another solver which supports the multinomial loss or wrap the estimator in a OneVsRestClassifier to keep applying a one-versus-rest scheme.
  warnings.warn(
/data2/hy/.local/lib/python3.10/site-packages/sklearn/linear_model/_logistic.py:1296: FutureWarning: Using the 'liblinear' solver for multiclass classification is deprecated. An error will be raised in 1.8. Either use another solver which supports the multinomial loss or wrap the estimator in a OneVsRestClassifier to keep applying a one-versus-rest scheme.
  warnings.warn(
/data2/hy/.local/lib/python3.10/site-packages/sklearn/linear_model/_logistic.py:1296: FutureWarning: Using the 'liblinear' solver for multiclass classification is deprecated. An error will be raised in 1.8. Either use another solver which supports the multinomial loss or wrap the estimator in a OneVsRestClassifier to keep applying a one-versus-rest scheme.
  warnings.warn(
/data2/hy/.local/lib/python3.10/site-packages/sklearn/linear_model/_logistic.py:1296: FutureWarning: Using the 'liblinear' solver for multiclass classification is deprecated. An error will be raised in 1.8. Either use another solver which supports the multinomial loss or wrap the estimator in a OneVsRestClassifier to keep applying a one-versus-rest scheme.
  warnings.warn(
/data2/hy/.local/lib/python3.10/site-packages/sklearn/linear_model/_logistic.py:1296: FutureWarning: Using the 'liblinear' solver for multiclass classification is deprecated. An error will be raised in 1.8. Either use another solver which supports the multinomial loss or wrap the estimator in a OneVsRestClassifier to keep applying a one-versus-rest scheme.
  warnings.warn(
/data2/hy/.local/lib/python3.10/site-packages/sklearn/linear_model/_logistic.py:1296: FutureWarning: Using the 'liblinear' solver for multiclass classification is deprecated. An error will be raised in 1.8. Either use another solver which supports the multinomial loss or wrap the estimator in a OneVsRestClassifier to keep applying a one-versus-rest scheme.
  warnings.warn(
/data2/hy/.local/lib/python3.10/site-packages/sklearn/linear_model/_logistic.py:1296: FutureWarning: Using the 'liblinear' solver for multiclass classification is deprecated. An error will be raised in 1.8. Either use another solver which supports the multinomial loss or wrap the estimator in a OneVsRestClassifier to keep applying a one-versus-rest scheme.
  warnings.warn(
/data2/hy/.local/lib/python3.10/site-packages/sklearn/linear_model/_logistic.py:1296: FutureWarning: Using the 'liblinear' solver for multiclass classification is deprecated. An error will be raised in 1.8. Either use another solver which supports the multinomial loss or wrap the estimator in a OneVsRestClassifier to keep applying a one-versus-rest scheme.
  warnings.warn(
/data2/hy/.local/lib/python3.10/site-packages/sklearn/linear_model/_logistic.py:1296: FutureWarning: Using the 'liblinear' solver for multiclass classification is deprecated. An error will be raised in 1.8. Either use another solver which supports the multinomial loss or wrap the estimator in a OneVsRestClassifier to keep applying a one-versus-rest scheme.
  warnings.warn(
/data2/hy/.local/lib/python3.10/site-packages/sklearn/linear_model/_logistic.py:1296: FutureWarning: Using the 'liblinear' solver for multiclass classification is deprecated. An error will be raised in 1.8. Either use another solver which supports the multinomial loss or wrap the estimator in a OneVsRestClassifier to keep applying a one-versus-rest scheme.
  warnings.warn(
/data2/hy/.local/lib/python3.10/site-packages/sklearn/linear_model/_logistic.py:1296: FutureWarning: Using the 'liblinear' solver for multiclass classification is deprecated. An error will be raised in 1.8. Either use another solver which supports the multinomial loss or wrap the estimator in a OneVsRestClassifier to keep applying a one-versus-rest scheme.
  warnings.warn(
/data2/hy/.local/lib/python3.10/site-packages/sklearn/linear_model/_logistic.py:1296: FutureWarning: Using the 'liblinear' solver for multiclass classification is deprecated. An error will be raised in 1.8. Either use another solver which supports the multinomial loss or wrap the estimator in a OneVsRestClassifier to keep applying a one-versus-rest scheme.
  warnings.warn(
/data2/hy/.local/lib/python3.10/site-packages/sklearn/linear_model/_logistic.py:1296: FutureWarning: Using the 'liblinear' solver for multiclass classification is deprecated. An error will be raised in 1.8. Either use another solver which supports the multinomial loss or wrap the estimator in a OneVsRestClassifier to keep applying a one-versus-rest scheme.
  warnings.warn(
/data2/hy/.local/lib/python3.10/site-packages/sklearn/linear_model/_logistic.py:1296: FutureWarning: Using the 'liblinear' solver for multiclass classification is deprecated. An error will be raised in 1.8. Either use another solver which supports the multinomial loss or wrap the estimator in a OneVsRestClassifier to keep applying a one-versus-rest scheme.
  warnings.warn(
/data2/hy/.local/lib/python3.10/site-packages/sklearn/linear_model/_logistic.py:1296: FutureWarning: Using the 'liblinear' solver for multiclass classification is deprecated. An error will be raised in 1.8. Either use another solver which supports the multinomial loss or wrap the estimator in a OneVsRestClassifier to keep applying a one-versus-rest scheme.
  warnings.warn(
/data2/hy/.local/lib/python3.10/site-packages/sklearn/linear_model/_logistic.py:1296: FutureWarning: Using the 'liblinear' solver for multiclass classification is deprecated. An error will be raised in 1.8. Either use another solver which supports the multinomial loss or wrap the estimator in a OneVsRestClassifier to keep applying a one-versus-rest scheme.
  warnings.warn(
/data2/hy/.local/lib/python3.10/site-packages/sklearn/linear_model/_logistic.py:1296: FutureWarning: Using the 'liblinear' solver for multiclass classification is deprecated. An error will be raised in 1.8. Either use another solver which supports the multinomial loss or wrap the estimator in a OneVsRestClassifier to keep applying a one-versus-rest scheme.
  warnings.warn(
/data2/hy/.local/lib/python3.10/site-packages/sklearn/linear_model/_logistic.py:1296: FutureWarning: Using the 'liblinear' solver for multiclass classification is deprecated. An error will be raised in 1.8. Either use another solver which supports the multinomial loss or wrap the estimator in a OneVsRestClassifier to keep applying a one-versus-rest scheme.
  warnings.warn(
/data2/hy/.local/lib/python3.10/site-packages/sklearn/linear_model/_logistic.py:1296: FutureWarning: Using the 'liblinear' solver for multiclass classification is deprecated. An error will be raised in 1.8. Either use another solver which supports the multinomial loss or wrap the estimator in a OneVsRestClassifier to keep applying a one-versus-rest scheme.
  warnings.warn(
/data2/hy/.local/lib/python3.10/site-packages/sklearn/linear_model/_logistic.py:1296: FutureWarning: Using the 'liblinear' solver for multiclass classification is deprecated. An error will be raised in 1.8. Either use another solver which supports the multinomial loss or wrap the estimator in a OneVsRestClassifier to keep applying a one-versus-rest scheme.
  warnings.warn(
/data2/hy/.local/lib/python3.10/site-packages/sklearn/linear_model/_logistic.py:1296: FutureWarning: Using the 'liblinear' solver for multiclass classification is deprecated. An error will be raised in 1.8. Either use another solver which supports the multinomial loss or wrap the estimator in a OneVsRestClassifier to keep applying a one-versus-rest scheme.
  warnings.warn(
/data2/hy/.local/lib/python3.10/site-packages/sklearn/linear_model/_logistic.py:1296: FutureWarning: Using the 'liblinear' solver for multiclass classification is deprecated. An error will be raised in 1.8. Either use another solver which supports the multinomial loss or wrap the estimator in a OneVsRestClassifier to keep applying a one-versus-rest scheme.
  warnings.warn(
/data2/hy/.local/lib/python3.10/site-packages/sklearn/linear_model/_logistic.py:1296: FutureWarning: Using the 'liblinear' solver for multiclass classification is deprecated. An error will be raised in 1.8. Either use another solver which supports the multinomial loss or wrap the estimator in a OneVsRestClassifier to keep applying a one-versus-rest scheme.
  warnings.warn(
/data2/hy/.local/lib/python3.10/site-packages/sklearn/linear_model/_logistic.py:1296: FutureWarning: Using the 'liblinear' solver for multiclass classification is deprecated. An error will be raised in 1.8. Either use another solver which supports the multinomial loss or wrap the estimator in a OneVsRestClassifier to keep applying a one-versus-rest scheme.
  warnings.warn(
/data2/hy/.local/lib/python3.10/site-packages/sklearn/linear_model/_logistic.py:1296: FutureWarning: Using the 'liblinear' solver for multiclass classification is deprecated. An error will be raised in 1.8. Either use another solver which supports the multinomial loss or wrap the estimator in a OneVsRestClassifier to keep applying a one-versus-rest scheme.
  warnings.warn(
/data2/hy/.local/lib/python3.10/site-packages/sklearn/linear_model/_logistic.py:1296: FutureWarning: Using the 'liblinear' solver for multiclass classification is deprecated. An error will be raised in 1.8. Either use another solver which supports the multinomial loss or wrap the estimator in a OneVsRestClassifier to keep applying a one-versus-rest scheme.
  warnings.warn(
/data2/hy/.local/lib/python3.10/site-packages/sklearn/linear_model/_logistic.py:1296: FutureWarning: Using the 'liblinear' solver for multiclass classification is deprecated. An error will be raised in 1.8. Either use another solver which supports the multinomial loss or wrap the estimator in a OneVsRestClassifier to keep applying a one-versus-rest scheme.
  warnings.warn(
/data2/hy/.local/lib/python3.10/site-packages/sklearn/linear_model/_logistic.py:1296: FutureWarning: Using the 'liblinear' solver for multiclass classification is deprecated. An error will be raised in 1.8. Either use another solver which supports the multinomial loss or wrap the estimator in a OneVsRestClassifier to keep applying a one-versus-rest scheme.
  warnings.warn(
/data2/hy/.local/lib/python3.10/site-packages/sklearn/linear_model/_logistic.py:1296: FutureWarning: Using the 'liblinear' solver for multiclass classification is deprecated. An error will be raised in 1.8. Either use another solver which supports the multinomial loss or wrap the estimator in a OneVsRestClassifier to keep applying a one-versus-rest scheme.
  warnings.warn(
/data2/hy/.local/lib/python3.10/site-packages/sklearn/linear_model/_logistic.py:1296: FutureWarning: Using the 'liblinear' solver for multiclass classification is deprecated. An error will be raised in 1.8. Either use another solver which supports the multinomial loss or wrap the estimator in a OneVsRestClassifier to keep applying a one-versus-rest scheme.
  warnings.warn(
/data2/hy/.local/lib/python3.10/site-packages/sklearn/linear_model/_logistic.py:1296: FutureWarning: Using the 'liblinear' solver for multiclass classification is deprecated. An error will be raised in 1.8. Either use another solver which supports the multinomial loss or wrap the estimator in a OneVsRestClassifier to keep applying a one-versus-rest scheme.
  warnings.warn(
/data2/hy/.local/lib/python3.10/site-packages/sklearn/linear_model/_logistic.py:1296: FutureWarning: Using the 'liblinear' solver for multiclass classification is deprecated. An error will be raised in 1.8. Either use another solver which supports the multinomial loss or wrap the estimator in a OneVsRestClassifier to keep applying a one-versus-rest scheme.
  warnings.warn(
/data2/hy/.local/lib/python3.10/site-packages/sklearn/linear_model/_logistic.py:1296: FutureWarning: Using the 'liblinear' solver for multiclass classification is deprecated. An error will be raised in 1.8. Either use another solver which supports the multinomial loss or wrap the estimator in a OneVsRestClassifier to keep applying a one-versus-rest scheme.
  warnings.warn(
/data2/hy/.local/lib/python3.10/site-packages/sklearn/linear_model/_logistic.py:1296: FutureWarning: Using the 'liblinear' solver for multiclass classification is deprecated. An error will be raised in 1.8. Either use another solver which supports the multinomial loss or wrap the estimator in a OneVsRestClassifier to keep applying a one-versus-rest scheme.
  warnings.warn(
/data2/hy/.local/lib/python3.10/site-packages/sklearn/linear_model/_logistic.py:1296: FutureWarning: Using the 'liblinear' solver for multiclass classification is deprecated. An error will be raised in 1.8. Either use another solver which supports the multinomial loss or wrap the estimator in a OneVsRestClassifier to keep applying a one-versus-rest scheme.
  warnings.warn(
/data2/hy/.local/lib/python3.10/site-packages/sklearn/linear_model/_logistic.py:1296: FutureWarning: Using the 'liblinear' solver for multiclass classification is deprecated. An error will be raised in 1.8. Either use another solver which supports the multinomial loss or wrap the estimator in a OneVsRestClassifier to keep applying a one-versus-rest scheme.
  warnings.warn(
/data2/hy/.local/lib/python3.10/site-packages/sklearn/linear_model/_logistic.py:1296: FutureWarning: Using the 'liblinear' solver for multiclass classification is deprecated. An error will be raised in 1.8. Either use another solver which supports the multinomial loss or wrap the estimator in a OneVsRestClassifier to keep applying a one-versus-rest scheme.
  warnings.warn(
/data2/hy/.local/lib/python3.10/site-packages/sklearn/linear_model/_logistic.py:1296: FutureWarning: Using the 'liblinear' solver for multiclass classification is deprecated. An error will be raised in 1.8. Either use another solver which supports the multinomial loss or wrap the estimator in a OneVsRestClassifier to keep applying a one-versus-rest scheme.
  warnings.warn(
/data2/hy/.local/lib/python3.10/site-packages/sklearn/linear_model/_logistic.py:1296: FutureWarning: Using the 'liblinear' solver for multiclass classification is deprecated. An error will be raised in 1.8. Either use another solver which supports the multinomial loss or wrap the estimator in a OneVsRestClassifier to keep applying a one-versus-rest scheme.
  warnings.warn(
/data2/hy/.local/lib/python3.10/site-packages/sklearn/linear_model/_logistic.py:1296: FutureWarning: Using the 'liblinear' solver for multiclass classification is deprecated. An error will be raised in 1.8. Either use another solver which supports the multinomial loss or wrap the estimator in a OneVsRestClassifier to keep applying a one-versus-rest scheme.
  warnings.warn(
/data2/hy/.local/lib/python3.10/site-packages/sklearn/linear_model/_logistic.py:1296: FutureWarning: Using the 'liblinear' solver for multiclass classification is deprecated. An error will be raised in 1.8. Either use another solver which supports the multinomial loss or wrap the estimator in a OneVsRestClassifier to keep applying a one-versus-rest scheme.
  warnings.warn(
/data2/hy/.local/lib/python3.10/site-packages/sklearn/linear_model/_logistic.py:1296: FutureWarning: Using the 'liblinear' solver for multiclass classification is deprecated. An error will be raised in 1.8. Either use another solver which supports the multinomial loss or wrap the estimator in a OneVsRestClassifier to keep applying a one-versus-rest scheme.
  warnings.warn(
/data2/hy/.local/lib/python3.10/site-packages/sklearn/linear_model/_logistic.py:1296: FutureWarning: Using the 'liblinear' solver for multiclass classification is deprecated. An error will be raised in 1.8. Either use another solver which supports the multinomial loss or wrap the estimator in a OneVsRestClassifier to keep applying a one-versus-rest scheme.
  warnings.warn(
/data2/hy/.local/lib/python3.10/site-packages/sklearn/linear_model/_logistic.py:1296: FutureWarning: Using the 'liblinear' solver for multiclass classification is deprecated. An error will be raised in 1.8. Either use another solver which supports the multinomial loss or wrap the estimator in a OneVsRestClassifier to keep applying a one-versus-rest scheme.
  warnings.warn(
/data2/hy/.local/lib/python3.10/site-packages/sklearn/linear_model/_logistic.py:1296: FutureWarning: Using the 'liblinear' solver for multiclass classification is deprecated. An error will be raised in 1.8. Either use another solver which supports the multinomial loss or wrap the estimator in a OneVsRestClassifier to keep applying a one-versus-rest scheme.
  warnings.warn(
/data2/hy/.local/lib/python3.10/site-packages/sklearn/linear_model/_logistic.py:1296: FutureWarning: Using the 'liblinear' solver for multiclass classification is deprecated. An error will be raised in 1.8. Either use another solver which supports the multinomial loss or wrap the estimator in a OneVsRestClassifier to keep applying a one-versus-rest scheme.
  warnings.warn(
/data2/hy/.local/lib/python3.10/site-packages/sklearn/linear_model/_logistic.py:1296: FutureWarning: Using the 'liblinear' solver for multiclass classification is deprecated. An error will be raised in 1.8. Either use another solver which supports the multinomial loss or wrap the estimator in a OneVsRestClassifier to keep applying a one-versus-rest scheme.
  warnings.warn(
/data2/hy/.local/lib/python3.10/site-packages/sklearn/linear_model/_logistic.py:1296: FutureWarning: Using the 'liblinear' solver for multiclass classification is deprecated. An error will be raised in 1.8. Either use another solver which supports the multinomial loss or wrap the estimator in a OneVsRestClassifier to keep applying a one-versus-rest scheme.
  warnings.warn(
/data2/hy/.local/lib/python3.10/site-packages/sklearn/linear_model/_logistic.py:1296: FutureWarning: Using the 'liblinear' solver for multiclass classification is deprecated. An error will be raised in 1.8. Either use another solver which supports the multinomial loss or wrap the estimator in a OneVsRestClassifier to keep applying a one-versus-rest scheme.
  warnings.warn(
/data2/hy/.local/lib/python3.10/site-packages/sklearn/linear_model/_logistic.py:1296: FutureWarning: Using the 'liblinear' solver for multiclass classification is deprecated. An error will be raised in 1.8. Either use another solver which supports the multinomial loss or wrap the estimator in a OneVsRestClassifier to keep applying a one-versus-rest scheme.
  warnings.warn(
/data2/hy/.local/lib/python3.10/site-packages/sklearn/linear_model/_logistic.py:1296: FutureWarning: Using the 'liblinear' solver for multiclass classification is deprecated. An error will be raised in 1.8. Either use another solver which supports the multinomial loss or wrap the estimator in a OneVsRestClassifier to keep applying a one-versus-rest scheme.
  warnings.warn(
/data2/hy/.local/lib/python3.10/site-packages/sklearn/linear_model/_logistic.py:1296: FutureWarning: Using the 'liblinear' solver for multiclass classification is deprecated. An error will be raised in 1.8. Either use another solver which supports the multinomial loss or wrap the estimator in a OneVsRestClassifier to keep applying a one-versus-rest scheme.
  warnings.warn(
/data2/hy/.local/lib/python3.10/site-packages/sklearn/linear_model/_logistic.py:1296: FutureWarning: Using the 'liblinear' solver for multiclass classification is deprecated. An error will be raised in 1.8. Either use another solver which supports the multinomial loss or wrap the estimator in a OneVsRestClassifier to keep applying a one-versus-rest scheme.
  warnings.warn(
/data2/hy/.local/lib/python3.10/site-packages/sklearn/linear_model/_logistic.py:1296: FutureWarning: Using the 'liblinear' solver for multiclass classification is deprecated. An error will be raised in 1.8. Either use another solver which supports the multinomial loss or wrap the estimator in a OneVsRestClassifier to keep applying a one-versus-rest scheme.
  warnings.warn(
/data2/hy/.local/lib/python3.10/site-packages/sklearn/linear_model/_logistic.py:1296: FutureWarning: Using the 'liblinear' solver for multiclass classification is deprecated. An error will be raised in 1.8. Either use another solver which supports the multinomial loss or wrap the estimator in a OneVsRestClassifier to keep applying a one-versus-rest scheme.
  warnings.warn(
/data2/hy/.local/lib/python3.10/site-packages/sklearn/linear_model/_logistic.py:1296: FutureWarning: Using the 'liblinear' solver for multiclass classification is deprecated. An error will be raised in 1.8. Either use another solver which supports the multinomial loss or wrap the estimator in a OneVsRestClassifier to keep applying a one-versus-rest scheme.
  warnings.warn(
/data2/hy/.local/lib/python3.10/site-packages/sklearn/linear_model/_logistic.py:1296: FutureWarning: Using the 'liblinear' solver for multiclass classification is deprecated. An error will be raised in 1.8. Either use another solver which supports the multinomial loss or wrap the estimator in a OneVsRestClassifier to keep applying a one-versus-rest scheme.
  warnings.warn(
/data2/hy/.local/lib/python3.10/site-packages/sklearn/linear_model/_logistic.py:1296: FutureWarning: Using the 'liblinear' solver for multiclass classification is deprecated. An error will be raised in 1.8. Either use another solver which supports the multinomial loss or wrap the estimator in a OneVsRestClassifier to keep applying a one-versus-rest scheme.
  warnings.warn(
/data2/hy/.local/lib/python3.10/site-packages/sklearn/linear_model/_logistic.py:1296: FutureWarning: Using the 'liblinear' solver for multiclass classification is deprecated. An error will be raised in 1.8. Either use another solver which supports the multinomial loss or wrap the estimator in a OneVsRestClassifier to keep applying a one-versus-rest scheme.
  warnings.warn(
/data2/hy/.local/lib/python3.10/site-packages/sklearn/linear_model/_logistic.py:1296: FutureWarning: Using the 'liblinear' solver for multiclass classification is deprecated. An error will be raised in 1.8. Either use another solver which supports the multinomial loss or wrap the estimator in a OneVsRestClassifier to keep applying a one-versus-rest scheme.
  warnings.warn(
/data2/hy/.local/lib/python3.10/site-packages/sklearn/linear_model/_logistic.py:1296: FutureWarning: Using the 'liblinear' solver for multiclass classification is deprecated. An error will be raised in 1.8. Either use another solver which supports the multinomial loss or wrap the estimator in a OneVsRestClassifier to keep applying a one-versus-rest scheme.
  warnings.warn(
/data2/hy/.local/lib/python3.10/site-packages/sklearn/linear_model/_logistic.py:1296: FutureWarning: Using the 'liblinear' solver for multiclass classification is deprecated. An error will be raised in 1.8. Either use another solver which supports the multinomial loss or wrap the estimator in a OneVsRestClassifier to keep applying a one-versus-rest scheme.
  warnings.warn(
/data2/hy/.local/lib/python3.10/site-packages/sklearn/linear_model/_logistic.py:1296: FutureWarning: Using the 'liblinear' solver for multiclass classification is deprecated. An error will be raised in 1.8. Either use another solver which supports the multinomial loss or wrap the estimator in a OneVsRestClassifier to keep applying a one-versus-rest scheme.
  warnings.warn(
/data2/hy/.local/lib/python3.10/site-packages/sklearn/linear_model/_logistic.py:1296: FutureWarning: Using the 'liblinear' solver for multiclass classification is deprecated. An error will be raised in 1.8. Either use another solver which supports the multinomial loss or wrap the estimator in a OneVsRestClassifier to keep applying a one-versus-rest scheme.
  warnings.warn(
/data2/hy/.local/lib/python3.10/site-packages/sklearn/linear_model/_logistic.py:1296: FutureWarning: Using the 'liblinear' solver for multiclass classification is deprecated. An error will be raised in 1.8. Either use another solver which supports the multinomial loss or wrap the estimator in a OneVsRestClassifier to keep applying a one-versus-rest scheme.
  warnings.warn(
/data2/hy/.local/lib/python3.10/site-packages/sklearn/linear_model/_logistic.py:1296: FutureWarning: Using the 'liblinear' solver for multiclass classification is deprecated. An error will be raised in 1.8. Either use another solver which supports the multinomial loss or wrap the estimator in a OneVsRestClassifier to keep applying a one-versus-rest scheme.
  warnings.warn(
/data2/hy/.local/lib/python3.10/site-packages/sklearn/linear_model/_logistic.py:1296: FutureWarning: Using the 'liblinear' solver for multiclass classification is deprecated. An error will be raised in 1.8. Either use another solver which supports the multinomial loss or wrap the estimator in a OneVsRestClassifier to keep applying a one-versus-rest scheme.
  warnings.warn(
/data2/hy/.local/lib/python3.10/site-packages/sklearn/linear_model/_logistic.py:1296: FutureWarning: Using the 'liblinear' solver for multiclass classification is deprecated. An error will be raised in 1.8. Either use another solver which supports the multinomial loss or wrap the estimator in a OneVsRestClassifier to keep applying a one-versus-rest scheme.
  warnings.warn(
/data2/hy/.local/lib/python3.10/site-packages/sklearn/linear_model/_logistic.py:1296: FutureWarning: Using the 'liblinear' solver for multiclass classification is deprecated. An error will be raised in 1.8. Either use another solver which supports the multinomial loss or wrap the estimator in a OneVsRestClassifier to keep applying a one-versus-rest scheme.
  warnings.warn(
/data2/hy/.local/lib/python3.10/site-packages/sklearn/linear_model/_logistic.py:1296: FutureWarning: Using the 'liblinear' solver for multiclass classification is deprecated. An error will be raised in 1.8. Either use another solver which supports the multinomial loss or wrap the estimator in a OneVsRestClassifier to keep applying a one-versus-rest scheme.
  warnings.warn(
/data2/hy/.local/lib/python3.10/site-packages/sklearn/linear_model/_logistic.py:1296: FutureWarning: Using the 'liblinear' solver for multiclass classification is deprecated. An error will be raised in 1.8. Either use another solver which supports the multinomial loss or wrap the estimator in a OneVsRestClassifier to keep applying a one-versus-rest scheme.
  warnings.warn(
/data2/hy/.local/lib/python3.10/site-packages/sklearn/linear_model/_logistic.py:1296: FutureWarning: Using the 'liblinear' solver for multiclass classification is deprecated. An error will be raised in 1.8. Either use another solver which supports the multinomial loss or wrap the estimator in a OneVsRestClassifier to keep applying a one-versus-rest scheme.
  warnings.warn(
/data2/hy/.local/lib/python3.10/site-packages/sklearn/linear_model/_logistic.py:1296: FutureWarning: Using the 'liblinear' solver for multiclass classification is deprecated. An error will be raised in 1.8. Either use another solver which supports the multinomial loss or wrap the estimator in a OneVsRestClassifier to keep applying a one-versus-rest scheme.
  warnings.warn(
/data2/hy/.local/lib/python3.10/site-packages/sklearn/linear_model/_logistic.py:1296: FutureWarning: Using the 'liblinear' solver for multiclass classification is deprecated. An error will be raised in 1.8. Either use another solver which supports the multinomial loss or wrap the estimator in a OneVsRestClassifier to keep applying a one-versus-rest scheme.
  warnings.warn(
/data2/hy/.local/lib/python3.10/site-packages/sklearn/linear_model/_logistic.py:1296: FutureWarning: Using the 'liblinear' solver for multiclass classification is deprecated. An error will be raised in 1.8. Either use another solver which supports the multinomial loss or wrap the estimator in a OneVsRestClassifier to keep applying a one-versus-rest scheme.
  warnings.warn(
/data2/hy/.local/lib/python3.10/site-packages/sklearn/linear_model/_logistic.py:1296: FutureWarning: Using the 'liblinear' solver for multiclass classification is deprecated. An error will be raised in 1.8. Either use another solver which supports the multinomial loss or wrap the estimator in a OneVsRestClassifier to keep applying a one-versus-rest scheme.
  warnings.warn(
/data2/hy/.local/lib/python3.10/site-packages/sklearn/linear_model/_logistic.py:1296: FutureWarning: Using the 'liblinear' solver for multiclass classification is deprecated. An error will be raised in 1.8. Either use another solver which supports the multinomial loss or wrap the estimator in a OneVsRestClassifier to keep applying a one-versus-rest scheme.
  warnings.warn(
/data2/hy/.local/lib/python3.10/site-packages/sklearn/linear_model/_logistic.py:1296: FutureWarning: Using the 'liblinear' solver for multiclass classification is deprecated. An error will be raised in 1.8. Either use another solver which supports the multinomial loss or wrap the estimator in a OneVsRestClassifier to keep applying a one-versus-rest scheme.
  warnings.warn(
/data2/hy/.local/lib/python3.10/site-packages/sklearn/linear_model/_logistic.py:1296: FutureWarning: Using the 'liblinear' solver for multiclass classification is deprecated. An error will be raised in 1.8. Either use another solver which supports the multinomial loss or wrap the estimator in a OneVsRestClassifier to keep applying a one-versus-rest scheme.
  warnings.warn(
/data2/hy/.local/lib/python3.10/site-packages/sklearn/linear_model/_logistic.py:1296: FutureWarning: Using the 'liblinear' solver for multiclass classification is deprecated. An error will be raised in 1.8. Either use another solver which supports the multinomial loss or wrap the estimator in a OneVsRestClassifier to keep applying a one-versus-rest scheme.
  warnings.warn(
/data2/hy/.local/lib/python3.10/site-packages/sklearn/linear_model/_logistic.py:1296: FutureWarning: Using the 'liblinear' solver for multiclass classification is deprecated. An error will be raised in 1.8. Either use another solver which supports the multinomial loss or wrap the estimator in a OneVsRestClassifier to keep applying a one-versus-rest scheme.
  warnings.warn(
/data2/hy/.local/lib/python3.10/site-packages/sklearn/linear_model/_logistic.py:1296: FutureWarning: Using the 'liblinear' solver for multiclass classification is deprecated. An error will be raised in 1.8. Either use another solver which supports the multinomial loss or wrap the estimator in a OneVsRestClassifier to keep applying a one-versus-rest scheme.
  warnings.warn(
/data2/hy/.local/lib/python3.10/site-packages/sklearn/linear_model/_logistic.py:1296: FutureWarning: Using the 'liblinear' solver for multiclass classification is deprecated. An error will be raised in 1.8. Either use another solver which supports the multinomial loss or wrap the estimator in a OneVsRestClassifier to keep applying a one-versus-rest scheme.
  warnings.warn(
/data2/hy/.local/lib/python3.10/site-packages/sklearn/linear_model/_logistic.py:1296: FutureWarning: Using the 'liblinear' solver for multiclass classification is deprecated. An error will be raised in 1.8. Either use another solver which supports the multinomial loss or wrap the estimator in a OneVsRestClassifier to keep applying a one-versus-rest scheme.
  warnings.warn(
/data2/hy/.local/lib/python3.10/site-packages/sklearn/linear_model/_logistic.py:1296: FutureWarning: Using the 'liblinear' solver for multiclass classification is deprecated. An error will be raised in 1.8. Either use another solver which supports the multinomial loss or wrap the estimator in a OneVsRestClassifier to keep applying a one-versus-rest scheme.
  warnings.warn(
/data2/hy/.local/lib/python3.10/site-packages/sklearn/linear_model/_logistic.py:1296: FutureWarning: Using the 'liblinear' solver for multiclass classification is deprecated. An error will be raised in 1.8. Either use another solver which supports the multinomial loss or wrap the estimator in a OneVsRestClassifier to keep applying a one-versus-rest scheme.
  warnings.warn(
/data2/hy/.local/lib/python3.10/site-packages/sklearn/linear_model/_logistic.py:1296: FutureWarning: Using the 'liblinear' solver for multiclass classification is deprecated. An error will be raised in 1.8. Either use another solver which supports the multinomial loss or wrap the estimator in a OneVsRestClassifier to keep applying a one-versus-rest scheme.
  warnings.warn(
/data2/hy/.local/lib/python3.10/site-packages/sklearn/linear_model/_logistic.py:1296: FutureWarning: Using the 'liblinear' solver for multiclass classification is deprecated. An error will be raised in 1.8. Either use another solver which supports the multinomial loss or wrap the estimator in a OneVsRestClassifier to keep applying a one-versus-rest scheme.
  warnings.warn(
/data2/hy/.local/lib/python3.10/site-packages/sklearn/linear_model/_logistic.py:1296: FutureWarning: Using the 'liblinear' solver for multiclass classification is deprecated. An error will be raised in 1.8. Either use another solver which supports the multinomial loss or wrap the estimator in a OneVsRestClassifier to keep applying a one-versus-rest scheme.
  warnings.warn(
/data2/hy/.local/lib/python3.10/site-packages/sklearn/linear_model/_logistic.py:1296: FutureWarning: Using the 'liblinear' solver for multiclass classification is deprecated. An error will be raised in 1.8. Either use another solver which supports the multinomial loss or wrap the estimator in a OneVsRestClassifier to keep applying a one-versus-rest scheme.
  warnings.warn(
/data2/hy/.local/lib/python3.10/site-packages/sklearn/linear_model/_logistic.py:1296: FutureWarning: Using the 'liblinear' solver for multiclass classification is deprecated. An error will be raised in 1.8. Either use another solver which supports the multinomial loss or wrap the estimator in a OneVsRestClassifier to keep applying a one-versus-rest scheme.
  warnings.warn(
/data2/hy/.local/lib/python3.10/site-packages/sklearn/linear_model/_logistic.py:1296: FutureWarning: Using the 'liblinear' solver for multiclass classification is deprecated. An error will be raised in 1.8. Either use another solver which supports the multinomial loss or wrap the estimator in a OneVsRestClassifier to keep applying a one-versus-rest scheme.
  warnings.warn(
/data2/hy/.local/lib/python3.10/site-packages/sklearn/linear_model/_logistic.py:1296: FutureWarning: Using the 'liblinear' solver for multiclass classification is deprecated. An error will be raised in 1.8. Either use another solver which supports the multinomial loss or wrap the estimator in a OneVsRestClassifier to keep applying a one-versus-rest scheme.
  warnings.warn(
/data2/hy/.local/lib/python3.10/site-packages/sklearn/linear_model/_logistic.py:1296: FutureWarning: Using the 'liblinear' solver for multiclass classification is deprecated. An error will be raised in 1.8. Either use another solver which supports the multinomial loss or wrap the estimator in a OneVsRestClassifier to keep applying a one-versus-rest scheme.
  warnings.warn(
/data2/hy/.local/lib/python3.10/site-packages/sklearn/linear_model/_logistic.py:1296: FutureWarning: Using the 'liblinear' solver for multiclass classification is deprecated. An error will be raised in 1.8. Either use another solver which supports the multinomial loss or wrap the estimator in a OneVsRestClassifier to keep applying a one-versus-rest scheme.
  warnings.warn(
/data2/hy/.local/lib/python3.10/site-packages/sklearn/linear_model/_logistic.py:1296: FutureWarning: Using the 'liblinear' solver for multiclass classification is deprecated. An error will be raised in 1.8. Either use another solver which supports the multinomial loss or wrap the estimator in a OneVsRestClassifier to keep applying a one-versus-rest scheme.
  warnings.warn(
/data2/hy/.local/lib/python3.10/site-packages/sklearn/linear_model/_logistic.py:1296: FutureWarning: Using the 'liblinear' solver for multiclass classification is deprecated. An error will be raised in 1.8. Either use another solver which supports the multinomial loss or wrap the estimator in a OneVsRestClassifier to keep applying a one-versus-rest scheme.
  warnings.warn(
/data2/hy/.local/lib/python3.10/site-packages/sklearn/linear_model/_logistic.py:1296: FutureWarning: Using the 'liblinear' solver for multiclass classification is deprecated. An error will be raised in 1.8. Either use another solver which supports the multinomial loss or wrap the estimator in a OneVsRestClassifier to keep applying a one-versus-rest scheme.
  warnings.warn(
/data2/hy/.local/lib/python3.10/site-packages/sklearn/linear_model/_logistic.py:1296: FutureWarning: Using the 'liblinear' solver for multiclass classification is deprecated. An error will be raised in 1.8. Either use another solver which supports the multinomial loss or wrap the estimator in a OneVsRestClassifier to keep applying a one-versus-rest scheme.
  warnings.warn(
/data2/hy/.local/lib/python3.10/site-packages/sklearn/linear_model/_logistic.py:1296: FutureWarning: Using the 'liblinear' solver for multiclass classification is deprecated. An error will be raised in 1.8. Either use another solver which supports the multinomial loss or wrap the estimator in a OneVsRestClassifier to keep applying a one-versus-rest scheme.
  warnings.warn(
/data2/hy/.local/lib/python3.10/site-packages/sklearn/linear_model/_logistic.py:1296: FutureWarning: Using the 'liblinear' solver for multiclass classification is deprecated. An error will be raised in 1.8. Either use another solver which supports the multinomial loss or wrap the estimator in a OneVsRestClassifier to keep applying a one-versus-rest scheme.
  warnings.warn(
/data2/hy/.local/lib/python3.10/site-packages/sklearn/linear_model/_logistic.py:1296: FutureWarning: Using the 'liblinear' solver for multiclass classification is deprecated. An error will be raised in 1.8. Either use another solver which supports the multinomial loss or wrap the estimator in a OneVsRestClassifier to keep applying a one-versus-rest scheme.
  warnings.warn(
/data2/hy/.local/lib/python3.10/site-packages/sklearn/linear_model/_logistic.py:1296: FutureWarning: Using the 'liblinear' solver for multiclass classification is deprecated. An error will be raised in 1.8. Either use another solver which supports the multinomial loss or wrap the estimator in a OneVsRestClassifier to keep applying a one-versus-rest scheme.
  warnings.warn(
/data2/hy/.local/lib/python3.10/site-packages/sklearn/linear_model/_logistic.py:1296: FutureWarning: Using the 'liblinear' solver for multiclass classification is deprecated. An error will be raised in 1.8. Either use another solver which supports the multinomial loss or wrap the estimator in a OneVsRestClassifier to keep applying a one-versus-rest scheme.
  warnings.warn(
/data2/hy/.local/lib/python3.10/site-packages/sklearn/linear_model/_logistic.py:1296: FutureWarning: Using the 'liblinear' solver for multiclass classification is deprecated. An error will be raised in 1.8. Either use another solver which supports the multinomial loss or wrap the estimator in a OneVsRestClassifier to keep applying a one-versus-rest scheme.
  warnings.warn(
/data2/hy/.local/lib/python3.10/site-packages/sklearn/linear_model/_logistic.py:1296: FutureWarning: Using the 'liblinear' solver for multiclass classification is deprecated. An error will be raised in 1.8. Either use another solver which supports the multinomial loss or wrap the estimator in a OneVsRestClassifier to keep applying a one-versus-rest scheme.
  warnings.warn(
/data2/hy/.local/lib/python3.10/site-packages/sklearn/linear_model/_logistic.py:1296: FutureWarning: Using the 'liblinear' solver for multiclass classification is deprecated. An error will be raised in 1.8. Either use another solver which supports the multinomial loss or wrap the estimator in a OneVsRestClassifier to keep applying a one-versus-rest scheme.
  warnings.warn(
/data2/hy/.local/lib/python3.10/site-packages/sklearn/linear_model/_logistic.py:1296: FutureWarning: Using the 'liblinear' solver for multiclass classification is deprecated. An error will be raised in 1.8. Either use another solver which supports the multinomial loss or wrap the estimator in a OneVsRestClassifier to keep applying a one-versus-rest scheme.
  warnings.warn(
/data2/hy/.local/lib/python3.10/site-packages/sklearn/linear_model/_logistic.py:1296: FutureWarning: Using the 'liblinear' solver for multiclass classification is deprecated. An error will be raised in 1.8. Either use another solver which supports the multinomial loss or wrap the estimator in a OneVsRestClassifier to keep applying a one-versus-rest scheme.
  warnings.warn(
/data2/hy/.local/lib/python3.10/site-packages/sklearn/linear_model/_logistic.py:1296: FutureWarning: Using the 'liblinear' solver for multiclass classification is deprecated. An error will be raised in 1.8. Either use another solver which supports the multinomial loss or wrap the estimator in a OneVsRestClassifier to keep applying a one-versus-rest scheme.
  warnings.warn(
/data2/hy/.local/lib/python3.10/site-packages/sklearn/linear_model/_logistic.py:1296: FutureWarning: Using the 'liblinear' solver for multiclass classification is deprecated. An error will be raised in 1.8. Either use another solver which supports the multinomial loss or wrap the estimator in a OneVsRestClassifier to keep applying a one-versus-rest scheme.
  warnings.warn(
/data2/hy/.local/lib/python3.10/site-packages/sklearn/linear_model/_logistic.py:1296: FutureWarning: Using the 'liblinear' solver for multiclass classification is deprecated. An error will be raised in 1.8. Either use another solver which supports the multinomial loss or wrap the estimator in a OneVsRestClassifier to keep applying a one-versus-rest scheme.
  warnings.warn(
/data2/hy/.local/lib/python3.10/site-packages/sklearn/linear_model/_logistic.py:1296: FutureWarning: Using the 'liblinear' solver for multiclass classification is deprecated. An error will be raised in 1.8. Either use another solver which supports the multinomial loss or wrap the estimator in a OneVsRestClassifier to keep applying a one-versus-rest scheme.
  warnings.warn(
/data2/hy/.local/lib/python3.10/site-packages/sklearn/linear_model/_logistic.py:1296: FutureWarning: Using the 'liblinear' solver for multiclass classification is deprecated. An error will be raised in 1.8. Either use another solver which supports the multinomial loss or wrap the estimator in a OneVsRestClassifier to keep applying a one-versus-rest scheme.
  warnings.warn(
/data2/hy/.local/lib/python3.10/site-packages/sklearn/linear_model/_logistic.py:1296: FutureWarning: Using the 'liblinear' solver for multiclass classification is deprecated. An error will be raised in 1.8. Either use another solver which supports the multinomial loss or wrap the estimator in a OneVsRestClassifier to keep applying a one-versus-rest scheme.
  warnings.warn(
/data2/hy/.local/lib/python3.10/site-packages/sklearn/linear_model/_logistic.py:1296: FutureWarning: Using the 'liblinear' solver for multiclass classification is deprecated. An error will be raised in 1.8. Either use another solver which supports the multinomial loss or wrap the estimator in a OneVsRestClassifier to keep applying a one-versus-rest scheme.
  warnings.warn(
/data2/hy/.local/lib/python3.10/site-packages/sklearn/linear_model/_logistic.py:1296: FutureWarning: Using the 'liblinear' solver for multiclass classification is deprecated. An error will be raised in 1.8. Either use another solver which supports the multinomial loss or wrap the estimator in a OneVsRestClassifier to keep applying a one-versus-rest scheme.
  warnings.warn(
/data2/hy/.local/lib/python3.10/site-packages/sklearn/linear_model/_logistic.py:1296: FutureWarning: Using the 'liblinear' solver for multiclass classification is deprecated. An error will be raised in 1.8. Either use another solver which supports the multinomial loss or wrap the estimator in a OneVsRestClassifier to keep applying a one-versus-rest scheme.
  warnings.warn(
/data2/hy/.local/lib/python3.10/site-packages/sklearn/linear_model/_logistic.py:1296: FutureWarning: Using the 'liblinear' solver for multiclass classification is deprecated. An error will be raised in 1.8. Either use another solver which supports the multinomial loss or wrap the estimator in a OneVsRestClassifier to keep applying a one-versus-rest scheme.
  warnings.warn(
/data2/hy/.local/lib/python3.10/site-packages/sklearn/linear_model/_logistic.py:1296: FutureWarning: Using the 'liblinear' solver for multiclass classification is deprecated. An error will be raised in 1.8. Either use another solver which supports the multinomial loss or wrap the estimator in a OneVsRestClassifier to keep applying a one-versus-rest scheme.
  warnings.warn(
/data2/hy/.local/lib/python3.10/site-packages/sklearn/linear_model/_logistic.py:1296: FutureWarning: Using the 'liblinear' solver for multiclass classification is deprecated. An error will be raised in 1.8. Either use another solver which supports the multinomial loss or wrap the estimator in a OneVsRestClassifier to keep applying a one-versus-rest scheme.
  warnings.warn(
/data2/hy/.local/lib/python3.10/site-packages/sklearn/linear_model/_logistic.py:1296: FutureWarning: Using the 'liblinear' solver for multiclass classification is deprecated. An error will be raised in 1.8. Either use another solver which supports the multinomial loss or wrap the estimator in a OneVsRestClassifier to keep applying a one-versus-rest scheme.
  warnings.warn(
/data2/hy/.local/lib/python3.10/site-packages/sklearn/linear_model/_logistic.py:1296: FutureWarning: Using the 'liblinear' solver for multiclass classification is deprecated. An error will be raised in 1.8. Either use another solver which supports the multinomial loss or wrap the estimator in a OneVsRestClassifier to keep applying a one-versus-rest scheme.
  warnings.warn(
/data2/hy/.local/lib/python3.10/site-packages/sklearn/linear_model/_logistic.py:1296: FutureWarning: Using the 'liblinear' solver for multiclass classification is deprecated. An error will be raised in 1.8. Either use another solver which supports the multinomial loss or wrap the estimator in a OneVsRestClassifier to keep applying a one-versus-rest scheme.
  warnings.warn(
/data2/hy/.local/lib/python3.10/site-packages/sklearn/linear_model/_logistic.py:1296: FutureWarning: Using the 'liblinear' solver for multiclass classification is deprecated. An error will be raised in 1.8. Either use another solver which supports the multinomial loss or wrap the estimator in a OneVsRestClassifier to keep applying a one-versus-rest scheme.
  warnings.warn(
/data2/hy/.local/lib/python3.10/site-packages/sklearn/linear_model/_logistic.py:1296: FutureWarning: Using the 'liblinear' solver for multiclass classification is deprecated. An error will be raised in 1.8. Either use another solver which supports the multinomial loss or wrap the estimator in a OneVsRestClassifier to keep applying a one-versus-rest scheme.
  warnings.warn(
/data2/hy/.local/lib/python3.10/site-packages/sklearn/linear_model/_logistic.py:1296: FutureWarning: Using the 'liblinear' solver for multiclass classification is deprecated. An error will be raised in 1.8. Either use another solver which supports the multinomial loss or wrap the estimator in a OneVsRestClassifier to keep applying a one-versus-rest scheme.
  warnings.warn(
/data2/hy/.local/lib/python3.10/site-packages/sklearn/linear_model/_logistic.py:1296: FutureWarning: Using the 'liblinear' solver for multiclass classification is deprecated. An error will be raised in 1.8. Either use another solver which supports the multinomial loss or wrap the estimator in a OneVsRestClassifier to keep applying a one-versus-rest scheme.
  warnings.warn(
/data2/hy/.local/lib/python3.10/site-packages/sklearn/linear_model/_logistic.py:1296: FutureWarning: Using the 'liblinear' solver for multiclass classification is deprecated. An error will be raised in 1.8. Either use another solver which supports the multinomial loss or wrap the estimator in a OneVsRestClassifier to keep applying a one-versus-rest scheme.
  warnings.warn(
/data2/hy/.local/lib/python3.10/site-packages/sklearn/linear_model/_logistic.py:1296: FutureWarning: Using the 'liblinear' solver for multiclass classification is deprecated. An error will be raised in 1.8. Either use another solver which supports the multinomial loss or wrap the estimator in a OneVsRestClassifier to keep applying a one-versus-rest scheme.
  warnings.warn(
/data2/hy/.local/lib/python3.10/site-packages/sklearn/linear_model/_logistic.py:1296: FutureWarning: Using the 'liblinear' solver for multiclass classification is deprecated. An error will be raised in 1.8. Either use another solver which supports the multinomial loss or wrap the estimator in a OneVsRestClassifier to keep applying a one-versus-rest scheme.
  warnings.warn(
/data2/hy/.local/lib/python3.10/site-packages/sklearn/linear_model/_logistic.py:1296: FutureWarning: Using the 'liblinear' solver for multiclass classification is deprecated. An error will be raised in 1.8. Either use another solver which supports the multinomial loss or wrap the estimator in a OneVsRestClassifier to keep applying a one-versus-rest scheme.
  warnings.warn(
/data2/hy/.local/lib/python3.10/site-packages/sklearn/linear_model/_logistic.py:1296: FutureWarning: Using the 'liblinear' solver for multiclass classification is deprecated. An error will be raised in 1.8. Either use another solver which supports the multinomial loss or wrap the estimator in a OneVsRestClassifier to keep applying a one-versus-rest scheme.
  warnings.warn(
/data2/hy/.local/lib/python3.10/site-packages/sklearn/linear_model/_logistic.py:1296: FutureWarning: Using the 'liblinear' solver for multiclass classification is deprecated. An error will be raised in 1.8. Either use another solver which supports the multinomial loss or wrap the estimator in a OneVsRestClassifier to keep applying a one-versus-rest scheme.
  warnings.warn(
/data2/hy/.local/lib/python3.10/site-packages/sklearn/linear_model/_logistic.py:1296: FutureWarning: Using the 'liblinear' solver for multiclass classification is deprecated. An error will be raised in 1.8. Either use another solver which supports the multinomial loss or wrap the estimator in a OneVsRestClassifier to keep applying a one-versus-rest scheme.
  warnings.warn(
/data2/hy/.local/lib/python3.10/site-packages/sklearn/linear_model/_logistic.py:1296: FutureWarning: Using the 'liblinear' solver for multiclass classification is deprecated. An error will be raised in 1.8. Either use another solver which supports the multinomial loss or wrap the estimator in a OneVsRestClassifier to keep applying a one-versus-rest scheme.
  warnings.warn(
/data2/hy/.local/lib/python3.10/site-packages/sklearn/linear_model/_logistic.py:1296: FutureWarning: Using the 'liblinear' solver for multiclass classification is deprecated. An error will be raised in 1.8. Either use another solver which supports the multinomial loss or wrap the estimator in a OneVsRestClassifier to keep applying a one-versus-rest scheme.
  warnings.warn(
/data2/hy/.local/lib/python3.10/site-packages/sklearn/linear_model/_logistic.py:1296: FutureWarning: Using the 'liblinear' solver for multiclass classification is deprecated. An error will be raised in 1.8. Either use another solver which supports the multinomial loss or wrap the estimator in a OneVsRestClassifier to keep applying a one-versus-rest scheme.
  warnings.warn(
/data2/hy/.local/lib/python3.10/site-packages/sklearn/linear_model/_logistic.py:1296: FutureWarning: Using the 'liblinear' solver for multiclass classification is deprecated. An error will be raised in 1.8. Either use another solver which supports the multinomial loss or wrap the estimator in a OneVsRestClassifier to keep applying a one-versus-rest scheme.
  warnings.warn(
/data2/hy/.local/lib/python3.10/site-packages/sklearn/linear_model/_logistic.py:1296: FutureWarning: Using the 'liblinear' solver for multiclass classification is deprecated. An error will be raised in 1.8. Either use another solver which supports the multinomial loss or wrap the estimator in a OneVsRestClassifier to keep applying a one-versus-rest scheme.
  warnings.warn(
/data2/hy/.local/lib/python3.10/site-packages/sklearn/linear_model/_logistic.py:1296: FutureWarning: Using the 'liblinear' solver for multiclass classification is deprecated. An error will be raised in 1.8. Either use another solver which supports the multinomial loss or wrap the estimator in a OneVsRestClassifier to keep applying a one-versus-rest scheme.
  warnings.warn(
/data2/hy/.local/lib/python3.10/site-packages/sklearn/linear_model/_logistic.py:1296: FutureWarning: Using the 'liblinear' solver for multiclass classification is deprecated. An error will be raised in 1.8. Either use another solver which supports the multinomial loss or wrap the estimator in a OneVsRestClassifier to keep applying a one-versus-rest scheme.
  warnings.warn(
/data2/hy/.local/lib/python3.10/site-packages/sklearn/linear_model/_logistic.py:1296: FutureWarning: Using the 'liblinear' solver for multiclass classification is deprecated. An error will be raised in 1.8. Either use another solver which supports the multinomial loss or wrap the estimator in a OneVsRestClassifier to keep applying a one-versus-rest scheme.
  warnings.warn(
/data2/hy/.local/lib/python3.10/site-packages/sklearn/linear_model/_logistic.py:1296: FutureWarning: Using the 'liblinear' solver for multiclass classification is deprecated. An error will be raised in 1.8. Either use another solver which supports the multinomial loss or wrap the estimator in a OneVsRestClassifier to keep applying a one-versus-rest scheme.
  warnings.warn(
/data2/hy/.local/lib/python3.10/site-packages/sklearn/linear_model/_logistic.py:1296: FutureWarning: Using the 'liblinear' solver for multiclass classification is deprecated. An error will be raised in 1.8. Either use another solver which supports the multinomial loss or wrap the estimator in a OneVsRestClassifier to keep applying a one-versus-rest scheme.
  warnings.warn(
/data2/hy/.local/lib/python3.10/site-packages/sklearn/linear_model/_logistic.py:1296: FutureWarning: Using the 'liblinear' solver for multiclass classification is deprecated. An error will be raised in 1.8. Either use another solver which supports the multinomial loss or wrap the estimator in a OneVsRestClassifier to keep applying a one-versus-rest scheme.
  warnings.warn(
/data2/hy/.local/lib/python3.10/site-packages/sklearn/linear_model/_logistic.py:1296: FutureWarning: Using the 'liblinear' solver for multiclass classification is deprecated. An error will be raised in 1.8. Either use another solver which supports the multinomial loss or wrap the estimator in a OneVsRestClassifier to keep applying a one-versus-rest scheme.
  warnings.warn(
/data2/hy/.local/lib/python3.10/site-packages/sklearn/linear_model/_logistic.py:1296: FutureWarning: Using the 'liblinear' solver for multiclass classification is deprecated. An error will be raised in 1.8. Either use another solver which supports the multinomial loss or wrap the estimator in a OneVsRestClassifier to keep applying a one-versus-rest scheme.
  warnings.warn(
/data2/hy/.local/lib/python3.10/site-packages/sklearn/linear_model/_logistic.py:1296: FutureWarning: Using the 'liblinear' solver for multiclass classification is deprecated. An error will be raised in 1.8. Either use another solver which supports the multinomial loss or wrap the estimator in a OneVsRestClassifier to keep applying a one-versus-rest scheme.
  warnings.warn(
/data2/hy/.local/lib/python3.10/site-packages/sklearn/linear_model/_logistic.py:1296: FutureWarning: Using the 'liblinear' solver for multiclass classification is deprecated. An error will be raised in 1.8. Either use another solver which supports the multinomial loss or wrap the estimator in a OneVsRestClassifier to keep applying a one-versus-rest scheme.
  warnings.warn(
/data2/hy/.local/lib/python3.10/site-packages/sklearn/linear_model/_logistic.py:1296: FutureWarning: Using the 'liblinear' solver for multiclass classification is deprecated. An error will be raised in 1.8. Either use another solver which supports the multinomial loss or wrap the estimator in a OneVsRestClassifier to keep applying a one-versus-rest scheme.
  warnings.warn(
/data2/hy/.local/lib/python3.10/site-packages/sklearn/linear_model/_logistic.py:1296: FutureWarning: Using the 'liblinear' solver for multiclass classification is deprecated. An error will be raised in 1.8. Either use another solver which supports the multinomial loss or wrap the estimator in a OneVsRestClassifier to keep applying a one-versus-rest scheme.
  warnings.warn(
/data2/hy/.local/lib/python3.10/site-packages/sklearn/linear_model/_logistic.py:1296: FutureWarning: Using the 'liblinear' solver for multiclass classification is deprecated. An error will be raised in 1.8. Either use another solver which supports the multinomial loss or wrap the estimator in a OneVsRestClassifier to keep applying a one-versus-rest scheme.
  warnings.warn(
/data2/hy/.local/lib/python3.10/site-packages/sklearn/linear_model/_logistic.py:1296: FutureWarning: Using the 'liblinear' solver for multiclass classification is deprecated. An error will be raised in 1.8. Either use another solver which supports the multinomial loss or wrap the estimator in a OneVsRestClassifier to keep applying a one-versus-rest scheme.
  warnings.warn(
/data2/hy/.local/lib/python3.10/site-packages/sklearn/linear_model/_logistic.py:1296: FutureWarning: Using the 'liblinear' solver for multiclass classification is deprecated. An error will be raised in 1.8. Either use another solver which supports the multinomial loss or wrap the estimator in a OneVsRestClassifier to keep applying a one-versus-rest scheme.
  warnings.warn(
/data2/hy/.local/lib/python3.10/site-packages/sklearn/linear_model/_logistic.py:1296: FutureWarning: Using the 'liblinear' solver for multiclass classification is deprecated. An error will be raised in 1.8. Either use another solver which supports the multinomial loss or wrap the estimator in a OneVsRestClassifier to keep applying a one-versus-rest scheme.
  warnings.warn(
/data2/hy/.local/lib/python3.10/site-packages/sklearn/linear_model/_logistic.py:1296: FutureWarning: Using the 'liblinear' solver for multiclass classification is deprecated. An error will be raised in 1.8. Either use another solver which supports the multinomial loss or wrap the estimator in a OneVsRestClassifier to keep applying a one-versus-rest scheme.
  warnings.warn(
/data2/hy/.local/lib/python3.10/site-packages/sklearn/linear_model/_logistic.py:1296: FutureWarning: Using the 'liblinear' solver for multiclass classification is deprecated. An error will be raised in 1.8. Either use another solver which supports the multinomial loss or wrap the estimator in a OneVsRestClassifier to keep applying a one-versus-rest scheme.
  warnings.warn(
/data2/hy/.local/lib/python3.10/site-packages/sklearn/linear_model/_logistic.py:1296: FutureWarning: Using the 'liblinear' solver for multiclass classification is deprecated. An error will be raised in 1.8. Either use another solver which supports the multinomial loss or wrap the estimator in a OneVsRestClassifier to keep applying a one-versus-rest scheme.
  warnings.warn(
/data2/hy/.local/lib/python3.10/site-packages/sklearn/linear_model/_logistic.py:1296: FutureWarning: Using the 'liblinear' solver for multiclass classification is deprecated. An error will be raised in 1.8. Either use another solver which supports the multinomial loss or wrap the estimator in a OneVsRestClassifier to keep applying a one-versus-rest scheme.
  warnings.warn(
/data2/hy/.local/lib/python3.10/site-packages/sklearn/linear_model/_logistic.py:1296: FutureWarning: Using the 'liblinear' solver for multiclass classification is deprecated. An error will be raised in 1.8. Either use another solver which supports the multinomial loss or wrap the estimator in a OneVsRestClassifier to keep applying a one-versus-rest scheme.
  warnings.warn(
/data2/hy/.local/lib/python3.10/site-packages/sklearn/linear_model/_logistic.py:1296: FutureWarning: Using the 'liblinear' solver for multiclass classification is deprecated. An error will be raised in 1.8. Either use another solver which supports the multinomial loss or wrap the estimator in a OneVsRestClassifier to keep applying a one-versus-rest scheme.
  warnings.warn(
/data2/hy/.local/lib/python3.10/site-packages/sklearn/linear_model/_logistic.py:1296: FutureWarning: Using the 'liblinear' solver for multiclass classification is deprecated. An error will be raised in 1.8. Either use another solver which supports the multinomial loss or wrap the estimator in a OneVsRestClassifier to keep applying a one-versus-rest scheme.
  warnings.warn(
/data2/hy/.local/lib/python3.10/site-packages/sklearn/linear_model/_logistic.py:1296: FutureWarning: Using the 'liblinear' solver for multiclass classification is deprecated. An error will be raised in 1.8. Either use another solver which supports the multinomial loss or wrap the estimator in a OneVsRestClassifier to keep applying a one-versus-rest scheme.
  warnings.warn(
/data2/hy/.local/lib/python3.10/site-packages/sklearn/linear_model/_logistic.py:1296: FutureWarning: Using the 'liblinear' solver for multiclass classification is deprecated. An error will be raised in 1.8. Either use another solver which supports the multinomial loss or wrap the estimator in a OneVsRestClassifier to keep applying a one-versus-rest scheme.
  warnings.warn(
/data2/hy/.local/lib/python3.10/site-packages/sklearn/linear_model/_logistic.py:1296: FutureWarning: Using the 'liblinear' solver for multiclass classification is deprecated. An error will be raised in 1.8. Either use another solver which supports the multinomial loss or wrap the estimator in a OneVsRestClassifier to keep applying a one-versus-rest scheme.
  warnings.warn(
/data2/hy/.local/lib/python3.10/site-packages/sklearn/linear_model/_logistic.py:1296: FutureWarning: Using the 'liblinear' solver for multiclass classification is deprecated. An error will be raised in 1.8. Either use another solver which supports the multinomial loss or wrap the estimator in a OneVsRestClassifier to keep applying a one-versus-rest scheme.
  warnings.warn(
/data2/hy/.local/lib/python3.10/site-packages/sklearn/linear_model/_logistic.py:1296: FutureWarning: Using the 'liblinear' solver for multiclass classification is deprecated. An error will be raised in 1.8. Either use another solver which supports the multinomial loss or wrap the estimator in a OneVsRestClassifier to keep applying a one-versus-rest scheme.
  warnings.warn(
/data2/hy/.local/lib/python3.10/site-packages/sklearn/linear_model/_logistic.py:1296: FutureWarning: Using the 'liblinear' solver for multiclass classification is deprecated. An error will be raised in 1.8. Either use another solver which supports the multinomial loss or wrap the estimator in a OneVsRestClassifier to keep applying a one-versus-rest scheme.
  warnings.warn(
/data2/hy/.local/lib/python3.10/site-packages/sklearn/linear_model/_logistic.py:1296: FutureWarning: Using the 'liblinear' solver for multiclass classification is deprecated. An error will be raised in 1.8. Either use another solver which supports the multinomial loss or wrap the estimator in a OneVsRestClassifier to keep applying a one-versus-rest scheme.
  warnings.warn(
/data2/hy/.local/lib/python3.10/site-packages/sklearn/linear_model/_logistic.py:1296: FutureWarning: Using the 'liblinear' solver for multiclass classification is deprecated. An error will be raised in 1.8. Either use another solver which supports the multinomial loss or wrap the estimator in a OneVsRestClassifier to keep applying a one-versus-rest scheme.
  warnings.warn(
/data2/hy/.local/lib/python3.10/site-packages/sklearn/linear_model/_logistic.py:1296: FutureWarning: Using the 'liblinear' solver for multiclass classification is deprecated. An error will be raised in 1.8. Either use another solver which supports the multinomial loss or wrap the estimator in a OneVsRestClassifier to keep applying a one-versus-rest scheme.
  warnings.warn(
/data2/hy/.local/lib/python3.10/site-packages/sklearn/linear_model/_logistic.py:1296: FutureWarning: Using the 'liblinear' solver for multiclass classification is deprecated. An error will be raised in 1.8. Either use another solver which supports the multinomial loss or wrap the estimator in a OneVsRestClassifier to keep applying a one-versus-rest scheme.
  warnings.warn(
/data2/hy/.local/lib/python3.10/site-packages/sklearn/linear_model/_logistic.py:1296: FutureWarning: Using the 'liblinear' solver for multiclass classification is deprecated. An error will be raised in 1.8. Either use another solver which supports the multinomial loss or wrap the estimator in a OneVsRestClassifier to keep applying a one-versus-rest scheme.
  warnings.warn(
/data2/hy/.local/lib/python3.10/site-packages/sklearn/linear_model/_logistic.py:1296: FutureWarning: Using the 'liblinear' solver for multiclass classification is deprecated. An error will be raised in 1.8. Either use another solver which supports the multinomial loss or wrap the estimator in a OneVsRestClassifier to keep applying a one-versus-rest scheme.
  warnings.warn(
/data2/hy/.local/lib/python3.10/site-packages/sklearn/linear_model/_logistic.py:1296: FutureWarning: Using the 'liblinear' solver for multiclass classification is deprecated. An error will be raised in 1.8. Either use another solver which supports the multinomial loss or wrap the estimator in a OneVsRestClassifier to keep applying a one-versus-rest scheme.
  warnings.warn(
/data2/hy/.local/lib/python3.10/site-packages/sklearn/linear_model/_logistic.py:1296: FutureWarning: Using the 'liblinear' solver for multiclass classification is deprecated. An error will be raised in 1.8. Either use another solver which supports the multinomial loss or wrap the estimator in a OneVsRestClassifier to keep applying a one-versus-rest scheme.
  warnings.warn(
/data2/hy/.local/lib/python3.10/site-packages/sklearn/linear_model/_logistic.py:1296: FutureWarning: Using the 'liblinear' solver for multiclass classification is deprecated. An error will be raised in 1.8. Either use another solver which supports the multinomial loss or wrap the estimator in a OneVsRestClassifier to keep applying a one-versus-rest scheme.
  warnings.warn(
/data2/hy/.local/lib/python3.10/site-packages/sklearn/linear_model/_logistic.py:1296: FutureWarning: Using the 'liblinear' solver for multiclass classification is deprecated. An error will be raised in 1.8. Either use another solver which supports the multinomial loss or wrap the estimator in a OneVsRestClassifier to keep applying a one-versus-rest scheme.
  warnings.warn(
/data2/hy/.local/lib/python3.10/site-packages/sklearn/linear_model/_logistic.py:1296: FutureWarning: Using the 'liblinear' solver for multiclass classification is deprecated. An error will be raised in 1.8. Either use another solver which supports the multinomial loss or wrap the estimator in a OneVsRestClassifier to keep applying a one-versus-rest scheme.
  warnings.warn(
/data2/hy/.local/lib/python3.10/site-packages/sklearn/linear_model/_logistic.py:1296: FutureWarning: Using the 'liblinear' solver for multiclass classification is deprecated. An error will be raised in 1.8. Either use another solver which supports the multinomial loss or wrap the estimator in a OneVsRestClassifier to keep applying a one-versus-rest scheme.
  warnings.warn(
/data2/hy/.local/lib/python3.10/site-packages/sklearn/linear_model/_logistic.py:1296: FutureWarning: Using the 'liblinear' solver for multiclass classification is deprecated. An error will be raised in 1.8. Either use another solver which supports the multinomial loss or wrap the estimator in a OneVsRestClassifier to keep applying a one-versus-rest scheme.
  warnings.warn(
/data2/hy/.local/lib/python3.10/site-packages/sklearn/linear_model/_logistic.py:1296: FutureWarning: Using the 'liblinear' solver for multiclass classification is deprecated. An error will be raised in 1.8. Either use another solver which supports the multinomial loss or wrap the estimator in a OneVsRestClassifier to keep applying a one-versus-rest scheme.
  warnings.warn(
/data2/hy/.local/lib/python3.10/site-packages/sklearn/linear_model/_logistic.py:1296: FutureWarning: Using the 'liblinear' solver for multiclass classification is deprecated. An error will be raised in 1.8. Either use another solver which supports the multinomial loss or wrap the estimator in a OneVsRestClassifier to keep applying a one-versus-rest scheme.
  warnings.warn(
/data2/hy/.local/lib/python3.10/site-packages/sklearn/linear_model/_logistic.py:1296: FutureWarning: Using the 'liblinear' solver for multiclass classification is deprecated. An error will be raised in 1.8. Either use another solver which supports the multinomial loss or wrap the estimator in a OneVsRestClassifier to keep applying a one-versus-rest scheme.
  warnings.warn(
/data2/hy/.local/lib/python3.10/site-packages/sklearn/linear_model/_logistic.py:1296: FutureWarning: Using the 'liblinear' solver for multiclass classification is deprecated. An error will be raised in 1.8. Either use another solver which supports the multinomial loss or wrap the estimator in a OneVsRestClassifier to keep applying a one-versus-rest scheme.
  warnings.warn(
/data2/hy/.local/lib/python3.10/site-packages/sklearn/linear_model/_logistic.py:1296: FutureWarning: Using the 'liblinear' solver for multiclass classification is deprecated. An error will be raised in 1.8. Either use another solver which supports the multinomial loss or wrap the estimator in a OneVsRestClassifier to keep applying a one-versus-rest scheme.
  warnings.warn(
/data2/hy/.local/lib/python3.10/site-packages/sklearn/linear_model/_logistic.py:1296: FutureWarning: Using the 'liblinear' solver for multiclass classification is deprecated. An error will be raised in 1.8. Either use another solver which supports the multinomial loss or wrap the estimator in a OneVsRestClassifier to keep applying a one-versus-rest scheme.
  warnings.warn(
/data2/hy/.local/lib/python3.10/site-packages/sklearn/linear_model/_logistic.py:1296: FutureWarning: Using the 'liblinear' solver for multiclass classification is deprecated. An error will be raised in 1.8. Either use another solver which supports the multinomial loss or wrap the estimator in a OneVsRestClassifier to keep applying a one-versus-rest scheme.
  warnings.warn(
/data2/hy/.local/lib/python3.10/site-packages/sklearn/linear_model/_logistic.py:1296: FutureWarning: Using the 'liblinear' solver for multiclass classification is deprecated. An error will be raised in 1.8. Either use another solver which supports the multinomial loss or wrap the estimator in a OneVsRestClassifier to keep applying a one-versus-rest scheme.
  warnings.warn(
/data2/hy/.local/lib/python3.10/site-packages/sklearn/linear_model/_logistic.py:1296: FutureWarning: Using the 'liblinear' solver for multiclass classification is deprecated. An error will be raised in 1.8. Either use another solver which supports the multinomial loss or wrap the estimator in a OneVsRestClassifier to keep applying a one-versus-rest scheme.
  warnings.warn(
/data2/hy/.local/lib/python3.10/site-packages/sklearn/linear_model/_logistic.py:1296: FutureWarning: Using the 'liblinear' solver for multiclass classification is deprecated. An error will be raised in 1.8. Either use another solver which supports the multinomial loss or wrap the estimator in a OneVsRestClassifier to keep applying a one-versus-rest scheme.
  warnings.warn(
/data2/hy/.local/lib/python3.10/site-packages/sklearn/linear_model/_logistic.py:1296: FutureWarning: Using the 'liblinear' solver for multiclass classification is deprecated. An error will be raised in 1.8. Either use another solver which supports the multinomial loss or wrap the estimator in a OneVsRestClassifier to keep applying a one-versus-rest scheme.
  warnings.warn(
/data2/hy/.local/lib/python3.10/site-packages/sklearn/linear_model/_logistic.py:1296: FutureWarning: Using the 'liblinear' solver for multiclass classification is deprecated. An error will be raised in 1.8. Either use another solver which supports the multinomial loss or wrap the estimator in a OneVsRestClassifier to keep applying a one-versus-rest scheme.
  warnings.warn(
/data2/hy/.local/lib/python3.10/site-packages/sklearn/linear_model/_logistic.py:1296: FutureWarning: Using the 'liblinear' solver for multiclass classification is deprecated. An error will be raised in 1.8. Either use another solver which supports the multinomial loss or wrap the estimator in a OneVsRestClassifier to keep applying a one-versus-rest scheme.
  warnings.warn(
/data2/hy/.local/lib/python3.10/site-packages/sklearn/linear_model/_logistic.py:1296: FutureWarning: Using the 'liblinear' solver for multiclass classification is deprecated. An error will be raised in 1.8. Either use another solver which supports the multinomial loss or wrap the estimator in a OneVsRestClassifier to keep applying a one-versus-rest scheme.
  warnings.warn(
/data2/hy/.local/lib/python3.10/site-packages/sklearn/linear_model/_logistic.py:1296: FutureWarning: Using the 'liblinear' solver for multiclass classification is deprecated. An error will be raised in 1.8. Either use another solver which supports the multinomial loss or wrap the estimator in a OneVsRestClassifier to keep applying a one-versus-rest scheme.
  warnings.warn(
/data2/hy/.local/lib/python3.10/site-packages/sklearn/linear_model/_logistic.py:1296: FutureWarning: Using the 'liblinear' solver for multiclass classification is deprecated. An error will be raised in 1.8. Either use another solver which supports the multinomial loss or wrap the estimator in a OneVsRestClassifier to keep applying a one-versus-rest scheme.
  warnings.warn(
/data2/hy/.local/lib/python3.10/site-packages/sklearn/linear_model/_logistic.py:1296: FutureWarning: Using the 'liblinear' solver for multiclass classification is deprecated. An error will be raised in 1.8. Either use another solver which supports the multinomial loss or wrap the estimator in a OneVsRestClassifier to keep applying a one-versus-rest scheme.
  warnings.warn(
/data2/hy/.local/lib/python3.10/site-packages/sklearn/linear_model/_logistic.py:1296: FutureWarning: Using the 'liblinear' solver for multiclass classification is deprecated. An error will be raised in 1.8. Either use another solver which supports the multinomial loss or wrap the estimator in a OneVsRestClassifier to keep applying a one-versus-rest scheme.
  warnings.warn(
/data2/hy/.local/lib/python3.10/site-packages/sklearn/linear_model/_logistic.py:1296: FutureWarning: Using the 'liblinear' solver for multiclass classification is deprecated. An error will be raised in 1.8. Either use another solver which supports the multinomial loss or wrap the estimator in a OneVsRestClassifier to keep applying a one-versus-rest scheme.
  warnings.warn(
/data2/hy/.local/lib/python3.10/site-packages/sklearn/linear_model/_logistic.py:1296: FutureWarning: Using the 'liblinear' solver for multiclass classification is deprecated. An error will be raised in 1.8. Either use another solver which supports the multinomial loss or wrap the estimator in a OneVsRestClassifier to keep applying a one-versus-rest scheme.
  warnings.warn(
/data2/hy/.local/lib/python3.10/site-packages/sklearn/linear_model/_logistic.py:1296: FutureWarning: Using the 'liblinear' solver for multiclass classification is deprecated. An error will be raised in 1.8. Either use another solver which supports the multinomial loss or wrap the estimator in a OneVsRestClassifier to keep applying a one-versus-rest scheme.
  warnings.warn(
/data2/hy/.local/lib/python3.10/site-packages/sklearn/linear_model/_logistic.py:1296: FutureWarning: Using the 'liblinear' solver for multiclass classification is deprecated. An error will be raised in 1.8. Either use another solver which supports the multinomial loss or wrap the estimator in a OneVsRestClassifier to keep applying a one-versus-rest scheme.
  warnings.warn(
/data2/hy/.local/lib/python3.10/site-packages/sklearn/linear_model/_logistic.py:1296: FutureWarning: Using the 'liblinear' solver for multiclass classification is deprecated. An error will be raised in 1.8. Either use another solver which supports the multinomial loss or wrap the estimator in a OneVsRestClassifier to keep applying a one-versus-rest scheme.
  warnings.warn(
/data2/hy/.local/lib/python3.10/site-packages/sklearn/linear_model/_logistic.py:1296: FutureWarning: Using the 'liblinear' solver for multiclass classification is deprecated. An error will be raised in 1.8. Either use another solver which supports the multinomial loss or wrap the estimator in a OneVsRestClassifier to keep applying a one-versus-rest scheme.
  warnings.warn(
/data2/hy/.local/lib/python3.10/site-packages/sklearn/linear_model/_logistic.py:1296: FutureWarning: Using the 'liblinear' solver for multiclass classification is deprecated. An error will be raised in 1.8. Either use another solver which supports the multinomial loss or wrap the estimator in a OneVsRestClassifier to keep applying a one-versus-rest scheme.
  warnings.warn(
/data2/hy/.local/lib/python3.10/site-packages/sklearn/linear_model/_logistic.py:1296: FutureWarning: Using the 'liblinear' solver for multiclass classification is deprecated. An error will be raised in 1.8. Either use another solver which supports the multinomial loss or wrap the estimator in a OneVsRestClassifier to keep applying a one-versus-rest scheme.
  warnings.warn(
/data2/hy/.local/lib/python3.10/site-packages/sklearn/linear_model/_logistic.py:1296: FutureWarning: Using the 'liblinear' solver for multiclass classification is deprecated. An error will be raised in 1.8. Either use another solver which supports the multinomial loss or wrap the estimator in a OneVsRestClassifier to keep applying a one-versus-rest scheme.
  warnings.warn(
/data2/hy/.local/lib/python3.10/site-packages/sklearn/linear_model/_logistic.py:1296: FutureWarning: Using the 'liblinear' solver for multiclass classification is deprecated. An error will be raised in 1.8. Either use another solver which supports the multinomial loss or wrap the estimator in a OneVsRestClassifier to keep applying a one-versus-rest scheme.
  warnings.warn(
/data2/hy/.local/lib/python3.10/site-packages/sklearn/linear_model/_logistic.py:1296: FutureWarning: Using the 'liblinear' solver for multiclass classification is deprecated. An error will be raised in 1.8. Either use another solver which supports the multinomial loss or wrap the estimator in a OneVsRestClassifier to keep applying a one-versus-rest scheme.
  warnings.warn(
/data2/hy/.local/lib/python3.10/site-packages/sklearn/linear_model/_logistic.py:1296: FutureWarning: Using the 'liblinear' solver for multiclass classification is deprecated. An error will be raised in 1.8. Either use another solver which supports the multinomial loss or wrap the estimator in a OneVsRestClassifier to keep applying a one-versus-rest scheme.
  warnings.warn(
/data2/hy/.local/lib/python3.10/site-packages/sklearn/linear_model/_logistic.py:1296: FutureWarning: Using the 'liblinear' solver for multiclass classification is deprecated. An error will be raised in 1.8. Either use another solver which supports the multinomial loss or wrap the estimator in a OneVsRestClassifier to keep applying a one-versus-rest scheme.
  warnings.warn(
/data2/hy/.local/lib/python3.10/site-packages/sklearn/linear_model/_logistic.py:1296: FutureWarning: Using the 'liblinear' solver for multiclass classification is deprecated. An error will be raised in 1.8. Either use another solver which supports the multinomial loss or wrap the estimator in a OneVsRestClassifier to keep applying a one-versus-rest scheme.
  warnings.warn(
/data2/hy/.local/lib/python3.10/site-packages/sklearn/linear_model/_logistic.py:1296: FutureWarning: Using the 'liblinear' solver for multiclass classification is deprecated. An error will be raised in 1.8. Either use another solver which supports the multinomial loss or wrap the estimator in a OneVsRestClassifier to keep applying a one-versus-rest scheme.
  warnings.warn(
/data2/hy/.local/lib/python3.10/site-packages/sklearn/linear_model/_logistic.py:1296: FutureWarning: Using the 'liblinear' solver for multiclass classification is deprecated. An error will be raised in 1.8. Either use another solver which supports the multinomial loss or wrap the estimator in a OneVsRestClassifier to keep applying a one-versus-rest scheme.
  warnings.warn(
/data2/hy/.local/lib/python3.10/site-packages/sklearn/linear_model/_logistic.py:1296: FutureWarning: Using the 'liblinear' solver for multiclass classification is deprecated. An error will be raised in 1.8. Either use another solver which supports the multinomial loss or wrap the estimator in a OneVsRestClassifier to keep applying a one-versus-rest scheme.
  warnings.warn(
/data2/hy/.local/lib/python3.10/site-packages/sklearn/linear_model/_logistic.py:1296: FutureWarning: Using the 'liblinear' solver for multiclass classification is deprecated. An error will be raised in 1.8. Either use another solver which supports the multinomial loss or wrap the estimator in a OneVsRestClassifier to keep applying a one-versus-rest scheme.
  warnings.warn(
/data2/hy/.local/lib/python3.10/site-packages/sklearn/linear_model/_logistic.py:1296: FutureWarning: Using the 'liblinear' solver for multiclass classification is deprecated. An error will be raised in 1.8. Either use another solver which supports the multinomial loss or wrap the estimator in a OneVsRestClassifier to keep applying a one-versus-rest scheme.
  warnings.warn(
/data2/hy/.local/lib/python3.10/site-packages/sklearn/linear_model/_logistic.py:1296: FutureWarning: Using the 'liblinear' solver for multiclass classification is deprecated. An error will be raised in 1.8. Either use another solver which supports the multinomial loss or wrap the estimator in a OneVsRestClassifier to keep applying a one-versus-rest scheme.
  warnings.warn(
/data2/hy/.local/lib/python3.10/site-packages/sklearn/linear_model/_logistic.py:1296: FutureWarning: Using the 'liblinear' solver for multiclass classification is deprecated. An error will be raised in 1.8. Either use another solver which supports the multinomial loss or wrap the estimator in a OneVsRestClassifier to keep applying a one-versus-rest scheme.
  warnings.warn(
/data2/hy/.local/lib/python3.10/site-packages/sklearn/linear_model/_logistic.py:1296: FutureWarning: Using the 'liblinear' solver for multiclass classification is deprecated. An error will be raised in 1.8. Either use another solver which supports the multinomial loss or wrap the estimator in a OneVsRestClassifier to keep applying a one-versus-rest scheme.
  warnings.warn(
/data2/hy/.local/lib/python3.10/site-packages/sklearn/linear_model/_logistic.py:1296: FutureWarning: Using the 'liblinear' solver for multiclass classification is deprecated. An error will be raised in 1.8. Either use another solver which supports the multinomial loss or wrap the estimator in a OneVsRestClassifier to keep applying a one-versus-rest scheme.
  warnings.warn(
/data2/hy/.local/lib/python3.10/site-packages/sklearn/linear_model/_logistic.py:1296: FutureWarning: Using the 'liblinear' solver for multiclass classification is deprecated. An error will be raised in 1.8. Either use another solver which supports the multinomial loss or wrap the estimator in a OneVsRestClassifier to keep applying a one-versus-rest scheme.
  warnings.warn(
/data2/hy/.local/lib/python3.10/site-packages/sklearn/linear_model/_logistic.py:1296: FutureWarning: Using the 'liblinear' solver for multiclass classification is deprecated. An error will be raised in 1.8. Either use another solver which supports the multinomial loss or wrap the estimator in a OneVsRestClassifier to keep applying a one-versus-rest scheme.
  warnings.warn(
/data2/hy/.local/lib/python3.10/site-packages/sklearn/linear_model/_logistic.py:1296: FutureWarning: Using the 'liblinear' solver for multiclass classification is deprecated. An error will be raised in 1.8. Either use another solver which supports the multinomial loss or wrap the estimator in a OneVsRestClassifier to keep applying a one-versus-rest scheme.
  warnings.warn(
/data2/hy/.local/lib/python3.10/site-packages/sklearn/linear_model/_logistic.py:1296: FutureWarning: Using the 'liblinear' solver for multiclass classification is deprecated. An error will be raised in 1.8. Either use another solver which supports the multinomial loss or wrap the estimator in a OneVsRestClassifier to keep applying a one-versus-rest scheme.
  warnings.warn(
/data2/hy/.local/lib/python3.10/site-packages/sklearn/linear_model/_logistic.py:1296: FutureWarning: Using the 'liblinear' solver for multiclass classification is deprecated. An error will be raised in 1.8. Either use another solver which supports the multinomial loss or wrap the estimator in a OneVsRestClassifier to keep applying a one-versus-rest scheme.
  warnings.warn(
/data2/hy/.local/lib/python3.10/site-packages/sklearn/linear_model/_logistic.py:1296: FutureWarning: Using the 'liblinear' solver for multiclass classification is deprecated. An error will be raised in 1.8. Either use another solver which supports the multinomial loss or wrap the estimator in a OneVsRestClassifier to keep applying a one-versus-rest scheme.
  warnings.warn(
/data2/hy/.local/lib/python3.10/site-packages/sklearn/linear_model/_logistic.py:1296: FutureWarning: Using the 'liblinear' solver for multiclass classification is deprecated. An error will be raised in 1.8. Either use another solver which supports the multinomial loss or wrap the estimator in a OneVsRestClassifier to keep applying a one-versus-rest scheme.
  warnings.warn(
/data2/hy/.local/lib/python3.10/site-packages/sklearn/linear_model/_logistic.py:1296: FutureWarning: Using the 'liblinear' solver for multiclass classification is deprecated. An error will be raised in 1.8. Either use another solver which supports the multinomial loss or wrap the estimator in a OneVsRestClassifier to keep applying a one-versus-rest scheme.
  warnings.warn(
/data2/hy/.local/lib/python3.10/site-packages/sklearn/linear_model/_logistic.py:1296: FutureWarning: Using the 'liblinear' solver for multiclass classification is deprecated. An error will be raised in 1.8. Either use another solver which supports the multinomial loss or wrap the estimator in a OneVsRestClassifier to keep applying a one-versus-rest scheme.
  warnings.warn(
/data2/hy/.local/lib/python3.10/site-packages/sklearn/linear_model/_logistic.py:1296: FutureWarning: Using the 'liblinear' solver for multiclass classification is deprecated. An error will be raised in 1.8. Either use another solver which supports the multinomial loss or wrap the estimator in a OneVsRestClassifier to keep applying a one-versus-rest scheme.
  warnings.warn(
/data2/hy/.local/lib/python3.10/site-packages/sklearn/linear_model/_logistic.py:1296: FutureWarning: Using the 'liblinear' solver for multiclass classification is deprecated. An error will be raised in 1.8. Either use another solver which supports the multinomial loss or wrap the estimator in a OneVsRestClassifier to keep applying a one-versus-rest scheme.
  warnings.warn(
/data2/hy/.local/lib/python3.10/site-packages/sklearn/linear_model/_logistic.py:1296: FutureWarning: Using the 'liblinear' solver for multiclass classification is deprecated. An error will be raised in 1.8. Either use another solver which supports the multinomial loss or wrap the estimator in a OneVsRestClassifier to keep applying a one-versus-rest scheme.
  warnings.warn(
/data2/hy/.local/lib/python3.10/site-packages/sklearn/linear_model/_logistic.py:1296: FutureWarning: Using the 'liblinear' solver for multiclass classification is deprecated. An error will be raised in 1.8. Either use another solver which supports the multinomial loss or wrap the estimator in a OneVsRestClassifier to keep applying a one-versus-rest scheme.
  warnings.warn(
/data2/hy/.local/lib/python3.10/site-packages/sklearn/linear_model/_logistic.py:1296: FutureWarning: Using the 'liblinear' solver for multiclass classification is deprecated. An error will be raised in 1.8. Either use another solver which supports the multinomial loss or wrap the estimator in a OneVsRestClassifier to keep applying a one-versus-rest scheme.
  warnings.warn(
/data2/hy/.local/lib/python3.10/site-packages/sklearn/linear_model/_logistic.py:1296: FutureWarning: Using the 'liblinear' solver for multiclass classification is deprecated. An error will be raised in 1.8. Either use another solver which supports the multinomial loss or wrap the estimator in a OneVsRestClassifier to keep applying a one-versus-rest scheme.
  warnings.warn(
/data2/hy/.local/lib/python3.10/site-packages/sklearn/linear_model/_logistic.py:1296: FutureWarning: Using the 'liblinear' solver for multiclass classification is deprecated. An error will be raised in 1.8. Either use another solver which supports the multinomial loss or wrap the estimator in a OneVsRestClassifier to keep applying a one-versus-rest scheme.
  warnings.warn(
/data2/hy/.local/lib/python3.10/site-packages/sklearn/linear_model/_logistic.py:1296: FutureWarning: Using the 'liblinear' solver for multiclass classification is deprecated. An error will be raised in 1.8. Either use another solver which supports the multinomial loss or wrap the estimator in a OneVsRestClassifier to keep applying a one-versus-rest scheme.
  warnings.warn(
/data2/hy/.local/lib/python3.10/site-packages/sklearn/linear_model/_logistic.py:1296: FutureWarning: Using the 'liblinear' solver for multiclass classification is deprecated. An error will be raised in 1.8. Either use another solver which supports the multinomial loss or wrap the estimator in a OneVsRestClassifier to keep applying a one-versus-rest scheme.
  warnings.warn(
/data2/hy/.local/lib/python3.10/site-packages/sklearn/linear_model/_logistic.py:1296: FutureWarning: Using the 'liblinear' solver for multiclass classification is deprecated. An error will be raised in 1.8. Either use another solver which supports the multinomial loss or wrap the estimator in a OneVsRestClassifier to keep applying a one-versus-rest scheme.
  warnings.warn(
/data2/hy/.local/lib/python3.10/site-packages/sklearn/linear_model/_logistic.py:1296: FutureWarning: Using the 'liblinear' solver for multiclass classification is deprecated. An error will be raised in 1.8. Either use another solver which supports the multinomial loss or wrap the estimator in a OneVsRestClassifier to keep applying a one-versus-rest scheme.
  warnings.warn(
/data2/hy/.local/lib/python3.10/site-packages/sklearn/linear_model/_logistic.py:1296: FutureWarning: Using the 'liblinear' solver for multiclass classification is deprecated. An error will be raised in 1.8. Either use another solver which supports the multinomial loss or wrap the estimator in a OneVsRestClassifier to keep applying a one-versus-rest scheme.
  warnings.warn(
/data2/hy/.local/lib/python3.10/site-packages/sklearn/linear_model/_logistic.py:1296: FutureWarning: Using the 'liblinear' solver for multiclass classification is deprecated. An error will be raised in 1.8. Either use another solver which supports the multinomial loss or wrap the estimator in a OneVsRestClassifier to keep applying a one-versus-rest scheme.
  warnings.warn(
/data2/hy/.local/lib/python3.10/site-packages/sklearn/linear_model/_logistic.py:1296: FutureWarning: Using the 'liblinear' solver for multiclass classification is deprecated. An error will be raised in 1.8. Either use another solver which supports the multinomial loss or wrap the estimator in a OneVsRestClassifier to keep applying a one-versus-rest scheme.
  warnings.warn(
/data2/hy/.local/lib/python3.10/site-packages/sklearn/linear_model/_logistic.py:1296: FutureWarning: Using the 'liblinear' solver for multiclass classification is deprecated. An error will be raised in 1.8. Either use another solver which supports the multinomial loss or wrap the estimator in a OneVsRestClassifier to keep applying a one-versus-rest scheme.
  warnings.warn(
/data2/hy/.local/lib/python3.10/site-packages/sklearn/linear_model/_logistic.py:1296: FutureWarning: Using the 'liblinear' solver for multiclass classification is deprecated. An error will be raised in 1.8. Either use another solver which supports the multinomial loss or wrap the estimator in a OneVsRestClassifier to keep applying a one-versus-rest scheme.
  warnings.warn(
/data2/hy/.local/lib/python3.10/site-packages/sklearn/linear_model/_logistic.py:1296: FutureWarning: Using the 'liblinear' solver for multiclass classification is deprecated. An error will be raised in 1.8. Either use another solver which supports the multinomial loss or wrap the estimator in a OneVsRestClassifier to keep applying a one-versus-rest scheme.
  warnings.warn(
/data2/hy/.local/lib/python3.10/site-packages/sklearn/linear_model/_logistic.py:1296: FutureWarning: Using the 'liblinear' solver for multiclass classification is deprecated. An error will be raised in 1.8. Either use another solver which supports the multinomial loss or wrap the estimator in a OneVsRestClassifier to keep applying a one-versus-rest scheme.
  warnings.warn(
/data2/hy/.local/lib/python3.10/site-packages/sklearn/linear_model/_logistic.py:1296: FutureWarning: Using the 'liblinear' solver for multiclass classification is deprecated. An error will be raised in 1.8. Either use another solver which supports the multinomial loss or wrap the estimator in a OneVsRestClassifier to keep applying a one-versus-rest scheme.
  warnings.warn(
/data2/hy/.local/lib/python3.10/site-packages/sklearn/linear_model/_logistic.py:1296: FutureWarning: Using the 'liblinear' solver for multiclass classification is deprecated. An error will be raised in 1.8. Either use another solver which supports the multinomial loss or wrap the estimator in a OneVsRestClassifier to keep applying a one-versus-rest scheme.
  warnings.warn(
/data2/hy/.local/lib/python3.10/site-packages/sklearn/linear_model/_logistic.py:1296: FutureWarning: Using the 'liblinear' solver for multiclass classification is deprecated. An error will be raised in 1.8. Either use another solver which supports the multinomial loss or wrap the estimator in a OneVsRestClassifier to keep applying a one-versus-rest scheme.
  warnings.warn(
/data2/hy/.local/lib/python3.10/site-packages/sklearn/linear_model/_logistic.py:1296: FutureWarning: Using the 'liblinear' solver for multiclass classification is deprecated. An error will be raised in 1.8. Either use another solver which supports the multinomial loss or wrap the estimator in a OneVsRestClassifier to keep applying a one-versus-rest scheme.
  warnings.warn(
/data2/hy/.local/lib/python3.10/site-packages/sklearn/linear_model/_logistic.py:1296: FutureWarning: Using the 'liblinear' solver for multiclass classification is deprecated. An error will be raised in 1.8. Either use another solver which supports the multinomial loss or wrap the estimator in a OneVsRestClassifier to keep applying a one-versus-rest scheme.
  warnings.warn(
/data2/hy/.local/lib/python3.10/site-packages/sklearn/linear_model/_logistic.py:1296: FutureWarning: Using the 'liblinear' solver for multiclass classification is deprecated. An error will be raised in 1.8. Either use another solver which supports the multinomial loss or wrap the estimator in a OneVsRestClassifier to keep applying a one-versus-rest scheme.
  warnings.warn(
/data2/hy/.local/lib/python3.10/site-packages/sklearn/linear_model/_logistic.py:1296: FutureWarning: Using the 'liblinear' solver for multiclass classification is deprecated. An error will be raised in 1.8. Either use another solver which supports the multinomial loss or wrap the estimator in a OneVsRestClassifier to keep applying a one-versus-rest scheme.
  warnings.warn(
/data2/hy/.local/lib/python3.10/site-packages/sklearn/linear_model/_logistic.py:1296: FutureWarning: Using the 'liblinear' solver for multiclass classification is deprecated. An error will be raised in 1.8. Either use another solver which supports the multinomial loss or wrap the estimator in a OneVsRestClassifier to keep applying a one-versus-rest scheme.
  warnings.warn(
/data2/hy/.local/lib/python3.10/site-packages/sklearn/linear_model/_logistic.py:1296: FutureWarning: Using the 'liblinear' solver for multiclass classification is deprecated. An error will be raised in 1.8. Either use another solver which supports the multinomial loss or wrap the estimator in a OneVsRestClassifier to keep applying a one-versus-rest scheme.
  warnings.warn(
/data2/hy/.local/lib/python3.10/site-packages/sklearn/linear_model/_logistic.py:1296: FutureWarning: Using the 'liblinear' solver for multiclass classification is deprecated. An error will be raised in 1.8. Either use another solver which supports the multinomial loss or wrap the estimator in a OneVsRestClassifier to keep applying a one-versus-rest scheme.
  warnings.warn(
/data2/hy/.local/lib/python3.10/site-packages/sklearn/linear_model/_logistic.py:1296: FutureWarning: Using the 'liblinear' solver for multiclass classification is deprecated. An error will be raised in 1.8. Either use another solver which supports the multinomial loss or wrap the estimator in a OneVsRestClassifier to keep applying a one-versus-rest scheme.
  warnings.warn(
/data2/hy/.local/lib/python3.10/site-packages/sklearn/linear_model/_logistic.py:1296: FutureWarning: Using the 'liblinear' solver for multiclass classification is deprecated. An error will be raised in 1.8. Either use another solver which supports the multinomial loss or wrap the estimator in a OneVsRestClassifier to keep applying a one-versus-rest scheme.
  warnings.warn(
/data2/hy/.local/lib/python3.10/site-packages/sklearn/linear_model/_logistic.py:1296: FutureWarning: Using the 'liblinear' solver for multiclass classification is deprecated. An error will be raised in 1.8. Either use another solver which supports the multinomial loss or wrap the estimator in a OneVsRestClassifier to keep applying a one-versus-rest scheme.
  warnings.warn(
/data2/hy/.local/lib/python3.10/site-packages/sklearn/linear_model/_logistic.py:1296: FutureWarning: Using the 'liblinear' solver for multiclass classification is deprecated. An error will be raised in 1.8. Either use another solver which supports the multinomial loss or wrap the estimator in a OneVsRestClassifier to keep applying a one-versus-rest scheme.
  warnings.warn(
/data2/hy/.local/lib/python3.10/site-packages/sklearn/linear_model/_logistic.py:1296: FutureWarning: Using the 'liblinear' solver for multiclass classification is deprecated. An error will be raised in 1.8. Either use another solver which supports the multinomial loss or wrap the estimator in a OneVsRestClassifier to keep applying a one-versus-rest scheme.
  warnings.warn(
/data2/hy/.local/lib/python3.10/site-packages/sklearn/linear_model/_logistic.py:1296: FutureWarning: Using the 'liblinear' solver for multiclass classification is deprecated. An error will be raised in 1.8. Either use another solver which supports the multinomial loss or wrap the estimator in a OneVsRestClassifier to keep applying a one-versus-rest scheme.
  warnings.warn(
/data2/hy/.local/lib/python3.10/site-packages/sklearn/linear_model/_logistic.py:1296: FutureWarning: Using the 'liblinear' solver for multiclass classification is deprecated. An error will be raised in 1.8. Either use another solver which supports the multinomial loss or wrap the estimator in a OneVsRestClassifier to keep applying a one-versus-rest scheme.
  warnings.warn(
/data2/hy/.local/lib/python3.10/site-packages/sklearn/linear_model/_logistic.py:1296: FutureWarning: Using the 'liblinear' solver for multiclass classification is deprecated. An error will be raised in 1.8. Either use another solver which supports the multinomial loss or wrap the estimator in a OneVsRestClassifier to keep applying a one-versus-rest scheme.
  warnings.warn(
/data2/hy/.local/lib/python3.10/site-packages/sklearn/linear_model/_logistic.py:1296: FutureWarning: Using the 'liblinear' solver for multiclass classification is deprecated. An error will be raised in 1.8. Either use another solver which supports the multinomial loss or wrap the estimator in a OneVsRestClassifier to keep applying a one-versus-rest scheme.
  warnings.warn(
/data2/hy/.local/lib/python3.10/site-packages/sklearn/linear_model/_logistic.py:1296: FutureWarning: Using the 'liblinear' solver for multiclass classification is deprecated. An error will be raised in 1.8. Either use another solver which supports the multinomial loss or wrap the estimator in a OneVsRestClassifier to keep applying a one-versus-rest scheme.
  warnings.warn(
/data2/hy/.local/lib/python3.10/site-packages/sklearn/linear_model/_logistic.py:1296: FutureWarning: Using the 'liblinear' solver for multiclass classification is deprecated. An error will be raised in 1.8. Either use another solver which supports the multinomial loss or wrap the estimator in a OneVsRestClassifier to keep applying a one-versus-rest scheme.
  warnings.warn(
/data2/hy/.local/lib/python3.10/site-packages/sklearn/linear_model/_logistic.py:1296: FutureWarning: Using the 'liblinear' solver for multiclass classification is deprecated. An error will be raised in 1.8. Either use another solver which supports the multinomial loss or wrap the estimator in a OneVsRestClassifier to keep applying a one-versus-rest scheme.
  warnings.warn(
/data2/hy/.local/lib/python3.10/site-packages/sklearn/linear_model/_logistic.py:1296: FutureWarning: Using the 'liblinear' solver for multiclass classification is deprecated. An error will be raised in 1.8. Either use another solver which supports the multinomial loss or wrap the estimator in a OneVsRestClassifier to keep applying a one-versus-rest scheme.
  warnings.warn(
/data2/hy/.local/lib/python3.10/site-packages/sklearn/linear_model/_logistic.py:1296: FutureWarning: Using the 'liblinear' solver for multiclass classification is deprecated. An error will be raised in 1.8. Either use another solver which supports the multinomial loss or wrap the estimator in a OneVsRestClassifier to keep applying a one-versus-rest scheme.
  warnings.warn(
/data2/hy/.local/lib/python3.10/site-packages/sklearn/linear_model/_logistic.py:1296: FutureWarning: Using the 'liblinear' solver for multiclass classification is deprecated. An error will be raised in 1.8. Either use another solver which supports the multinomial loss or wrap the estimator in a OneVsRestClassifier to keep applying a one-versus-rest scheme.
  warnings.warn(
/data2/hy/.local/lib/python3.10/site-packages/sklearn/linear_model/_logistic.py:1296: FutureWarning: Using the 'liblinear' solver for multiclass classification is deprecated. An error will be raised in 1.8. Either use another solver which supports the multinomial loss or wrap the estimator in a OneVsRestClassifier to keep applying a one-versus-rest scheme.
  warnings.warn(
/data2/hy/.local/lib/python3.10/site-packages/sklearn/linear_model/_logistic.py:1296: FutureWarning: Using the 'liblinear' solver for multiclass classification is deprecated. An error will be raised in 1.8. Either use another solver which supports the multinomial loss or wrap the estimator in a OneVsRestClassifier to keep applying a one-versus-rest scheme.
  warnings.warn(
/data2/hy/.local/lib/python3.10/site-packages/sklearn/linear_model/_logistic.py:1296: FutureWarning: Using the 'liblinear' solver for multiclass classification is deprecated. An error will be raised in 1.8. Either use another solver which supports the multinomial loss or wrap the estimator in a OneVsRestClassifier to keep applying a one-versus-rest scheme.
  warnings.warn(
/data2/hy/.local/lib/python3.10/site-packages/sklearn/linear_model/_logistic.py:1296: FutureWarning: Using the 'liblinear' solver for multiclass classification is deprecated. An error will be raised in 1.8. Either use another solver which supports the multinomial loss or wrap the estimator in a OneVsRestClassifier to keep applying a one-versus-rest scheme.
  warnings.warn(
/data2/hy/.local/lib/python3.10/site-packages/sklearn/linear_model/_logistic.py:1296: FutureWarning: Using the 'liblinear' solver for multiclass classification is deprecated. An error will be raised in 1.8. Either use another solver which supports the multinomial loss or wrap the estimator in a OneVsRestClassifier to keep applying a one-versus-rest scheme.
  warnings.warn(
/data2/hy/.local/lib/python3.10/site-packages/sklearn/linear_model/_logistic.py:1296: FutureWarning: Using the 'liblinear' solver for multiclass classification is deprecated. An error will be raised in 1.8. Either use another solver which supports the multinomial loss or wrap the estimator in a OneVsRestClassifier to keep applying a one-versus-rest scheme.
  warnings.warn(
/data2/hy/.local/lib/python3.10/site-packages/sklearn/linear_model/_logistic.py:1296: FutureWarning: Using the 'liblinear' solver for multiclass classification is deprecated. An error will be raised in 1.8. Either use another solver which supports the multinomial loss or wrap the estimator in a OneVsRestClassifier to keep applying a one-versus-rest scheme.
  warnings.warn(
{
  "output_dir": "/data2/hy/cts/e_problem/benchmark_runs/q1_compare_20260925_full/full/git_screening",
  "n_samples": 100,
  "recommendations": {
    "alignment": {
      "selected": "length_weighted",
      "composite_score": 0.42003788316613805,
      "ranking": [
        {
          "method": "length_weighted",
          "composite_score": 0.42003788316613805
        },
        {
          "method": "full_dp_40",
          "composite_score": 0.407092960076846
        },
        {
          "method": "full_dp_20",
          "composite_score": 0.4033932344331608
        },
        {
          "method": "full_dp_10",
          "composite_score": 0.403269426674675
        },
        {
          "method": "energy_dp_20",
          "composite_score": 0.3990736843467654
        },
        {
          "method": "uniform",
          "composite_score": 0.38572079155683864
        }
      ],
      "rule": "hard constraints first; 0.45*macro_f1 + 0.25*max(pearson,0) + 0.15*duration_fit + 0.10*active - 0.05*(dim/max_dim); repeated grouped probe is selection-only"
    },
    "smoothing": {
      "selected": "sigma_1p0",
      "composite_score": 0.40438282105398526,
      "ranking": [
        {
          "method": "sigma_1p0",
          "composite_score": 0.40438282105398526
        },
        {
          "method": "sigma_0p0",
          "composite_score": 0.4035336297561327
        },
        {
          "method": "sigma_0p75",
          "composite_score": 0.4033932344331608
        },
        {
          "method": "sigma_0p5",
          "composite_score": 0.4017634715020487
        }
      ],
      "rule": "hard constraints first; 0.45*macro_f1 + 0.25*max(pearson,0) + 0.15*duration_fit + 0.10*active - 0.05*(dim/max_dim); repeated grouped probe is selection-only"
    },
    "text": {
      "selected": "bert",
      "composite_score": 0.4181006498730857,
      "ranking": [
        {
          "method": "bert",
          "composite_score": 0.4181006498730857
        },
        {
          "method": "hash",
          "composite_score": 0.3274254988270825
        }
      ],
      "rule": "hard constraints first; 0.45*macro_f1 + 0.25*max(pearson,0) + 0.15*duration_fit + 0.10*active - 0.05*(dim/max_dim); repeated grouped probe is selection-only"
    },
    "audio_features": {
      "selected": "energy_voiced_f0_3",
      "composite_score": 0.36797919778410165,
      "ranking": [
        {
          "method": "energy_voiced_f0_3",
          "composite_score": 0.36797919778410165
        },
        {
          "method": "core_prosody_9",
          "composite_score": 0.3447621672675191
        },
        {
          "method": "spectral_mel_31",
          "composite_score": 0.3301056527463587
        },
        {
          "method": "full_40",
          "composite_score": 0.32620648530962043
        },
        {
          "method": "mfcc_delta_23",
          "composite_score": 0.3251846176375342
        }
      ],
      "rule": "hard constraints first; 0.45*macro_f1 + 0.25*max(pearson,0) + 0.15*duration_fit + 0.10*active - 0.05*(dim/max_dim); repeated grouped probe is selection-only"
    },
    "vision_features": {
      "selected": "compact_38",
      "composite_score": 0.30879402930700484,
      "ranking": [
        {
          "method": "compact_38",
          "composite_score": 0.30879402930700484
        },
        {
          "method": "no_hog_54",
          "composite_score": 0.2874881676623948
        },
        {
          "method": "full_90",
          "composite_score": 0.26613069758787977
        }
      ],
      "rule": "hard constraints first; 0.45*macro_f1 + 0.25*max(pearson,0) + 0.15*duration_fit + 0.10*active - 0.05*(dim/max_dim); repeated grouped probe is selection-only"
    },
    "vision_fps": {
      "selected": "fps_10p0",
      "composite_score": 0.27221180489718116,
      "ranking": [
        {
          "method": "fps_10p0",
          "composite_score": 0.27221180489718116
        },
        {
          "method": "fps_5p0",
          "composite_score": 0.26613069758787977
        },
        {
          "method": "fps_2p5",
          "composite_score": 0.2648729763034864
        }
      ],
      "rule": "hard constraints first; 0.45*macro_f1 + 0.25*max(pearson,0) + 0.15*duration_fit + 0.10*active - 0.05*(dim/max_dim); repeated grouped probe is selection-only"
    }
  }
}
