sample_id,phrase_index,endpoint,current_s,automatic_s,duration_s,char_start,char_end,text,alignment_source,annotator,review_fingerprint,reference_s,reviewer,review_status,reference_source,reference_id,decision_note,flags,validation_state,validation_error
-3g5yACwYnA$_$13,0,start_s,0.0,0.0,5.513997,0,18,They've been able ,mfa-3.4.1/english_mfa-3.1.0,,26648fc973dca2ea9f123139d853730ab522fd6957ce437681b43542bf6ea5d0,,,pending,,,,,pending,
-3g5yACwYnA$_$13,0,end_s,0.6399999856948853,0.6399999856948853,5.513997,0,18,They've been able ,mfa-3.4.1/english_mfa-3.1.0,,26648fc973dca2ea9f123139d853730ab522fd6957ce437681b43542bf6ea5d0,,,pending,,,,,pending,
-3g5yACwYnA$_$13,1,start_s,1.1200000047683716,1.1200000047683716,5.513997,18,59,to find solutions or at least bring some ,mfa-3.4.1/english_mfa-3.1.0,,26648fc973dca2ea9f123139d853730ab522fd6957ce437681b43542bf6ea5d0,,,pending,,,,,pending,
-3g5yACwYnA$_$13,1,end_s,4.010000228881836,4.010000228881836,5.513997,18,59,to find solutions or at least bring some ,mfa-3.4.1/english_mfa-3.1.0,,26648fc973dca2ea9f123139d853730ab522fd6957ce437681b43542bf6ea5d0,,,pending,,,,,pending,
-3g5yACwYnA$_$13,2,start_s,4.010000228881836,4.010000228881836,5.513997,59,80,answers to the table.,mfa-3.4.1/english_mfa-3.1.0,,26648fc973dca2ea9f123139d853730ab522fd6957ce437681b43542bf6ea5d0,,,pending,,,,,pending,
-3g5yACwYnA$_$13,2,end_s,4.869999885559082,4.869999885559082,5.513997,59,80,answers to the table.,mfa-3.4.1/english_mfa-3.1.0,,26648fc973dca2ea9f123139d853730ab522fd6957ce437681b43542bf6ea5d0,,,pending,,,,,pending,
-3g5yACwYnA$_$2,0,start_s,0.15000000596046448,0.15000000596046448,9.39401,0,4,Key ,mfa-3.4.1/english_mfa-3.1.0,,7ae6b5ebc8cd969ed120e0e40d06e836106948ff6ac83d9def89cf9a83f72b3a,,,pending,,,,,pending,
-3g5yACwYnA$_$2,0,end_s,0.30000001192092896,0.30000001192092896,9.39401,0,4,Key ,mfa-3.4.1/english_mfa-3.1.0,,7ae6b5ebc8cd969ed120e0e40d06e836106948ff6ac83d9def89cf9a83f72b3a,,,pending,,,,,pending,
-3g5yACwYnA$_$2,1,start_s,1.2000000476837158,1.2000000476837158,9.39401,4,41,Polymer brings a technical aspect to ,mfa-3.4.1/english_mfa-3.1.0,,7ae6b5ebc8cd969ed120e0e40d06e836106948ff6ac83d9def89cf9a83f72b3a,,,pending,,,,,pending,
-3g5yACwYnA$_$2,1,end_s,4.409999847412109,4.409999847412109,9.39401,4,41,Polymer brings a technical aspect to ,mfa-3.4.1/english_mfa-3.1.0,,7ae6b5ebc8cd969ed120e0e40d06e836106948ff6ac83d9def89cf9a83f72b3a,,,pending,,,,,pending,
-3g5yACwYnA$_$2,2,start_s,4.75,4.75,9.39401,41,85,our operation that we don't have internally.,mfa-3.4.1/english_mfa-3.1.0,,7ae6b5ebc8cd969ed120e0e40d06e836106948ff6ac83d9def89cf9a83f72b3a,,,pending,,,,,pending,
-3g5yACwYnA$_$2,2,end_s,7.679999828338623,7.679999828338623,9.39401,41,85,our operation that we don't have internally.,mfa-3.4.1/english_mfa-3.1.0,,7ae6b5ebc8cd969ed120e0e40d06e836106948ff6ac83d9def89cf9a83f72b3a,,,pending,,,,,pending,
-3g5yACwYnA$_$3,0,start_s,0.5099999904632568,0.5099999904632568,14.388997,0,18,We're a huge user ,mfa-3.4.1/english_mfa-3.1.0,,3d652e85cf8c5aee27cd13b00f4fbbde1180bc922aa4a5538251ec45595077ac,,,pending,,,,,pending,
-3g5yACwYnA$_$3,0,end_s,1.6799999475479126,1.6799999475479126,14.388997,0,18,We're a huge user ,mfa-3.4.1/english_mfa-3.1.0,,3d652e85cf8c5aee27cd13b00f4fbbde1180bc922aa4a5538251ec45595077ac,,,pending,,,,,pending,
-3g5yACwYnA$_$3,1,start_s,2.1700000762939453,2.1700000762939453,14.388997,18,31,of adhesives ,mfa-3.4.1/english_mfa-3.1.0,,3d652e85cf8c5aee27cd13b00f4fbbde1180bc922aa4a5538251ec45595077ac,,,pending,,,,,pending,
-3g5yACwYnA$_$3,1,end_s,3.6600000858306885,3.6600000858306885,14.388997,18,31,of adhesives ,mfa-3.4.1/english_mfa-3.1.0,,3d652e85cf8c5aee27cd13b00f4fbbde1180bc922aa4a5538251ec45595077ac,,,pending,,,,,pending,
-3g5yACwYnA$_$3,2,start_s,4.230000019073486,4.230000019073486,14.388997,31,50,"for our operation, ",mfa-3.4.1/english_mfa-3.1.0,,3d652e85cf8c5aee27cd13b00f4fbbde1180bc922aa4a5538251ec45595077ac,,,pending,,,,,pending,
-3g5yACwYnA$_$3,2,end_s,5.269999980926514,5.269999980926514,14.388997,31,50,"for our operation, ",mfa-3.4.1/english_mfa-3.1.0,,3d652e85cf8c5aee27cd13b00f4fbbde1180bc922aa4a5538251ec45595077ac,,,pending,,,,,pending,
-3g5yACwYnA$_$3,3,start_s,5.630000114440918,5.630000114440918,14.388997,50,67,"called flocking, ",mfa-3.4.1/english_mfa-3.1.0,,3d652e85cf8c5aee27cd13b00f4fbbde1180bc922aa4a5538251ec45595077ac,,,pending,,,,,pending,
-3g5yACwYnA$_$3,3,end_s,6.289999961853027,6.289999961853027,14.388997,50,67,"called flocking, ",mfa-3.4.1/english_mfa-3.1.0,,3d652e85cf8c5aee27cd13b00f4fbbde1180bc922aa4a5538251ec45595077ac,,,pending,,,,,pending,
-3g5yACwYnA$_$3,4,start_s,6.409999847412109,6.409999847412109,14.388997,67,106,and we don't have the technical inside ,mfa-3.4.1/english_mfa-3.1.0,,3d652e85cf8c5aee27cd13b00f4fbbde1180bc922aa4a5538251ec45595077ac,,,pending,,,,,pending,
-3g5yACwYnA$_$3,4,end_s,8.770000457763672,8.770000457763672,14.388997,67,106,and we don't have the technical inside ,mfa-3.4.1/english_mfa-3.1.0,,3d652e85cf8c5aee27cd13b00f4fbbde1180bc922aa4a5538251ec45595077ac,,,pending,,,,,pending,
-3g5yACwYnA$_$3,5,start_s,9.369999885559082,9.369999885559082,14.388997,106,157,compounding or the technical expertise to do these ,mfa-3.4.1/english_mfa-3.1.0,,3d652e85cf8c5aee27cd13b00f4fbbde1180bc922aa4a5538251ec45595077ac,,,pending,,,,,pending,
-3g5yACwYnA$_$3,5,end_s,11.710000038146973,11.710000038146973,14.388997,106,157,compounding or the technical expertise to do these ,mfa-3.4.1/english_mfa-3.1.0,,3d652e85cf8c5aee27cd13b00f4fbbde1180bc922aa4a5538251ec45595077ac,,,pending,,,,,pending,
-3g5yACwYnA$_$3,6,start_s,11.710000038146973,11.710000038146973,14.388997,157,173,types of things.,mfa-3.4.1/english_mfa-3.1.0,,3d652e85cf8c5aee27cd13b00f4fbbde1180bc922aa4a5538251ec45595077ac,,,pending,,,,,pending,
-3g5yACwYnA$_$3,6,end_s,12.34000015258789,12.34000015258789,14.388997,157,173,types of things.,mfa-3.4.1/english_mfa-3.1.0,,3d652e85cf8c5aee27cd13b00f4fbbde1180bc922aa4a5538251ec45595077ac,,,pending,,,,,pending,
-3g5yACwYnA$_$9,0,start_s,0.6100000143051147,0.6100000143051147,8.816992,0,39,We have many new opportunities through ,mfa-3.4.1/english_mfa-3.1.0,,6060ffb80a029ef94c0c9d7b92cc716da95cc68ea3eae383aaae50b133d44e0f,,,pending,,,,,pending,
-3g5yACwYnA$_$9,0,end_s,2.8399999141693115,2.8399999141693115,8.816992,0,39,We have many new opportunities through ,mfa-3.4.1/english_mfa-3.1.0,,6060ffb80a029ef94c0c9d7b92cc716da95cc68ea3eae383aaae50b133d44e0f,,,pending,,,,,pending,
-3g5yACwYnA$_$9,1,start_s,3.359999895095825,3.359999895095825,8.816992,39,86,"the way things have changed through the years, ",mfa-3.4.1/english_mfa-3.1.0,,6060ffb80a029ef94c0c9d7b92cc716da95cc68ea3eae383aaae50b133d44e0f,,,pending,,,,,pending,
-3g5yACwYnA$_$9,1,end_s,4.980000019073486,4.980000019073486,8.816992,39,86,"the way things have changed through the years, ",mfa-3.4.1/english_mfa-3.1.0,,6060ffb80a029ef94c0c9d7b92cc716da95cc68ea3eae383aaae50b133d44e0f,,,pending,,,,,pending,
-3g5yACwYnA$_$9,2,start_s,5.429999828338623,5.429999828338623,8.816992,86,118,"looking for new niche high-end, ",mfa-3.4.1/english_mfa-3.1.0,,6060ffb80a029ef94c0c9d7b92cc716da95cc68ea3eae383aaae50b133d44e0f,,,pending,,,,,pending,
-3g5yACwYnA$_$9,2,end_s,7.039999961853027,7.039999961853027,8.816992,86,118,"looking for new niche high-end, ",mfa-3.4.1/english_mfa-3.1.0,,6060ffb80a029ef94c0c9d7b92cc716da95cc68ea3eae383aaae50b133d44e0f,,,pending,,,,,pending,
-3g5yACwYnA$_$9,3,start_s,7.039999961853027,7.039999961853027,8.816992,118,139,value-added products.,mfa-3.4.1/english_mfa-3.1.0,,6060ffb80a029ef94c0c9d7b92cc716da95cc68ea3eae383aaae50b133d44e0f,,,pending,,,,,pending,
-3g5yACwYnA$_$9,3,end_s,8.140000343322754,8.140000343322754,8.816992,118,139,value-added products.,mfa-3.4.1/english_mfa-3.1.0,,6060ffb80a029ef94c0c9d7b92cc716da95cc68ea3eae383aaae50b133d44e0f,,,pending,,,,,pending,
-3nNcZdcdvU$_$5,0,start_s,0.47999998927116394,0.47999998927116394,7.867969,0,44,Noncompliance can result in legal liability ,mfa-3.4.1/english_mfa-3.1.0,,1bad4c16f6b4a08442859570662a4ab3c176c7316dc49bbc7a978a6bd53bb5d3,,,pending,,,,,pending,
-3nNcZdcdvU$_$5,0,end_s,4.510000228881836,4.510000228881836,7.867969,0,44,Noncompliance can result in legal liability ,mfa-3.4.1/english_mfa-3.1.0,,1bad4c16f6b4a08442859570662a4ab3c176c7316dc49bbc7a978a6bd53bb5d3,,,pending,,,,,pending,
-3nNcZdcdvU$_$5,1,start_s,4.510000228881836,4.510000228881836,7.867969,44,81,to you and to the school district in ,mfa-3.4.1/english_mfa-3.1.0,,1bad4c16f6b4a08442859570662a4ab3c176c7316dc49bbc7a978a6bd53bb5d3,,,pending,,,,,pending,
-3nNcZdcdvU$_$5,1,end_s,6.239999771118164,6.239999771118164,7.867969,44,81,to you and to the school district in ,mfa-3.4.1/english_mfa-3.1.0,,1bad4c16f6b4a08442859570662a4ab3c176c7316dc49bbc7a978a6bd53bb5d3,,,pending,,,,,pending,
-3nNcZdcdvU$_$5,2,start_s,6.239999771118164,6.239999771118164,7.867969,81,104,which you are employed.,mfa-3.4.1/english_mfa-3.1.0,,1bad4c16f6b4a08442859570662a4ab3c176c7316dc49bbc7a978a6bd53bb5d3,,,pending,,,,,pending,
-3nNcZdcdvU$_$5,2,end_s,7.190000057220459,7.190000057220459,7.867969,81,104,which you are employed.,mfa-3.4.1/english_mfa-3.1.0,,1bad4c16f6b4a08442859570662a4ab3c176c7316dc49bbc7a978a6bd53bb5d3,,,pending,,,,,pending,
-571d8cVauQ$_$0,0,start_s,1.0700000524520874,1.0700000524520874,5.066667,0,22,"This is Rhett Reiger, ",mfa-3.4.1/english_mfa-3.1.0,,7b2c87127ff609b20438d618df97350c183d1a6e265f1b9f60498f509c6832a9,,,pending,,,,,pending,
-571d8cVauQ$_$0,0,end_s,1.909999966621399,1.909999966621399,5.066667,0,22,"This is Rhett Reiger, ",mfa-3.4.1/english_mfa-3.1.0,,7b2c87127ff609b20438d618df97350c183d1a6e265f1b9f60498f509c6832a9,,,pending,,,,,pending,
-571d8cVauQ$_$0,1,start_s,1.909999966621399,1.909999966621399,5.066667,22,72,White Caspian Studios on behalf of Expert Village.,mfa-3.4.1/english_mfa-3.1.0,,7b2c87127ff609b20438d618df97350c183d1a6e265f1b9f60498f509c6832a9,,,pending,,,,,pending,
-571d8cVauQ$_$0,1,end_s,4.489999771118164,4.489999771118164,5.066667,22,72,White Caspian Studios on behalf of Expert Village.,mfa-3.4.1/english_mfa-3.1.0,,7b2c87127ff609b20438d618df97350c183d1a6e265f1b9f60498f509c6832a9,,,pending,,,,,pending,
-571d8cVauQ$_$5,0,start_s,0.5199999809265137,0.5199999809265137,15.272982,0,28,So very important to go out ,mfa-3.4.1/english_mfa-3.1.0,,d432aed25198d42c32f02e67de07a413203e03bbf6e5ef3810eba843bcbe846b,,,pending,,,,,pending,
-571d8cVauQ$_$5,0,end_s,2.0799999237060547,2.0799999237060547,15.272982,0,28,So very important to go out ,mfa-3.4.1/english_mfa-3.1.0,,d432aed25198d42c32f02e67de07a413203e03bbf6e5ef3810eba843bcbe846b,,,pending,,,,,pending,
-571d8cVauQ$_$5,1,start_s,2.5,2.5,15.272982,28,46,"to the locations, ",mfa-3.4.1/english_mfa-3.1.0,,d432aed25198d42c32f02e67de07a413203e03bbf6e5ef3810eba843bcbe846b,,,pending,,,,,pending,
-571d8cVauQ$_$5,1,end_s,3.4600000381469727,3.4600000381469727,15.272982,28,46,"to the locations, ",mfa-3.4.1/english_mfa-3.1.0,,d432aed25198d42c32f02e67de07a413203e03bbf6e5ef3810eba843bcbe846b,,,pending,,,,,pending,
-571d8cVauQ$_$5,2,start_s,3.6600000858306885,3.6600000858306885,15.272982,46,59,"walk around, ",mfa-3.4.1/english_mfa-3.1.0,,d432aed25198d42c32f02e67de07a413203e03bbf6e5ef3810eba843bcbe846b,,,pending,,,,,pending,
-571d8cVauQ$_$5,2,end_s,4.510000228881836,4.510000228881836,15.272982,46,59,"walk around, ",mfa-3.4.1/english_mfa-3.1.0,,d432aed25198d42c32f02e67de07a413203e03bbf6e5ef3810eba843bcbe846b,,,pending,,,,,pending,
-571d8cVauQ$_$5,3,start_s,4.699999809265137,4.699999809265137,15.272982,59,92,"talk with the owners if you can, ",mfa-3.4.1/english_mfa-3.1.0,,d432aed25198d42c32f02e67de07a413203e03bbf6e5ef3810eba843bcbe846b,,,pending,,,,,pending,
-571d8cVauQ$_$5,3,end_s,6.179999828338623,6.179999828338623,15.272982,59,92,"talk with the owners if you can, ",mfa-3.4.1/english_mfa-3.1.0,,d432aed25198d42c32f02e67de07a413203e03bbf6e5ef3810eba843bcbe846b,,,pending,,,,,pending,
-571d8cVauQ$_$5,4,start_s,6.5,6.5,15.272982,92,121,"tell them what you're doing, ",mfa-3.4.1/english_mfa-3.1.0,,d432aed25198d42c32f02e67de07a413203e03bbf6e5ef3810eba843bcbe846b,,,pending,,,,,pending,
-571d8cVauQ$_$5,4,end_s,7.440000057220459,7.440000057220459,15.272982,92,121,"tell them what you're doing, ",mfa-3.4.1/english_mfa-3.1.0,,d432aed25198d42c32f02e67de07a413203e03bbf6e5ef3810eba843bcbe846b,,,pending,,,,,pending,
-571d8cVauQ$_$5,5,start_s,7.670000076293945,7.670000076293945,15.272982,121,148,"build a little excitement, ",mfa-3.4.1/english_mfa-3.1.0,,d432aed25198d42c32f02e67de07a413203e03bbf6e5ef3810eba843bcbe846b,,,pending,,,,,pending,
-571d8cVauQ$_$5,5,end_s,8.880000114440918,8.880000114440918,15.272982,121,148,"build a little excitement, ",mfa-3.4.1/english_mfa-3.1.0,,d432aed25198d42c32f02e67de07a413203e03bbf6e5ef3810eba843bcbe846b,,,pending,,,,,pending,
-571d8cVauQ$_$5,6,start_s,9.40999984741211,9.40999984741211,15.272982,148,176,put a little glitz on there ,mfa-3.4.1/english_mfa-3.1.0,,d432aed25198d42c32f02e67de07a413203e03bbf6e5ef3810eba843bcbe846b,,,pending,,,,,pending,
-571d8cVauQ$_$5,6,end_s,10.729999542236328,10.729999542236328,15.272982,148,176,put a little glitz on there ,mfa-3.4.1/english_mfa-3.1.0,,d432aed25198d42c32f02e67de07a413203e03bbf6e5ef3810eba843bcbe846b,,,pending,,,,,pending,
-571d8cVauQ$_$5,7,start_s,11.170000076293945,11.170000076293945,15.272982,176,200,and let everybody knows ,mfa-3.4.1/english_mfa-3.1.0,,d432aed25198d42c32f02e67de07a413203e03bbf6e5ef3810eba843bcbe846b,,,pending,,,,,pending,
-571d8cVauQ$_$5,7,end_s,12.350000381469727,12.350000381469727,15.272982,176,200,and let everybody knows ,mfa-3.4.1/english_mfa-3.1.0,,d432aed25198d42c32f02e67de07a413203e03bbf6e5ef3810eba843bcbe846b,,,pending,,,,,pending,
-571d8cVauQ$_$5,8,start_s,12.729999542236328,12.729999542236328,15.272982,200,229,this is a very valuable spot.,mfa-3.4.1/english_mfa-3.1.0,,d432aed25198d42c32f02e67de07a413203e03bbf6e5ef3810eba843bcbe846b,,,pending,,,,,pending,
-571d8cVauQ$_$5,8,end_s,15.115,15.115,15.272982,200,229,this is a very valuable spot.,mfa-3.4.1/english_mfa-3.1.0,,d432aed25198d42c32f02e67de07a413203e03bbf6e5ef3810eba843bcbe846b,,,pending,,,,,pending,
-6rXp3zJ3kc$_$8,0,start_s,0.4699999988079071,0.4699999988079071,12.805013,0,38,Many people are not until they get to ,mfa-3.4.1/english_mfa-3.1.0,,217d01d7dcce8ab8ac9152757532a00791bba5486bf6c6af3450f51e7f4f8d05,,,pending,,,,,pending,
-6rXp3zJ3kc$_$8,0,end_s,2.3399999141693115,2.3399999141693115,12.805013,0,38,Many people are not until they get to ,mfa-3.4.1/english_mfa-3.1.0,,217d01d7dcce8ab8ac9152757532a00791bba5486bf6c6af3450f51e7f4f8d05,,,pending,,,,,pending,
-6rXp3zJ3kc$_$8,1,start_s,2.3399999141693115,2.3399999141693115,12.805013,38,43,be a ,mfa-3.4.1/english_mfa-3.1.0,,217d01d7dcce8ab8ac9152757532a00791bba5486bf6c6af3450f51e7f4f8d05,,,pending,,,,,pending,
-6rXp3zJ3kc$_$8,1,end_s,2.7300000190734863,2.7300000190734863,12.805013,38,43,be a ,mfa-3.4.1/english_mfa-3.1.0,,217d01d7dcce8ab8ac9152757532a00791bba5486bf6c6af3450f51e7f4f8d05,,,pending,,,,,pending,
-6rXp3zJ3kc$_$8,2,start_s,3.190000057220459,3.190000057220459,12.805013,43,85,older age and they realize that gosh they ,mfa-3.4.1/english_mfa-3.1.0,,217d01d7dcce8ab8ac9152757532a00791bba5486bf6c6af3450f51e7f4f8d05,,,pending,,,,,pending,
-6rXp3zJ3kc$_$8,2,end_s,5.869999885559082,5.869999885559082,12.805013,43,85,older age and they realize that gosh they ,mfa-3.4.1/english_mfa-3.1.0,,217d01d7dcce8ab8ac9152757532a00791bba5486bf6c6af3450f51e7f4f8d05,,,pending,,,,,pending,
-6rXp3zJ3kc$_$8,3,start_s,5.869999885559082,5.869999885559082,12.805013,85,119,wasted a lot of time and money in ,mfa-3.4.1/english_mfa-3.1.0,,217d01d7dcce8ab8ac9152757532a00791bba5486bf6c6af3450f51e7f4f8d05,,,pending,,,,,pending,
-6rXp3zJ3kc$_$8,3,end_s,7.619999885559082,7.619999885559082,12.805013,85,119,wasted a lot of time and money in ,mfa-3.4.1/english_mfa-3.1.0,,217d01d7dcce8ab8ac9152757532a00791bba5486bf6c6af3450f51e7f4f8d05,,,pending,,,,,pending,
-6rXp3zJ3kc$_$8,4,start_s,8.170000076293945,8.170000076293945,12.805013,119,141,placing bets on stock ,mfa-3.4.1/english_mfa-3.1.0,,217d01d7dcce8ab8ac9152757532a00791bba5486bf6c6af3450f51e7f4f8d05,,,pending,,,,,pending,
-6rXp3zJ3kc$_$8,4,end_s,10.100000381469727,10.100000381469727,12.805013,119,141,placing bets on stock ,mfa-3.4.1/english_mfa-3.1.0,,217d01d7dcce8ab8ac9152757532a00791bba5486bf6c6af3450f51e7f4f8d05,,,pending,,,,,pending,
-6rXp3zJ3kc$_$8,5,start_s,10.510000228881836,10.510000228881836,12.805013,141,170,that's ultimately lost value.,mfa-3.4.1/english_mfa-3.1.0,,217d01d7dcce8ab8ac9152757532a00791bba5486bf6c6af3450f51e7f4f8d05,,,pending,,,,,pending,
-6rXp3zJ3kc$_$8,5,end_s,12.1899995803833,12.1899995803833,12.805013,141,170,that's ultimately lost value.,mfa-3.4.1/english_mfa-3.1.0,,217d01d7dcce8ab8ac9152757532a00791bba5486bf6c6af3450f51e7f4f8d05,,,pending,,,,,pending,
-9y-fZ3swSY$_$0,0,start_s,0.029999999329447746,0.029999999329447746,6.833333,0,4,"is, ",mfa-3.4.1/english_mfa-3.1.0,,8c33525678cf4353c27360ae3accb24e34a4c484440bbe4f4018160f68d7d31d,,,pending,,,,no_valid_face_in_phrase,pending,
-9y-fZ3swSY$_$0,0,end_s,0.1899999976158142,0.1899999976158142,6.833333,0,4,"is, ",mfa-3.4.1/english_mfa-3.1.0,,8c33525678cf4353c27360ae3accb24e34a4c484440bbe4f4018160f68d7d31d,,,pending,,,,no_valid_face_in_phrase,pending,
-9y-fZ3swSY$_$0,1,start_s,0.1899999976158142,0.1899999976158142,6.833333,4,17,"you can say, ",mfa-3.4.1/english_mfa-3.1.0,,8c33525678cf4353c27360ae3accb24e34a4c484440bbe4f4018160f68d7d31d,,,pending,,,,face_crop_fallback,pending,
-9y-fZ3swSY$_$0,1,end_s,0.6700000166893005,0.6700000166893005,6.833333,4,17,"you can say, ",mfa-3.4.1/english_mfa-3.1.0,,8c33525678cf4353c27360ae3accb24e34a4c484440bbe4f4018160f68d7d31d,,,pending,,,,face_crop_fallback,pending,
-9y-fZ3swSY$_$0,2,start_s,0.6700000166893005,0.6700000166893005,6.833333,17,21,hey ,mfa-3.4.1/english_mfa-3.1.0,,8c33525678cf4353c27360ae3accb24e34a4c484440bbe4f4018160f68d7d31d,,,pending,,,,face_crop_fallback,pending,
-9y-fZ3swSY$_$0,2,end_s,1.1799999475479126,1.1799999475479126,6.833333,17,21,hey ,mfa-3.4.1/english_mfa-3.1.0,,8c33525678cf4353c27360ae3accb24e34a4c484440bbe4f4018160f68d7d31d,,,pending,,,,face_crop_fallback,pending,
-9y-fZ3swSY$_$0,3,start_s,1.5,1.5,6.833333,21,46,"I really like baby skin, ",mfa-3.4.1/english_mfa-3.1.0,,8c33525678cf4353c27360ae3accb24e34a4c484440bbe4f4018160f68d7d31d,,,pending,,,,,pending,
-9y-fZ3swSY$_$0,3,end_s,3.680000066757202,3.680000066757202,6.833333,21,46,"I really like baby skin, ",mfa-3.4.1/english_mfa-3.1.0,,8c33525678cf4353c27360ae3accb24e34a4c484440bbe4f4018160f68d7d31d,,,pending,,,,,pending,
-9y-fZ3swSY$_$0,4,start_s,3.680000066757202,3.680000066757202,6.833333,46,64,"they are so soft, ",mfa-3.4.1/english_mfa-3.1.0,,8c33525678cf4353c27360ae3accb24e34a4c484440bbe4f4018160f68d7d31d,,,pending,,,,,pending,
-9y-fZ3swSY$_$0,4,end_s,4.639999866485596,4.639999866485596,6.833333,46,64,"they are so soft, ",mfa-3.4.1/english_mfa-3.1.0,,8c33525678cf4353c27360ae3accb24e34a4c484440bbe4f4018160f68d7d31d,,,pending,,,,,pending,
-9y-fZ3swSY$_$0,5,start_s,4.639999866485596,4.639999866485596,6.833333,64,102,they don’t have any hair on their face,mfa-3.4.1/english_mfa-3.1.0,,8c33525678cf4353c27360ae3accb24e34a4c484440bbe4f4018160f68d7d31d,,,pending,,,,,pending,
-9y-fZ3swSY$_$0,5,end_s,6.269999980926514,6.269999980926514,6.833333,64,102,they don’t have any hair on their face,mfa-3.4.1/english_mfa-3.1.0,,8c33525678cf4353c27360ae3accb24e34a4c484440bbe4f4018160f68d7d31d,,,pending,,,,,pending,
-9y-fZ3swSY$_$4,0,start_s,0.2800000011920929,0.2800000011920929,2.821029,0,31,I’ve seen this in US or in the ,mfa-3.4.1/english_mfa-3.1.0,,1d39868cdfe2edd6fd76a559cf031bd5200f353603d6acf56530959e6c5bacdf,,,pending,,,,,pending,
-9y-fZ3swSY$_$4,0,end_s,2.3399999141693115,2.3399999141693115,2.821029,0,31,I’ve seen this in US or in the ,mfa-3.4.1/english_mfa-3.1.0,,1d39868cdfe2edd6fd76a559cf031bd5200f353603d6acf56530959e6c5bacdf,,,pending,,,,,pending,
-9y-fZ3swSY$_$4,1,start_s,2.3399999141693115,2.3399999141693115,2.821029,31,33,US,mfa-3.4.1/english_mfa-3.1.0,,1d39868cdfe2edd6fd76a559cf031bd5200f353603d6acf56530959e6c5bacdf,,,pending,,,,,pending,
-9y-fZ3swSY$_$4,1,end_s,2.664813,2.664813,2.821029,31,33,US,mfa-3.4.1/english_mfa-3.1.0,,1d39868cdfe2edd6fd76a559cf031bd5200f353603d6acf56530959e6c5bacdf,,,pending,,,,,pending,
-9y-fZ3swSY$_$8,0,start_s,0.5199999809265137,0.5199999809265137,4.988997,0,41,That’s a more decent and more polite way ,mfa-3.4.1/english_mfa-3.1.0,,edd1e613512861a1818fdb878ff1e22c9d13ef610be1f46daa4bf1dfe6a2b51e,,,pending,,,,face_crop_fallback,pending,
-9y-fZ3swSY$_$8,0,end_s,3.140000104904175,3.140000104904175,4.988997,0,41,That’s a more decent and more polite way ,mfa-3.4.1/english_mfa-3.1.0,,edd1e613512861a1818fdb878ff1e22c9d13ef610be1f46daa4bf1dfe6a2b51e,,,pending,,,,face_crop_fallback,pending,
-9y-fZ3swSY$_$8,1,start_s,3.2100000381469727,3.2100000381469727,4.988997,41,55,to call a lady,mfa-3.4.1/english_mfa-3.1.0,,edd1e613512861a1818fdb878ff1e22c9d13ef610be1f46daa4bf1dfe6a2b51e,,,pending,,,,face_crop_fallback,pending,
-9y-fZ3swSY$_$8,1,end_s,4.449999809265137,4.449999809265137,4.988997,41,55,to call a lady,mfa-3.4.1/english_mfa-3.1.0,,edd1e613512861a1818fdb878ff1e22c9d13ef610be1f46daa4bf1dfe6a2b51e,,,pending,,,,face_crop_fallback,pending,
-AUZQgSxyPQ$_$2,0,start_s,0.0,0.0,22.511003,0,40,The perfect soul mate to the Clarisonic ,mfa-3.4.1/english_mfa-3.1.0,,a693406e63cca432b9ce353632909401e14f4e6729e1c8df038e97c301e14468,,,pending,,,,,pending,
-AUZQgSxyPQ$_$2,0,end_s,2.5199999809265137,2.5199999809265137,22.511003,0,40,The perfect soul mate to the Clarisonic ,mfa-3.4.1/english_mfa-3.1.0,,a693406e63cca432b9ce353632909401e14f4e6729e1c8df038e97c301e14468,,,pending,,,,,pending,
-AUZQgSxyPQ$_$2,1,start_s,3.0299999713897705,3.0299999713897705,22.511003,40,60,"Spot Therapy Brush, ",mfa-3.4.1/english_mfa-3.1.0,,a693406e63cca432b9ce353632909401e14f4e6729e1c8df038e97c301e14468,,,pending,,,,,pending,
-AUZQgSxyPQ$_$2,1,end_s,4.239999771118164,4.239999771118164,22.511003,40,60,"Spot Therapy Brush, ",mfa-3.4.1/english_mfa-3.1.0,,a693406e63cca432b9ce353632909401e14f4e6729e1c8df038e97c301e14468,,,pending,,,,,pending,
-AUZQgSxyPQ$_$2,2,start_s,4.949999809265137,4.949999809265137,22.511003,60,73,"this gentle, ",mfa-3.4.1/english_mfa-3.1.0,,a693406e63cca432b9ce353632909401e14f4e6729e1c8df038e97c301e14468,,,pending,,,,,pending,
-AUZQgSxyPQ$_$2,2,end_s,5.550000190734863,5.550000190734863,22.511003,60,73,"this gentle, ",mfa-3.4.1/english_mfa-3.1.0,,a693406e63cca432b9ce353632909401e14f4e6729e1c8df038e97c301e14468,,,pending,,,,,pending,
-AUZQgSxyPQ$_$2,3,start_s,5.550000190734863,5.550000190734863,22.511003,73,109,Ph balanced and hydrating exfoliant ,mfa-3.4.1/english_mfa-3.1.0,,a693406e63cca432b9ce353632909401e14f4e6729e1c8df038e97c301e14468,,,pending,,,,,pending,
-AUZQgSxyPQ$_$2,3,end_s,8.25,8.25,22.511003,73,109,Ph balanced and hydrating exfoliant ,mfa-3.4.1/english_mfa-3.1.0,,a693406e63cca432b9ce353632909401e14f4e6729e1c8df038e97c301e14468,,,pending,,,,,pending,
-AUZQgSxyPQ$_$2,4,start_s,8.770000457763672,8.770000457763672,22.511003,109,127,containing jojoba ,mfa-3.4.1/english_mfa-3.1.0,,a693406e63cca432b9ce353632909401e14f4e6729e1c8df038e97c301e14468,,,pending,,,,,pending,
-AUZQgSxyPQ$_$2,4,end_s,9.9399995803833,9.9399995803833,22.511003,109,127,containing jojoba ,mfa-3.4.1/english_mfa-3.1.0,,a693406e63cca432b9ce353632909401e14f4e6729e1c8df038e97c301e14468,,,pending,,,,,pending,
-AUZQgSxyPQ$_$2,5,start_s,10.279999732971191,10.279999732971191,22.511003,127,147,and acai fruit oils ,mfa-3.4.1/english_mfa-3.1.0,,a693406e63cca432b9ce353632909401e14f4e6729e1c8df038e97c301e14468,,,pending,,,,,pending,
-AUZQgSxyPQ$_$2,5,end_s,11.569999694824219,11.569999694824219,22.511003,127,147,and acai fruit oils ,mfa-3.4.1/english_mfa-3.1.0,,a693406e63cca432b9ce353632909401e14f4e6729e1c8df038e97c301e14468,,,pending,,,,,pending,
-AUZQgSxyPQ$_$2,6,start_s,12.359999656677246,12.359999656677246,22.511003,147,184,and bamboo and prickly bear extracts ,mfa-3.4.1/english_mfa-3.1.0,,a693406e63cca432b9ce353632909401e14f4e6729e1c8df038e97c301e14468,,,pending,,,,,pending,
-AUZQgSxyPQ$_$2,6,end_s,15.140000343322754,15.140000343322754,22.511003,147,184,and bamboo and prickly bear extracts ,mfa-3.4.1/english_mfa-3.1.0,,a693406e63cca432b9ce353632909401e14f4e6729e1c8df038e97c301e14468,,,pending,,,,,pending,
-AUZQgSxyPQ$_$2,7,start_s,15.9399995803833,15.9399995803833,22.511003,184,209,"deliver intense healing, ",mfa-3.4.1/english_mfa-3.1.0,,a693406e63cca432b9ce353632909401e14f4e6729e1c8df038e97c301e14468,,,pending,,,,,pending,
-AUZQgSxyPQ$_$2,7,end_s,17.299999237060547,17.299999237060547,22.511003,184,209,"deliver intense healing, ",mfa-3.4.1/english_mfa-3.1.0,,a693406e63cca432b9ce353632909401e14f4e6729e1c8df038e97c301e14468,,,pending,,,,,pending,
-AUZQgSxyPQ$_$2,8,start_s,17.809999465942383,17.809999465942383,22.511003,209,241,while smooth granules buff away ,mfa-3.4.1/english_mfa-3.1.0,,a693406e63cca432b9ce353632909401e14f4e6729e1c8df038e97c301e14468,,,pending,,,,,pending,
-AUZQgSxyPQ$_$2,8,end_s,19.729999542236328,19.729999542236328,22.511003,209,241,while smooth granules buff away ,mfa-3.4.1/english_mfa-3.1.0,,a693406e63cca432b9ce353632909401e14f4e6729e1c8df038e97c301e14468,,,pending,,,,,pending,
-AUZQgSxyPQ$_$2,9,start_s,20.1200008392334,20.1200008392334,22.511003,241,247,"dead, ",mfa-3.4.1/english_mfa-3.1.0,,a693406e63cca432b9ce353632909401e14f4e6729e1c8df038e97c301e14468,,,pending,,,,,pending,
-AUZQgSxyPQ$_$2,9,end_s,20.389999389648438,20.389999389648438,22.511003,241,247,"dead, ",mfa-3.4.1/english_mfa-3.1.0,,a693406e63cca432b9ce353632909401e14f4e6729e1c8df038e97c301e14468,,,pending,,,,,pending,
-AUZQgSxyPQ$_$2,10,start_s,20.700000762939453,20.700000762939453,22.511003,247,262,dry skin cells.,mfa-3.4.1/english_mfa-3.1.0,,a693406e63cca432b9ce353632909401e14f4e6729e1c8df038e97c301e14468,,,pending,,,,,pending,
-AUZQgSxyPQ$_$2,10,end_s,22.404563,22.404563,22.511003,247,262,dry skin cells.,mfa-3.4.1/english_mfa-3.1.0,,a693406e63cca432b9ce353632909401e14f4e6729e1c8df038e97c301e14468,,,pending,,,,,pending,
-HeZS2-Prhc$_$2,0,start_s,0.0,0.0,8.261979,0,4,The ,mfa-3.4.1/english_mfa-3.1.0,,c818c5544998889a242d7cb1378733255286be3b1f1c15c94867048060b4da98,,,pending,,,,,pending,
-HeZS2-Prhc$_$2,0,end_s,0.5299999713897705,0.5299999713897705,8.261979,0,4,The ,mfa-3.4.1/english_mfa-3.1.0,,c818c5544998889a242d7cb1378733255286be3b1f1c15c94867048060b4da98,,,pending,,,,,pending,
-HeZS2-Prhc$_$2,1,start_s,1.2200000286102295,1.2200000286102295,8.261979,4,41,August jobs report is out and it was ,mfa-3.4.1/english_mfa-3.1.0,,c818c5544998889a242d7cb1378733255286be3b1f1c15c94867048060b4da98,,,pending,,,,,pending,
-HeZS2-Prhc$_$2,1,end_s,4.429999828338623,4.429999828338623,8.261979,4,41,August jobs report is out and it was ,mfa-3.4.1/english_mfa-3.1.0,,c818c5544998889a242d7cb1378733255286be3b1f1c15c94867048060b4da98,,,pending,,,,,pending,
-HeZS2-Prhc$_$2,2,start_s,4.429999828338623,4.429999828338623,8.261979,41,77,seen overall as solid but not great.,mfa-3.4.1/english_mfa-3.1.0,,c818c5544998889a242d7cb1378733255286be3b1f1c15c94867048060b4da98,,,pending,,,,,pending,
-HeZS2-Prhc$_$2,2,end_s,7.630000114440918,7.630000114440918,8.261979,41,77,seen overall as solid but not great.,mfa-3.4.1/english_mfa-3.1.0,,c818c5544998889a242d7cb1378733255286be3b1f1c15c94867048060b4da98,,,pending,,,,,pending,
-HwX2H8Z4hY$_$2,0,start_s,0.0,0.0,3.982031,0,30,"” [President Ronald Reagan:] """,mfa-3.4.1/english_mfa-3.1.0,,ffed0e2c51609586da1cacf91074d31c9b24a664cc0f0ac4c95753b99f08ebe7,,,pending,,,,no_valid_face_in_phrase,pending,
-HwX2H8Z4hY$_$2,0,end_s,0.8299999833106995,0.8299999833106995,3.982031,0,30,"” [President Ronald Reagan:] """,mfa-3.4.1/english_mfa-3.1.0,,ffed0e2c51609586da1cacf91074d31c9b24a664cc0f0ac4c95753b99f08ebe7,,,pending,,,,no_valid_face_in_phrase,pending,
-HwX2H8Z4hY$_$2,1,start_s,2.6700000762939453,2.6700000762939453,3.982031,30,48,Look at the record,mfa-3.4.1/english_mfa-3.1.0,,ffed0e2c51609586da1cacf91074d31c9b24a664cc0f0ac4c95753b99f08ebe7,,,pending,,,,,pending,
-HwX2H8Z4hY$_$2,1,end_s,3.359999895095825,3.359999895095825,3.982031,30,48,Look at the record,mfa-3.4.1/english_mfa-3.1.0,,ffed0e2c51609586da1cacf91074d31c9b24a664cc0f0ac4c95753b99f08ebe7,,,pending,,,,,pending,
-HwX2H8Z4hY$_$5,0,start_s,0.75,0.75,5.652995,0,65,""" President Ronald Reagan blamed the professional bureaucracy of ",mfa-3.4.1/english_mfa-3.1.0,,3b4b05beee42fdc04ae797a00f817b73445afb81372ea1dd001d6490c526d48f,,,pending,,,,face_crop_fallback,pending,
-HwX2H8Z4hY$_$5,0,end_s,4.389999866485596,4.389999866485596,5.652995,0,65,""" President Ronald Reagan blamed the professional bureaucracy of ",mfa-3.4.1/english_mfa-3.1.0,,3b4b05beee42fdc04ae797a00f817b73445afb81372ea1dd001d6490c526d48f,,,pending,,,,face_crop_fallback,pending,
-HwX2H8Z4hY$_$5,1,start_s,4.389999866485596,4.389999866485596,5.652995,65,74,education,mfa-3.4.1/english_mfa-3.1.0,,3b4b05beee42fdc04ae797a00f817b73445afb81372ea1dd001d6490c526d48f,,,pending,,,,face_crop_fallback,pending,
-HwX2H8Z4hY$_$5,1,end_s,5.544,5.544,5.652995,65,74,education,mfa-3.4.1/english_mfa-3.1.0,,3b4b05beee42fdc04ae797a00f817b73445afb81372ea1dd001d6490c526d48f,,,pending,,,,face_crop_fallback,pending,
-HwX2H8Z4hY$_$6,0,start_s,0.0,0.0,3.358008,0,13,"And in part, ",mfa-3.4.1/english_mfa-3.1.0,,ec51f7cf3b5bfcc137a73def843d53f8e360eff93743637dd0c265be4a05d826,,,pending,,,,,pending,
-HwX2H8Z4hY$_$6,0,end_s,1.1699999570846558,1.1699999570846558,3.358008,0,13,"And in part, ",mfa-3.4.1/english_mfa-3.1.0,,ec51f7cf3b5bfcc137a73def843d53f8e360eff93743637dd0c265be4a05d826,,,pending,,,,,pending,
-HwX2H8Z4hY$_$6,1,start_s,1.4500000476837158,1.4500000476837158,3.358008,13,31,Al Shanker did too,mfa-3.4.1/english_mfa-3.1.0,,ec51f7cf3b5bfcc137a73def843d53f8e360eff93743637dd0c265be4a05d826,,,pending,,,,,pending,
-HwX2H8Z4hY$_$6,1,end_s,2.7899999618530273,2.7899999618530273,3.358008,13,31,Al Shanker did too,mfa-3.4.1/english_mfa-3.1.0,,ec51f7cf3b5bfcc137a73def843d53f8e360eff93743637dd0c265be4a05d826,,,pending,,,,,pending,
-HwX2H8Z4hY$_$9,0,start_s,0.5099999904632568,0.5099999904632568,7.733984,0,42,It is a word which the administrator uses ,mfa-3.4.1/english_mfa-3.1.0,,c9ddf12c1c8221bc72a9168f5958313ff4f708d5dd41a59d63d23e9f2667d48f,,,pending,,,,no_valid_face_in_phrase,pending,
-HwX2H8Z4hY$_$9,0,end_s,4.28000020980835,4.28000020980835,7.733984,0,42,It is a word which the administrator uses ,mfa-3.4.1/english_mfa-3.1.0,,c9ddf12c1c8221bc72a9168f5958313ff4f708d5dd41a59d63d23e9f2667d48f,,,pending,,,,no_valid_face_in_phrase,pending,
-HwX2H8Z4hY$_$9,1,start_s,4.28000020980835,4.28000020980835,7.733984,42,89,when he turns around anything which he doesn't ,mfa-3.4.1/english_mfa-3.1.0,,c9ddf12c1c8221bc72a9168f5958313ff4f708d5dd41a59d63d23e9f2667d48f,,,pending,,,,no_valid_face_in_phrase,pending,
-HwX2H8Z4hY$_$9,1,end_s,6.019999980926514,6.019999980926514,7.733984,42,89,when he turns around anything which he doesn't ,mfa-3.4.1/english_mfa-3.1.0,,c9ddf12c1c8221bc72a9168f5958313ff4f708d5dd41a59d63d23e9f2667d48f,,,pending,,,,no_valid_face_in_phrase,pending,
-HwX2H8Z4hY$_$9,2,start_s,6.019999980926514,6.019999980926514,7.733984,89,119,like that the teacher is doing,mfa-3.4.1/english_mfa-3.1.0,,c9ddf12c1c8221bc72a9168f5958313ff4f708d5dd41a59d63d23e9f2667d48f,,,pending,,,,no_valid_face_in_phrase,pending,
-HwX2H8Z4hY$_$9,2,end_s,7.636312,7.636312,7.733984,89,119,like that the teacher is doing,mfa-3.4.1/english_mfa-3.1.0,,c9ddf12c1c8221bc72a9168f5958313ff4f708d5dd41a59d63d23e9f2667d48f,,,pending,,,,no_valid_face_in_phrase,pending,
-I_e4mIh0yE$_$1,0,start_s,0.5099999904632568,0.5099999904632568,7.622005,0,45,In the United States we don't punish failure ,mfa-3.4.1/english_mfa-3.1.0,,45c30b8551611f02a769459483ca858bd1c57454301a5d680d7f031fe7e9e962,,,pending,,,,,pending,
-I_e4mIh0yE$_$1,0,end_s,3.140000104904175,3.140000104904175,7.622005,0,45,In the United States we don't punish failure ,mfa-3.4.1/english_mfa-3.1.0,,45c30b8551611f02a769459483ca858bd1c57454301a5d680d7f031fe7e9e962,,,pending,,,,,pending,
-I_e4mIh0yE$_$1,1,start_s,3.569999933242798,3.569999933242798,7.622005,45,88,to the degree to which failure is punished ,mfa-3.4.1/english_mfa-3.1.0,,45c30b8551611f02a769459483ca858bd1c57454301a5d680d7f031fe7e9e962,,,pending,,,,,pending,
-I_e4mIh0yE$_$1,1,end_s,5.980000019073486,5.980000019073486,7.622005,45,88,to the degree to which failure is punished ,mfa-3.4.1/english_mfa-3.1.0,,45c30b8551611f02a769459483ca858bd1c57454301a5d680d7f031fe7e9e962,,,pending,,,,,pending,
-I_e4mIh0yE$_$1,2,start_s,6.130000114440918,6.130000114440918,7.622005,88,98,in Europe.,mfa-3.4.1/english_mfa-3.1.0,,45c30b8551611f02a769459483ca858bd1c57454301a5d680d7f031fe7e9e962,,,pending,,,,,pending,
-I_e4mIh0yE$_$1,2,end_s,6.960000038146973,6.960000038146973,7.622005,88,98,in Europe.,mfa-3.4.1/english_mfa-3.1.0,,45c30b8551611f02a769459483ca858bd1c57454301a5d680d7f031fe7e9e962,,,pending,,,,,pending,
-I_e4mIh0yE$_$3,0,start_s,0.5099999904632568,0.5099999904632568,9.163021,0,57,"It's perceived that you have actually learned something, ",mfa-3.4.1/english_mfa-3.1.0,,c1a7d6a061d56445da31f6202516b0089fabbed56d441467059a7f455e0b376c,,,pending,,,,,pending,
-I_e4mIh0yE$_$3,0,end_s,3.2899999618530273,3.2899999618530273,9.163021,0,57,"It's perceived that you have actually learned something, ",mfa-3.4.1/english_mfa-3.1.0,,c1a7d6a061d56445da31f6202516b0089fabbed56d441467059a7f455e0b376c,,,pending,,,,,pending,
-I_e4mIh0yE$_$3,1,start_s,3.319999933242798,3.319999933242798,9.163021,57,76,over the course of ,mfa-3.4.1/english_mfa-3.1.0,,c1a7d6a061d56445da31f6202516b0089fabbed56d441467059a7f455e0b376c,,,pending,,,,,pending,
-I_e4mIh0yE$_$3,1,end_s,4.489999771118164,4.489999771118164,9.163021,57,76,over the course of ,mfa-3.4.1/english_mfa-3.1.0,,c1a7d6a061d56445da31f6202516b0089fabbed56d441467059a7f455e0b376c,,,pending,,,,,pending,
-I_e4mIh0yE$_$3,2,start_s,5.03000020980835,5.03000020980835,9.163021,76,90,"your carreer, ",mfa-3.4.1/english_mfa-3.1.0,,c1a7d6a061d56445da31f6202516b0089fabbed56d441467059a7f455e0b376c,,,pending,,,,,pending,
-I_e4mIh0yE$_$3,2,end_s,6.449999809265137,6.449999809265137,9.163021,76,90,"your carreer, ",mfa-3.4.1/english_mfa-3.1.0,,c1a7d6a061d56445da31f6202516b0089fabbed56d441467059a7f455e0b376c,,,pending,,,,,pending,
-I_e4mIh0yE$_$3,3,start_s,6.449999809265137,6.449999809265137,9.163021,90,132,and that you won't make the mistake twice.,mfa-3.4.1/english_mfa-3.1.0,,c1a7d6a061d56445da31f6202516b0089fabbed56d441467059a7f455e0b376c,,,pending,,,,,pending,
-I_e4mIh0yE$_$3,3,end_s,8.470000267028809,8.470000267028809,9.163021,90,132,and that you won't make the mistake twice.,mfa-3.4.1/english_mfa-3.1.0,,c1a7d6a061d56445da31f6202516b0089fabbed56d441467059a7f455e0b376c,,,pending,,,,,pending,
-MeTTeMJBNc$_$0,0,start_s,0.9399999976158142,0.9399999976158142,9.3,0,6,"Okay, ",mfa-3.4.1/english_mfa-3.1.0,,849e690ec2e6da1d13df3dbd2511cd2cd79bf2ae17588d97ea8a15e044f27f24,,,pending,,,,,pending,
-MeTTeMJBNc$_$0,0,end_s,1.2699999809265137,1.2699999809265137,9.3,0,6,"Okay, ",mfa-3.4.1/english_mfa-3.1.0,,849e690ec2e6da1d13df3dbd2511cd2cd79bf2ae17588d97ea8a15e044f27f24,,,pending,,,,,pending,
-MeTTeMJBNc$_$0,1,start_s,1.2699999809265137,1.2699999809265137,9.3,6,51,what happens at this point after we've taken ,mfa-3.4.1/english_mfa-3.1.0,,849e690ec2e6da1d13df3dbd2511cd2cd79bf2ae17588d97ea8a15e044f27f24,,,pending,,,,,pending,
-MeTTeMJBNc$_$0,1,end_s,4.039999961853027,4.039999961853027,9.3,6,51,what happens at this point after we've taken ,mfa-3.4.1/english_mfa-3.1.0,,849e690ec2e6da1d13df3dbd2511cd2cd79bf2ae17588d97ea8a15e044f27f24,,,pending,,,,,pending,
-MeTTeMJBNc$_$0,2,start_s,4.039999961853027,4.039999961853027,9.3,51,85,"this brief walk down memory lane, ",mfa-3.4.1/english_mfa-3.1.0,,849e690ec2e6da1d13df3dbd2511cd2cd79bf2ae17588d97ea8a15e044f27f24,,,pending,,,,,pending,
-MeTTeMJBNc$_$0,2,end_s,6.420000076293945,6.420000076293945,9.3,51,85,"this brief walk down memory lane, ",mfa-3.4.1/english_mfa-3.1.0,,849e690ec2e6da1d13df3dbd2511cd2cd79bf2ae17588d97ea8a15e044f27f24,,,pending,,,,,pending,
-MeTTeMJBNc$_$0,3,start_s,6.769999980926514,6.769999980926514,9.3,85,117,is the presentation of the gift.,mfa-3.4.1/english_mfa-3.1.0,,849e690ec2e6da1d13df3dbd2511cd2cd79bf2ae17588d97ea8a15e044f27f24,,,pending,,,,,pending,
-MeTTeMJBNc$_$0,3,end_s,8.739999771118164,8.739999771118164,9.3,85,117,is the presentation of the gift.,mfa-3.4.1/english_mfa-3.1.0,,849e690ec2e6da1d13df3dbd2511cd2cd79bf2ae17588d97ea8a15e044f27f24,,,pending,,,,,pending,
-MeTTeMJBNc$_$13,0,start_s,0.0,0.0,5.430013,0,3,It ,mfa-3.4.1/english_mfa-3.1.0,,b74789c287e9f5147f0808d3322ba610b5d24a84294d69de4f8b7ee819ba86ce,,,pending,,,,,pending,
-MeTTeMJBNc$_$13,0,end_s,0.5699999928474426,0.5699999928474426,5.430013,0,3,It ,mfa-3.4.1/english_mfa-3.1.0,,b74789c287e9f5147f0808d3322ba610b5d24a84294d69de4f8b7ee819ba86ce,,,pending,,,,,pending,
-MeTTeMJBNc$_$13,1,start_s,1.0199999809265137,1.0199999809265137,5.430013,3,40,"just needs to be a simple statement, ",mfa-3.4.1/english_mfa-3.1.0,,b74789c287e9f5147f0808d3322ba610b5d24a84294d69de4f8b7ee819ba86ce,,,pending,,,,,pending,
-MeTTeMJBNc$_$13,1,end_s,3.2300000190734863,3.2300000190734863,5.430013,3,40,"just needs to be a simple statement, ",mfa-3.4.1/english_mfa-3.1.0,,b74789c287e9f5147f0808d3322ba610b5d24a84294d69de4f8b7ee819ba86ce,,,pending,,,,,pending,
-MeTTeMJBNc$_$13,2,start_s,3.549999952316284,3.549999952316284,5.430013,40,70,and then you present the gift.,mfa-3.4.1/english_mfa-3.1.0,,b74789c287e9f5147f0808d3322ba610b5d24a84294d69de4f8b7ee819ba86ce,,,pending,,,,,pending,
-MeTTeMJBNc$_$13,2,end_s,4.71999979019165,4.71999979019165,5.430013,40,70,and then you present the gift.,mfa-3.4.1/english_mfa-3.1.0,,b74789c287e9f5147f0808d3322ba610b5d24a84294d69de4f8b7ee819ba86ce,,,pending,,,,,pending,
-MeTTeMJBNc$_$7,0,start_s,0.49000000953674316,0.49000000953674316,10.516992,0,38,Maybe you could find a picture of the ,mfa-3.4.1/english_mfa-3.1.0,,1f10e439b803680dc34a42c61811a365c962426b9c98c7d11de909b6439e5db2,,,pending,,,,,pending,
-MeTTeMJBNc$_$7,0,end_s,2.619999885559082,2.619999885559082,10.516992,0,38,Maybe you could find a picture of the ,mfa-3.4.1/english_mfa-3.1.0,,1f10e439b803680dc34a42c61811a365c962426b9c98c7d11de909b6439e5db2,,,pending,,,,,pending,
-MeTTeMJBNc$_$7,1,start_s,2.619999885559082,2.619999885559082,10.516992,38,85,couple from their wedding or sometime in their ,mfa-3.4.1/english_mfa-3.1.0,,1f10e439b803680dc34a42c61811a365c962426b9c98c7d11de909b6439e5db2,,,pending,,,,,pending,
-MeTTeMJBNc$_$7,1,end_s,5.610000133514404,5.610000133514404,10.516992,38,85,couple from their wedding or sometime in their ,mfa-3.4.1/english_mfa-3.1.0,,1f10e439b803680dc34a42c61811a365c962426b9c98c7d11de909b6439e5db2,,,pending,,,,,pending,
-MeTTeMJBNc$_$7,2,start_s,5.610000133514404,5.610000133514404,10.516992,85,91,"life, ",mfa-3.4.1/english_mfa-3.1.0,,1f10e439b803680dc34a42c61811a365c962426b9c98c7d11de909b6439e5db2,,,pending,,,,,pending,
-MeTTeMJBNc$_$7,2,end_s,6.139999866485596,6.139999866485596,10.516992,85,91,"life, ",mfa-3.4.1/english_mfa-3.1.0,,1f10e439b803680dc34a42c61811a365c962426b9c98c7d11de909b6439e5db2,,,pending,,,,,pending,
-MeTTeMJBNc$_$7,3,start_s,6.139999866485596,6.139999866485596,10.516992,91,132,or maybe even a current picture and have ,mfa-3.4.1/english_mfa-3.1.0,,1f10e439b803680dc34a42c61811a365c962426b9c98c7d11de909b6439e5db2,,,pending,,,,,pending,
-MeTTeMJBNc$_$7,3,end_s,8.4399995803833,8.4399995803833,10.516992,91,132,or maybe even a current picture and have ,mfa-3.4.1/english_mfa-3.1.0,,1f10e439b803680dc34a42c61811a365c962426b9c98c7d11de909b6439e5db2,,,pending,,,,,pending,
-MeTTeMJBNc$_$7,4,start_s,8.4399995803833,8.4399995803833,10.516992,132,160,it put in a beautiful frame.,mfa-3.4.1/english_mfa-3.1.0,,1f10e439b803680dc34a42c61811a365c962426b9c98c7d11de909b6439e5db2,,,pending,,,,,pending,
-MeTTeMJBNc$_$7,4,end_s,9.869999885559082,9.869999885559082,10.516992,132,160,it put in a beautiful frame.,mfa-3.4.1/english_mfa-3.1.0,,1f10e439b803680dc34a42c61811a365c962426b9c98c7d11de909b6439e5db2,,,pending,,,,,pending,
-NFrJFQijFE$_$1,0,start_s,0.0,0.0,5.746,0,93,Structural mounts inside have to be properly stress analyzed so we make sure all that happens,clip-context/mfa-primary-unavailable,,5de962c5d29778c6400fbf5ee2fe4b5ee0e42cc5c40f89ac7e37ca1fb9c4ef11,,,pending,,,,speech_timing_not_observable;clip_context;text_audio_alignment_unavailable;no_valid_face_in_phrase,pending,
-NFrJFQijFE$_$1,0,end_s,5.746,5.746,5.746,0,93,Structural mounts inside have to be properly stress analyzed so we make sure all that happens,clip-context/mfa-primary-unavailable,,5de962c5d29778c6400fbf5ee2fe4b5ee0e42cc5c40f89ac7e37ca1fb9c4ef11,,,pending,,,,speech_timing_not_observable;clip_context;text_audio_alignment_unavailable;no_valid_face_in_phrase,pending,
-NFrJFQijFE$_$2,0,start_s,0.0,0.0,6.856,0,54,So we coordinate with all the proper technical fields ,mfa-3.4.1/english_mfa-3.1.0,,82ca6b24f7ff608c023f769bdb39a799f17de0666a962948c3a5db1f055e85e9,,,pending,,,,automatic_quality_merge;no_valid_face_in_phrase,pending,
-NFrJFQijFE$_$2,0,end_s,4.329999923706055,4.329999923706055,6.856,0,54,So we coordinate with all the proper technical fields ,mfa-3.4.1/english_mfa-3.1.0,,82ca6b24f7ff608c023f769bdb39a799f17de0666a962948c3a5db1f055e85e9,,,pending,,,,automatic_quality_merge;no_valid_face_in_phrase,pending,
-NFrJFQijFE$_$2,1,start_s,4.329999923706055,4.329999923706055,6.856,54,86,to get ready for the instrument ,mfa-3.4.1/english_mfa-3.1.0,,82ca6b24f7ff608c023f769bdb39a799f17de0666a962948c3a5db1f055e85e9,,,pending,,,,no_valid_face_in_phrase,pending,
-NFrJFQijFE$_$2,1,end_s,5.630000114440918,5.630000114440918,6.856,54,86,to get ready for the instrument ,mfa-3.4.1/english_mfa-3.1.0,,82ca6b24f7ff608c023f769bdb39a799f17de0666a962948c3a5db1f055e85e9,,,pending,,,,no_valid_face_in_phrase,pending,
-NFrJFQijFE$_$2,2,start_s,6.179999828338623,6.179999828338623,6.856,86,100,to arrive here,mfa-3.4.1/english_mfa-3.1.0,,82ca6b24f7ff608c023f769bdb39a799f17de0666a962948c3a5db1f055e85e9,,,pending,,,,no_valid_face_in_phrase,pending,
-NFrJFQijFE$_$2,2,end_s,6.698,6.698,6.856,86,100,to arrive here,mfa-3.4.1/english_mfa-3.1.0,,82ca6b24f7ff608c023f769bdb39a799f17de0666a962948c3a5db1f055e85e9,,,pending,,,,no_valid_face_in_phrase,pending,
-RfYyzHpjk4$_$11,0,start_s,0.6000000238418579,0.6000000238418579,5.238997,0,30,"So get your friends lined up, ",mfa-3.4.1/english_mfa-3.1.0,,6a8bd96c4a4c872b6b7335a532d6d52ca56bf09188c3c0df7f37f9b83d03b2c9,,,pending,,,,,pending,
-RfYyzHpjk4$_$11,0,end_s,2.390000104904175,2.390000104904175,5.238997,0,30,"So get your friends lined up, ",mfa-3.4.1/english_mfa-3.1.0,,6a8bd96c4a4c872b6b7335a532d6d52ca56bf09188c3c0df7f37f9b83d03b2c9,,,pending,,,,,pending,
-RfYyzHpjk4$_$11,1,start_s,2.390000104904175,2.390000104904175,5.238997,30,77,get your business colleagues lined up and have ,mfa-3.4.1/english_mfa-3.1.0,,6a8bd96c4a4c872b6b7335a532d6d52ca56bf09188c3c0df7f37f9b83d03b2c9,,,pending,,,,,pending,
-RfYyzHpjk4$_$11,1,end_s,4.039999961853027,4.039999961853027,5.238997,30,77,get your business colleagues lined up and have ,mfa-3.4.1/english_mfa-3.1.0,,6a8bd96c4a4c872b6b7335a532d6d52ca56bf09188c3c0df7f37f9b83d03b2c9,,,pending,,,,,pending,
-RfYyzHpjk4$_$11,2,start_s,4.039999961853027,4.039999961853027,5.238997,77,89,a good time.,mfa-3.4.1/english_mfa-3.1.0,,6a8bd96c4a4c872b6b7335a532d6d52ca56bf09188c3c0df7f37f9b83d03b2c9,,,pending,,,,,pending,
-RfYyzHpjk4$_$11,2,end_s,4.539999961853027,4.539999961853027,5.238997,77,89,a good time.,mfa-3.4.1/english_mfa-3.1.0,,6a8bd96c4a4c872b6b7335a532d6d52ca56bf09188c3c0df7f37f9b83d03b2c9,,,pending,,,,,pending,
-RfYyzHpjk4$_$2,0,start_s,0.47999998927116394,0.47999998927116394,5.516016,0,38,You can make a conference call but it ,mfa-3.4.1/english_mfa-3.1.0,,24afcb07586a04797a3f54703121d2d4c4f9eb69f3015ee40a5ba262a1c4f4e8,,,pending,,,,,pending,
-RfYyzHpjk4$_$2,0,end_s,1.75,1.75,5.516016,0,38,You can make a conference call but it ,mfa-3.4.1/english_mfa-3.1.0,,24afcb07586a04797a3f54703121d2d4c4f9eb69f3015ee40a5ba262a1c4f4e8,,,pending,,,,,pending,
-RfYyzHpjk4$_$2,1,start_s,1.75,1.75,5.516016,38,69,"takes quite a bit of planning, ",mfa-3.4.1/english_mfa-3.1.0,,24afcb07586a04797a3f54703121d2d4c4f9eb69f3015ee40a5ba262a1c4f4e8,,,pending,,,,,pending,
-RfYyzHpjk4$_$2,1,end_s,2.8499999046325684,2.8499999046325684,5.516016,38,69,"takes quite a bit of planning, ",mfa-3.4.1/english_mfa-3.1.0,,24afcb07586a04797a3f54703121d2d4c4f9eb69f3015ee40a5ba262a1c4f4e8,,,pending,,,,,pending,
-RfYyzHpjk4$_$2,2,start_s,2.8499999046325684,2.8499999046325684,5.516016,69,108,well not a lot of planning it's pretty ,mfa-3.4.1/english_mfa-3.1.0,,24afcb07586a04797a3f54703121d2d4c4f9eb69f3015ee40a5ba262a1c4f4e8,,,pending,,,,face_crop_fallback,pending,
-RfYyzHpjk4$_$2,2,end_s,4.28000020980835,4.28000020980835,5.516016,69,108,well not a lot of planning it's pretty ,mfa-3.4.1/english_mfa-3.1.0,,24afcb07586a04797a3f54703121d2d4c4f9eb69f3015ee40a5ba262a1c4f4e8,,,pending,,,,face_crop_fallback,pending,
-RfYyzHpjk4$_$2,3,start_s,4.28000020980835,4.28000020980835,5.516016,108,119,easy to do.,mfa-3.4.1/english_mfa-3.1.0,,24afcb07586a04797a3f54703121d2d4c4f9eb69f3015ee40a5ba262a1c4f4e8,,,pending,,,,,pending,
-RfYyzHpjk4$_$2,3,end_s,4.869999885559082,4.869999885559082,5.516016,108,119,easy to do.,mfa-3.4.1/english_mfa-3.1.0,,24afcb07586a04797a3f54703121d2d4c4f9eb69f3015ee40a5ba262a1c4f4e8,,,pending,,,,,pending,
-RfYyzHpjk4$_$8,0,start_s,0.0,0.0,4.588997,0,13,"It's pretty, ",mfa-3.4.1/english_mfa-3.1.0,,856b435453bd1b1a99a3ae53d26b484a608a7e7df76a7c617aa7301d9a037018,,,pending,,,,automatic_quality_merge,pending,
-RfYyzHpjk4$_$8,0,end_s,0.9700000286102295,0.9700000286102295,4.588997,0,13,"It's pretty, ",mfa-3.4.1/english_mfa-3.1.0,,856b435453bd1b1a99a3ae53d26b484a608a7e7df76a7c617aa7301d9a037018,,,pending,,,,automatic_quality_merge,pending,
-RfYyzHpjk4$_$8,1,start_s,0.9700000286102295,0.9700000286102295,4.588997,13,46,pretty easy to do but you got to ,mfa-3.4.1/english_mfa-3.1.0,,856b435453bd1b1a99a3ae53d26b484a608a7e7df76a7c617aa7301d9a037018,,,pending,,,,,pending,
-RfYyzHpjk4$_$8,1,end_s,2.4200000762939453,2.4200000762939453,4.588997,13,46,pretty easy to do but you got to ,mfa-3.4.1/english_mfa-3.1.0,,856b435453bd1b1a99a3ae53d26b484a608a7e7df76a7c617aa7301d9a037018,,,pending,,,,,pending,
-RfYyzHpjk4$_$8,2,start_s,2.4200000762939453,2.4200000762939453,4.588997,46,81,set up those numbers ahead of time.,mfa-3.4.1/english_mfa-3.1.0,,856b435453bd1b1a99a3ae53d26b484a608a7e7df76a7c617aa7301d9a037018,,,pending,,,,,pending,
-RfYyzHpjk4$_$8,2,end_s,4.0,4.0,4.588997,46,81,set up those numbers ahead of time.,mfa-3.4.1/english_mfa-3.1.0,,856b435453bd1b1a99a3ae53d26b484a608a7e7df76a7c617aa7301d9a037018,,,pending,,,,,pending,
-THoVjtIkeU$_$12,0,start_s,0.0,0.0,14.896029,0,10,What ever ,mfa-3.4.1/english_mfa-3.1.0,,110d413a66a6a41f5c4aee32d4c7f2990dc9a07e7ad83741ad5cf8b7e8e69f21,,,pending,,,,automatic_quality_merge,pending,
-THoVjtIkeU$_$12,0,end_s,0.9300000071525574,0.9300000071525574,14.896029,0,10,What ever ,mfa-3.4.1/english_mfa-3.1.0,,110d413a66a6a41f5c4aee32d4c7f2990dc9a07e7ad83741ad5cf8b7e8e69f21,,,pending,,,,automatic_quality_merge,pending,
-THoVjtIkeU$_$12,1,start_s,1.590000033378601,1.590000033378601,14.896029,10,49,we turn our attention to is what grows ,mfa-3.4.1/english_mfa-3.1.0,,110d413a66a6a41f5c4aee32d4c7f2990dc9a07e7ad83741ad5cf8b7e8e69f21,,,pending,,,,,pending,
-THoVjtIkeU$_$12,1,end_s,3.9600000381469727,3.9600000381469727,14.896029,10,49,we turn our attention to is what grows ,mfa-3.4.1/english_mfa-3.1.0,,110d413a66a6a41f5c4aee32d4c7f2990dc9a07e7ad83741ad5cf8b7e8e69f21,,,pending,,,,,pending,
-THoVjtIkeU$_$12,2,start_s,4.340000152587891,4.340000152587891,14.896029,49,87,and so if we believe that anything is ,mfa-3.4.1/english_mfa-3.1.0,,110d413a66a6a41f5c4aee32d4c7f2990dc9a07e7ad83741ad5cf8b7e8e69f21,,,pending,,,,,pending,
-THoVjtIkeU$_$12,2,end_s,6.239999771118164,6.239999771118164,14.896029,49,87,and so if we believe that anything is ,mfa-3.4.1/english_mfa-3.1.0,,110d413a66a6a41f5c4aee32d4c7f2990dc9a07e7ad83741ad5cf8b7e8e69f21,,,pending,,,,,pending,
-THoVjtIkeU$_$12,3,start_s,6.239999771118164,6.239999771118164,14.896029,87,97,"possible, ",mfa-3.4.1/english_mfa-3.1.0,,110d413a66a6a41f5c4aee32d4c7f2990dc9a07e7ad83741ad5cf8b7e8e69f21,,,pending,,,,,pending,
-THoVjtIkeU$_$12,3,end_s,6.75,6.75,14.896029,87,97,"possible, ",mfa-3.4.1/english_mfa-3.1.0,,110d413a66a6a41f5c4aee32d4c7f2990dc9a07e7ad83741ad5cf8b7e8e69f21,,,pending,,,,,pending,
-THoVjtIkeU$_$12,4,start_s,6.75,6.75,14.896029,97,103,if we ,mfa-3.4.1/english_mfa-3.1.0,,110d413a66a6a41f5c4aee32d4c7f2990dc9a07e7ad83741ad5cf8b7e8e69f21,,,pending,,,,,pending,
-THoVjtIkeU$_$12,4,end_s,7.210000038146973,7.210000038146973,14.896029,97,103,if we ,mfa-3.4.1/english_mfa-3.1.0,,110d413a66a6a41f5c4aee32d4c7f2990dc9a07e7ad83741ad5cf8b7e8e69f21,,,pending,,,,,pending,
-THoVjtIkeU$_$12,5,start_s,7.539999961853027,7.539999961853027,14.896029,103,111,believe ,mfa-3.4.1/english_mfa-3.1.0,,110d413a66a6a41f5c4aee32d4c7f2990dc9a07e7ad83741ad5cf8b7e8e69f21,,,pending,,,,,pending,
-THoVjtIkeU$_$12,5,end_s,8.15999984741211,8.15999984741211,14.896029,103,111,believe ,mfa-3.4.1/english_mfa-3.1.0,,110d413a66a6a41f5c4aee32d4c7f2990dc9a07e7ad83741ad5cf8b7e8e69f21,,,pending,,,,,pending,
-THoVjtIkeU$_$12,6,start_s,8.529999732971191,8.529999732971191,14.896029,111,116,that ,mfa-3.4.1/english_mfa-3.1.0,,110d413a66a6a41f5c4aee32d4c7f2990dc9a07e7ad83741ad5cf8b7e8e69f21,,,pending,,,,,pending,
-THoVjtIkeU$_$12,6,end_s,8.800000190734863,8.800000190734863,14.896029,111,116,that ,mfa-3.4.1/english_mfa-3.1.0,,110d413a66a6a41f5c4aee32d4c7f2990dc9a07e7ad83741ad5cf8b7e8e69f21,,,pending,,,,,pending,
-THoVjtIkeU$_$12,7,start_s,9.380000114440918,9.380000114440918,14.896029,116,157,social justice can be achieved and if we ,mfa-3.4.1/english_mfa-3.1.0,,110d413a66a6a41f5c4aee32d4c7f2990dc9a07e7ad83741ad5cf8b7e8e69f21,,,pending,,,,,pending,
-THoVjtIkeU$_$12,7,end_s,11.260000228881836,11.260000228881836,14.896029,116,157,social justice can be achieved and if we ,mfa-3.4.1/english_mfa-3.1.0,,110d413a66a6a41f5c4aee32d4c7f2990dc9a07e7ad83741ad5cf8b7e8e69f21,,,pending,,,,,pending,
-THoVjtIkeU$_$12,8,start_s,11.260000228881836,11.260000228881836,14.896029,157,175,"believe in youth, ",mfa-3.4.1/english_mfa-3.1.0,,110d413a66a6a41f5c4aee32d4c7f2990dc9a07e7ad83741ad5cf8b7e8e69f21,,,pending,,,,,pending,
-THoVjtIkeU$_$12,8,end_s,12.430000305175781,12.430000305175781,14.896029,157,175,"believe in youth, ",mfa-3.4.1/english_mfa-3.1.0,,110d413a66a6a41f5c4aee32d4c7f2990dc9a07e7ad83741ad5cf8b7e8e69f21,,,pending,,,,,pending,
-THoVjtIkeU$_$12,9,start_s,13.100000381469727,13.100000381469727,14.896029,175,207,they will believe in themselves.,mfa-3.4.1/english_mfa-3.1.0,,110d413a66a6a41f5c4aee32d4c7f2990dc9a07e7ad83741ad5cf8b7e8e69f21,,,pending,,,,,pending,
-THoVjtIkeU$_$12,9,end_s,14.805,14.805,14.896029,175,207,they will believe in themselves.,mfa-3.4.1/english_mfa-3.1.0,,110d413a66a6a41f5c4aee32d4c7f2990dc9a07e7ad83741ad5cf8b7e8e69f21,,,pending,,,,,pending,
-THoVjtIkeU$_$2,0,start_s,0.0,0.0,4.291992,0,8,I think ,mfa-3.4.1/english_mfa-3.1.0,,6267c2666cd32b30f0ce646871d6fcbe8b656e447184c30f28e5f57782cb1b54,,,pending,,,,,pending,
-THoVjtIkeU$_$2,0,end_s,0.49000000953674316,0.49000000953674316,4.291992,0,8,I think ,mfa-3.4.1/english_mfa-3.1.0,,6267c2666cd32b30f0ce646871d6fcbe8b656e447184c30f28e5f57782cb1b54,,,pending,,,,,pending,
-THoVjtIkeU$_$2,1,start_s,1.1299999952316284,1.1299999952316284,4.291992,8,63,social justice is extremely important for young people.,mfa-3.4.1/english_mfa-3.1.0,,6267c2666cd32b30f0ce646871d6fcbe8b656e447184c30f28e5f57782cb1b54,,,pending,,,,,pending,
-THoVjtIkeU$_$2,1,end_s,3.7100000381469727,3.7100000381469727,4.291992,8,63,social justice is extremely important for young people.,mfa-3.4.1/english_mfa-3.1.0,,6267c2666cd32b30f0ce646871d6fcbe8b656e447184c30f28e5f57782cb1b54,,,pending,,,,,pending,
-THoVjtIkeU$_$6,0,start_s,0.47999998927116394,0.47999998927116394,8.097005,0,41,You know that I think listening to young ,mfa-3.4.1/english_mfa-3.1.0,,5520bcde27412df5c6f70cb1f27c418bfe05534813d89b751f58578de1587001,,,pending,,,,,pending,
-THoVjtIkeU$_$6,0,end_s,2.25,2.25,8.097005,0,41,You know that I think listening to young ,mfa-3.4.1/english_mfa-3.1.0,,5520bcde27412df5c6f70cb1f27c418bfe05534813d89b751f58578de1587001,,,pending,,,,,pending,
-THoVjtIkeU$_$6,1,start_s,2.25,2.25,8.097005,41,49,"people, ",mfa-3.4.1/english_mfa-3.1.0,,5520bcde27412df5c6f70cb1f27c418bfe05534813d89b751f58578de1587001,,,pending,,,,,pending,
-THoVjtIkeU$_$6,1,end_s,2.609999895095825,2.609999895095825,8.097005,41,49,"people, ",mfa-3.4.1/english_mfa-3.1.0,,5520bcde27412df5c6f70cb1f27c418bfe05534813d89b751f58578de1587001,,,pending,,,,,pending,
-THoVjtIkeU$_$6,2,start_s,2.609999895095825,2.609999895095825,8.097005,49,89,taking in what they have to say because ,mfa-3.4.1/english_mfa-3.1.0,,5520bcde27412df5c6f70cb1f27c418bfe05534813d89b751f58578de1587001,,,pending,,,,,pending,
-THoVjtIkeU$_$6,2,end_s,4.489999771118164,4.489999771118164,8.097005,49,89,taking in what they have to say because ,mfa-3.4.1/english_mfa-3.1.0,,5520bcde27412df5c6f70cb1f27c418bfe05534813d89b751f58578de1587001,,,pending,,,,,pending,
-THoVjtIkeU$_$6,3,start_s,4.829999923706055,4.829999923706055,8.097005,89,128,what we have seen all around the world ,mfa-3.4.1/english_mfa-3.1.0,,5520bcde27412df5c6f70cb1f27c418bfe05534813d89b751f58578de1587001,,,pending,,,,,pending,
-THoVjtIkeU$_$6,3,end_s,6.409999847412109,6.409999847412109,8.097005,89,128,what we have seen all around the world ,mfa-3.4.1/english_mfa-3.1.0,,5520bcde27412df5c6f70cb1f27c418bfe05534813d89b751f58578de1587001,,,pending,,,,,pending,
-THoVjtIkeU$_$6,4,start_s,6.440000057220459,6.440000057220459,8.097005,128,150,is the power of youth.,mfa-3.4.1/english_mfa-3.1.0,,5520bcde27412df5c6f70cb1f27c418bfe05534813d89b751f58578de1587001,,,pending,,,,,pending,
-THoVjtIkeU$_$6,4,end_s,7.489999771118164,7.489999771118164,8.097005,128,150,is the power of youth.,mfa-3.4.1/english_mfa-3.1.0,,5520bcde27412df5c6f70cb1f27c418bfe05534813d89b751f58578de1587001,,,pending,,,,,pending,
-UUCSKoHeMA$_$0,0,start_s,1.190000057220459,1.190000057220459,7.8,0,36,I mentioned a word in the last clip ,mfa-3.4.1/english_mfa-3.1.0,,84bf4a0a87aad35c9979d26b379e72bc50b82538df29adaef7931e3133026657,,,pending,,,,,pending,
-UUCSKoHeMA$_$0,0,end_s,3.619999885559082,3.619999885559082,7.8,0,36,I mentioned a word in the last clip ,mfa-3.4.1/english_mfa-3.1.0,,84bf4a0a87aad35c9979d26b379e72bc50b82538df29adaef7931e3133026657,,,pending,,,,,pending,
-UUCSKoHeMA$_$0,1,start_s,3.7200000286102295,3.7200000286102295,7.8,36,55,"called 'monotone', ",mfa-3.4.1/english_mfa-3.1.0,,84bf4a0a87aad35c9979d26b379e72bc50b82538df29adaef7931e3133026657,,,pending,,,,,pending,
-UUCSKoHeMA$_$0,1,end_s,5.099999904632568,5.099999904632568,7.8,36,55,"called 'monotone', ",mfa-3.4.1/english_mfa-3.1.0,,84bf4a0a87aad35c9979d26b379e72bc50b82538df29adaef7931e3133026657,,,pending,,,,,pending,
-UUCSKoHeMA$_$0,2,start_s,5.429999828338623,5.429999828338623,7.8,55,93,and I want to talk about that briefly.,mfa-3.4.1/english_mfa-3.1.0,,84bf4a0a87aad35c9979d26b379e72bc50b82538df29adaef7931e3133026657,,,pending,,,,,pending,
-UUCSKoHeMA$_$0,2,end_s,7.732,7.732,7.8,55,93,and I want to talk about that briefly.,mfa-3.4.1/english_mfa-3.1.0,,84bf4a0a87aad35c9979d26b379e72bc50b82538df29adaef7931e3133026657,,,pending,,,,,pending,
-UacrmKiTn4$_$10,0,start_s,0.0,0.0,7.361979,0,9,"Because, ",mfa-3.4.1/english_mfa-3.1.0,,ab5bcd945b206372de80ce2e3c550302221b6ba89737d6f49d057488e6ea8bcf,,,pending,,,,,pending,
-UacrmKiTn4$_$10,0,end_s,0.36000001430511475,0.36000001430511475,7.361979,0,9,"Because, ",mfa-3.4.1/english_mfa-3.1.0,,ab5bcd945b206372de80ce2e3c550302221b6ba89737d6f49d057488e6ea8bcf,,,pending,,,,,pending,
-UacrmKiTn4$_$10,1,start_s,0.36000001430511475,0.36000001430511475,7.361979,9,25,if they are not ,mfa-3.4.1/english_mfa-3.1.0,,ab5bcd945b206372de80ce2e3c550302221b6ba89737d6f49d057488e6ea8bcf,,,pending,,,,,pending,
-UacrmKiTn4$_$10,1,end_s,1.659999966621399,1.659999966621399,7.361979,9,25,if they are not ,mfa-3.4.1/english_mfa-3.1.0,,ab5bcd945b206372de80ce2e3c550302221b6ba89737d6f49d057488e6ea8bcf,,,pending,,,,,pending,
-UacrmKiTn4$_$10,2,start_s,2.140000104904175,2.140000104904175,7.361979,25,69,in any way held accountable for reading the ,mfa-3.4.1/english_mfa-3.1.0,,ab5bcd945b206372de80ce2e3c550302221b6ba89737d6f49d057488e6ea8bcf,,,pending,,,,,pending,
-UacrmKiTn4$_$10,2,end_s,4.650000095367432,4.650000095367432,7.361979,25,69,in any way held accountable for reading the ,mfa-3.4.1/english_mfa-3.1.0,,ab5bcd945b206372de80ce2e3c550302221b6ba89737d6f49d057488e6ea8bcf,,,pending,,,,,pending,
-UacrmKiTn4$_$10,3,start_s,4.650000095367432,4.650000095367432,7.361979,69,78,material ,mfa-3.4.1/english_mfa-3.1.0,,ab5bcd945b206372de80ce2e3c550302221b6ba89737d6f49d057488e6ea8bcf,,,pending,,,,,pending,
-UacrmKiTn4$_$10,3,end_s,5.420000076293945,5.420000076293945,7.361979,69,78,material ,mfa-3.4.1/english_mfa-3.1.0,,ab5bcd945b206372de80ce2e3c550302221b6ba89737d6f49d057488e6ea8bcf,,,pending,,,,,pending,
-UacrmKiTn4$_$10,4,start_s,5.889999866485596,5.889999866485596,7.361979,78,95,they won't do it.,mfa-3.4.1/english_mfa-3.1.0,,ab5bcd945b206372de80ce2e3c550302221b6ba89737d6f49d057488e6ea8bcf,,,pending,,,,,pending,
-UacrmKiTn4$_$10,4,end_s,6.710000038146973,6.710000038146973,7.361979,78,95,they won't do it.,mfa-3.4.1/english_mfa-3.1.0,,ab5bcd945b206372de80ce2e3c550302221b6ba89737d6f49d057488e6ea8bcf,,,pending,,,,,pending,
-UacrmKiTn4$_$4,0,start_s,0.49000000953674316,0.49000000953674316,4.741016,0,41,Just given to their own devices they are ,mfa-3.4.1/english_mfa-3.1.0,,6e69028663403ec3026b3c398bcd121c3ea2dbdac4f5e64bef0d887d2e40b0de,,,pending,,,,,pending,
-UacrmKiTn4$_$4,0,end_s,2.430000066757202,2.430000066757202,4.741016,0,41,Just given to their own devices they are ,mfa-3.4.1/english_mfa-3.1.0,,6e69028663403ec3026b3c398bcd121c3ea2dbdac4f5e64bef0d887d2e40b0de,,,pending,,,,,pending,
-UacrmKiTn4$_$4,1,start_s,2.430000066757202,2.430000066757202,4.741016,41,72,not going to read the textbook.,mfa-3.4.1/english_mfa-3.1.0,,6e69028663403ec3026b3c398bcd121c3ea2dbdac4f5e64bef0d887d2e40b0de,,,pending,,,,,pending,
-UacrmKiTn4$_$4,1,end_s,4.179999828338623,4.179999828338623,4.741016,41,72,not going to read the textbook.,mfa-3.4.1/english_mfa-3.1.0,,6e69028663403ec3026b3c398bcd121c3ea2dbdac4f5e64bef0d887d2e40b0de,,,pending,,,,,pending,
-UuX1xuaiiE$_$0,0,start_s,0.07000000029802322,0.07000000029802322,3.633333,0,48,^it's amazing to see their enthusiasm and their ,mfa-3.4.1/english_mfa-3.1.0,,855bf3d62cfdcb8e092d019933296b5646c61afd9e315044392050e606ef5c11,,,pending,,,,ambiguous_face_selection;face_crop_fallback,pending,
-UuX1xuaiiE$_$0,0,end_s,2.5,2.5,3.633333,0,48,^it's amazing to see their enthusiasm and their ,mfa-3.4.1/english_mfa-3.1.0,,855bf3d62cfdcb8e092d019933296b5646c61afd9e315044392050e606ef5c11,,,pending,,,,ambiguous_face_selection;face_crop_fallback,pending,
-UuX1xuaiiE$_$0,1,start_s,2.5,2.5,3.633333,48,55,passion,mfa-3.4.1/english_mfa-3.1.0,,855bf3d62cfdcb8e092d019933296b5646c61afd9e315044392050e606ef5c11,,,pending,,,,ambiguous_face_selection;face_crop_fallback,pending,
-UuX1xuaiiE$_$0,1,end_s,3.575875,3.575875,3.633333,48,55,passion,mfa-3.4.1/english_mfa-3.1.0,,855bf3d62cfdcb8e092d019933296b5646c61afd9e315044392050e606ef5c11,,,pending,,,,ambiguous_face_selection;face_crop_fallback,pending,
-UuX1xuaiiE$_$1,0,start_s,0.5099999904632568,0.5099999904632568,10.35,0,34,^And all of them are really being ,mfa-3.4.1/english_mfa-3.1.0,,a13a7adf2e9a277d810287064f42441ad47070a98650ad98169c175385b18e56,,,pending,,,,ambiguous_face_selection;face_crop_fallback,pending,
-UuX1xuaiiE$_$1,0,end_s,2.0199999809265137,2.0199999809265137,10.35,0,34,^And all of them are really being ,mfa-3.4.1/english_mfa-3.1.0,,a13a7adf2e9a277d810287064f42441ad47070a98650ad98169c175385b18e56,,,pending,,,,ambiguous_face_selection;face_crop_fallback,pending,
-UuX1xuaiiE$_$1,1,start_s,2.490000009536743,2.490000009536743,10.35,34,57,able to explore ^these ,mfa-3.4.1/english_mfa-3.1.0,,a13a7adf2e9a277d810287064f42441ad47070a98650ad98169c175385b18e56,,,pending,,,,ambiguous_face_selection;face_crop_fallback,pending,
-UuX1xuaiiE$_$1,1,end_s,3.6700000762939453,3.6700000762939453,10.35,34,57,able to explore ^these ,mfa-3.4.1/english_mfa-3.1.0,,a13a7adf2e9a277d810287064f42441ad47070a98650ad98169c175385b18e56,,,pending,,,,ambiguous_face_selection;face_crop_fallback,pending,
-UuX1xuaiiE$_$1,2,start_s,4.53000020980835,4.53000020980835,10.35,57,97,different areas in depth ^in a way that ,mfa-3.4.1/english_mfa-3.1.0,,a13a7adf2e9a277d810287064f42441ad47070a98650ad98169c175385b18e56,,,pending,,,,ambiguous_face_selection;face_crop_fallback,pending,
-UuX1xuaiiE$_$1,2,end_s,7.210000038146973,7.210000038146973,10.35,57,97,different areas in depth ^in a way that ,mfa-3.4.1/english_mfa-3.1.0,,a13a7adf2e9a277d810287064f42441ad47070a98650ad98169c175385b18e56,,,pending,,,,ambiguous_face_selection;face_crop_fallback,pending,
-UuX1xuaiiE$_$1,3,start_s,7.269999980926514,7.269999980926514,10.35,97,148,really wasn't available ^before the center was here,mfa-3.4.1/english_mfa-3.1.0,,a13a7adf2e9a277d810287064f42441ad47070a98650ad98169c175385b18e56,,,pending,,,,ambiguous_face_selection;face_crop_fallback,pending,
-UuX1xuaiiE$_$1,3,end_s,10.267,10.267,10.35,97,148,really wasn't available ^before the center was here,mfa-3.4.1/english_mfa-3.1.0,,a13a7adf2e9a277d810287064f42441ad47070a98650ad98169c175385b18e56,,,pending,,,,ambiguous_face_selection;face_crop_fallback,pending,
-UuX1xuaiiE$_$3,0,start_s,0.5400000214576721,0.5400000214576721,4.130013,0,21,My goal is to become ,mfa-3.4.1/english_mfa-3.1.0,,c1d068a43a7ac770fe55104447e288203670222bfbe660c6fda437bd027cec44,,,pending,,,,,pending,
-UuX1xuaiiE$_$3,0,end_s,2.1600000858306885,2.1600000858306885,4.130013,0,21,My goal is to become ,mfa-3.4.1/english_mfa-3.1.0,,c1d068a43a7ac770fe55104447e288203670222bfbe660c6fda437bd027cec44,,,pending,,,,,pending,
-UuX1xuaiiE$_$3,1,start_s,2.5799999237060547,2.5799999237060547,4.130013,21,42,a human rights lawyer,mfa-3.4.1/english_mfa-3.1.0,,c1d068a43a7ac770fe55104447e288203670222bfbe660c6fda437bd027cec44,,,pending,,,,,pending,
-UuX1xuaiiE$_$3,1,end_s,3.680000066757202,3.680000066757202,4.130013,21,42,a human rights lawyer,mfa-3.4.1/english_mfa-3.1.0,,c1d068a43a7ac770fe55104447e288203670222bfbe660c6fda437bd027cec44,,,pending,,,,,pending,
-UuX1xuaiiE$_$6,0,start_s,0.5299999713897705,0.5299999713897705,8.113997,0,33,I ended up going to work for the ,mfa-3.4.1/english_mfa-3.1.0,,ef5afa3e9e3a971d5bc06d9f7e500f1d9f17e68506443f1ead9249f33ea7bde3,,,pending,,,,ambiguous_face_selection,pending,
-UuX1xuaiiE$_$6,0,end_s,2.049999952316284,2.049999952316284,8.113997,0,33,I ended up going to work for the ,mfa-3.4.1/english_mfa-3.1.0,,ef5afa3e9e3a971d5bc06d9f7e500f1d9f17e68506443f1ead9249f33ea7bde3,,,pending,,,,ambiguous_face_selection,pending,
-UuX1xuaiiE$_$6,1,start_s,2.049999952316284,2.049999952316284,8.113997,33,75,"US government as an intelligence analyst, ",mfa-3.4.1/english_mfa-3.1.0,,ef5afa3e9e3a971d5bc06d9f7e500f1d9f17e68506443f1ead9249f33ea7bde3,,,pending,,,,,pending,
-UuX1xuaiiE$_$6,1,end_s,4.110000133514404,4.110000133514404,8.113997,33,75,"US government as an intelligence analyst, ",mfa-3.4.1/english_mfa-3.1.0,,ef5afa3e9e3a971d5bc06d9f7e500f1d9f17e68506443f1ead9249f33ea7bde3,,,pending,,,,,pending,
-UuX1xuaiiE$_$6,2,start_s,4.960000038146973,4.960000038146973,8.113997,75,125,specializing in war crimes and human rights issues,mfa-3.4.1/english_mfa-3.1.0,,ef5afa3e9e3a971d5bc06d9f7e500f1d9f17e68506443f1ead9249f33ea7bde3,,,pending,,,,,pending,
-UuX1xuaiiE$_$6,2,end_s,7.943812,7.943812,8.113997,75,125,specializing in war crimes and human rights issues,mfa-3.4.1/english_mfa-3.1.0,,ef5afa3e9e3a971d5bc06d9f7e500f1d9f17e68506443f1ead9249f33ea7bde3,,,pending,,,,,pending,
-a55Q6RWvTA$_$3,0,start_s,0.5099999904632568,0.5099999904632568,22.153971,0,25,"And if you clip coupons, ",mfa-3.4.1/english_mfa-3.1.0,,89e8bb7ad75a6991102d0a38fd39511e3f6849349f796bb05e0ff1d98c780e4a,,,pending,,,,,pending,
-a55Q6RWvTA$_$3,0,end_s,2.630000114440918,2.630000114440918,22.153971,0,25,"And if you clip coupons, ",mfa-3.4.1/english_mfa-3.1.0,,89e8bb7ad75a6991102d0a38fd39511e3f6849349f796bb05e0ff1d98c780e4a,,,pending,,,,,pending,
-a55Q6RWvTA$_$3,1,start_s,2.630000114440918,2.630000114440918,22.153971,25,60,if you don't go out for dinner and ,mfa-3.4.1/english_mfa-3.1.0,,89e8bb7ad75a6991102d0a38fd39511e3f6849349f796bb05e0ff1d98c780e4a,,,pending,,,,,pending,
-a55Q6RWvTA$_$3,1,end_s,4.619999885559082,4.619999885559082,22.153971,25,60,if you don't go out for dinner and ,mfa-3.4.1/english_mfa-3.1.0,,89e8bb7ad75a6991102d0a38fd39511e3f6849349f796bb05e0ff1d98c780e4a,,,pending,,,,,pending,
-a55Q6RWvTA$_$3,2,start_s,4.619999885559082,4.619999885559082,22.153971,60,93,movies and things of that nature ,mfa-3.4.1/english_mfa-3.1.0,,89e8bb7ad75a6991102d0a38fd39511e3f6849349f796bb05e0ff1d98c780e4a,,,pending,,,,,pending,
-a55Q6RWvTA$_$3,2,end_s,6.429999828338623,6.429999828338623,22.153971,60,93,movies and things of that nature ,mfa-3.4.1/english_mfa-3.1.0,,89e8bb7ad75a6991102d0a38fd39511e3f6849349f796bb05e0ff1d98c780e4a,,,pending,,,,,pending,
-a55Q6RWvTA$_$3,3,start_s,6.860000133514404,6.860000133514404,22.153971,93,127,and try to take up things in life ,mfa-3.4.1/english_mfa-3.1.0,,89e8bb7ad75a6991102d0a38fd39511e3f6849349f796bb05e0ff1d98c780e4a,,,pending,,,,,pending,
-a55Q6RWvTA$_$3,3,end_s,8.869999885559082,8.869999885559082,22.153971,93,127,and try to take up things in life ,mfa-3.4.1/english_mfa-3.1.0,,89e8bb7ad75a6991102d0a38fd39511e3f6849349f796bb05e0ff1d98c780e4a,,,pending,,,,,pending,
-a55Q6RWvTA$_$3,4,start_s,8.869999885559082,8.869999885559082,22.153971,127,133,"that, ",mfa-3.4.1/english_mfa-3.1.0,,89e8bb7ad75a6991102d0a38fd39511e3f6849349f796bb05e0ff1d98c780e4a,,,pending,,,,,pending,
-a55Q6RWvTA$_$3,4,end_s,9.029999732971191,9.029999732971191,22.153971,127,133,"that, ",mfa-3.4.1/english_mfa-3.1.0,,89e8bb7ad75a6991102d0a38fd39511e3f6849349f796bb05e0ff1d98c780e4a,,,pending,,,,,pending,
-a55Q6RWvTA$_$3,5,start_s,9.029999732971191,9.029999732971191,22.153971,133,139,"well, ",mfa-3.4.1/english_mfa-3.1.0,,89e8bb7ad75a6991102d0a38fd39511e3f6849349f796bb05e0ff1d98c780e4a,,,pending,,,,,pending,
-a55Q6RWvTA$_$3,5,end_s,9.359999656677246,9.359999656677246,22.153971,133,139,"well, ",mfa-3.4.1/english_mfa-3.1.0,,89e8bb7ad75a6991102d0a38fd39511e3f6849349f796bb05e0ff1d98c780e4a,,,pending,,,,,pending,
-a55Q6RWvTA$_$3,6,start_s,9.359999656677246,9.359999656677246,22.153971,139,181,"they always say, ""the best things in life ",mfa-3.4.1/english_mfa-3.1.0,,89e8bb7ad75a6991102d0a38fd39511e3f6849349f796bb05e0ff1d98c780e4a,,,pending,,,,,pending,
-a55Q6RWvTA$_$3,6,end_s,11.229999542236328,11.229999542236328,22.153971,139,181,"they always say, ""the best things in life ",mfa-3.4.1/english_mfa-3.1.0,,89e8bb7ad75a6991102d0a38fd39511e3f6849349f796bb05e0ff1d98c780e4a,,,pending,,,,,pending,
-a55Q6RWvTA$_$3,7,start_s,11.229999542236328,11.229999542236328,22.153971,181,192,"are free"". ",mfa-3.4.1/english_mfa-3.1.0,,89e8bb7ad75a6991102d0a38fd39511e3f6849349f796bb05e0ff1d98c780e4a,,,pending,,,,,pending,
-a55Q6RWvTA$_$3,7,end_s,11.850000381469727,11.850000381469727,22.153971,181,192,"are free"". ",mfa-3.4.1/english_mfa-3.1.0,,89e8bb7ad75a6991102d0a38fd39511e3f6849349f796bb05e0ff1d98c780e4a,,,pending,,,,,pending,
-a55Q6RWvTA$_$3,8,start_s,12.350000381469727,12.350000381469727,22.153971,192,208,"Reading a book, ",mfa-3.4.1/english_mfa-3.1.0,,89e8bb7ad75a6991102d0a38fd39511e3f6849349f796bb05e0ff1d98c780e4a,,,pending,,,,,pending,
-a55Q6RWvTA$_$3,8,end_s,13.180000305175781,13.180000305175781,22.153971,192,208,"Reading a book, ",mfa-3.4.1/english_mfa-3.1.0,,89e8bb7ad75a6991102d0a38fd39511e3f6849349f796bb05e0ff1d98c780e4a,,,pending,,,,,pending,
-a55Q6RWvTA$_$3,9,start_s,13.739999771118164,13.739999771118164,22.153971,208,236,"going for a nice walk, and, ",mfa-3.4.1/english_mfa-3.1.0,,89e8bb7ad75a6991102d0a38fd39511e3f6849349f796bb05e0ff1d98c780e4a,,,pending,,,,automatic_quality_merge,pending,
-a55Q6RWvTA$_$3,9,end_s,15.600000381469727,15.600000381469727,22.153971,208,236,"going for a nice walk, and, ",mfa-3.4.1/english_mfa-3.1.0,,89e8bb7ad75a6991102d0a38fd39511e3f6849349f796bb05e0ff1d98c780e4a,,,pending,,,,automatic_quality_merge,pending,
-a55Q6RWvTA$_$3,10,start_s,15.600000381469727,15.600000381469727,22.153971,236,247,"of course, ",mfa-3.4.1/english_mfa-3.1.0,,89e8bb7ad75a6991102d0a38fd39511e3f6849349f796bb05e0ff1d98c780e4a,,,pending,,,,,pending,
-a55Q6RWvTA$_$3,10,end_s,15.920000076293945,15.920000076293945,22.153971,236,247,"of course, ",mfa-3.4.1/english_mfa-3.1.0,,89e8bb7ad75a6991102d0a38fd39511e3f6849349f796bb05e0ff1d98c780e4a,,,pending,,,,,pending,
-a55Q6RWvTA$_$3,11,start_s,15.920000076293945,15.920000076293945,22.153971,247,300,combining exercise and various things of that nature ,mfa-3.4.1/english_mfa-3.1.0,,89e8bb7ad75a6991102d0a38fd39511e3f6849349f796bb05e0ff1d98c780e4a,,,pending,,,,,pending,
-a55Q6RWvTA$_$3,11,end_s,18.639999389648438,18.639999389648438,22.153971,247,300,combining exercise and various things of that nature ,mfa-3.4.1/english_mfa-3.1.0,,89e8bb7ad75a6991102d0a38fd39511e3f6849349f796bb05e0ff1d98c780e4a,,,pending,,,,,pending,
-a55Q6RWvTA$_$3,12,start_s,18.940000534057617,18.940000534057617,22.153971,300,339,where you're not spending money per se.,mfa-3.4.1/english_mfa-3.1.0,,89e8bb7ad75a6991102d0a38fd39511e3f6849349f796bb05e0ff1d98c780e4a,,,pending,,,,,pending,
-a55Q6RWvTA$_$3,12,end_s,21.450000762939453,21.450000762939453,22.153971,300,339,where you're not spending money per se.,mfa-3.4.1/english_mfa-3.1.0,,89e8bb7ad75a6991102d0a38fd39511e3f6849349f796bb05e0ff1d98c780e4a,,,pending,,,,,pending,
-aNfi7CP8vM$_$7,0,start_s,0.49,0.49,8.694987,0,48,"Maybe they have no political party affiliation, ",mfa-3.4.1/english_mfa-3.1.0,,7fde2f3cd98f071443f9bba2240e4bf2c693b15f683c4bb98c65fb09d18b457c,,,pending,,,,,pending,
-aNfi7CP8vM$_$7,0,end_s,3.95,3.95,8.694987,0,48,"Maybe they have no political party affiliation, ",mfa-3.4.1/english_mfa-3.1.0,,7fde2f3cd98f071443f9bba2240e4bf2c693b15f683c4bb98c65fb09d18b457c,,,pending,,,,,pending,
-aNfi7CP8vM$_$7,1,start_s,4.28,4.28,8.694987,48,84,"they're not interested in politics, ",mfa-3.4.1/english_mfa-3.1.0,,7fde2f3cd98f071443f9bba2240e4bf2c693b15f683c4bb98c65fb09d18b457c,,,pending,,,,,pending,
-aNfi7CP8vM$_$7,1,end_s,5.95,5.95,8.694987,48,84,"they're not interested in politics, ",mfa-3.4.1/english_mfa-3.1.0,,7fde2f3cd98f071443f9bba2240e4bf2c693b15f683c4bb98c65fb09d18b457c,,,pending,,,,,pending,
-aNfi7CP8vM$_$7,2,start_s,5.95,5.95,8.694987,84,120,they could care less about politics.,mfa-3.4.1/english_mfa-3.1.0,,7fde2f3cd98f071443f9bba2240e4bf2c693b15f683c4bb98c65fb09d18b457c,,,pending,,,,,pending,
-aNfi7CP8vM$_$7,2,end_s,7.99,7.99,8.694987,84,120,they could care less about politics.,mfa-3.4.1/english_mfa-3.1.0,,7fde2f3cd98f071443f9bba2240e4bf2c693b15f683c4bb98c65fb09d18b457c,,,pending,,,,,pending,
-aqamKhZ1Ec$_$0,0,start_s,0.4000000059604645,0.4000000059604645,10.966667,0,3,In ,mfa-3.4.1/english_mfa-3.1.0,,aa1afb224a1fc918cd813a294f02a4deb67f1d52cd3655171ff6eb234225c3ab,,,pending,,,,no_valid_face_in_phrase,pending,
-aqamKhZ1Ec$_$0,0,end_s,0.5600000023841858,0.5600000023841858,10.966667,0,3,In ,mfa-3.4.1/english_mfa-3.1.0,,aa1afb224a1fc918cd813a294f02a4deb67f1d52cd3655171ff6eb234225c3ab,,,pending,,,,no_valid_face_in_phrase,pending,
-aqamKhZ1Ec$_$0,1,start_s,2.5399999618530273,2.5399999618530273,10.966667,3,9,"2008, ",mfa-3.4.1/english_mfa-3.1.0,,aa1afb224a1fc918cd813a294f02a4deb67f1d52cd3655171ff6eb234225c3ab,,,pending,,,,,pending,
-aqamKhZ1Ec$_$0,1,end_s,2.7799999713897705,2.7799999713897705,10.966667,3,9,"2008, ",mfa-3.4.1/english_mfa-3.1.0,,aa1afb224a1fc918cd813a294f02a4deb67f1d52cd3655171ff6eb234225c3ab,,,pending,,,,,pending,
-aqamKhZ1Ec$_$0,2,start_s,2.809999942779541,2.809999942779541,10.966667,9,48,there were very serious tribal warfare ,mfa-3.4.1/english_mfa-3.1.0,,aa1afb224a1fc918cd813a294f02a4deb67f1d52cd3655171ff6eb234225c3ab,,,pending,,,,,pending,
-aqamKhZ1Ec$_$0,2,end_s,5.070000171661377,5.070000171661377,10.966667,9,48,there were very serious tribal warfare ,mfa-3.4.1/english_mfa-3.1.0,,aa1afb224a1fc918cd813a294f02a4deb67f1d52cd3655171ff6eb234225c3ab,,,pending,,,,,pending,
-aqamKhZ1Ec$_$0,3,start_s,7.639999866485596,7.639999866485596,10.966667,48,57,in Kenya ,mfa-3.4.1/english_mfa-3.1.0,,aa1afb224a1fc918cd813a294f02a4deb67f1d52cd3655171ff6eb234225c3ab,,,pending,,,,,pending,
-aqamKhZ1Ec$_$0,3,end_s,7.909999847412109,7.909999847412109,10.966667,48,57,in Kenya ,mfa-3.4.1/english_mfa-3.1.0,,aa1afb224a1fc918cd813a294f02a4deb67f1d52cd3655171ff6eb234225c3ab,,,pending,,,,,pending,
-aqamKhZ1Ec$_$0,4,start_s,8.979999542236328,8.979999542236328,10.966667,57,87,following a disputed election.,mfa-3.4.1/english_mfa-3.1.0,,aa1afb224a1fc918cd813a294f02a4deb67f1d52cd3655171ff6eb234225c3ab,,,pending,,,,,pending,
-aqamKhZ1Ec$_$0,4,end_s,10.89,10.89,10.966667,57,87,following a disputed election.,mfa-3.4.1/english_mfa-3.1.0,,aa1afb224a1fc918cd813a294f02a4deb67f1d52cd3655171ff6eb234225c3ab,,,pending,,,,,pending,
-dxfTGcXJoc$_$0,0,start_s,0.5600000023841858,0.5600000023841858,20.5,0,35,This is Governor Steve Beshear ... ,mfa-3.4.1/english_mfa-3.1.0,,3e264d43042fadaa8a9ddb5d0ee0bcb1cc9f16f66931780a37aa7fa19af7246b,,,pending,,,,no_valid_face_in_phrase,pending,
-dxfTGcXJoc$_$0,0,end_s,2.0999999046325684,2.0999999046325684,20.5,0,35,This is Governor Steve Beshear ... ,mfa-3.4.1/english_mfa-3.1.0,,3e264d43042fadaa8a9ddb5d0ee0bcb1cc9f16f66931780a37aa7fa19af7246b,,,pending,,,,no_valid_face_in_phrase,pending,
-dxfTGcXJoc$_$0,1,start_s,2.5399999618530273,2.5399999618530273,20.5,35,50,About Kentucky ,mfa-3.4.1/english_mfa-3.1.0,,3e264d43042fadaa8a9ddb5d0ee0bcb1cc9f16f66931780a37aa7fa19af7246b,,,pending,,,,no_valid_face_in_phrase,pending,
-dxfTGcXJoc$_$0,1,end_s,3.440000057220459,3.440000057220459,20.5,35,50,About Kentucky ,mfa-3.4.1/english_mfa-3.1.0,,3e264d43042fadaa8a9ddb5d0ee0bcb1cc9f16f66931780a37aa7fa19af7246b,,,pending,,,,no_valid_face_in_phrase,pending,
-dxfTGcXJoc$_$0,2,start_s,4.349999904632568,4.349999904632568,20.5,50,83,"Our state is home to more than 1,",mfa-3.4.1/english_mfa-3.1.0,,3e264d43042fadaa8a9ddb5d0ee0bcb1cc9f16f66931780a37aa7fa19af7246b,,,pending,,,,,pending,
-dxfTGcXJoc$_$0,2,end_s,6.710000038146973,6.710000038146973,20.5,50,83,"Our state is home to more than 1,",mfa-3.4.1/english_mfa-3.1.0,,3e264d43042fadaa8a9ddb5d0ee0bcb1cc9f16f66931780a37aa7fa19af7246b,,,pending,,,,,pending,
-dxfTGcXJoc$_$0,3,start_s,6.710000038146973,6.710000038146973,20.5,83,124,500 bioscience and lifescience companies ,mfa-3.4.1/english_mfa-3.1.0,,3e264d43042fadaa8a9ddb5d0ee0bcb1cc9f16f66931780a37aa7fa19af7246b,,,pending,,,,,pending,
-dxfTGcXJoc$_$0,3,end_s,9.579999923706055,9.579999923706055,20.5,83,124,500 bioscience and lifescience companies ,mfa-3.4.1/english_mfa-3.1.0,,3e264d43042fadaa8a9ddb5d0ee0bcb1cc9f16f66931780a37aa7fa19af7246b,,,pending,,,,,pending,
-dxfTGcXJoc$_$0,4,start_s,10.0,10.0,20.5,124,142,"and more than 100,",mfa-3.4.1/english_mfa-3.1.0,,3e264d43042fadaa8a9ddb5d0ee0bcb1cc9f16f66931780a37aa7fa19af7246b,,,pending,,,,,pending,
-dxfTGcXJoc$_$0,4,end_s,11.039999961853027,11.039999961853027,20.5,124,142,"and more than 100,",mfa-3.4.1/english_mfa-3.1.0,,3e264d43042fadaa8a9ddb5d0ee0bcb1cc9f16f66931780a37aa7fa19af7246b,,,pending,,,,,pending,
-dxfTGcXJoc$_$0,5,start_s,11.039999961853027,11.039999961853027,20.5,142,179,"000 people who work for these firms, ",mfa-3.4.1/english_mfa-3.1.0,,3e264d43042fadaa8a9ddb5d0ee0bcb1cc9f16f66931780a37aa7fa19af7246b,,,pending,,,,,pending,
-dxfTGcXJoc$_$0,5,end_s,13.3100004196167,13.3100004196167,20.5,142,179,"000 people who work for these firms, ",mfa-3.4.1/english_mfa-3.1.0,,3e264d43042fadaa8a9ddb5d0ee0bcb1cc9f16f66931780a37aa7fa19af7246b,,,pending,,,,,pending,
-dxfTGcXJoc$_$0,6,start_s,13.829999923706055,13.829999923706055,20.5,179,227,in areas from nutrigenomics and pharmaceuticals ,mfa-3.4.1/english_mfa-3.1.0,,3e264d43042fadaa8a9ddb5d0ee0bcb1cc9f16f66931780a37aa7fa19af7246b,,,pending,,,,,pending,
-dxfTGcXJoc$_$0,6,end_s,17.34000015258789,17.34000015258789,20.5,179,227,in areas from nutrigenomics and pharmaceuticals ,mfa-3.4.1/english_mfa-3.1.0,,3e264d43042fadaa8a9ddb5d0ee0bcb1cc9f16f66931780a37aa7fa19af7246b,,,pending,,,,,pending,
-dxfTGcXJoc$_$0,7,start_s,17.649999618530273,17.649999618530273,20.5,227,265,to nanotechnology and medical devices.,mfa-3.4.1/english_mfa-3.1.0,,3e264d43042fadaa8a9ddb5d0ee0bcb1cc9f16f66931780a37aa7fa19af7246b,,,pending,,,,,pending,
-dxfTGcXJoc$_$0,7,end_s,19.8799991607666,19.8799991607666,20.5,227,265,to nanotechnology and medical devices.,mfa-3.4.1/english_mfa-3.1.0,,3e264d43042fadaa8a9ddb5d0ee0bcb1cc9f16f66931780a37aa7fa19af7246b,,,pending,,,,,pending,
-dxfTGcXJoc$_$1,0,start_s,0.5099999904632568,0.5099999904632568,16.161003,0,28,"For the 10th straight year, ",mfa-3.4.1/english_mfa-3.1.0,,2941be8abafb3eeeaedff714fe93f35570f8d0cedac2dab6d942dd9899fe41b1,,,pending,,,,,pending,
-dxfTGcXJoc$_$1,0,end_s,1.8200000524520874,1.8200000524520874,16.161003,0,28,"For the 10th straight year, ",mfa-3.4.1/english_mfa-3.1.0,,2941be8abafb3eeeaedff714fe93f35570f8d0cedac2dab6d942dd9899fe41b1,,,pending,,,,,pending,
-dxfTGcXJoc$_$1,1,start_s,2.1500000953674316,2.1500000953674316,16.161003,28,80,some of Kentucky’s best and most innovative biotech ,mfa-3.4.1/english_mfa-3.1.0,,2941be8abafb3eeeaedff714fe93f35570f8d0cedac2dab6d942dd9899fe41b1,,,pending,,,,,pending,
-dxfTGcXJoc$_$1,1,end_s,5.539999961853027,5.539999961853027,16.161003,28,80,some of Kentucky’s best and most innovative biotech ,mfa-3.4.1/english_mfa-3.1.0,,2941be8abafb3eeeaedff714fe93f35570f8d0cedac2dab6d942dd9899fe41b1,,,pending,,,,,pending,
-dxfTGcXJoc$_$1,2,start_s,5.539999961853027,5.539999961853027,16.161003,80,130,companies and technologies were on display at the ,mfa-3.4.1/english_mfa-3.1.0,,2941be8abafb3eeeaedff714fe93f35570f8d0cedac2dab6d942dd9899fe41b1,,,pending,,,,,pending,
-dxfTGcXJoc$_$1,2,end_s,8.960000038146973,8.960000038146973,16.161003,80,130,companies and technologies were on display at the ,mfa-3.4.1/english_mfa-3.1.0,,2941be8abafb3eeeaedff714fe93f35570f8d0cedac2dab6d942dd9899fe41b1,,,pending,,,,,pending,
-dxfTGcXJoc$_$1,3,start_s,8.960000038146973,8.960000038146973,16.161003,130,167,"annual BIO International Convention, ",mfa-3.4.1/english_mfa-3.1.0,,2941be8abafb3eeeaedff714fe93f35570f8d0cedac2dab6d942dd9899fe41b1,,,pending,,,,,pending,
-dxfTGcXJoc$_$1,3,end_s,11.319999694824219,11.319999694824219,16.161003,130,167,"annual BIO International Convention, ",mfa-3.4.1/english_mfa-3.1.0,,2941be8abafb3eeeaedff714fe93f35570f8d0cedac2dab6d942dd9899fe41b1,,,pending,,,,,pending,
-dxfTGcXJoc$_$1,4,start_s,11.850000381469727,11.850000381469727,16.161003,167,215,which I and other state officials attended this ,mfa-3.4.1/english_mfa-3.1.0,,2941be8abafb3eeeaedff714fe93f35570f8d0cedac2dab6d942dd9899fe41b1,,,pending,,,,,pending,
-dxfTGcXJoc$_$1,4,end_s,14.359999656677246,14.359999656677246,16.161003,167,215,which I and other state officials attended this ,mfa-3.4.1/english_mfa-3.1.0,,2941be8abafb3eeeaedff714fe93f35570f8d0cedac2dab6d942dd9899fe41b1,,,pending,,,,,pending,
-dxfTGcXJoc$_$1,5,start_s,14.359999656677246,14.359999656677246,16.161003,215,231,week in Chicago.,mfa-3.4.1/english_mfa-3.1.0,,2941be8abafb3eeeaedff714fe93f35570f8d0cedac2dab6d942dd9899fe41b1,,,pending,,,,,pending,
-dxfTGcXJoc$_$1,5,end_s,15.529999732971191,15.529999732971191,16.161003,215,231,week in Chicago.,mfa-3.4.1/english_mfa-3.1.0,,2941be8abafb3eeeaedff714fe93f35570f8d0cedac2dab6d942dd9899fe41b1,,,pending,,,,,pending,
-dxfTGcXJoc$_$2,0,start_s,0.5,0.5,16.697982,0,16,"An estimated 20,",mfa-3.4.1/english_mfa-3.1.0,,f0241674c33259b3d09af9ca5e86d6b94c58c505c27bca67ad7543a67d4dca7f,,,pending,,,,,pending,
-dxfTGcXJoc$_$2,0,end_s,1.7100000381469727,1.7100000381469727,16.697982,0,16,"An estimated 20,",mfa-3.4.1/english_mfa-3.1.0,,f0241674c33259b3d09af9ca5e86d6b94c58c505c27bca67ad7543a67d4dca7f,,,pending,,,,,pending,
-dxfTGcXJoc$_$2,1,start_s,1.7100000381469727,1.7100000381469727,16.697982,16,40,"000 biotech scientists, ",mfa-3.4.1/english_mfa-3.1.0,,f0241674c33259b3d09af9ca5e86d6b94c58c505c27bca67ad7543a67d4dca7f,,,pending,,,,,pending,
-dxfTGcXJoc$_$2,1,end_s,3.6700000762939453,3.6700000762939453,16.697982,16,40,"000 biotech scientists, ",mfa-3.4.1/english_mfa-3.1.0,,f0241674c33259b3d09af9ca5e86d6b94c58c505c27bca67ad7543a67d4dca7f,,,pending,,,,,pending,
-dxfTGcXJoc$_$2,2,start_s,3.819999933242798,3.819999933242798,16.697982,40,90,executives and industry experts from more than 50 ,mfa-3.4.1/english_mfa-3.1.0,,f0241674c33259b3d09af9ca5e86d6b94c58c505c27bca67ad7543a67d4dca7f,,,pending,,,,,pending,
-dxfTGcXJoc$_$2,2,end_s,7.309999942779541,7.309999942779541,16.697982,40,90,executives and industry experts from more than 50 ,mfa-3.4.1/english_mfa-3.1.0,,f0241674c33259b3d09af9ca5e86d6b94c58c505c27bca67ad7543a67d4dca7f,,,pending,,,,,pending,
-dxfTGcXJoc$_$2,3,start_s,7.309999942779541,7.309999942779541,16.697982,90,134,nations were at the BIO conference to learn ,mfa-3.4.1/english_mfa-3.1.0,,f0241674c33259b3d09af9ca5e86d6b94c58c505c27bca67ad7543a67d4dca7f,,,pending,,,,,pending,
-dxfTGcXJoc$_$2,3,end_s,10.140000343322754,10.140000343322754,16.697982,90,134,nations were at the BIO conference to learn ,mfa-3.4.1/english_mfa-3.1.0,,f0241674c33259b3d09af9ca5e86d6b94c58c505c27bca67ad7543a67d4dca7f,,,pending,,,,,pending,
-dxfTGcXJoc$_$2,4,start_s,10.140000343322754,10.140000343322754,16.697982,134,172,"about the latest scientific advances, ",mfa-3.4.1/english_mfa-3.1.0,,f0241674c33259b3d09af9ca5e86d6b94c58c505c27bca67ad7543a67d4dca7f,,,pending,,,,,pending,
-dxfTGcXJoc$_$2,4,end_s,12.15999984741211,12.15999984741211,16.697982,134,172,"about the latest scientific advances, ",mfa-3.4.1/english_mfa-3.1.0,,f0241674c33259b3d09af9ca5e86d6b94c58c505c27bca67ad7543a67d4dca7f,,,pending,,,,,pending,
-dxfTGcXJoc$_$2,5,start_s,12.489999771118164,12.489999771118164,16.697982,172,231,and to exchange ideas and establish business relationships.,mfa-3.4.1/english_mfa-3.1.0,,f0241674c33259b3d09af9ca5e86d6b94c58c505c27bca67ad7543a67d4dca7f,,,pending,,,,,pending,
-dxfTGcXJoc$_$2,5,end_s,16.110000610351562,16.110000610351562,16.697982,172,231,and to exchange ideas and establish business relationships.,mfa-3.4.1/english_mfa-3.1.0,,f0241674c33259b3d09af9ca5e86d6b94c58c505c27bca67ad7543a67d4dca7f,,,pending,,,,,pending,
-dxfTGcXJoc$_$6,0,start_s,0.4099999964237213,0.4099999964237213,12.735026,0,68,Kentucky’s participation at the annual BIO International Convention ,mfa-3.4.1/english_mfa-3.1.0,,60c7c22f5c5bc3f77548176752bfbbdad47b7e81f64559e0517ff30557078390,,,pending,,,,,pending,
-dxfTGcXJoc$_$6,0,end_s,4.340000152587891,4.340000152587891,12.735026,0,68,Kentucky’s participation at the annual BIO International Convention ,mfa-3.4.1/english_mfa-3.1.0,,60c7c22f5c5bc3f77548176752bfbbdad47b7e81f64559e0517ff30557078390,,,pending,,,,,pending,
-dxfTGcXJoc$_$6,1,start_s,4.710000038146973,4.710000038146973,12.735026,68,107,is the primary means by which our high-,mfa-3.4.1/english_mfa-3.1.0,,60c7c22f5c5bc3f77548176752bfbbdad47b7e81f64559e0517ff30557078390,,,pending,,,,,pending,
-dxfTGcXJoc$_$6,1,end_s,7.389999866485596,7.389999866485596,12.735026,68,107,is the primary means by which our high-,mfa-3.4.1/english_mfa-3.1.0,,60c7c22f5c5bc3f77548176752bfbbdad47b7e81f64559e0517ff30557078390,,,pending,,,,,pending,
-dxfTGcXJoc$_$6,2,start_s,7.389999866485596,7.389999866485596,12.735026,107,156,tech companies and institutions can reach out to ,mfa-3.4.1/english_mfa-3.1.0,,60c7c22f5c5bc3f77548176752bfbbdad47b7e81f64559e0517ff30557078390,,,pending,,,,,pending,
-dxfTGcXJoc$_$6,2,end_s,10.350000381469727,10.350000381469727,12.735026,107,156,tech companies and institutions can reach out to ,mfa-3.4.1/english_mfa-3.1.0,,60c7c22f5c5bc3f77548176752bfbbdad47b7e81f64559e0517ff30557078390,,,pending,,,,,pending,
-dxfTGcXJoc$_$6,3,start_s,10.350000381469727,10.350000381469727,12.735026,156,188,the global scientific community.,mfa-3.4.1/english_mfa-3.1.0,,60c7c22f5c5bc3f77548176752bfbbdad47b7e81f64559e0517ff30557078390,,,pending,,,,,pending,
-dxfTGcXJoc$_$6,3,end_s,12.109999656677246,12.109999656677246,12.735026,156,188,the global scientific community.,mfa-3.4.1/english_mfa-3.1.0,,60c7c22f5c5bc3f77548176752bfbbdad47b7e81f64559e0517ff30557078390,,,pending,,,,,pending,
-egA8-b7-3M$_$1,0,start_s,0.0,0.0,10.266016,0,2,I ,mfa-3.4.1/english_mfa-3.1.0,,6101f970e42fdaaf857cb369182d7a6495b6f12a6a87cb4524b4f7e1838ca986,,,pending,,,,,pending,
-egA8-b7-3M$_$1,0,end_s,0.3499999940395355,0.3499999940395355,10.266016,0,2,I ,mfa-3.4.1/english_mfa-3.1.0,,6101f970e42fdaaf857cb369182d7a6495b6f12a6a87cb4524b4f7e1838ca986,,,pending,,,,,pending,
-egA8-b7-3M$_$1,1,start_s,1.2100000381469727,1.2100000381469727,10.266016,2,55,started a successful Legal Nurse Consulting Business ,mfa-3.4.1/english_mfa-3.1.0,,6101f970e42fdaaf857cb369182d7a6495b6f12a6a87cb4524b4f7e1838ca986,,,pending,,,,,pending,
-egA8-b7-3M$_$1,1,end_s,4.059999942779541,4.059999942779541,10.266016,2,55,started a successful Legal Nurse Consulting Business ,mfa-3.4.1/english_mfa-3.1.0,,6101f970e42fdaaf857cb369182d7a6495b6f12a6a87cb4524b4f7e1838ca986,,,pending,,,,,pending,
-egA8-b7-3M$_$1,2,start_s,4.480000019073486,4.480000019073486,10.266016,55,64,in 1989. ,mfa-3.4.1/english_mfa-3.1.0,,6101f970e42fdaaf857cb369182d7a6495b6f12a6a87cb4524b4f7e1838ca986,,,pending,,,,,pending,
-egA8-b7-3M$_$1,2,end_s,5.71999979019165,5.71999979019165,10.266016,55,64,in 1989. ,mfa-3.4.1/english_mfa-3.1.0,,6101f970e42fdaaf857cb369182d7a6495b6f12a6a87cb4524b4f7e1838ca986,,,pending,,,,,pending,
-egA8-b7-3M$_$1,3,start_s,6.329999923706055,6.329999923706055,10.266016,64,105,I mentor nurses who want to become Legal ,mfa-3.4.1/english_mfa-3.1.0,,6101f970e42fdaaf857cb369182d7a6495b6f12a6a87cb4524b4f7e1838ca986,,,pending,,,,,pending,
-egA8-b7-3M$_$1,3,end_s,8.520000457763672,8.520000457763672,10.266016,64,105,I mentor nurses who want to become Legal ,mfa-3.4.1/english_mfa-3.1.0,,6101f970e42fdaaf857cb369182d7a6495b6f12a6a87cb4524b4f7e1838ca986,,,pending,,,,,pending,
-egA8-b7-3M$_$1,4,start_s,8.520000457763672,8.520000457763672,10.266016,105,123,Nurse Consultants.,mfa-3.4.1/english_mfa-3.1.0,,6101f970e42fdaaf857cb369182d7a6495b6f12a6a87cb4524b4f7e1838ca986,,,pending,,,,,pending,
-egA8-b7-3M$_$1,4,end_s,9.619999885559082,9.619999885559082,10.266016,105,123,Nurse Consultants.,mfa-3.4.1/english_mfa-3.1.0,,6101f970e42fdaaf857cb369182d7a6495b6f12a6a87cb4524b4f7e1838ca986,,,pending,,,,,pending,
-egA8-b7-3M$_$13,0,start_s,0.5099999904632568,0.5099999904632568,4.183984,0,38,"What are you doing that's different?"" ",mfa-3.4.1/english_mfa-3.1.0,,40131e7ad3b8a0d8e15c5a155032d637cf2d3e306a39519ce66e07d9fb9597e8,,,pending,,,,,pending,
-egA8-b7-3M$_$13,0,end_s,1.7999999523162842,1.7999999523162842,4.183984,0,38,"What are you doing that's different?"" ",mfa-3.4.1/english_mfa-3.1.0,,40131e7ad3b8a0d8e15c5a155032d637cf2d3e306a39519ce66e07d9fb9597e8,,,pending,,,,,pending,
-egA8-b7-3M$_$13,1,start_s,2.3299999237060547,2.3299999237060547,4.183984,38,65,They always want an answer.,mfa-3.4.1/english_mfa-3.1.0,,40131e7ad3b8a0d8e15c5a155032d637cf2d3e306a39519ce66e07d9fb9597e8,,,pending,,,,,pending,
-egA8-b7-3M$_$13,1,end_s,3.5299999713897705,3.5299999713897705,4.183984,38,65,They always want an answer.,mfa-3.4.1/english_mfa-3.1.0,,40131e7ad3b8a0d8e15c5a155032d637cf2d3e306a39519ce66e07d9fb9597e8,,,pending,,,,,pending,
-egA8-b7-3M$_$16,0,start_s,0.4300000071525574,0.4300000071525574,5.538021,0,7,"Third, ",mfa-3.4.1/english_mfa-3.1.0,,f92c6eb8d16997649ebe1d3c8c8ab48547d60d1e7c38db808408a5dcff277fe7,,,pending,,,,,pending,
-egA8-b7-3M$_$16,0,end_s,0.800000011920929,0.800000011920929,5.538021,0,7,"Third, ",mfa-3.4.1/english_mfa-3.1.0,,f92c6eb8d16997649ebe1d3c8c8ab48547d60d1e7c38db808408a5dcff277fe7,,,pending,,,,,pending,
-egA8-b7-3M$_$16,1,start_s,0.800000011920929,0.800000011920929,5.538021,7,60,another big benefit of exhibiting is connecting with ,mfa-3.4.1/english_mfa-3.1.0,,f92c6eb8d16997649ebe1d3c8c8ab48547d60d1e7c38db808408a5dcff277fe7,,,pending,,,,,pending,
-egA8-b7-3M$_$16,1,end_s,3.7100000381469727,3.7100000381469727,5.538021,7,60,another big benefit of exhibiting is connecting with ,mfa-3.4.1/english_mfa-3.1.0,,f92c6eb8d16997649ebe1d3c8c8ab48547d60d1e7c38db808408a5dcff277fe7,,,pending,,,,,pending,
-egA8-b7-3M$_$16,2,start_s,3.7100000381469727,3.7100000381469727,5.538021,60,77,existing clients.,mfa-3.4.1/english_mfa-3.1.0,,f92c6eb8d16997649ebe1d3c8c8ab48547d60d1e7c38db808408a5dcff277fe7,,,pending,,,,,pending,
-egA8-b7-3M$_$16,2,end_s,4.920000076293945,4.920000076293945,5.538021,60,77,existing clients.,mfa-3.4.1/english_mfa-3.1.0,,f92c6eb8d16997649ebe1d3c8c8ab48547d60d1e7c38db808408a5dcff277fe7,,,pending,,,,,pending,
-egA8-b7-3M$_$17,0,start_s,0.5,0.5,7.271029,0,29,"As you have more experience, ",mfa-3.4.1/english_mfa-3.1.0,,cc91f969bcab2212821e21b6454155fe7a618784574e5f3f7d9d5dac347b00ea,,,pending,,,,,pending,
-egA8-b7-3M$_$17,0,end_s,2.180000066757202,2.180000066757202,7.271029,0,29,"As you have more experience, ",mfa-3.4.1/english_mfa-3.1.0,,cc91f969bcab2212821e21b6454155fe7a618784574e5f3f7d9d5dac347b00ea,,,pending,,,,,pending,
-egA8-b7-3M$_$17,1,start_s,3.2100000381469727,3.2100000381469727,7.271029,29,61,"you have more times exhibiting, ",mfa-3.4.1/english_mfa-3.1.0,,cc91f969bcab2212821e21b6454155fe7a618784574e5f3f7d9d5dac347b00ea,,,pending,,,,,pending,
-egA8-b7-3M$_$17,1,end_s,5.0,5.0,7.271029,29,61,"you have more times exhibiting, ",mfa-3.4.1/english_mfa-3.1.0,,cc91f969bcab2212821e21b6454155fe7a618784574e5f3f7d9d5dac347b00ea,,,pending,,,,,pending,
-egA8-b7-3M$_$17,2,start_s,5.239999771118164,5.239999771118164,7.271029,61,89,you get to know more people.,mfa-3.4.1/english_mfa-3.1.0,,cc91f969bcab2212821e21b6454155fe7a618784574e5f3f7d9d5dac347b00ea,,,pending,,,,,pending,
-egA8-b7-3M$_$17,2,end_s,6.559999942779541,6.559999942779541,7.271029,61,89,you get to know more people.,mfa-3.4.1/english_mfa-3.1.0,,cc91f969bcab2212821e21b6454155fe7a618784574e5f3f7d9d5dac347b00ea,,,pending,,,,,pending,
-egA8-b7-3M$_$18,0,start_s,0.5,0.5,8.386003,0,39,It becomes easier at each one of these ,mfa-3.4.1/english_mfa-3.1.0,,29b1490f833a4f6b91785c1e0045bd3f329793ce79066909eaebe7d699a2f915,,,pending,,,,,pending,
-egA8-b7-3M$_$18,0,end_s,2.880000114440918,2.880000114440918,8.386003,0,39,It becomes easier at each one of these ,mfa-3.4.1/english_mfa-3.1.0,,29b1490f833a4f6b91785c1e0045bd3f329793ce79066909eaebe7d699a2f915,,,pending,,,,,pending,
-egA8-b7-3M$_$18,1,start_s,2.880000114440918,2.880000114440918,8.386003,39,51,conferences ,mfa-3.4.1/english_mfa-3.1.0,,29b1490f833a4f6b91785c1e0045bd3f329793ce79066909eaebe7d699a2f915,,,pending,,,,,pending,
-egA8-b7-3M$_$18,1,end_s,3.6700000762939453,3.6700000762939453,8.386003,39,51,conferences ,mfa-3.4.1/english_mfa-3.1.0,,29b1490f833a4f6b91785c1e0045bd3f329793ce79066909eaebe7d699a2f915,,,pending,,,,,pending,
-egA8-b7-3M$_$18,2,start_s,4.130000114440918,4.130000114440918,8.386003,51,90,to connect with people that you've met ,mfa-3.4.1/english_mfa-3.1.0,,29b1490f833a4f6b91785c1e0045bd3f329793ce79066909eaebe7d699a2f915,,,pending,,,,,pending,
-egA8-b7-3M$_$18,2,end_s,5.900000095367432,5.900000095367432,8.386003,51,90,to connect with people that you've met ,mfa-3.4.1/english_mfa-3.1.0,,29b1490f833a4f6b91785c1e0045bd3f329793ce79066909eaebe7d699a2f915,,,pending,,,,,pending,
-egA8-b7-3M$_$18,3,start_s,6.369999885559082,6.369999885559082,8.386003,90,125,or that you're doing business with.,mfa-3.4.1/english_mfa-3.1.0,,29b1490f833a4f6b91785c1e0045bd3f329793ce79066909eaebe7d699a2f915,,,pending,,,,,pending,
-egA8-b7-3M$_$18,3,end_s,7.739999771118164,7.739999771118164,8.386003,90,125,or that you're doing business with.,mfa-3.4.1/english_mfa-3.1.0,,29b1490f833a4f6b91785c1e0045bd3f329793ce79066909eaebe7d699a2f915,,,pending,,,,,pending,
-egA8-b7-3M$_$20,0,start_s,0.47999998927116394,0.47999998927116394,6.644987,0,35,Now you've got a face that you can ,mfa-3.4.1/english_mfa-3.1.0,,bcfdaee218deaba13184913488dcd63229fad39d64f31efead1745eb03c71f14,,,pending,,,,,pending,
-egA8-b7-3M$_$20,0,end_s,2.0899999141693115,2.0899999141693115,6.644987,0,35,Now you've got a face that you can ,mfa-3.4.1/english_mfa-3.1.0,,bcfdaee218deaba13184913488dcd63229fad39d64f31efead1745eb03c71f14,,,pending,,,,,pending,
-egA8-b7-3M$_$20,1,start_s,2.0899999141693115,2.0899999141693115,6.644987,35,57,"connect with a voice, ",mfa-3.4.1/english_mfa-3.1.0,,bcfdaee218deaba13184913488dcd63229fad39d64f31efead1745eb03c71f14,,,pending,,,,,pending,
-egA8-b7-3M$_$20,1,end_s,3.4000000953674316,3.4000000953674316,6.644987,35,57,"connect with a voice, ",mfa-3.4.1/english_mfa-3.1.0,,bcfdaee218deaba13184913488dcd63229fad39d64f31efead1745eb03c71f14,,,pending,,,,,pending,
-egA8-b7-3M$_$20,2,start_s,3.890000104904175,3.890000104904175,6.644987,57,98,and that makes you closer to that client.,mfa-3.4.1/english_mfa-3.1.0,,bcfdaee218deaba13184913488dcd63229fad39d64f31efead1745eb03c71f14,,,pending,,,,,pending,
-egA8-b7-3M$_$20,2,end_s,6.474437,6.474437,6.644987,57,98,and that makes you closer to that client.,mfa-3.4.1/english_mfa-3.1.0,,bcfdaee218deaba13184913488dcd63229fad39d64f31efead1745eb03c71f14,,,pending,,,,,pending,
-egA8-b7-3M$_$26,0,start_s,0.5099999904632568,0.5099999904632568,6.03099,0,31,We're updating it all the time ,mfa-3.4.1/english_mfa-3.1.0,,633891914ddd771c59d1eabd8b4d77e306cffb1b5be84bd40e892b2760975449,,,pending,,,,,pending,
-egA8-b7-3M$_$26,0,end_s,2.119999885559082,2.119999885559082,6.03099,0,31,We're updating it all the time ,mfa-3.4.1/english_mfa-3.1.0,,633891914ddd771c59d1eabd8b4d77e306cffb1b5be84bd40e892b2760975449,,,pending,,,,,pending,
-egA8-b7-3M$_$26,1,start_s,2.450000047683716,2.450000047683716,6.03099,31,75,and looking forward to your comments on our ,mfa-3.4.1/english_mfa-3.1.0,,633891914ddd771c59d1eabd8b4d77e306cffb1b5be84bd40e892b2760975449,,,pending,,,,,pending,
-egA8-b7-3M$_$26,1,end_s,4.670000076293945,4.670000076293945,6.03099,31,75,and looking forward to your comments on our ,mfa-3.4.1/english_mfa-3.1.0,,633891914ddd771c59d1eabd8b4d77e306cffb1b5be84bd40e892b2760975449,,,pending,,,,,pending,
-egA8-b7-3M$_$26,2,start_s,4.670000076293945,4.670000076293945,6.03099,75,82,videos.,mfa-3.4.1/english_mfa-3.1.0,,633891914ddd771c59d1eabd8b4d77e306cffb1b5be84bd40e892b2760975449,,,pending,,,,,pending,
-egA8-b7-3M$_$26,2,end_s,5.340000152587891,5.340000152587891,6.03099,75,82,videos.,mfa-3.4.1/english_mfa-3.1.0,,633891914ddd771c59d1eabd8b4d77e306cffb1b5be84bd40e892b2760975449,,,pending,,,,,pending,
-egA8-b7-3M$_$6,0,start_s,0.5199999809265137,0.5199999809265137,6.264974,0,55,First exhibiting is a wonderful opportunity to network ,mfa-3.4.1/english_mfa-3.1.0,,d5d22f933415c128c3288f9516b98ce7d59be96abced6ba7a231e4c8915ef6e9,,,pending,,,,,pending,
-egA8-b7-3M$_$6,0,end_s,3.930000066757202,3.930000066757202,6.264974,0,55,First exhibiting is a wonderful opportunity to network ,mfa-3.4.1/english_mfa-3.1.0,,d5d22f933415c128c3288f9516b98ce7d59be96abced6ba7a231e4c8915ef6e9,,,pending,,,,,pending,
-egA8-b7-3M$_$6,1,start_s,3.930000066757202,3.930000066757202,6.264974,55,80,with other legal vendors.,mfa-3.4.1/english_mfa-3.1.0,,d5d22f933415c128c3288f9516b98ce7d59be96abced6ba7a231e4c8915ef6e9,,,pending,,,,,pending,
-egA8-b7-3M$_$6,1,end_s,5.550000190734863,5.550000190734863,6.264974,55,80,with other legal vendors.,mfa-3.4.1/english_mfa-3.1.0,,d5d22f933415c128c3288f9516b98ce7d59be96abced6ba7a231e4c8915ef6e9,,,pending,,,,,pending,
-egA8-b7-3M$_$9,0,start_s,0.44999998807907104,0.44999998807907104,5.089974,0,10,"Secondly, ",mfa-3.4.1/english_mfa-3.1.0,,a1caabb53ce78dfdc6261b5ea6ec478c9220944594ba7cc21f50cfdc88ed27c3,,,pending,,,,,pending,
-egA8-b7-3M$_$9,0,end_s,1.100000023841858,1.100000023841858,5.089974,0,10,"Secondly, ",mfa-3.4.1/english_mfa-3.1.0,,a1caabb53ce78dfdc6261b5ea6ec478c9220944594ba7cc21f50cfdc88ed27c3,,,pending,,,,,pending,
-egA8-b7-3M$_$9,1,start_s,1.100000023841858,1.100000023841858,5.089974,10,63,another goal of exhibiting  is building your company ,mfa-3.4.1/english_mfa-3.1.0,,a1caabb53ce78dfdc6261b5ea6ec478c9220944594ba7cc21f50cfdc88ed27c3,,,pending,,,,,pending,
-egA8-b7-3M$_$9,1,end_s,3.9000000953674316,3.9000000953674316,5.089974,10,63,another goal of exhibiting  is building your company ,mfa-3.4.1/english_mfa-3.1.0,,a1caabb53ce78dfdc6261b5ea6ec478c9220944594ba7cc21f50cfdc88ed27c3,,,pending,,,,,pending,
-egA8-b7-3M$_$9,2,start_s,3.9000000953674316,3.9000000953674316,5.089974,63,69,image.,mfa-3.4.1/english_mfa-3.1.0,,a1caabb53ce78dfdc6261b5ea6ec478c9220944594ba7cc21f50cfdc88ed27c3,,,pending,,,,,pending,
-egA8-b7-3M$_$9,2,end_s,4.936,4.936,5.089974,63,69,image.,mfa-3.4.1/english_mfa-3.1.0,,a1caabb53ce78dfdc6261b5ea6ec478c9220944594ba7cc21f50cfdc88ed27c3,,,pending,,,,,pending,
-hnBHBN8p5A$_$6,0,start_s,0.41999998688697815,0.41999998688697815,6.401,0,12,"Discussion, ",mfa-3.4.1/english_mfa-3.1.0,,34531c1875ca9c4b65d392c1b3806b965a24b2bfb369b8991991a97c372a6e80,,,pending,,,,face_crop_fallback,pending,
-hnBHBN8p5A$_$6,0,end_s,0.6600000262260437,0.6600000262260437,6.401,0,12,"Discussion, ",mfa-3.4.1/english_mfa-3.1.0,,34531c1875ca9c4b65d392c1b3806b965a24b2bfb369b8991991a97c372a6e80,,,pending,,,,face_crop_fallback,pending,
-hnBHBN8p5A$_$6,1,start_s,0.699999988079071,0.699999988079071,6.401,12,46,how to discuss ideas and opinions ,mfa-3.4.1/english_mfa-3.1.0,,34531c1875ca9c4b65d392c1b3806b965a24b2bfb369b8991991a97c372a6e80,,,pending,,,,face_crop_fallback,pending,
-hnBHBN8p5A$_$6,1,end_s,2.0399999618530273,2.0399999618530273,6.401,12,46,how to discuss ideas and opinions ,mfa-3.4.1/english_mfa-3.1.0,,34531c1875ca9c4b65d392c1b3806b965a24b2bfb369b8991991a97c372a6e80,,,pending,,,,face_crop_fallback,pending,
-hnBHBN8p5A$_$6,2,start_s,3.940000057220459,3.940000057220459,6.401,46,70,more effectively than a ,mfa-3.4.1/english_mfa-3.1.0,,34531c1875ca9c4b65d392c1b3806b965a24b2bfb369b8991991a97c372a6e80,,,pending,,,,no_valid_face_in_phrase,pending,
-hnBHBN8p5A$_$6,2,end_s,5.019999980926514,5.019999980926514,6.401,46,70,more effectively than a ,mfa-3.4.1/english_mfa-3.1.0,,34531c1875ca9c4b65d392c1b3806b965a24b2bfb369b8991991a97c372a6e80,,,pending,,,,no_valid_face_in_phrase,pending,
-hnBHBN8p5A$_$6,3,start_s,5.920000076293945,5.920000076293945,6.401,70,84,native speaker,mfa-3.4.1/english_mfa-3.1.0,,34531c1875ca9c4b65d392c1b3806b965a24b2bfb369b8991991a97c372a6e80,,,pending,,,,no_valid_face_in_phrase,pending,
-hnBHBN8p5A$_$6,3,end_s,6.332813,6.332813,6.401,70,84,native speaker,mfa-3.4.1/english_mfa-3.1.0,,34531c1875ca9c4b65d392c1b3806b965a24b2bfb369b8991991a97c372a6e80,,,pending,,,,no_valid_face_in_phrase,pending,
-hnBHBN8p5A$_$7,0,start_s,0.0,0.0,7.372,0,14,"Picture this, ",mfa-3.4.1/english_mfa-3.1.0,,4d211059c99dcb8cd6a3290088c26eaa0bdfebca8d4d910e67bf591d29fcb065,,,pending,,,,no_valid_face_in_phrase,pending,
-hnBHBN8p5A$_$7,0,end_s,0.44999998807907104,0.44999998807907104,7.372,0,14,"Picture this, ",mfa-3.4.1/english_mfa-3.1.0,,4d211059c99dcb8cd6a3290088c26eaa0bdfebca8d4d910e67bf591d29fcb065,,,pending,,,,no_valid_face_in_phrase,pending,
-hnBHBN8p5A$_$7,1,start_s,0.44999998807907104,0.44999998807907104,7.372,14,48,"before we actually start hacking, ",mfa-3.4.1/english_mfa-3.1.0,,4d211059c99dcb8cd6a3290088c26eaa0bdfebca8d4d910e67bf591d29fcb065,,,pending,,,,no_valid_face_in_phrase;ambiguous_face_selection;face_crop_fallback;invalid_face_geometry,pending,
-hnBHBN8p5A$_$7,1,end_s,1.9800000190734863,1.9800000190734863,7.372,14,48,"before we actually start hacking, ",mfa-3.4.1/english_mfa-3.1.0,,4d211059c99dcb8cd6a3290088c26eaa0bdfebca8d4d910e67bf591d29fcb065,,,pending,,,,no_valid_face_in_phrase;ambiguous_face_selection;face_crop_fallback;invalid_face_geometry,pending,
-hnBHBN8p5A$_$7,2,start_s,1.9800000190734863,1.9800000190734863,7.372,48,54,we’re ,mfa-3.4.1/english_mfa-3.1.0,,4d211059c99dcb8cd6a3290088c26eaa0bdfebca8d4d910e67bf591d29fcb065,,,pending,,,,no_valid_face_in_phrase,pending,
-hnBHBN8p5A$_$7,2,end_s,2.140000104904175,2.140000104904175,7.372,48,54,we’re ,mfa-3.4.1/english_mfa-3.1.0,,4d211059c99dcb8cd6a3290088c26eaa0bdfebca8d4d910e67bf591d29fcb065,,,pending,,,,no_valid_face_in_phrase,pending,
-hnBHBN8p5A$_$7,3,start_s,3.5799999237060547,3.5799999237060547,7.372,54,59,in a ,mfa-3.4.1/english_mfa-3.1.0,,4d211059c99dcb8cd6a3290088c26eaa0bdfebca8d4d910e67bf591d29fcb065,,,pending,,,,face_crop_fallback,pending,
-hnBHBN8p5A$_$7,3,end_s,4.619999885559082,4.619999885559082,7.372,54,59,in a ,mfa-3.4.1/english_mfa-3.1.0,,4d211059c99dcb8cd6a3290088c26eaa0bdfebca8d4d910e67bf591d29fcb065,,,pending,,,,face_crop_fallback,pending,
-hnBHBN8p5A$_$7,4,start_s,4.949999809265137,4.949999809265137,7.372,59,78,room formal setting,mfa-3.4.1/english_mfa-3.1.0,,4d211059c99dcb8cd6a3290088c26eaa0bdfebca8d4d910e67bf591d29fcb065,,,pending,,,,face_crop_fallback,pending,
-hnBHBN8p5A$_$7,4,end_s,5.800000190734863,5.800000190734863,7.372,59,78,room formal setting,mfa-3.4.1/english_mfa-3.1.0,,4d211059c99dcb8cd6a3290088c26eaa0bdfebca8d4d910e67bf591d29fcb065,,,pending,,,,face_crop_fallback,pending,
-iRBcNs9oI8$_$3,0,start_s,0.36000001430511475,0.36000001430511475,5.621,0,6,"Well, ",mfa-3.4.1/english_mfa-3.1.0,,172ce113547254fbde42c25a3f5660c28b68070cbfb563401218a7adc7f40cc9,,,pending,,,,face_crop_fallback,pending,
-iRBcNs9oI8$_$3,0,end_s,0.6399999856948853,0.6399999856948853,5.621,0,6,"Well, ",mfa-3.4.1/english_mfa-3.1.0,,172ce113547254fbde42c25a3f5660c28b68070cbfb563401218a7adc7f40cc9,,,pending,,,,face_crop_fallback,pending,
-iRBcNs9oI8$_$3,1,start_s,0.6399999856948853,0.6399999856948853,5.621,6,16,it is the ,mfa-3.4.1/english_mfa-3.1.0,,172ce113547254fbde42c25a3f5660c28b68070cbfb563401218a7adc7f40cc9,,,pending,,,,face_crop_fallback,pending,
-iRBcNs9oI8$_$3,1,end_s,1.5199999809265137,1.5199999809265137,5.621,6,16,it is the ,mfa-3.4.1/english_mfa-3.1.0,,172ce113547254fbde42c25a3f5660c28b68070cbfb563401218a7adc7f40cc9,,,pending,,,,face_crop_fallback,pending,
-iRBcNs9oI8$_$3,2,start_s,3.3299999237060547,3.3299999237060547,5.621,16,36,secret of power pose,mfa-3.4.1/english_mfa-3.1.0,,172ce113547254fbde42c25a3f5660c28b68070cbfb563401218a7adc7f40cc9,,,pending,,,,face_crop_fallback,pending,
-iRBcNs9oI8$_$3,2,end_s,5.538,5.538,5.621,16,36,secret of power pose,mfa-3.4.1/english_mfa-3.1.0,,172ce113547254fbde42c25a3f5660c28b68070cbfb563401218a7adc7f40cc9,,,pending,,,,face_crop_fallback,pending,
-iRBcNs9oI8$_$6,0,start_s,0.0,0.0,2.903,0,20,What is a power pose,mfa-3.4.1/english_mfa-3.1.0,,b430bfd0a16944844529cbc086789645386c1379b62ce281322bc5d9a12eb996,,,pending,,,,face_crop_fallback,pending,
-iRBcNs9oI8$_$6,0,end_s,2.180000066757202,2.180000066757202,2.903,0,20,What is a power pose,mfa-3.4.1/english_mfa-3.1.0,,b430bfd0a16944844529cbc086789645386c1379b62ce281322bc5d9a12eb996,,,pending,,,,face_crop_fallback,pending,
-iRBcNs9oI8$_$7,0,start_s,0.07999999821186066,0.07999999821186066,4.104,0,6,"Well, ",mfa-3.4.1/english_mfa-3.1.0,,4c6320df65247819014b1f8009c2b6d1df0167551d8a2858cd5dc7551d02826b,,,pending,,,,face_crop_fallback,pending,
-iRBcNs9oI8$_$7,0,end_s,0.5,0.5,4.104,0,6,"Well, ",mfa-3.4.1/english_mfa-3.1.0,,4c6320df65247819014b1f8009c2b6d1df0167551d8a2858cd5dc7551d02826b,,,pending,,,,face_crop_fallback,pending,
-iRBcNs9oI8$_$7,1,start_s,1.2999999523162842,1.2999999523162842,4.104,6,20,"for starters, ",mfa-3.4.1/english_mfa-3.1.0,,4c6320df65247819014b1f8009c2b6d1df0167551d8a2858cd5dc7551d02826b,,,pending,,,,face_crop_fallback,pending,
-iRBcNs9oI8$_$7,1,end_s,1.809999942779541,1.809999942779541,4.104,6,20,"for starters, ",mfa-3.4.1/english_mfa-3.1.0,,4c6320df65247819014b1f8009c2b6d1df0167551d8a2858cd5dc7551d02826b,,,pending,,,,face_crop_fallback,pending,
-iRBcNs9oI8$_$7,2,start_s,1.809999942779541,1.809999942779541,4.104,20,26,let's ,mfa-3.4.1/english_mfa-3.1.0,,4c6320df65247819014b1f8009c2b6d1df0167551d8a2858cd5dc7551d02826b,,,pending,,,,face_crop_fallback,pending,
-iRBcNs9oI8$_$7,2,end_s,2.049999952316284,2.049999952316284,4.104,20,26,let's ,mfa-3.4.1/english_mfa-3.1.0,,4c6320df65247819014b1f8009c2b6d1df0167551d8a2858cd5dc7551d02826b,,,pending,,,,face_crop_fallback,pending,
-iRBcNs9oI8$_$7,3,start_s,2.380000114440918,2.380000114440918,4.104,26,50,"look at the word ""power""",mfa-3.4.1/english_mfa-3.1.0,,4c6320df65247819014b1f8009c2b6d1df0167551d8a2858cd5dc7551d02826b,,,pending,,,,face_crop_fallback,pending,
-iRBcNs9oI8$_$7,3,end_s,4.00575,4.00575,4.104,26,50,"look at the word ""power""",mfa-3.4.1/english_mfa-3.1.0,,4c6320df65247819014b1f8009c2b6d1df0167551d8a2858cd5dc7551d02826b,,,pending,,,,face_crop_fallback,pending,
-iRBcNs9oI8$_$8,0,start_s,0.0,0.0,8.093,0,26,"I've drawn this man here, ",mfa-3.4.1/english_mfa-3.1.0,,a2fd14905c3b104dab198d290aee7c5bdd6eec9398569ad5e39bbcee847b4708,,,pending,,,,face_crop_fallback,pending,
-iRBcNs9oI8$_$8,0,end_s,0.8899999856948853,0.8899999856948853,8.093,0,26,"I've drawn this man here, ",mfa-3.4.1/english_mfa-3.1.0,,a2fd14905c3b104dab198d290aee7c5bdd6eec9398569ad5e39bbcee847b4708,,,pending,,,,face_crop_fallback,pending,
-iRBcNs9oI8$_$8,1,start_s,0.9800000190734863,0.9800000190734863,8.093,26,47,"and if you can tell, ",mfa-3.4.1/english_mfa-3.1.0,,a2fd14905c3b104dab198d290aee7c5bdd6eec9398569ad5e39bbcee847b4708,,,pending,,,,face_crop_fallback,pending,
-iRBcNs9oI8$_$8,1,end_s,2.2699999809265137,2.2699999809265137,8.093,26,47,"and if you can tell, ",mfa-3.4.1/english_mfa-3.1.0,,a2fd14905c3b104dab198d290aee7c5bdd6eec9398569ad5e39bbcee847b4708,,,pending,,,,face_crop_fallback,pending,
-iRBcNs9oI8$_$8,2,start_s,2.2699999809265137,2.2699999809265137,8.093,47,63,he has a lot of ,mfa-3.4.1/english_mfa-3.1.0,,a2fd14905c3b104dab198d290aee7c5bdd6eec9398569ad5e39bbcee847b4708,,,pending,,,,face_crop_fallback,pending,
-iRBcNs9oI8$_$8,2,end_s,2.950000047683716,2.950000047683716,8.093,47,63,he has a lot of ,mfa-3.4.1/english_mfa-3.1.0,,a2fd14905c3b104dab198d290aee7c5bdd6eec9398569ad5e39bbcee847b4708,,,pending,,,,face_crop_fallback,pending,
-iRBcNs9oI8$_$8,3,start_s,3.990000009536743,3.990000009536743,8.093,63,76,"big muscles, ",mfa-3.4.1/english_mfa-3.1.0,,a2fd14905c3b104dab198d290aee7c5bdd6eec9398569ad5e39bbcee847b4708,,,pending,,,,face_crop_fallback,pending,
-iRBcNs9oI8$_$8,3,end_s,4.539999961853027,4.539999961853027,8.093,63,76,"big muscles, ",mfa-3.4.1/english_mfa-3.1.0,,a2fd14905c3b104dab198d290aee7c5bdd6eec9398569ad5e39bbcee847b4708,,,pending,,,,face_crop_fallback,pending,
-iRBcNs9oI8$_$8,4,start_s,4.539999961853027,4.539999961853027,8.093,76,90,he looks very ,mfa-3.4.1/english_mfa-3.1.0,,a2fd14905c3b104dab198d290aee7c5bdd6eec9398569ad5e39bbcee847b4708,,,pending,,,,face_crop_fallback,pending,
-iRBcNs9oI8$_$8,4,end_s,5.46999979019165,5.46999979019165,8.093,76,90,he looks very ,mfa-3.4.1/english_mfa-3.1.0,,a2fd14905c3b104dab198d290aee7c5bdd6eec9398569ad5e39bbcee847b4708,,,pending,,,,face_crop_fallback,pending,
-iRBcNs9oI8$_$8,5,start_s,7.369999885559082,7.369999885559082,8.093,90,96,strong,mfa-3.4.1/english_mfa-3.1.0,,a2fd14905c3b104dab198d290aee7c5bdd6eec9398569ad5e39bbcee847b4708,,,pending,,,,face_crop_fallback,pending,
-iRBcNs9oI8$_$8,5,end_s,7.619999885559082,7.619999885559082,8.093,90,96,strong,mfa-3.4.1/english_mfa-3.1.0,,a2fd14905c3b104dab198d290aee7c5bdd6eec9398569ad5e39bbcee847b4708,,,pending,,,,face_crop_fallback,pending,
-iRBcNs9oI8$_$9,0,start_s,1.2799999713897705,1.2799999713897705,3.416,0,28,Power is similar to strength,mfa-3.4.1/english_mfa-3.1.0,,258592394312c1c8dc423027288d363a024ec7bdc89f266eb84c34d17a5dbac6,,,pending,,,,face_crop_fallback,pending,
-iRBcNs9oI8$_$9,0,end_s,2.8299999237060547,2.8299999237060547,3.416,0,28,Power is similar to strength,mfa-3.4.1/english_mfa-3.1.0,,258592394312c1c8dc423027288d363a024ec7bdc89f266eb84c34d17a5dbac6,,,pending,,,,face_crop_fallback,pending,
-lzEya4AM_4$_$5,0,start_s,0.47999998927116394,0.47999998927116394,7.675,0,33,If it falls into oh any of those ,mfa-3.4.1/english_mfa-3.1.0,,fb2ba492fc8e0d3524c728772f606965ab1429f898c6ad85203a64dcd2a1331d,,,pending,,,,,pending,
-lzEya4AM_4$_$5,0,end_s,2.0999999046325684,2.0999999046325684,7.675,0,33,If it falls into oh any of those ,mfa-3.4.1/english_mfa-3.1.0,,fb2ba492fc8e0d3524c728772f606965ab1429f898c6ad85203a64dcd2a1331d,,,pending,,,,,pending,
-lzEya4AM_4$_$5,1,start_s,2.0999999046325684,2.0999999046325684,7.675,33,51,"three categories, ",mfa-3.4.1/english_mfa-3.1.0,,fb2ba492fc8e0d3524c728772f606965ab1429f898c6ad85203a64dcd2a1331d,,,pending,,,,,pending,
-lzEya4AM_4$_$5,1,end_s,3.0199999809265137,3.0199999809265137,7.675,33,51,"three categories, ",mfa-3.4.1/english_mfa-3.1.0,,fb2ba492fc8e0d3524c728772f606965ab1429f898c6ad85203a64dcd2a1331d,,,pending,,,,,pending,
-lzEya4AM_4$_$5,2,start_s,3.5799999237060547,3.5799999237060547,7.675,51,60,inducing ,mfa-3.4.1/english_mfa-3.1.0,,fb2ba492fc8e0d3524c728772f606965ab1429f898c6ad85203a64dcd2a1331d,,,pending,,,,,pending,
-lzEya4AM_4$_$5,2,end_s,4.309999942779541,4.309999942779541,7.675,51,60,inducing ,mfa-3.4.1/english_mfa-3.1.0,,fb2ba492fc8e0d3524c728772f606965ab1429f898c6ad85203a64dcd2a1331d,,,pending,,,,,pending,
-lzEya4AM_4$_$5,3,start_s,4.980000019073486,4.980000019073486,7.675,60,104,nausea and vomiting would be your next step.,mfa-3.4.1/english_mfa-3.1.0,,fb2ba492fc8e0d3524c728772f606965ab1429f898c6ad85203a64dcd2a1331d,,,pending,,,,,pending,
-lzEya4AM_4$_$5,3,end_s,7.039999961853027,7.039999961853027,7.675,60,104,nausea and vomiting would be your next step.,mfa-3.4.1/english_mfa-3.1.0,,fb2ba492fc8e0d3524c728772f606965ab1429f898c6ad85203a64dcd2a1331d,,,pending,,,,,pending,
-lzEya4AM_4$_$6,0,start_s,0.5099999904632568,0.5099999904632568,14.791992,0,38,If the product or poison is some type ,mfa-3.4.1/english_mfa-3.1.0,,5f4a1b5c42d3d5df33e878f36bc59a23226791aa61207644815caa7bb4e5d499,,,pending,,,,,pending,
-lzEya4AM_4$_$6,0,end_s,2.700000047683716,2.700000047683716,14.791992,0,38,If the product or poison is some type ,mfa-3.4.1/english_mfa-3.1.0,,5f4a1b5c42d3d5df33e878f36bc59a23226791aa61207644815caa7bb4e5d499,,,pending,,,,,pending,
-lzEya4AM_4$_$6,1,start_s,2.700000047683716,2.700000047683716,14.791992,38,59,of petroleum product ,mfa-3.4.1/english_mfa-3.1.0,,5f4a1b5c42d3d5df33e878f36bc59a23226791aa61207644815caa7bb4e5d499,,,pending,,,,,pending,
-lzEya4AM_4$_$6,1,end_s,3.8499999046325684,3.8499999046325684,14.791992,38,59,of petroleum product ,mfa-3.4.1/english_mfa-3.1.0,,5f4a1b5c42d3d5df33e878f36bc59a23226791aa61207644815caa7bb4e5d499,,,pending,,,,,pending,
-lzEya4AM_4$_$6,2,start_s,4.159999847412109,4.159999847412109,14.791992,59,81,"or corrosive product, ",mfa-3.4.1/english_mfa-3.1.0,,5f4a1b5c42d3d5df33e878f36bc59a23226791aa61207644815caa7bb4e5d499,,,pending,,,,,pending,
-lzEya4AM_4$_$6,2,end_s,5.289999961853027,5.289999961853027,14.791992,59,81,"or corrosive product, ",mfa-3.4.1/english_mfa-3.1.0,,5f4a1b5c42d3d5df33e878f36bc59a23226791aa61207644815caa7bb4e5d499,,,pending,,,,,pending,
-lzEya4AM_4$_$6,3,start_s,5.78000020980835,5.78000020980835,14.791992,81,103,you would not attempt ,mfa-3.4.1/english_mfa-3.1.0,,5f4a1b5c42d3d5df33e878f36bc59a23226791aa61207644815caa7bb4e5d499,,,pending,,,,,pending,
-lzEya4AM_4$_$6,3,end_s,6.880000114440918,6.880000114440918,14.791992,81,103,you would not attempt ,mfa-3.4.1/english_mfa-3.1.0,,5f4a1b5c42d3d5df33e878f36bc59a23226791aa61207644815caa7bb4e5d499,,,pending,,,,,pending,
-lzEya4AM_4$_$6,4,start_s,7.210000038146973,7.210000038146973,14.791992,103,137,"to induce vomiting and nausea, as ",mfa-3.4.1/english_mfa-3.1.0,,5f4a1b5c42d3d5df33e878f36bc59a23226791aa61207644815caa7bb4e5d499,,,pending,,,,automatic_quality_merge,pending,
-lzEya4AM_4$_$6,4,end_s,9.100000381469727,9.100000381469727,14.791992,103,137,"to induce vomiting and nausea, as ",mfa-3.4.1/english_mfa-3.1.0,,5f4a1b5c42d3d5df33e878f36bc59a23226791aa61207644815caa7bb4e5d499,,,pending,,,,automatic_quality_merge,pending,
-lzEya4AM_4$_$6,5,start_s,9.600000381469727,9.600000381469727,14.791992,137,175,as the product burned on the way down ,mfa-3.4.1/english_mfa-3.1.0,,5f4a1b5c42d3d5df33e878f36bc59a23226791aa61207644815caa7bb4e5d499,,,pending,,,,,pending,
-lzEya4AM_4$_$6,5,end_s,11.520000457763672,11.520000457763672,14.791992,137,175,as the product burned on the way down ,mfa-3.4.1/english_mfa-3.1.0,,5f4a1b5c42d3d5df33e878f36bc59a23226791aa61207644815caa7bb4e5d499,,,pending,,,,,pending,
-lzEya4AM_4$_$6,6,start_s,11.760000228881836,11.760000228881836,14.791992,175,216,it could cause damage and burning on the ,mfa-3.4.1/english_mfa-3.1.0,,5f4a1b5c42d3d5df33e878f36bc59a23226791aa61207644815caa7bb4e5d499,,,pending,,,,,pending,
-lzEya4AM_4$_$6,6,end_s,13.600000381469727,13.600000381469727,14.791992,175,216,it could cause damage and burning on the ,mfa-3.4.1/english_mfa-3.1.0,,5f4a1b5c42d3d5df33e878f36bc59a23226791aa61207644815caa7bb4e5d499,,,pending,,,,,pending,
-lzEya4AM_4$_$6,7,start_s,13.600000381469727,13.600000381469727,14.791992,216,228,way back up.,mfa-3.4.1/english_mfa-3.1.0,,5f4a1b5c42d3d5df33e878f36bc59a23226791aa61207644815caa7bb4e5d499,,,pending,,,,,pending,
-lzEya4AM_4$_$6,7,end_s,14.289999961853027,14.289999961853027,14.791992,216,228,way back up.,mfa-3.4.1/english_mfa-3.1.0,,5f4a1b5c42d3d5df33e878f36bc59a23226791aa61207644815caa7bb4e5d499,,,pending,,,,,pending,
-mJ2ud6oKI8$_$1,0,start_s,0.0,0.0,6.103,0,60,There are a dozen or more hands on techniques that we can do,clip-context/digital_silence,,c3f26212eeadc29a9b378632eddce49f5859e65b656cfce4bacfc15b2ff24496,,,pending,,,,speech_timing_not_observable;clip_context;audio_modality_missing;no_valid_face_in_phrase,pending,
-mJ2ud6oKI8$_$1,0,end_s,6.103,6.103,6.103,0,60,There are a dozen or more hands on techniques that we can do,clip-context/digital_silence,,c3f26212eeadc29a9b378632eddce49f5859e65b656cfce4bacfc15b2ff24496,,,pending,,,,speech_timing_not_observable;clip_context;audio_modality_missing;no_valid_face_in_phrase,pending,
-mJ2ud6oKI8$_$2,0,start_s,0.0,0.0,5.731,0,86,So physical therapists and chiropractors will do joint manipulations and mobilizations,clip-context/digital_silence,,28b9c6a56d20a7e6abf13de8cba0e01d8f397dcead673e719fc49ca631e8023a,,,pending,,,,speech_timing_not_observable;clip_context;audio_modality_missing;no_valid_face_in_phrase,pending,
-mJ2ud6oKI8$_$2,0,end_s,5.731,5.731,5.731,0,86,So physical therapists and chiropractors will do joint manipulations and mobilizations,clip-context/digital_silence,,28b9c6a56d20a7e6abf13de8cba0e01d8f397dcead673e719fc49ca631e8023a,,,pending,,,,speech_timing_not_observable;clip_context;audio_modality_missing;no_valid_face_in_phrase,pending,
-mJ2ud6oKI8$_$6,0,start_s,0.0,0.0,2.257,0,13,They are all ,mfa-3.4.1/english_mfa-3.1.0,,d86c69e5b1b2abf2062b92313de83ea90051ca90c88c2c76fbb50fcbfb0d3849,,,pending,,,,,pending,
-mJ2ud6oKI8$_$6,0,end_s,0.9100000262260437,0.9100000262260437,2.257,0,13,They are all ,mfa-3.4.1/english_mfa-3.1.0,,d86c69e5b1b2abf2062b92313de83ea90051ca90c88c2c76fbb50fcbfb0d3849,,,pending,,,,,pending,
-mJ2ud6oKI8$_$6,1,start_s,1.7799999713897705,1.7799999713897705,2.257,13,22,very safe,mfa-3.4.1/english_mfa-3.1.0,,d86c69e5b1b2abf2062b92313de83ea90051ca90c88c2c76fbb50fcbfb0d3849,,,pending,,,,,pending,
-mJ2ud6oKI8$_$6,1,end_s,2.228125,2.228125,2.257,13,22,very safe,mfa-3.4.1/english_mfa-3.1.0,,d86c69e5b1b2abf2062b92313de83ea90051ca90c88c2c76fbb50fcbfb0d3849,,,pending,,,,,pending,
-mJ2ud6oKI8$_$8,0,start_s,0.7699999809265137,0.7699999809265137,4.192,0,45,Sometimes we have to stretch that joint that ,mfa-3.4.1/english_mfa-3.1.0,,d49c91b276ac9f3786cd2fb8a2f52e20160da00c3fac021ee13cb208f6cbc79d,,,pending,,,,,pending,
-mJ2ud6oKI8$_$8,0,end_s,2.640000104904175,2.640000104904175,4.192,0,45,Sometimes we have to stretch that joint that ,mfa-3.4.1/english_mfa-3.1.0,,d49c91b276ac9f3786cd2fb8a2f52e20160da00c3fac021ee13cb208f6cbc79d,,,pending,,,,,pending,
-mJ2ud6oKI8$_$8,1,start_s,2.640000104904175,2.640000104904175,4.192,45,65,is already irritated,mfa-3.4.1/english_mfa-3.1.0,,d49c91b276ac9f3786cd2fb8a2f52e20160da00c3fac021ee13cb208f6cbc79d,,,pending,,,,,pending,
-mJ2ud6oKI8$_$8,1,end_s,3.8299999237060547,3.8299999237060547,4.192,45,65,is already irritated,mfa-3.4.1/english_mfa-3.1.0,,d49c91b276ac9f3786cd2fb8a2f52e20160da00c3fac021ee13cb208f6cbc79d,,,pending,,,,,pending,
-mJ2ud6oKI8$_$9,0,start_s,0.0,0.0,7.033,0,42,It's safe and the person will feel better ,mfa-3.4.1/english_mfa-3.1.0,,78685425ef5b4d4e23c76cd4b074f15a0fe6d2ac7df2a202bb5cf5737a78a8f4,,,pending,,,,,pending,
-mJ2ud6oKI8$_$9,0,end_s,2.059999942779541,2.059999942779541,7.033,0,42,It's safe and the person will feel better ,mfa-3.4.1/english_mfa-3.1.0,,78685425ef5b4d4e23c76cd4b074f15a0fe6d2ac7df2a202bb5cf5737a78a8f4,,,pending,,,,,pending,
-mJ2ud6oKI8$_$9,1,start_s,2.059999942779541,2.059999942779541,7.033,42,52,"later on, ",mfa-3.4.1/english_mfa-3.1.0,,78685425ef5b4d4e23c76cd4b074f15a0fe6d2ac7df2a202bb5cf5737a78a8f4,,,pending,,,,,pending,
-mJ2ud6oKI8$_$9,1,end_s,2.3499999046325684,2.3499999046325684,7.033,42,52,"later on, ",mfa-3.4.1/english_mfa-3.1.0,,78685425ef5b4d4e23c76cd4b074f15a0fe6d2ac7df2a202bb5cf5737a78a8f4,,,pending,,,,,pending,
-mJ2ud6oKI8$_$9,2,start_s,2.4100000858306885,2.4100000858306885,7.033,52,61,but it's ,mfa-3.4.1/english_mfa-3.1.0,,78685425ef5b4d4e23c76cd4b074f15a0fe6d2ac7df2a202bb5cf5737a78a8f4,,,pending,,,,,pending,
-mJ2ud6oKI8$_$9,2,end_s,2.8499999046325684,2.8499999046325684,7.033,52,61,but it's ,mfa-3.4.1/english_mfa-3.1.0,,78685425ef5b4d4e23c76cd4b074f15a0fe6d2ac7df2a202bb5cf5737a78a8f4,,,pending,,,,,pending,
-mJ2ud6oKI8$_$9,3,start_s,3.259999990463257,3.259999990463257,7.033,61,88,sort of like flossing your ,mfa-3.4.1/english_mfa-3.1.0,,78685425ef5b4d4e23c76cd4b074f15a0fe6d2ac7df2a202bb5cf5737a78a8f4,,,pending,,,,,pending,
-mJ2ud6oKI8$_$9,3,end_s,4.449999809265137,4.449999809265137,7.033,61,88,sort of like flossing your ,mfa-3.4.1/english_mfa-3.1.0,,78685425ef5b4d4e23c76cd4b074f15a0fe6d2ac7df2a202bb5cf5737a78a8f4,,,pending,,,,,pending,
-mJ2ud6oKI8$_$9,4,start_s,5.860000133514404,5.860000133514404,7.033,88,112,teeth for the first time,mfa-3.4.1/english_mfa-3.1.0,,78685425ef5b4d4e23c76cd4b074f15a0fe6d2ac7df2a202bb5cf5737a78a8f4,,,pending,,,,,pending,
-mJ2ud6oKI8$_$9,4,end_s,6.90875,6.90875,7.033,88,112,teeth for the first time,mfa-3.4.1/english_mfa-3.1.0,,78685425ef5b4d4e23c76cd4b074f15a0fe6d2ac7df2a202bb5cf5737a78a8f4,,,pending,,,,,pending,
-mqbVkbCndg$_$0,0,start_s,0.05999999865889549,0.05999999865889549,6.466667,0,5,"How, ",mfa-3.4.1/english_mfa-3.1.0,,f362dec4e410ae7f0a3a286b485ac874301add35a969c67ddd48490bcf2a626a,,,pending,,,,,pending,
-mqbVkbCndg$_$0,0,end_s,0.5400000214576721,0.5400000214576721,6.466667,0,5,"How, ",mfa-3.4.1/english_mfa-3.1.0,,f362dec4e410ae7f0a3a286b485ac874301add35a969c67ddd48490bcf2a626a,,,pending,,,,,pending,
-mqbVkbCndg$_$0,1,start_s,0.8100000023841858,0.8100000023841858,6.466667,5,47,at a particular moment in time—our moment ,mfa-3.4.1/english_mfa-3.1.0,,f362dec4e410ae7f0a3a286b485ac874301add35a969c67ddd48490bcf2a626a,,,pending,,,,,pending,
-mqbVkbCndg$_$0,1,end_s,3.450000047683716,3.450000047683716,6.466667,5,47,at a particular moment in time—our moment ,mfa-3.4.1/english_mfa-3.1.0,,f362dec4e410ae7f0a3a286b485ac874301add35a969c67ddd48490bcf2a626a,,,pending,,,,,pending,
-mqbVkbCndg$_$0,2,start_s,3.450000047683716,3.450000047683716,6.466667,47,55,in time—,mfa-3.4.1/english_mfa-3.1.0,,f362dec4e410ae7f0a3a286b485ac874301add35a969c67ddd48490bcf2a626a,,,pending,,,,,pending,
-mqbVkbCndg$_$0,2,end_s,4.019999980926514,4.019999980926514,6.466667,47,55,in time—,mfa-3.4.1/english_mfa-3.1.0,,f362dec4e410ae7f0a3a286b485ac874301add35a969c67ddd48490bcf2a626a,,,pending,,,,,pending,
-mqbVkbCndg$_$0,3,start_s,4.46999979019165,4.46999979019165,6.466667,55,64,are they ,mfa-3.4.1/english_mfa-3.1.0,,f362dec4e410ae7f0a3a286b485ac874301add35a969c67ddd48490bcf2a626a,,,pending,,,,,pending,
-mqbVkbCndg$_$0,3,end_s,5.010000228881836,5.010000228881836,6.466667,55,64,are they ,mfa-3.4.1/english_mfa-3.1.0,,f362dec4e410ae7f0a3a286b485ac874301add35a969c67ddd48490bcf2a626a,,,pending,,,,,pending,
-mqbVkbCndg$_$0,4,start_s,5.320000171661377,5.320000171661377,6.466667,64,71,limited,mfa-3.4.1/english_mfa-3.1.0,,f362dec4e410ae7f0a3a286b485ac874301add35a969c67ddd48490bcf2a626a,,,pending,,,,,pending,
-mqbVkbCndg$_$0,4,end_s,5.900000095367432,5.900000095367432,6.466667,64,71,limited,mfa-3.4.1/english_mfa-3.1.0,,f362dec4e410ae7f0a3a286b485ac874301add35a969c67ddd48490bcf2a626a,,,pending,,,,,pending,
-qDkUB0GgYY$_$6,0,start_s,0.47999998927116394,0.47999998927116394,4.677995,0,37,"We always love to hear what you say, ",mfa-3.4.1/english_mfa-3.1.0,,37a62a6ad923d700058fad32f7e1fe92ee337b3ec0a269ec3eff4dc4b4379a0e,,,pending,,,,,pending,
-qDkUB0GgYY$_$6,0,end_s,2.25,2.25,4.677995,0,37,"We always love to hear what you say, ",mfa-3.4.1/english_mfa-3.1.0,,37a62a6ad923d700058fad32f7e1fe92ee337b3ec0a269ec3eff4dc4b4379a0e,,,pending,,,,,pending,
-qDkUB0GgYY$_$6,1,start_s,2.509999990463257,2.509999990463257,4.677995,37,75,and like and share this video as well.,mfa-3.4.1/english_mfa-3.1.0,,37a62a6ad923d700058fad32f7e1fe92ee337b3ec0a269ec3eff4dc4b4379a0e,,,pending,,,,,pending,
-qDkUB0GgYY$_$6,1,end_s,4.090000152587891,4.090000152587891,4.677995,37,75,and like and share this video as well.,mfa-3.4.1/english_mfa-3.1.0,,37a62a6ad923d700058fad32f7e1fe92ee337b3ec0a269ec3eff4dc4b4379a0e,,,pending,,,,,pending,
-ri04Z7vwnc$_$0,0,start_s,0.0,0.0,2.807,0,43,going to get married or are already married,mfa-3.4.1/english_mfa-3.1.0,,4ce2982722a9e61e314e4a8b476f5a9ad82302c94fd9a3dd8790f80a63e1b977,,,pending,,,,no_valid_face_in_phrase,pending,
-ri04Z7vwnc$_$0,0,end_s,2.763,2.763,2.807,0,43,going to get married or are already married,mfa-3.4.1/english_mfa-3.1.0,,4ce2982722a9e61e314e4a8b476f5a9ad82302c94fd9a3dd8790f80a63e1b977,,,pending,,,,no_valid_face_in_phrase,pending,
-ri04Z7vwnc$_$2,0,start_s,0.0,0.0,6.027,0,48,"most people think it'll sort itself out, ""we'll ",mfa-3.4.1/english_mfa-3.1.0,,a21c4739462ede93790eadafd493ea517ce897b8e7f313c9fa6bb841d4dc4494,,,pending,,,,no_valid_face_in_phrase,pending,
-ri04Z7vwnc$_$2,0,end_s,2.819999933242798,2.819999933242798,6.027,0,48,"most people think it'll sort itself out, ""we'll ",mfa-3.4.1/english_mfa-3.1.0,,a21c4739462ede93790eadafd493ea517ce897b8e7f313c9fa6bb841d4dc4494,,,pending,,,,no_valid_face_in_phrase,pending,
-ri04Z7vwnc$_$2,1,start_s,2.819999933242798,2.819999933242798,6.027,48,86,"discuss it later,"" it's not something ",mfa-3.4.1/english_mfa-3.1.0,,a21c4739462ede93790eadafd493ea517ce897b8e7f313c9fa6bb841d4dc4494,,,pending,,,,,pending,
-ri04Z7vwnc$_$2,1,end_s,4.099999904632568,4.099999904632568,6.027,48,86,"discuss it later,"" it's not something ",mfa-3.4.1/english_mfa-3.1.0,,a21c4739462ede93790eadafd493ea517ce897b8e7f313c9fa6bb841d4dc4494,,,pending,,,,,pending,
-ri04Z7vwnc$_$2,2,start_s,4.900000095367432,4.900000095367432,6.027,86,99,too important,mfa-3.4.1/english_mfa-3.1.0,,a21c4739462ede93790eadafd493ea517ce897b8e7f313c9fa6bb841d4dc4494,,,pending,,,,,pending,
-ri04Z7vwnc$_$2,2,end_s,5.329999923706055,5.329999923706055,6.027,86,99,too important,mfa-3.4.1/english_mfa-3.1.0,,a21c4739462ede93790eadafd493ea517ce897b8e7f313c9fa6bb841d4dc4494,,,pending,,,,,pending,
-ri04Z7vwnc$_$5,0,start_s,0.41999998688697815,0.41999998688697815,3.545,0,28,""" So I think it's important ",mfa-3.4.1/english_mfa-3.1.0,,00814853e4b249e4c9e92f0884889c017b68056454f61f2d0557c636d24c6409,,,pending,,,,,pending,
-ri04Z7vwnc$_$5,0,end_s,1.3700000047683716,1.3700000047683716,3.545,0,28,""" So I think it's important ",mfa-3.4.1/english_mfa-3.1.0,,00814853e4b249e4c9e92f0884889c017b68056454f61f2d0557c636d24c6409,,,pending,,,,,pending,
-ri04Z7vwnc$_$5,1,start_s,1.8600000143051147,1.8600000143051147,3.545,28,31,to ,mfa-3.4.1/english_mfa-3.1.0,,00814853e4b249e4c9e92f0884889c017b68056454f61f2d0557c636d24c6409,,,pending,,,,,pending,
-ri04Z7vwnc$_$5,1,end_s,2.240000009536743,2.240000009536743,3.545,28,31,to ,mfa-3.4.1/english_mfa-3.1.0,,00814853e4b249e4c9e92f0884889c017b68056454f61f2d0557c636d24c6409,,,pending,,,,,pending,
-ri04Z7vwnc$_$5,2,start_s,2.7699999809265137,2.7699999809265137,3.545,31,47,discuss finances,mfa-3.4.1/english_mfa-3.1.0,,00814853e4b249e4c9e92f0884889c017b68056454f61f2d0557c636d24c6409,,,pending,,,,,pending,
-ri04Z7vwnc$_$5,2,end_s,3.2699999809265137,3.2699999809265137,3.545,31,47,discuss finances,mfa-3.4.1/english_mfa-3.1.0,,00814853e4b249e4c9e92f0884889c017b68056454f61f2d0557c636d24c6409,,,pending,,,,,pending,
-s9qJ7ATP7w$_$0,0,start_s,0.07,0.07,6.8,0,17,"they have doubt, ",mfa-3.4.1/english_mfa-3.1.0,,7857b010d85fc2eeba773088316a7e934c079d36c52651a52a308b0b8670db04,,,pending,,,,,pending,
-s9qJ7ATP7w$_$0,0,end_s,0.63,0.63,6.8,0,17,"they have doubt, ",mfa-3.4.1/english_mfa-3.1.0,,7857b010d85fc2eeba773088316a7e934c079d36c52651a52a308b0b8670db04,,,pending,,,,,pending,
-s9qJ7ATP7w$_$0,1,start_s,0.63,0.63,6.8,17,33,"they have fear, ",mfa-3.4.1/english_mfa-3.1.0,,7857b010d85fc2eeba773088316a7e934c079d36c52651a52a308b0b8670db04,,,pending,,,,,pending,
-s9qJ7ATP7w$_$0,1,end_s,1.44,1.44,6.8,17,33,"they have fear, ",mfa-3.4.1/english_mfa-3.1.0,,7857b010d85fc2eeba773088316a7e934c079d36c52651a52a308b0b8670db04,,,pending,,,,,pending,
-s9qJ7ATP7w$_$0,2,start_s,1.47,1.47,6.8,33,62,"they lose in a Ferrari race, ",mfa-3.4.1/english_mfa-3.1.0,,7857b010d85fc2eeba773088316a7e934c079d36c52651a52a308b0b8670db04,,,pending,,,,face_crop_fallback,pending,
-s9qJ7ATP7w$_$0,2,end_s,3.14,3.14,6.8,33,62,"they lose in a Ferrari race, ",mfa-3.4.1/english_mfa-3.1.0,,7857b010d85fc2eeba773088316a7e934c079d36c52651a52a308b0b8670db04,,,pending,,,,face_crop_fallback,pending,
-s9qJ7ATP7w$_$0,3,start_s,3.14,3.14,6.8,62,86,"or they lose in a race, ",mfa-3.4.1/english_mfa-3.1.0,,7857b010d85fc2eeba773088316a7e934c079d36c52651a52a308b0b8670db04,,,pending,,,,,pending,
-s9qJ7ATP7w$_$0,3,end_s,4.87,4.87,6.8,62,86,"or they lose in a race, ",mfa-3.4.1/english_mfa-3.1.0,,7857b010d85fc2eeba773088316a7e934c079d36c52651a52a308b0b8670db04,,,pending,,,,,pending,
-s9qJ7ATP7w$_$0,4,start_s,5.19,5.19,6.8,86,112,and then they just give up,mfa-3.4.1/english_mfa-3.1.0,,7857b010d85fc2eeba773088316a7e934c079d36c52651a52a308b0b8670db04,,,pending,,,,,pending,
-s9qJ7ATP7w$_$0,4,end_s,6.16,6.16,6.8,86,112,and then they just give up,mfa-3.4.1/english_mfa-3.1.0,,7857b010d85fc2eeba773088316a7e934c079d36c52651a52a308b0b8670db04,,,pending,,,,,pending,
-s9qJ7ATP7w$_$1,0,start_s,0.0,0.0,4.791992,0,40,"But the hardest thing in life to learn, ",mfa-3.4.1/english_mfa-3.1.0,,8bfcb3febd8cfebe54f4c31172971200c074f3547e2e259d7dd75683598546b3,,,pending,,,,,pending,
-s9qJ7ATP7w$_$1,0,end_s,2.58,2.58,4.791992,0,40,"But the hardest thing in life to learn, ",mfa-3.4.1/english_mfa-3.1.0,,8bfcb3febd8cfebe54f4c31172971200c074f3547e2e259d7dd75683598546b3,,,pending,,,,,pending,
-s9qJ7ATP7w$_$1,1,start_s,3.07,3.07,4.791992,40,50,is to lose,mfa-3.4.1/english_mfa-3.1.0,,8bfcb3febd8cfebe54f4c31172971200c074f3547e2e259d7dd75683598546b3,,,pending,,,,face_crop_fallback,pending,
-s9qJ7ATP7w$_$1,1,end_s,4.38,4.38,4.791992,40,50,is to lose,mfa-3.4.1/english_mfa-3.1.0,,8bfcb3febd8cfebe54f4c31172971200c074f3547e2e259d7dd75683598546b3,,,pending,,,,face_crop_fallback,pending,
-s9qJ7ATP7w$_$4,0,start_s,0.53,0.53,4.427018,0,43,"I have lost at everything you can imagine, ",mfa-3.4.1/english_mfa-3.1.0,,726d9c69affe250e05e874a25215916540ca038ba36746e896adfdab2dac45f5,,,pending,,,,,pending,
-s9qJ7ATP7w$_$4,0,end_s,2.91,2.91,4.427018,0,43,"I have lost at everything you can imagine, ",mfa-3.4.1/english_mfa-3.1.0,,726d9c69affe250e05e874a25215916540ca038ba36746e896adfdab2dac45f5,,,pending,,,,,pending,
-s9qJ7ATP7w$_$4,1,start_s,2.91,2.91,4.427018,43,52,seriously,mfa-3.4.1/english_mfa-3.1.0,,726d9c69affe250e05e874a25215916540ca038ba36746e896adfdab2dac45f5,,,pending,,,,,pending,
-s9qJ7ATP7w$_$4,1,end_s,4.246875,4.246875,4.427018,43,52,seriously,mfa-3.4.1/english_mfa-3.1.0,,726d9c69affe250e05e874a25215916540ca038ba36746e896adfdab2dac45f5,,,pending,,,,,pending,
-s9qJ7ATP7w$_$5,0,start_s,0.0,0.0,8.561003,0,7,I have ,mfa-3.4.1/english_mfa-3.1.0,,f84cc53cf4424de63b9747517ee4793a27c8d5de32fcc3057c2cb0734429796d,,,pending,,,,,pending,
-s9qJ7ATP7w$_$5,0,end_s,0.88,0.88,8.561003,0,7,I have ,mfa-3.4.1/english_mfa-3.1.0,,f84cc53cf4424de63b9747517ee4793a27c8d5de32fcc3057c2cb0734429796d,,,pending,,,,,pending,
-s9qJ7ATP7w$_$5,1,start_s,1.39,1.39,8.561003,7,37,been beat up and put down and ,mfa-3.4.1/english_mfa-3.1.0,,f84cc53cf4424de63b9747517ee4793a27c8d5de32fcc3057c2cb0734429796d,,,pending,,,,,pending,
-s9qJ7ATP7w$_$5,1,end_s,4.06,4.06,8.561003,7,37,been beat up and put down and ,mfa-3.4.1/english_mfa-3.1.0,,f84cc53cf4424de63b9747517ee4793a27c8d5de32fcc3057c2cb0734429796d,,,pending,,,,,pending,
-s9qJ7ATP7w$_$5,2,start_s,4.82,4.82,8.561003,37,67,"everything that can go wrong, ",mfa-3.4.1/english_mfa-3.1.0,,f84cc53cf4424de63b9747517ee4793a27c8d5de32fcc3057c2cb0734429796d,,,pending,,,,,pending,
-s9qJ7ATP7w$_$5,2,end_s,6.35,6.35,8.561003,37,67,"everything that can go wrong, ",mfa-3.4.1/english_mfa-3.1.0,,f84cc53cf4424de63b9747517ee4793a27c8d5de32fcc3057c2cb0734429796d,,,pending,,,,,pending,
-s9qJ7ATP7w$_$5,3,start_s,6.72,6.72,8.561003,67,88,has gone wrong for me,mfa-3.4.1/english_mfa-3.1.0,,f84cc53cf4424de63b9747517ee4793a27c8d5de32fcc3057c2cb0734429796d,,,pending,,,,,pending,
-s9qJ7ATP7w$_$5,3,end_s,8.397875,8.397875,8.561003,67,88,has gone wrong for me,mfa-3.4.1/english_mfa-3.1.0,,f84cc53cf4424de63b9747517ee4793a27c8d5de32fcc3057c2cb0734429796d,,,pending,,,,,pending,
-s9qJ7ATP7w$_$6,0,start_s,0.0,0.0,2.475,0,4,But ,mfa-3.4.1/english_mfa-3.1.0,,9905c15337a3ca8db004b4237bc745c51445c4682b651280d3f8496c8dd7beb8,,,pending,,,,,pending,
-s9qJ7ATP7w$_$6,0,end_s,0.78,0.78,2.475,0,4,But ,mfa-3.4.1/english_mfa-3.1.0,,9905c15337a3ca8db004b4237bc745c51445c4682b651280d3f8496c8dd7beb8,,,pending,,,,,pending,
-s9qJ7ATP7w$_$6,1,start_s,1.22,1.22,2.475,4,21,I just kept going,mfa-3.4.1/english_mfa-3.1.0,,9905c15337a3ca8db004b4237bc745c51445c4682b651280d3f8496c8dd7beb8,,,pending,,,,,pending,
-s9qJ7ATP7w$_$6,1,end_s,1.81,1.81,2.475,4,21,I just kept going,mfa-3.4.1/english_mfa-3.1.0,,9905c15337a3ca8db004b4237bc745c51445c4682b651280d3f8496c8dd7beb8,,,pending,,,,,pending,
-s9qJ7ATP7w$_$7,0,start_s,0.51,0.51,6.966016,0,32,"I used to work for Warren Avis, ",mfa-3.4.1/english_mfa-3.1.0,,393363926eb9f53cfae935289b912f37f0584bffe00ad8937ca515782a62a44d,,,pending,,,,no_valid_face_in_phrase,pending,
-s9qJ7ATP7w$_$7,0,end_s,1.74,1.74,6.966016,0,32,"I used to work for Warren Avis, ",mfa-3.4.1/english_mfa-3.1.0,,393363926eb9f53cfae935289b912f37f0584bffe00ad8937ca515782a62a44d,,,pending,,,,no_valid_face_in_phrase,pending,
-s9qJ7ATP7w$_$7,1,start_s,1.91,1.91,6.966016,32,69,"the guy who started Avis Rent a Car, ",mfa-3.4.1/english_mfa-3.1.0,,393363926eb9f53cfae935289b912f37f0584bffe00ad8937ca515782a62a44d,,,pending,,,,face_crop_fallback,pending,
-s9qJ7ATP7w$_$7,1,end_s,3.14,3.14,6.966016,32,69,"the guy who started Avis Rent a Car, ",mfa-3.4.1/english_mfa-3.1.0,,393363926eb9f53cfae935289b912f37f0584bffe00ad8937ca515782a62a44d,,,pending,,,,face_crop_fallback,pending,
-s9qJ7ATP7w$_$7,2,start_s,3.14,3.14,6.966016,69,97,"and he said to me one day, """,mfa-3.4.1/english_mfa-3.1.0,,393363926eb9f53cfae935289b912f37f0584bffe00ad8937ca515782a62a44d,,,pending,,,,,pending,
-s9qJ7ATP7w$_$7,2,end_s,4.35,4.35,6.966016,69,97,"and he said to me one day, """,mfa-3.4.1/english_mfa-3.1.0,,393363926eb9f53cfae935289b912f37f0584bffe00ad8937ca515782a62a44d,,,pending,,,,,pending,
-s9qJ7ATP7w$_$7,3,start_s,4.77,4.77,6.966016,97,128,"Robert, ""what's the purpose of ",mfa-3.4.1/english_mfa-3.1.0,,393363926eb9f53cfae935289b912f37f0584bffe00ad8937ca515782a62a44d,,,pending,,,,,pending,
-s9qJ7ATP7w$_$7,3,end_s,5.9,5.9,6.966016,97,128,"Robert, ""what's the purpose of ",mfa-3.4.1/english_mfa-3.1.0,,393363926eb9f53cfae935289b912f37f0584bffe00ad8937ca515782a62a44d,,,pending,,,,,pending,
-s9qJ7ATP7w$_$7,4,start_s,6.33,6.33,6.966016,128,136,business,mfa-3.4.1/english_mfa-3.1.0,,393363926eb9f53cfae935289b912f37f0584bffe00ad8937ca515782a62a44d,,,pending,,,,,pending,
-s9qJ7ATP7w$_$7,4,end_s,6.61,6.61,6.966016,128,136,business,mfa-3.4.1/english_mfa-3.1.0,,393363926eb9f53cfae935289b912f37f0584bffe00ad8937ca515782a62a44d,,,pending,,,,,pending,
-s9qJ7ATP7w$_$8,0,start_s,0.5,0.5,3.294987,0,19,""" And I said, ""Oh, ",mfa-3.4.1/english_mfa-3.1.0,,46c7c4ef7fda41d70dd81beb81652b877c3454755c5b46d4b5652ceed329f10c,,,pending,,,,,pending,
-s9qJ7ATP7w$_$8,0,end_s,1.06,1.06,3.294987,0,19,""" And I said, ""Oh, ",mfa-3.4.1/english_mfa-3.1.0,,46c7c4ef7fda41d70dd81beb81652b877c3454755c5b46d4b5652ceed329f10c,,,pending,,,,,pending,
-s9qJ7ATP7w$_$8,1,start_s,1.06,1.06,3.294987,19,34,"make a profit, ",mfa-3.4.1/english_mfa-3.1.0,,46c7c4ef7fda41d70dd81beb81652b877c3454755c5b46d4b5652ceed329f10c,,,pending,,,,,pending,
-s9qJ7ATP7w$_$8,1,end_s,1.9,1.9,3.294987,19,34,"make a profit, ",mfa-3.4.1/english_mfa-3.1.0,,46c7c4ef7fda41d70dd81beb81652b877c3454755c5b46d4b5652ceed329f10c,,,pending,,,,,pending,
-s9qJ7ATP7w$_$8,2,start_s,1.9,1.9,3.294987,34,60,and all these other things,mfa-3.4.1/english_mfa-3.1.0,,46c7c4ef7fda41d70dd81beb81652b877c3454755c5b46d4b5652ceed329f10c,,,pending,,,,,pending,
-s9qJ7ATP7w$_$8,2,end_s,2.64,2.64,3.294987,34,60,and all these other things,mfa-3.4.1/english_mfa-3.1.0,,46c7c4ef7fda41d70dd81beb81652b877c3454755c5b46d4b5652ceed329f10c,,,pending,,,,,pending,
-t217m2on-s$_$2,0,start_s,0.5,0.5,5.686003,0,35,"But a good thing to do is yawning, ",mfa-3.4.1/english_mfa-3.1.0,,f245966cf9944428e2f53bef7d73f6736f5c6770f87898b819d5fede506e091d,,,pending,,,,,pending,
-t217m2on-s$_$2,0,end_s,2.619999885559082,2.619999885559082,5.686003,0,35,"But a good thing to do is yawning, ",mfa-3.4.1/english_mfa-3.1.0,,f245966cf9944428e2f53bef7d73f6736f5c6770f87898b819d5fede506e091d,,,pending,,,,,pending,
-t217m2on-s$_$2,1,start_s,3.0899999141693115,3.0899999141693115,5.686003,35,60,chewing gum is effective.,mfa-3.4.1/english_mfa-3.1.0,,f245966cf9944428e2f53bef7d73f6736f5c6770f87898b819d5fede506e091d,,,pending,,,,,pending,
-t217m2on-s$_$2,1,end_s,5.039999961853027,5.039999961853027,5.686003,35,60,chewing gum is effective.,mfa-3.4.1/english_mfa-3.1.0,,f245966cf9944428e2f53bef7d73f6736f5c6770f87898b819d5fede506e091d,,,pending,,,,,pending,
-t217m2on-s$_$7,0,start_s,0.5099999904632568,0.5099999904632568,17.183008,0,27,If you find that your ears ,mfa-3.4.1/english_mfa-3.1.0,,e4f8c8fee77317a1ca37b6a70aae9d1c43482049cadde04cb5cbf2c781bb2615,,,pending,,,,,pending,
-t217m2on-s$_$7,0,end_s,2.2899999618530273,2.2899999618530273,17.183008,0,27,If you find that your ears ,mfa-3.4.1/english_mfa-3.1.0,,e4f8c8fee77317a1ca37b6a70aae9d1c43482049cadde04cb5cbf2c781bb2615,,,pending,,,,,pending,
-t217m2on-s$_$7,1,start_s,2.680000066757202,2.680000066757202,17.183008,27,71,consistently do this and you can't pop them ,mfa-3.4.1/english_mfa-3.1.0,,e4f8c8fee77317a1ca37b6a70aae9d1c43482049cadde04cb5cbf2c781bb2615,,,pending,,,,,pending,
-t217m2on-s$_$7,1,end_s,6.039999961853027,6.039999961853027,17.183008,27,71,consistently do this and you can't pop them ,mfa-3.4.1/english_mfa-3.1.0,,e4f8c8fee77317a1ca37b6a70aae9d1c43482049cadde04cb5cbf2c781bb2615,,,pending,,,,,pending,
-t217m2on-s$_$7,2,start_s,6.039999961853027,6.039999961853027,17.183008,71,82,"often, you'",mfa-3.4.1/english_mfa-3.1.0,,e4f8c8fee77317a1ca37b6a70aae9d1c43482049cadde04cb5cbf2c781bb2615,,,pending,,,,automatic_quality_merge,pending,
-t217m2on-s$_$7,2,end_s,6.53000020980835,6.53000020980835,17.183008,71,82,"often, you'",mfa-3.4.1/english_mfa-3.1.0,,e4f8c8fee77317a1ca37b6a70aae9d1c43482049cadde04cb5cbf2c781bb2615,,,pending,,,,automatic_quality_merge,pending,
-t217m2on-s$_$7,3,start_s,6.940000057220459,6.940000057220459,17.183008,82,120,ll definitely need to see a physician ,mfa-3.4.1/english_mfa-3.1.0,,e4f8c8fee77317a1ca37b6a70aae9d1c43482049cadde04cb5cbf2c781bb2615,,,pending,,,,,pending,
-t217m2on-s$_$7,3,end_s,8.970000267028809,8.970000267028809,17.183008,82,120,ll definitely need to see a physician ,mfa-3.4.1/english_mfa-3.1.0,,e4f8c8fee77317a1ca37b6a70aae9d1c43482049cadde04cb5cbf2c781bb2615,,,pending,,,,,pending,
-t217m2on-s$_$7,4,start_s,9.449999809265137,9.449999809265137,17.183008,120,144,"regarding those things, ",mfa-3.4.1/english_mfa-3.1.0,,e4f8c8fee77317a1ca37b6a70aae9d1c43482049cadde04cb5cbf2c781bb2615,,,pending,,,,,pending,
-t217m2on-s$_$7,4,end_s,10.609999656677246,10.609999656677246,17.183008,120,144,"regarding those things, ",mfa-3.4.1/english_mfa-3.1.0,,e4f8c8fee77317a1ca37b6a70aae9d1c43482049cadde04cb5cbf2c781bb2615,,,pending,,,,,pending,
-t217m2on-s$_$7,5,start_s,10.829999923706055,10.829999923706055,17.183008,144,182,it could be something more of a nasal ,mfa-3.4.1/english_mfa-3.1.0,,e4f8c8fee77317a1ca37b6a70aae9d1c43482049cadde04cb5cbf2c781bb2615,,,pending,,,,,pending,
-t217m2on-s$_$7,5,end_s,12.529999732971191,12.529999732971191,17.183008,144,182,it could be something more of a nasal ,mfa-3.4.1/english_mfa-3.1.0,,e4f8c8fee77317a1ca37b6a70aae9d1c43482049cadde04cb5cbf2c781bb2615,,,pending,,,,,pending,
-t217m2on-s$_$7,6,start_s,12.529999732971191,12.529999732971191,17.183008,182,213,infection or a sinus infection ,mfa-3.4.1/english_mfa-3.1.0,,e4f8c8fee77317a1ca37b6a70aae9d1c43482049cadde04cb5cbf2c781bb2615,,,pending,,,,,pending,
-t217m2on-s$_$7,6,end_s,14.699999809265137,14.699999809265137,17.183008,182,213,infection or a sinus infection ,mfa-3.4.1/english_mfa-3.1.0,,e4f8c8fee77317a1ca37b6a70aae9d1c43482049cadde04cb5cbf2c781bb2615,,,pending,,,,,pending,
-t217m2on-s$_$7,7,start_s,15.149999618530273,15.149999618530273,17.183008,213,245,that he would need to deal with.,mfa-3.4.1/english_mfa-3.1.0,,e4f8c8fee77317a1ca37b6a70aae9d1c43482049cadde04cb5cbf2c781bb2615,,,pending,,,,,pending,
-t217m2on-s$_$7,7,end_s,16.479999542236328,16.479999542236328,17.183008,213,245,that he would need to deal with.,mfa-3.4.1/english_mfa-3.1.0,,e4f8c8fee77317a1ca37b6a70aae9d1c43482049cadde04cb5cbf2c781bb2615,,,pending,,,,,pending,
-tANM6ETl_M$_$3,0,start_s,0.5199999809265137,0.5199999809265137,6.758008,0,37,The first place is either you have a ,mfa-3.4.1/english_mfa-3.1.0,,2c35cc42108b848ef41b91b8688fd3eb057e829a46a9009a6964d313bd2d5c7f,,,pending,,,,,pending,
-tANM6ETl_M$_$3,0,end_s,2.259999990463257,2.259999990463257,6.758008,0,37,The first place is either you have a ,mfa-3.4.1/english_mfa-3.1.0,,2c35cc42108b848ef41b91b8688fd3eb057e829a46a9009a6964d313bd2d5c7f,,,pending,,,,,pending,
-tANM6ETl_M$_$3,1,start_s,2.259999990463257,2.259999990463257,6.758008,37,47,"prospect, ",mfa-3.4.1/english_mfa-3.1.0,,2c35cc42108b848ef41b91b8688fd3eb057e829a46a9009a6964d313bd2d5c7f,,,pending,,,,,pending,
-tANM6ETl_M$_$3,1,end_s,2.930000066757202,2.930000066757202,6.758008,37,47,"prospect, ",mfa-3.4.1/english_mfa-3.1.0,,2c35cc42108b848ef41b91b8688fd3eb057e829a46a9009a6964d313bd2d5c7f,,,pending,,,,,pending,
-tANM6ETl_M$_$3,2,start_s,2.930000066757202,2.930000066757202,6.758008,47,89,"or a customer who's never done it before, ",mfa-3.4.1/english_mfa-3.1.0,,2c35cc42108b848ef41b91b8688fd3eb057e829a46a9009a6964d313bd2d5c7f,,,pending,,,,,pending,
-tANM6ETl_M$_$3,2,end_s,4.980000019073486,4.980000019073486,6.758008,47,89,"or a customer who's never done it before, ",mfa-3.4.1/english_mfa-3.1.0,,2c35cc42108b848ef41b91b8688fd3eb057e829a46a9009a6964d313bd2d5c7f,,,pending,,,,,pending,
-tANM6ETl_M$_$3,3,start_s,4.980000019073486,4.980000019073486,6.758008,89,115,or they've never tried it.,mfa-3.4.1/english_mfa-3.1.0,,2c35cc42108b848ef41b91b8688fd3eb057e829a46a9009a6964d313bd2d5c7f,,,pending,,,,,pending,
-tANM6ETl_M$_$3,3,end_s,6.099999904632568,6.099999904632568,6.758008,89,115,or they've never tried it.,mfa-3.4.1/english_mfa-3.1.0,,2c35cc42108b848ef41b91b8688fd3eb057e829a46a9009a6964d313bd2d5c7f,,,pending,,,,,pending,
-tPCytz4rww$_$10,0,start_s,0.5199999809265137,0.5199999809265137,4.788997,0,38,Say twenty percent so if you've got a ,mfa-3.4.1/english_mfa-3.1.0,,91fa45de102b30450bb4e38f1526147ccd748009a96d8c52385599001d83c0ed,,,pending,,,,,pending,
-tPCytz4rww$_$10,0,end_s,2.380000114440918,2.380000114440918,4.788997,0,38,Say twenty percent so if you've got a ,mfa-3.4.1/english_mfa-3.1.0,,91fa45de102b30450bb4e38f1526147ccd748009a96d8c52385599001d83c0ed,,,pending,,,,,pending,
-tPCytz4rww$_$10,1,start_s,2.380000114440918,2.380000114440918,4.788997,38,65,thousand square foot condo.,mfa-3.4.1/english_mfa-3.1.0,,91fa45de102b30450bb4e38f1526147ccd748009a96d8c52385599001d83c0ed,,,pending,,,,,pending,
-tPCytz4rww$_$10,1,end_s,4.139999866485596,4.139999866485596,4.788997,38,65,thousand square foot condo.,mfa-3.4.1/english_mfa-3.1.0,,91fa45de102b30450bb4e38f1526147ccd748009a96d8c52385599001d83c0ed,,,pending,,,,,pending,
-tPCytz4rww$_$11,0,start_s,0.0,0.0,5.466992,0,41,Make sure that your using comps that are ,mfa-3.4.1/english_mfa-3.1.0,,b44e87fd674d846259f5fa5c2bdee9bed8d79f5a5fe9504d8c964bf9fa0dfb4c,,,pending,,,,,pending,
-tPCytz4rww$_$11,0,end_s,2.130000114440918,2.130000114440918,5.466992,0,41,Make sure that your using comps that are ,mfa-3.4.1/english_mfa-3.1.0,,b44e87fd674d846259f5fa5c2bdee9bed8d79f5a5fe9504d8c964bf9fa0dfb4c,,,pending,,,,,pending,
-tPCytz4rww$_$11,1,start_s,2.130000114440918,2.130000114440918,5.466992,41,53,"not larger, ",mfa-3.4.1/english_mfa-3.1.0,,b44e87fd674d846259f5fa5c2bdee9bed8d79f5a5fe9504d8c964bf9fa0dfb4c,,,pending,,,,,pending,
-tPCytz4rww$_$11,1,end_s,2.890000104904175,2.890000104904175,5.466992,41,53,"not larger, ",mfa-3.4.1/english_mfa-3.1.0,,b44e87fd674d846259f5fa5c2bdee9bed8d79f5a5fe9504d8c964bf9fa0dfb4c,,,pending,,,,,pending,
-tPCytz4rww$_$11,2,start_s,3.119999885559082,3.119999885559082,5.466992,53,95,no larger than twelve hundred square feet.,mfa-3.4.1/english_mfa-3.1.0,,b44e87fd674d846259f5fa5c2bdee9bed8d79f5a5fe9504d8c964bf9fa0dfb4c,,,pending,,,,,pending,
-tPCytz4rww$_$11,2,end_s,4.840000152587891,4.840000152587891,5.466992,53,95,no larger than twelve hundred square feet.,mfa-3.4.1/english_mfa-3.1.0,,b44e87fd674d846259f5fa5c2bdee9bed8d79f5a5fe9504d8c964bf9fa0dfb4c,,,pending,,,,,pending,
-tPCytz4rww$_$12,0,start_s,0.3199999928474426,0.3199999928474426,11.863997,0,39,No less than eight hundred squire feet ,mfa-3.4.1/english_mfa-3.1.0,,ea144c1e86cf9e56155710450b51b5295e1b05e02f874714418a89d49a1e7e7b,,,pending,,,,,pending,
-tPCytz4rww$_$12,0,end_s,2.259999990463257,2.259999990463257,11.863997,0,39,No less than eight hundred squire feet ,mfa-3.4.1/english_mfa-3.1.0,,ea144c1e86cf9e56155710450b51b5295e1b05e02f874714418a89d49a1e7e7b,,,pending,,,,,pending,
-tPCytz4rww$_$12,1,start_s,2.5899999141693115,2.5899999141693115,11.863997,39,64,"and going to similar in, ",mfa-3.4.1/english_mfa-3.1.0,,ea144c1e86cf9e56155710450b51b5295e1b05e02f874714418a89d49a1e7e7b,,,pending,,,,,pending,
-tPCytz4rww$_$12,1,end_s,3.7799999713897705,3.7799999713897705,11.863997,39,64,"and going to similar in, ",mfa-3.4.1/english_mfa-3.1.0,,ea144c1e86cf9e56155710450b51b5295e1b05e02f874714418a89d49a1e7e7b,,,pending,,,,,pending,
-tPCytz4rww$_$12,2,start_s,3.7799999713897705,3.7799999713897705,11.863997,64,72,similar ,mfa-3.4.1/english_mfa-3.1.0,,ea144c1e86cf9e56155710450b51b5295e1b05e02f874714418a89d49a1e7e7b,,,pending,,,,,pending,
-tPCytz4rww$_$12,2,end_s,4.269999980926514,4.269999980926514,11.863997,64,72,similar ,mfa-3.4.1/english_mfa-3.1.0,,ea144c1e86cf9e56155710450b51b5295e1b05e02f874714418a89d49a1e7e7b,,,pending,,,,,pending,
-tPCytz4rww$_$12,3,start_s,4.989999771118164,4.989999771118164,11.863997,72,108,with bedrooms and bathrooms as well ,mfa-3.4.1/english_mfa-3.1.0,,ea144c1e86cf9e56155710450b51b5295e1b05e02f874714418a89d49a1e7e7b,,,pending,,,,,pending,
-tPCytz4rww$_$12,3,end_s,7.380000114440918,7.380000114440918,11.863997,72,108,with bedrooms and bathrooms as well ,mfa-3.4.1/english_mfa-3.1.0,,ea144c1e86cf9e56155710450b51b5295e1b05e02f874714418a89d49a1e7e7b,,,pending,,,,,pending,
-tPCytz4rww$_$12,4,start_s,7.690000057220459,7.690000057220459,11.863997,108,159,and hopefully the complexes have similar amenities.,mfa-3.4.1/english_mfa-3.1.0,,ea144c1e86cf9e56155710450b51b5295e1b05e02f874714418a89d49a1e7e7b,,,pending,,,,,pending,
-tPCytz4rww$_$12,4,end_s,11.736,11.736,11.863997,108,159,and hopefully the complexes have similar amenities.,mfa-3.4.1/english_mfa-3.1.0,,ea144c1e86cf9e56155710450b51b5295e1b05e02f874714418a89d49a1e7e7b,,,pending,,,,,pending,
-tPCytz4rww$_$16,0,start_s,0.5099999904632568,0.5099999904632568,7.20599,0,33,So make sure to get a through or ,mfa-3.4.1/english_mfa-3.1.0,,95a039164f939e255a32f4cb086116838747dce14643854d0addad4ad0ca4062,,,pending,,,,,pending,
-tPCytz4rww$_$16,0,end_s,2.640000104904175,2.640000104904175,7.20599,0,33,So make sure to get a through or ,mfa-3.4.1/english_mfa-3.1.0,,95a039164f939e255a32f4cb086116838747dce14643854d0addad4ad0ca4062,,,pending,,,,,pending,
-tPCytz4rww$_$16,1,start_s,2.950000047683716,2.950000047683716,7.20599,33,36,to ,mfa-3.4.1/english_mfa-3.1.0,,95a039164f939e255a32f4cb086116838747dce14643854d0addad4ad0ca4062,,,pending,,,,,pending,
-tPCytz4rww$_$16,1,end_s,3.359999895095825,3.359999895095825,7.20599,33,36,to ,mfa-3.4.1/english_mfa-3.1.0,,95a039164f939e255a32f4cb086116838747dce14643854d0addad4ad0ca4062,,,pending,,,,,pending,
-tPCytz4rww$_$16,2,start_s,4.289999961853027,4.289999961853027,7.20599,36,74,do a through cleaning of the property.,mfa-3.4.1/english_mfa-3.1.0,,95a039164f939e255a32f4cb086116838747dce14643854d0addad4ad0ca4062,,,pending,,,,,pending,
-tPCytz4rww$_$16,2,end_s,7.139,7.139,7.20599,36,74,do a through cleaning of the property.,mfa-3.4.1/english_mfa-3.1.0,,95a039164f939e255a32f4cb086116838747dce14643854d0addad4ad0ca4062,,,pending,,,,,pending,
-tPCytz4rww$_$18,0,start_s,0.5199999809265137,0.5199999809265137,6.644987,0,6,Do so ,mfa-3.4.1/english_mfa-3.1.0,,9a2d6f20d946495049bcf111f5489a74830a7d124a82f3ab3345415d229e9948,,,pending,,,,,pending,
-tPCytz4rww$_$18,0,end_s,1.0499999523162842,1.0499999523162842,6.644987,0,6,Do so ,mfa-3.4.1/english_mfa-3.1.0,,9a2d6f20d946495049bcf111f5489a74830a7d124a82f3ab3345415d229e9948,,,pending,,,,,pending,
-tPCytz4rww$_$18,1,start_s,1.3700000047683716,1.3700000047683716,6.644987,6,45,and as well you'll also want to remove ,mfa-3.4.1/english_mfa-3.1.0,,9a2d6f20d946495049bcf111f5489a74830a7d124a82f3ab3345415d229e9948,,,pending,,,,,pending,
-tPCytz4rww$_$18,1,end_s,3.9600000381469727,3.9600000381469727,6.644987,6,45,and as well you'll also want to remove ,mfa-3.4.1/english_mfa-3.1.0,,9a2d6f20d946495049bcf111f5489a74830a7d124a82f3ab3345415d229e9948,,,pending,,,,,pending,
-tPCytz4rww$_$18,2,start_s,3.9600000381469727,3.9600000381469727,6.644987,45,86,any clutter from that you've accumulated.,mfa-3.4.1/english_mfa-3.1.0,,9a2d6f20d946495049bcf111f5489a74830a7d124a82f3ab3345415d229e9948,,,pending,,,,,pending,
-tPCytz4rww$_$18,2,end_s,5.989999771118164,5.989999771118164,6.644987,45,86,any clutter from that you've accumulated.,mfa-3.4.1/english_mfa-3.1.0,,9a2d6f20d946495049bcf111f5489a74830a7d124a82f3ab3345415d229e9948,,,pending,,,,,pending,
-uywlfIYOS8$_$4,0,start_s,0.0,0.0,6.044987,0,37,"And then from a brand point of view, ",mfa-3.4.1/english_mfa-3.1.0,,1ddeb5d939b80e24f05052b3c5347e78729055b55134463985da99a0e1ddedee,,,pending,,,,,pending,
-uywlfIYOS8$_$4,0,end_s,2.049999952316284,2.049999952316284,6.044987,0,37,"And then from a brand point of view, ",mfa-3.4.1/english_mfa-3.1.0,,1ddeb5d939b80e24f05052b3c5347e78729055b55134463985da99a0e1ddedee,,,pending,,,,,pending,
-uywlfIYOS8$_$4,1,start_s,2.109999895095825,2.109999895095825,6.044987,37,76,we need to make sure we're driving the ,mfa-3.4.1/english_mfa-3.1.0,,1ddeb5d939b80e24f05052b3c5347e78729055b55134463985da99a0e1ddedee,,,pending,,,,,pending,
-uywlfIYOS8$_$4,1,end_s,4.289999961853027,4.289999961853027,6.044987,37,76,we need to make sure we're driving the ,mfa-3.4.1/english_mfa-3.1.0,,1ddeb5d939b80e24f05052b3c5347e78729055b55134463985da99a0e1ddedee,,,pending,,,,,pending,
-uywlfIYOS8$_$4,2,start_s,4.289999961853027,4.289999961853027,6.044987,76,93,relevant insight.,mfa-3.4.1/english_mfa-3.1.0,,1ddeb5d939b80e24f05052b3c5347e78729055b55134463985da99a0e1ddedee,,,pending,,,,,pending,
-uywlfIYOS8$_$4,2,end_s,5.21999979019165,5.21999979019165,6.044987,76,93,relevant insight.,mfa-3.4.1/english_mfa-3.1.0,,1ddeb5d939b80e24f05052b3c5347e78729055b55134463985da99a0e1ddedee,,,pending,,,,,pending,
-vxjVxOeScU$_$4,0,start_s,0.0,0.0,9.127018,0,39,"You're going to talk about their life, ",mfa-3.4.1/english_mfa-3.1.0,,fc6cd9c274d5e99bcf98b7ef7a97c9d70de5314341bbc0d813f5d586b9fbc8cb,,,pending,,,,,pending,
-vxjVxOeScU$_$4,0,end_s,2.640000104904175,2.640000104904175,9.127018,0,39,"You're going to talk about their life, ",mfa-3.4.1/english_mfa-3.1.0,,fc6cd9c274d5e99bcf98b7ef7a97c9d70de5314341bbc0d813f5d586b9fbc8cb,,,pending,,,,,pending,
-vxjVxOeScU$_$4,1,start_s,2.859999895095825,2.859999895095825,9.127018,39,54,their marriage ,mfa-3.4.1/english_mfa-3.1.0,,fc6cd9c274d5e99bcf98b7ef7a97c9d70de5314341bbc0d813f5d586b9fbc8cb,,,pending,,,,,pending,
-vxjVxOeScU$_$4,1,end_s,3.950000047683716,3.950000047683716,9.127018,39,54,their marriage ,mfa-3.4.1/english_mfa-3.1.0,,fc6cd9c274d5e99bcf98b7ef7a97c9d70de5314341bbc0d813f5d586b9fbc8cb,,,pending,,,,,pending,
-vxjVxOeScU$_$4,2,start_s,4.340000152587891,4.340000152587891,9.127018,54,97,and usually how amazing it is that they've ,mfa-3.4.1/english_mfa-3.1.0,,fc6cd9c274d5e99bcf98b7ef7a97c9d70de5314341bbc0d813f5d586b9fbc8cb,,,pending,,,,,pending,
-vxjVxOeScU$_$4,2,end_s,7.099999904632568,7.099999904632568,9.127018,54,97,and usually how amazing it is that they've ,mfa-3.4.1/english_mfa-3.1.0,,fc6cd9c274d5e99bcf98b7ef7a97c9d70de5314341bbc0d813f5d586b9fbc8cb,,,pending,,,,,pending,
-vxjVxOeScU$_$4,3,start_s,7.099999904632568,7.099999904632568,9.127018,97,123,stayed together this long.,mfa-3.4.1/english_mfa-3.1.0,,fc6cd9c274d5e99bcf98b7ef7a97c9d70de5314341bbc0d813f5d586b9fbc8cb,,,pending,,,,,pending,
-vxjVxOeScU$_$4,3,end_s,8.619999885559082,8.619999885559082,9.127018,97,123,stayed together this long.,mfa-3.4.1/english_mfa-3.1.0,,fc6cd9c274d5e99bcf98b7ef7a97c9d70de5314341bbc0d813f5d586b9fbc8cb,,,pending,,,,,pending,
-wMB_hJL-3o$_$7,0,start_s,0.6299999952316284,0.6299999952316284,6.04401,0,31,So if you have a loved one who ,mfa-3.4.1/english_mfa-3.1.0,,2f22f2fee43b73570032dcda1a5ddf36867fde7d128dd224f50a9bc2053cbbd7,,,pending,,,,,pending,
-wMB_hJL-3o$_$7,0,end_s,2.140000104904175,2.140000104904175,6.04401,0,31,So if you have a loved one who ,mfa-3.4.1/english_mfa-3.1.0,,2f22f2fee43b73570032dcda1a5ddf36867fde7d128dd224f50a9bc2053cbbd7,,,pending,,,,,pending,
-wMB_hJL-3o$_$7,1,start_s,2.140000104904175,2.140000104904175,6.04401,31,73,is depressed those are some of the things ,mfa-3.4.1/english_mfa-3.1.0,,2f22f2fee43b73570032dcda1a5ddf36867fde7d128dd224f50a9bc2053cbbd7,,,pending,,,,,pending,
-wMB_hJL-3o$_$7,1,end_s,4.25,4.25,6.04401,31,73,is depressed those are some of the things ,mfa-3.4.1/english_mfa-3.1.0,,2f22f2fee43b73570032dcda1a5ddf36867fde7d128dd224f50a9bc2053cbbd7,,,pending,,,,,pending,
-wMB_hJL-3o$_$7,2,start_s,4.25,4.25,6.04401,73,107,that you should think about doing.,mfa-3.4.1/english_mfa-3.1.0,,2f22f2fee43b73570032dcda1a5ddf36867fde7d128dd224f50a9bc2053cbbd7,,,pending,,,,,pending,
-wMB_hJL-3o$_$7,2,end_s,5.449999809265137,5.449999809265137,6.04401,73,107,that you should think about doing.,mfa-3.4.1/english_mfa-3.1.0,,2f22f2fee43b73570032dcda1a5ddf36867fde7d128dd224f50a9bc2053cbbd7,,,pending,,,,,pending,
-wny0OAz3g8$_$0,0,start_s,0.28999999165534973,0.28999999165534973,3.333333,0,49,trade labor unions didn’t allow Black workers to ,mfa-3.4.1/english_mfa-3.1.0,,77b7205b0a319594c2efe4b66da38b838891cb6ba28b297fd16825c4391c3b28,,,pending,,,,,pending,
-wny0OAz3g8$_$0,0,end_s,2.4100000858306885,2.4100000858306885,3.333333,0,49,trade labor unions didn’t allow Black workers to ,mfa-3.4.1/english_mfa-3.1.0,,77b7205b0a319594c2efe4b66da38b838891cb6ba28b297fd16825c4391c3b28,,,pending,,,,,pending,
-wny0OAz3g8$_$0,1,start_s,2.4100000858306885,2.4100000858306885,3.333333,49,53,join,mfa-3.4.1/english_mfa-3.1.0,,77b7205b0a319594c2efe4b66da38b838891cb6ba28b297fd16825c4391c3b28,,,pending,,,,face_crop_fallback,pending,
-wny0OAz3g8$_$0,1,end_s,3.0,3.0,3.333333,49,53,join,mfa-3.4.1/english_mfa-3.1.0,,77b7205b0a319594c2efe4b66da38b838891cb6ba28b297fd16825c4391c3b28,,,pending,,,,face_crop_fallback,pending,
-wny0OAz3g8$_$1,0,start_s,0.5099999904632568,0.5099999904632568,6.84401,0,39,"And because they couldn’t join unions, ",mfa-3.4.1/english_mfa-3.1.0,,0f7816a78a1fc9ef2eea74027ff5a75e8cd54260751ee4b2fb61fe162763ab89,,,pending,,,,face_crop_fallback,pending,
-wny0OAz3g8$_$1,0,end_s,2.109999895095825,2.109999895095825,6.84401,0,39,"And because they couldn’t join unions, ",mfa-3.4.1/english_mfa-3.1.0,,0f7816a78a1fc9ef2eea74027ff5a75e8cd54260751ee4b2fb61fe162763ab89,,,pending,,,,face_crop_fallback,pending,
-wny0OAz3g8$_$1,1,start_s,2.109999895095825,2.109999895095825,6.84401,39,94,many Black workers couldn’t get manufacturing or trade ,mfa-3.4.1/english_mfa-3.1.0,,0f7816a78a1fc9ef2eea74027ff5a75e8cd54260751ee4b2fb61fe162763ab89,,,pending,,,,face_crop_fallback,pending,
-wny0OAz3g8$_$1,1,end_s,4.389999866485596,4.389999866485596,6.84401,39,94,many Black workers couldn’t get manufacturing or trade ,mfa-3.4.1/english_mfa-3.1.0,,0f7816a78a1fc9ef2eea74027ff5a75e8cd54260751ee4b2fb61fe162763ab89,,,pending,,,,face_crop_fallback,pending,
-wny0OAz3g8$_$1,2,start_s,4.389999866485596,4.389999866485596,6.84401,94,141,work – which paid much better than service work,mfa-3.4.1/english_mfa-3.1.0,,0f7816a78a1fc9ef2eea74027ff5a75e8cd54260751ee4b2fb61fe162763ab89,,,pending,,,,face_crop_fallback,pending,
-wny0OAz3g8$_$1,2,end_s,6.300000190734863,6.300000190734863,6.84401,94,141,work – which paid much better than service work,mfa-3.4.1/english_mfa-3.1.0,,0f7816a78a1fc9ef2eea74027ff5a75e8cd54260751ee4b2fb61fe162763ab89,,,pending,,,,face_crop_fallback,pending,
-wny0OAz3g8$_$2,0,start_s,0.5099999904632568,0.5099999904632568,6.686979,0,42,"And because they couldn’t get these jobs, ",mfa-3.4.1/english_mfa-3.1.0,,22d70ce506f429b3ed75acfc28c610819b9f38c554266f9b2f9b4e1b7a91e464,,,pending,,,,,pending,
-wny0OAz3g8$_$2,0,end_s,2.0899999141693115,2.0899999141693115,6.686979,0,42,"And because they couldn’t get these jobs, ",mfa-3.4.1/english_mfa-3.1.0,,22d70ce506f429b3ed75acfc28c610819b9f38c554266f9b2f9b4e1b7a91e464,,,pending,,,,,pending,
-wny0OAz3g8$_$2,1,start_s,2.200000047683716,2.200000047683716,6.686979,42,86,"Black communities had more men out of work, ",mfa-3.4.1/english_mfa-3.1.0,,22d70ce506f429b3ed75acfc28c610819b9f38c554266f9b2f9b4e1b7a91e464,,,pending,,,,,pending,
-wny0OAz3g8$_$2,1,end_s,3.809999942779541,3.809999942779541,6.686979,42,86,"Black communities had more men out of work, ",mfa-3.4.1/english_mfa-3.1.0,,22d70ce506f429b3ed75acfc28c610819b9f38c554266f9b2f9b4e1b7a91e464,,,pending,,,,,pending,
-wny0OAz3g8$_$2,2,start_s,3.950000047683716,3.950000047683716,6.686979,86,111,"higher rates of poverty, ",mfa-3.4.1/english_mfa-3.1.0,,22d70ce506f429b3ed75acfc28c610819b9f38c554266f9b2f9b4e1b7a91e464,,,pending,,,,,pending,
-wny0OAz3g8$_$2,2,end_s,4.909999847412109,4.909999847412109,6.686979,86,111,"higher rates of poverty, ",mfa-3.4.1/english_mfa-3.1.0,,22d70ce506f429b3ed75acfc28c610819b9f38c554266f9b2f9b4e1b7a91e464,,,pending,,,,,pending,
-wny0OAz3g8$_$2,3,start_s,4.909999847412109,4.909999847412109,6.686979,111,137,and more criminal behavior,mfa-3.4.1/english_mfa-3.1.0,,22d70ce506f429b3ed75acfc28c610819b9f38c554266f9b2f9b4e1b7a91e464,,,pending,,,,face_crop_fallback,pending,
-wny0OAz3g8$_$2,3,end_s,6.110000133514404,6.110000133514404,6.686979,111,137,and more criminal behavior,mfa-3.4.1/english_mfa-3.1.0,,22d70ce506f429b3ed75acfc28c610819b9f38c554266f9b2f9b4e1b7a91e464,,,pending,,,,face_crop_fallback,pending,
-wny0OAz3g8$_$3,0,start_s,0.5199999809265137,0.5199999809265137,6.146029,0,48,Which then allowed the white workers and unions ,mfa-3.4.1/english_mfa-3.1.0,,8db0e37425c9ff42010746d404555392fddf2800b3c859e8c442eea11b43570d,,,pending,,,,face_crop_fallback,pending,
-wny0OAz3g8$_$3,0,end_s,2.2799999713897705,2.2799999713897705,6.146029,0,48,Which then allowed the white workers and unions ,mfa-3.4.1/english_mfa-3.1.0,,8db0e37425c9ff42010746d404555392fddf2800b3c859e8c442eea11b43570d,,,pending,,,,face_crop_fallback,pending,
-wny0OAz3g8$_$3,1,start_s,2.2799999713897705,2.2799999713897705,6.146029,48,93,to justify their decision to not allow black ,mfa-3.4.1/english_mfa-3.1.0,,8db0e37425c9ff42010746d404555392fddf2800b3c859e8c442eea11b43570d,,,pending,,,,face_crop_fallback,pending,
-wny0OAz3g8$_$3,1,end_s,4.28000020980835,4.28000020980835,6.146029,48,93,to justify their decision to not allow black ,mfa-3.4.1/english_mfa-3.1.0,,8db0e37425c9ff42010746d404555392fddf2800b3c859e8c442eea11b43570d,,,pending,,,,face_crop_fallback,pending,
-wny0OAz3g8$_$3,2,start_s,4.28000020980835,4.28000020980835,6.146029,93,117,workers into their union,mfa-3.4.1/english_mfa-3.1.0,,8db0e37425c9ff42010746d404555392fddf2800b3c859e8c442eea11b43570d,,,pending,,,,face_crop_fallback,pending,
-wny0OAz3g8$_$3,2,end_s,5.679999828338623,5.679999828338623,6.146029,93,117,workers into their union,mfa-3.4.1/english_mfa-3.1.0,,8db0e37425c9ff42010746d404555392fddf2800b3c859e8c442eea11b43570d,,,pending,,,,face_crop_fallback,pending,
-wny0OAz3g8$_$5,0,start_s,0.5199999809265137,0.5199999809265137,6.911979,0,45,This is what’s now known as racial formation ,mfa-3.4.1/english_mfa-3.1.0,,c604a27c0b892d3e3c51309d25a30acea134188096785c50b780e21cec4cca57,,,pending,,,,face_crop_fallback,pending,
-wny0OAz3g8$_$5,0,end_s,2.5299999713897705,2.5299999713897705,6.911979,0,45,This is what’s now known as racial formation ,mfa-3.4.1/english_mfa-3.1.0,,c604a27c0b892d3e3c51309d25a30acea134188096785c50b780e21cec4cca57,,,pending,,,,face_crop_fallback,pending,
-wny0OAz3g8$_$5,1,start_s,2.5299999713897705,2.5299999713897705,6.911979,45,53,"theory, ",mfa-3.4.1/english_mfa-3.1.0,,c604a27c0b892d3e3c51309d25a30acea134188096785c50b780e21cec4cca57,,,pending,,,,face_crop_fallback,pending,
-wny0OAz3g8$_$5,1,end_s,2.9100000858306885,2.9100000858306885,6.911979,45,53,"theory, ",mfa-3.4.1/english_mfa-3.1.0,,c604a27c0b892d3e3c51309d25a30acea134188096785c50b780e21cec4cca57,,,pending,,,,face_crop_fallback,pending,
-wny0OAz3g8$_$5,2,start_s,3.059999942779541,3.059999942779541,6.911979,53,108,a theory formalized by modern sociologists Michael Omi ,mfa-3.4.1/english_mfa-3.1.0,,c604a27c0b892d3e3c51309d25a30acea134188096785c50b780e21cec4cca57,,,pending,,,,face_crop_fallback,pending,
-wny0OAz3g8$_$5,2,end_s,5.53000020980835,5.53000020980835,6.911979,53,108,a theory formalized by modern sociologists Michael Omi ,mfa-3.4.1/english_mfa-3.1.0,,c604a27c0b892d3e3c51309d25a30acea134188096785c50b780e21cec4cca57,,,pending,,,,face_crop_fallback,pending,
-wny0OAz3g8$_$5,3,start_s,5.53000020980835,5.53000020980835,6.911979,108,125,and Howard Winant,mfa-3.4.1/english_mfa-3.1.0,,c604a27c0b892d3e3c51309d25a30acea134188096785c50b780e21cec4cca57,,,pending,,,,face_crop_fallback,pending,
-wny0OAz3g8$_$5,3,end_s,6.119999885559082,6.119999885559082,6.911979,108,125,and Howard Winant,mfa-3.4.1/english_mfa-3.1.0,,c604a27c0b892d3e3c51309d25a30acea134188096785c50b780e21cec4cca57,,,pending,,,,face_crop_fallback,pending,
-wny0OAz3g8$_$7,0,start_s,0.5,0.5,8.067969,0,41,Omi and Winant argue that the concept of ,mfa-3.4.1/english_mfa-3.1.0,,b09de3aa80741611f864aed072889683f39f6cce1d5aaa5c8e08d37c5ab95cb8,,,pending,,,,face_crop_fallback,pending,
-wny0OAz3g8$_$7,0,end_s,2.059999942779541,2.059999942779541,8.067969,0,41,Omi and Winant argue that the concept of ,mfa-3.4.1/english_mfa-3.1.0,,b09de3aa80741611f864aed072889683f39f6cce1d5aaa5c8e08d37c5ab95cb8,,,pending,,,,face_crop_fallback,pending,
-wny0OAz3g8$_$7,1,start_s,2.059999942779541,2.059999942779541,8.067969,41,78,race came about as a tool to justify ,mfa-3.4.1/english_mfa-3.1.0,,b09de3aa80741611f864aed072889683f39f6cce1d5aaa5c8e08d37c5ab95cb8,,,pending,,,,face_crop_fallback,pending,
-wny0OAz3g8$_$7,1,end_s,3.869999885559082,3.869999885559082,8.067969,41,78,race came about as a tool to justify ,mfa-3.4.1/english_mfa-3.1.0,,b09de3aa80741611f864aed072889683f39f6cce1d5aaa5c8e08d37c5ab95cb8,,,pending,,,,face_crop_fallback,pending,
-wny0OAz3g8$_$7,2,start_s,3.869999885559082,3.869999885559082,8.067969,78,129,and maintain the economic and political power held ,mfa-3.4.1/english_mfa-3.1.0,,b09de3aa80741611f864aed072889683f39f6cce1d5aaa5c8e08d37c5ab95cb8,,,pending,,,,face_crop_fallback,pending,
-wny0OAz3g8$_$7,2,end_s,6.260000228881836,6.260000228881836,8.067969,78,129,and maintain the economic and political power held ,mfa-3.4.1/english_mfa-3.1.0,,b09de3aa80741611f864aed072889683f39f6cce1d5aaa5c8e08d37c5ab95cb8,,,pending,,,,face_crop_fallback,pending,
-wny0OAz3g8$_$7,3,start_s,6.260000228881836,6.260000228881836,8.067969,129,157,by those of European descent,mfa-3.4.1/english_mfa-3.1.0,,b09de3aa80741611f864aed072889683f39f6cce1d5aaa5c8e08d37c5ab95cb8,,,pending,,,,face_crop_fallback,pending,
-wny0OAz3g8$_$7,3,end_s,7.360000133514404,7.360000133514404,8.067969,129,157,by those of European descent,mfa-3.4.1/english_mfa-3.1.0,,b09de3aa80741611f864aed072889683f39f6cce1d5aaa5c8e08d37c5ab95cb8,,,pending,,,,face_crop_fallback,pending,
-wny0OAz3g8$_$9,0,start_s,0.5299999713897705,0.5299999713897705,6.213021,0,47,He explores why Black and White Americans tend ,mfa-3.4.1/english_mfa-3.1.0,,8ae22c8c1e438761b0a761276935a9524fcfbf36c643f4187c14d6d1be190a1f,,,pending,,,,,pending,
-wny0OAz3g8$_$9,0,end_s,2.2899999618530273,2.2899999618530273,6.213021,0,47,He explores why Black and White Americans tend ,mfa-3.4.1/english_mfa-3.1.0,,8ae22c8c1e438761b0a761276935a9524fcfbf36c643f4187c14d6d1be190a1f,,,pending,,,,,pending,
-wny0OAz3g8$_$9,1,start_s,2.2899999618530273,2.2899999618530273,6.213021,47,91,to have such different outcomes in terms of ,mfa-3.4.1/english_mfa-3.1.0,,8ae22c8c1e438761b0a761276935a9524fcfbf36c643f4187c14d6d1be190a1f,,,pending,,,,,pending,
-wny0OAz3g8$_$9,1,end_s,4.070000171661377,4.070000171661377,6.213021,47,91,to have such different outcomes in terms of ,mfa-3.4.1/english_mfa-3.1.0,,8ae22c8c1e438761b0a761276935a9524fcfbf36c643f4187c14d6d1be190a1f,,,pending,,,,,pending,
-wny0OAz3g8$_$9,2,start_s,4.070000171661377,4.070000171661377,6.213021,91,99,"income, ",mfa-3.4.1/english_mfa-3.1.0,,8ae22c8c1e438761b0a761276935a9524fcfbf36c643f4187c14d6d1be190a1f,,,pending,,,,,pending,
-wny0OAz3g8$_$9,2,end_s,4.579999923706055,4.579999923706055,6.213021,91,99,"income, ",mfa-3.4.1/english_mfa-3.1.0,,8ae22c8c1e438761b0a761276935a9524fcfbf36c643f4187c14d6d1be190a1f,,,pending,,,,,pending,
-wny0OAz3g8$_$9,3,start_s,4.579999923706055,4.579999923706055,6.213021,99,110,"education, ",mfa-3.4.1/english_mfa-3.1.0,,8ae22c8c1e438761b0a761276935a9524fcfbf36c643f4187c14d6d1be190a1f,,,pending,,,,,pending,
-wny0OAz3g8$_$9,3,end_s,5.159999847412109,5.159999847412109,6.213021,99,110,"education, ",mfa-3.4.1/english_mfa-3.1.0,,8ae22c8c1e438761b0a761276935a9524fcfbf36c643f4187c14d6d1be190a1f,,,pending,,,,,pending,
-wny0OAz3g8$_$9,4,start_s,5.159999847412109,5.159999847412109,6.213021,110,118,and more,mfa-3.4.1/english_mfa-3.1.0,,8ae22c8c1e438761b0a761276935a9524fcfbf36c643f4187c14d6d1be190a1f,,,pending,,,,,pending,
-wny0OAz3g8$_$9,4,end_s,5.53000020980835,5.53000020980835,6.213021,110,118,and more,mfa-3.4.1/english_mfa-3.1.0,,8ae22c8c1e438761b0a761276935a9524fcfbf36c643f4187c14d6d1be190a1f,,,pending,,,,,pending,
-yRb-Jum7EQ$_$1,0,start_s,0.47999998927116394,0.47999998927116394,29.288021,0,14,it comes with ,mfa-3.4.1/english_mfa-3.1.0,,b7eee46bf4398ee963e8c24026b883b0a630e552a5ecb1d3e1c36edb49368743,,,pending,,,,ambiguous_face_selection;face_crop_fallback,pending,
-yRb-Jum7EQ$_$1,0,end_s,1.1200000047683716,1.1200000047683716,29.288021,0,14,it comes with ,mfa-3.4.1/english_mfa-3.1.0,,b7eee46bf4398ee963e8c24026b883b0a630e552a5ecb1d3e1c36edb49368743,,,pending,,,,ambiguous_face_selection;face_crop_fallback,pending,
-yRb-Jum7EQ$_$1,1,start_s,2.009999990463257,2.009999990463257,29.288021,14,33,the assistance and ,mfa-3.4.1/english_mfa-3.1.0,,b7eee46bf4398ee963e8c24026b883b0a630e552a5ecb1d3e1c36edb49368743,,,pending,,,,ambiguous_face_selection,pending,
-yRb-Jum7EQ$_$1,1,end_s,3.640000104904175,3.640000104904175,29.288021,14,33,the assistance and ,mfa-3.4.1/english_mfa-3.1.0,,b7eee46bf4398ee963e8c24026b883b0a630e552a5ecb1d3e1c36edb49368743,,,pending,,,,ambiguous_face_selection,pending,
-yRb-Jum7EQ$_$1,2,start_s,4.53000020980835,4.53000020980835,29.288021,33,57,agitation of states and ,mfa-3.4.1/english_mfa-3.1.0,,b7eee46bf4398ee963e8c24026b883b0a630e552a5ecb1d3e1c36edb49368743,,,pending,,,,ambiguous_face_selection,pending,
-yRb-Jum7EQ$_$1,2,end_s,5.679999828338623,5.679999828338623,29.288021,33,57,agitation of states and ,mfa-3.4.1/english_mfa-3.1.0,,b7eee46bf4398ee963e8c24026b883b0a630e552a5ecb1d3e1c36edb49368743,,,pending,,,,ambiguous_face_selection,pending,
-yRb-Jum7EQ$_$1,3,start_s,6.550000190734863,6.550000190734863,29.288021,57,66,"regimes, ",mfa-3.4.1/english_mfa-3.1.0,,b7eee46bf4398ee963e8c24026b883b0a630e552a5ecb1d3e1c36edb49368743,,,pending,,,,ambiguous_face_selection,pending,
-yRb-Jum7EQ$_$1,3,end_s,7.150000095367432,7.150000095367432,29.288021,57,66,"regimes, ",mfa-3.4.1/english_mfa-3.1.0,,b7eee46bf4398ee963e8c24026b883b0a630e552a5ecb1d3e1c36edb49368743,,,pending,,,,ambiguous_face_selection,pending,
-yRb-Jum7EQ$_$1,4,start_s,7.699999809265137,7.699999809265137,29.288021,66,99,Yesterday Iran announced that it ,mfa-3.4.1/english_mfa-3.1.0,,b7eee46bf4398ee963e8c24026b883b0a630e552a5ecb1d3e1c36edb49368743,,,pending,,,,,pending,
-yRb-Jum7EQ$_$1,4,end_s,8.850000381469727,8.850000381469727,29.288021,66,99,Yesterday Iran announced that it ,mfa-3.4.1/english_mfa-3.1.0,,b7eee46bf4398ee963e8c24026b883b0a630e552a5ecb1d3e1c36edb49368743,,,pending,,,,,pending,
-yRb-Jum7EQ$_$1,5,start_s,9.4399995803833,9.4399995803833,29.288021,99,112,will finance ,mfa-3.4.1/english_mfa-3.1.0,,b7eee46bf4398ee963e8c24026b883b0a630e552a5ecb1d3e1c36edb49368743,,,pending,,,,,pending,
-yRb-Jum7EQ$_$1,5,end_s,10.369999885559082,10.369999885559082,29.288021,99,112,will finance ,mfa-3.4.1/english_mfa-3.1.0,,b7eee46bf4398ee963e8c24026b883b0a630e552a5ecb1d3e1c36edb49368743,,,pending,,,,,pending,
-yRb-Jum7EQ$_$1,6,start_s,10.890000343322754,10.890000343322754,29.288021,112,157,the families of the terrorists and murderers ,mfa-3.4.1/english_mfa-3.1.0,,b7eee46bf4398ee963e8c24026b883b0a630e552a5ecb1d3e1c36edb49368743,,,pending,,,,,pending,
-yRb-Jum7EQ$_$1,6,end_s,12.880000114440918,12.880000114440918,29.288021,112,157,the families of the terrorists and murderers ,mfa-3.4.1/english_mfa-3.1.0,,b7eee46bf4398ee963e8c24026b883b0a630e552a5ecb1d3e1c36edb49368743,,,pending,,,,,pending,
-yRb-Jum7EQ$_$1,7,start_s,13.600000381469727,13.600000381469727,29.288021,157,179,"this shows that Iran, ",mfa-3.4.1/english_mfa-3.1.0,,b7eee46bf4398ee963e8c24026b883b0a630e552a5ecb1d3e1c36edb49368743,,,pending,,,,,pending,
-yRb-Jum7EQ$_$1,7,end_s,14.460000038146973,14.460000038146973,29.288021,157,179,"this shows that Iran, ",mfa-3.4.1/english_mfa-3.1.0,,b7eee46bf4398ee963e8c24026b883b0a630e552a5ecb1d3e1c36edb49368743,,,pending,,,,,pending,
-yRb-Jum7EQ$_$1,8,start_s,14.600000381469727,14.600000381469727,29.288021,179,213,"even after the nuclear agreement, ",mfa-3.4.1/english_mfa-3.1.0,,b7eee46bf4398ee963e8c24026b883b0a630e552a5ecb1d3e1c36edb49368743,,,pending,,,,,pending,
-yRb-Jum7EQ$_$1,8,end_s,16.549999237060547,16.549999237060547,29.288021,179,213,"even after the nuclear agreement, ",mfa-3.4.1/english_mfa-3.1.0,,b7eee46bf4398ee963e8c24026b883b0a630e552a5ecb1d3e1c36edb49368743,,,pending,,,,,pending,
-yRb-Jum7EQ$_$1,9,start_s,16.579999923706055,16.579999923706055,29.288021,213,216,is ,mfa-3.4.1/english_mfa-3.1.0,,b7eee46bf4398ee963e8c24026b883b0a630e552a5ecb1d3e1c36edb49368743,,,pending,,,,,pending,
-yRb-Jum7EQ$_$1,9,end_s,16.780000686645508,16.780000686645508,29.288021,213,216,is ,mfa-3.4.1/english_mfa-3.1.0,,b7eee46bf4398ee963e8c24026b883b0a630e552a5ecb1d3e1c36edb49368743,,,pending,,,,,pending,
-yRb-Jum7EQ$_$1,10,start_s,17.59000015258789,17.59000015258789,29.288021,216,245,"continuing to aid terrorism, ",mfa-3.4.1/english_mfa-3.1.0,,b7eee46bf4398ee963e8c24026b883b0a630e552a5ecb1d3e1c36edb49368743,,,pending,,,,,pending,
-yRb-Jum7EQ$_$1,10,end_s,19.3700008392334,19.3700008392334,29.288021,216,245,"continuing to aid terrorism, ",mfa-3.4.1/english_mfa-3.1.0,,b7eee46bf4398ee963e8c24026b883b0a630e552a5ecb1d3e1c36edb49368743,,,pending,,,,,pending,
-yRb-Jum7EQ$_$1,11,start_s,19.3700008392334,19.3700008392334,29.288021,245,255,including ,mfa-3.4.1/english_mfa-3.1.0,,b7eee46bf4398ee963e8c24026b883b0a630e552a5ecb1d3e1c36edb49368743,,,pending,,,,,pending,
-yRb-Jum7EQ$_$1,11,end_s,19.850000381469727,19.850000381469727,29.288021,245,255,including ,mfa-3.4.1/english_mfa-3.1.0,,b7eee46bf4398ee963e8c24026b883b0a630e552a5ecb1d3e1c36edb49368743,,,pending,,,,,pending,
-yRb-Jum7EQ$_$1,12,start_s,20.18000030517578,20.18000030517578,29.288021,255,267,Palestinian ,mfa-3.4.1/english_mfa-3.1.0,,b7eee46bf4398ee963e8c24026b883b0a630e552a5ecb1d3e1c36edb49368743,,,pending,,,,,pending,
-yRb-Jum7EQ$_$1,12,end_s,20.719999313354492,20.719999313354492,29.288021,255,267,Palestinian ,mfa-3.4.1/english_mfa-3.1.0,,b7eee46bf4398ee963e8c24026b883b0a630e552a5ecb1d3e1c36edb49368743,,,pending,,,,,pending,
-yRb-Jum7EQ$_$1,13,start_s,21.690000534057617,21.690000534057617,29.288021,267,278,"terrorism, ",mfa-3.4.1/english_mfa-3.1.0,,b7eee46bf4398ee963e8c24026b883b0a630e552a5ecb1d3e1c36edb49368743,,,pending,,,,,pending,
-yRb-Jum7EQ$_$1,13,end_s,22.100000381469727,22.100000381469727,29.288021,267,278,"terrorism, ",mfa-3.4.1/english_mfa-3.1.0,,b7eee46bf4398ee963e8c24026b883b0a630e552a5ecb1d3e1c36edb49368743,,,pending,,,,,pending,
-yRb-Jum7EQ$_$1,14,start_s,22.100000381469727,22.100000381469727,29.288021,278,320,Hezbollah terrorism and its assistance to ,mfa-3.4.1/english_mfa-3.1.0,,b7eee46bf4398ee963e8c24026b883b0a630e552a5ecb1d3e1c36edb49368743,,,pending,,,,,pending,
-yRb-Jum7EQ$_$1,14,end_s,26.09000015258789,26.09000015258789,29.288021,278,320,Hezbollah terrorism and its assistance to ,mfa-3.4.1/english_mfa-3.1.0,,b7eee46bf4398ee963e8c24026b883b0a630e552a5ecb1d3e1c36edb49368743,,,pending,,,,,pending,
-yRb-Jum7EQ$_$1,15,start_s,26.860000610351562,26.860000610351562,29.288021,320,326,Hamas.,mfa-3.4.1/english_mfa-3.1.0,,b7eee46bf4398ee963e8c24026b883b0a630e552a5ecb1d3e1c36edb49368743,,,pending,,,,,pending,
-yRb-Jum7EQ$_$1,15,end_s,28.010000228881836,28.010000228881836,29.288021,320,326,Hamas.,mfa-3.4.1/english_mfa-3.1.0,,b7eee46bf4398ee963e8c24026b883b0a630e552a5ecb1d3e1c36edb49368743,,,pending,,,,,pending,
-yRb-Jum7EQ$_$5,0,start_s,0.0,0.0,13.16901,0,28,Yesterday Eliav Gelman lost ,mfa-3.4.1/english_mfa-3.1.0,,7c8f2871998de68fbab86ef4c3e758d9505b3f1b76979d99f3a612f083e08637,,,pending,,,,,pending,
-yRb-Jum7EQ$_$5,0,end_s,1.7899999618530273,1.7899999618530273,13.16901,0,28,Yesterday Eliav Gelman lost ,mfa-3.4.1/english_mfa-3.1.0,,7c8f2871998de68fbab86ef4c3e758d9505b3f1b76979d99f3a612f083e08637,,,pending,,,,,pending,
-yRb-Jum7EQ$_$5,1,start_s,2.7200000286102295,2.7200000286102295,13.16901,28,66,"his life in another terrorist attack, ",mfa-3.4.1/english_mfa-3.1.0,,7c8f2871998de68fbab86ef4c3e758d9505b3f1b76979d99f3a612f083e08637,,,pending,,,,,pending,
-yRb-Jum7EQ$_$5,1,end_s,4.269999980926514,4.269999980926514,13.16901,28,66,"his life in another terrorist attack, ",mfa-3.4.1/english_mfa-3.1.0,,7c8f2871998de68fbab86ef4c3e758d9505b3f1b76979d99f3a612f083e08637,,,pending,,,,,pending,
-yRb-Jum7EQ$_$5,2,start_s,4.269999980926514,4.269999980926514,13.16901,66,100,"not by the students of terrorism, ",mfa-3.4.1/english_mfa-3.1.0,,7c8f2871998de68fbab86ef4c3e758d9505b3f1b76979d99f3a612f083e08637,,,pending,,,,,pending,
-yRb-Jum7EQ$_$5,2,end_s,6.590000152587891,6.590000152587891,13.16901,66,100,"not by the students of terrorism, ",mfa-3.4.1/english_mfa-3.1.0,,7c8f2871998de68fbab86ef4c3e758d9505b3f1b76979d99f3a612f083e08637,,,pending,,,,,pending,
-yRb-Jum7EQ$_$5,3,start_s,7.389999866485596,7.389999866485596,13.16901,100,134,"but by those who teach terrorism, ",mfa-3.4.1/english_mfa-3.1.0,,7c8f2871998de68fbab86ef4c3e758d9505b3f1b76979d99f3a612f083e08637,,,pending,,,,,pending,
-yRb-Jum7EQ$_$5,3,end_s,8.869999885559082,8.869999885559082,13.16901,100,134,"but by those who teach terrorism, ",mfa-3.4.1/english_mfa-3.1.0,,7c8f2871998de68fbab86ef4c3e758d9505b3f1b76979d99f3a612f083e08637,,,pending,,,,,pending,
-yRb-Jum7EQ$_$5,4,start_s,8.869999885559082,8.869999885559082,13.16901,134,148,a Palestinian ,mfa-3.4.1/english_mfa-3.1.0,,7c8f2871998de68fbab86ef4c3e758d9505b3f1b76979d99f3a612f083e08637,,,pending,,,,,pending,
-yRb-Jum7EQ$_$5,4,end_s,11.75,11.75,13.16901,134,148,a Palestinian ,mfa-3.4.1/english_mfa-3.1.0,,7c8f2871998de68fbab86ef4c3e758d9505b3f1b76979d99f3a612f083e08637,,,pending,,,,,pending,
-yRb-Jum7EQ$_$5,5,start_s,12.4399995803833,12.4399995803833,13.16901,148,156,teacher.,mfa-3.4.1/english_mfa-3.1.0,,7c8f2871998de68fbab86ef4c3e758d9505b3f1b76979d99f3a612f083e08637,,,pending,,,,,pending,
-yRb-Jum7EQ$_$5,5,end_s,13.044,13.044,13.16901,148,156,teacher.,mfa-3.4.1/english_mfa-3.1.0,,7c8f2871998de68fbab86ef4c3e758d9505b3f1b76979d99f3a612f083e08637,,,pending,,,,,pending,
-yRb-Jum7EQ$_$6,0,start_s,0.38999998569488525,0.38999998569488525,11.241995,0,11,"Therefore, ",mfa-3.4.1/english_mfa-3.1.0,,2034f018a669a90a307b95886406738a225332a3bd4bf0e348013b1cb0a7fe04,,,pending,,,,,pending,
-yRb-Jum7EQ$_$6,0,end_s,0.5799999833106995,0.5799999833106995,11.241995,0,11,"Therefore, ",mfa-3.4.1/english_mfa-3.1.0,,2034f018a669a90a307b95886406738a225332a3bd4bf0e348013b1cb0a7fe04,,,pending,,,,,pending,
-yRb-Jum7EQ$_$6,1,start_s,0.5799999833106995,0.5799999833106995,11.241995,11,56,the world needs to stand with Israel against ,mfa-3.4.1/english_mfa-3.1.0,,2034f018a669a90a307b95886406738a225332a3bd4bf0e348013b1cb0a7fe04,,,pending,,,,,pending,
-yRb-Jum7EQ$_$6,1,end_s,2.609999895095825,2.609999895095825,11.241995,11,56,the world needs to stand with Israel against ,mfa-3.4.1/english_mfa-3.1.0,,2034f018a669a90a307b95886406738a225332a3bd4bf0e348013b1cb0a7fe04,,,pending,,,,,pending,
-yRb-Jum7EQ$_$6,2,start_s,3.569999933242798,3.569999933242798,11.241995,56,73,"this incitement, ",mfa-3.4.1/english_mfa-3.1.0,,2034f018a669a90a307b95886406738a225332a3bd4bf0e348013b1cb0a7fe04,,,pending,,,,,pending,
-yRb-Jum7EQ$_$6,2,end_s,4.679999828338623,4.679999828338623,11.241995,56,73,"this incitement, ",mfa-3.4.1/english_mfa-3.1.0,,2034f018a669a90a307b95886406738a225332a3bd4bf0e348013b1cb0a7fe04,,,pending,,,,,pending,
-yRb-Jum7EQ$_$6,3,start_s,4.679999828338623,4.679999828338623,11.241995,73,79,which ,mfa-3.4.1/english_mfa-3.1.0,,2034f018a669a90a307b95886406738a225332a3bd4bf0e348013b1cb0a7fe04,,,pending,,,,,pending,
-yRb-Jum7EQ$_$6,3,end_s,4.889999866485596,4.889999866485596,11.241995,73,79,which ,mfa-3.4.1/english_mfa-3.1.0,,2034f018a669a90a307b95886406738a225332a3bd4bf0e348013b1cb0a7fe04,,,pending,,,,,pending,
-yRb-Jum7EQ$_$6,4,start_s,5.5,5.5,11.241995,79,97,is the number one ,mfa-3.4.1/english_mfa-3.1.0,,2034f018a669a90a307b95886406738a225332a3bd4bf0e348013b1cb0a7fe04,,,pending,,,,,pending,
-yRb-Jum7EQ$_$6,4,end_s,6.320000171661377,6.320000171661377,11.241995,79,97,is the number one ,mfa-3.4.1/english_mfa-3.1.0,,2034f018a669a90a307b95886406738a225332a3bd4bf0e348013b1cb0a7fe04,,,pending,,,,,pending,
-yRb-Jum7EQ$_$6,5,start_s,6.710000038146973,6.710000038146973,11.241995,97,106,cause of ,mfa-3.4.1/english_mfa-3.1.0,,2034f018a669a90a307b95886406738a225332a3bd4bf0e348013b1cb0a7fe04,,,pending,,,,,pending,
-yRb-Jum7EQ$_$6,5,end_s,7.25,7.25,11.241995,97,106,cause of ,mfa-3.4.1/english_mfa-3.1.0,,2034f018a669a90a307b95886406738a225332a3bd4bf0e348013b1cb0a7fe04,,,pending,,,,,pending,
-yRb-Jum7EQ$_$6,6,start_s,9.680000305175781,9.680000305175781,11.241995,106,116,terrorism.,mfa-3.4.1/english_mfa-3.1.0,,2034f018a669a90a307b95886406738a225332a3bd4bf0e348013b1cb0a7fe04,,,pending,,,,,pending,
-yRb-Jum7EQ$_$6,6,end_s,10.239999771118164,10.239999771118164,11.241995,106,116,terrorism.,mfa-3.4.1/english_mfa-3.1.0,,2034f018a669a90a307b95886406738a225332a3bd4bf0e348013b1cb0a7fe04,,,pending,,,,,pending,
