candidate,view,seed,fold,sample_id,video_id,y_class,pred_class,y_reg,pred_reg
A_current_audited,text,20260924,1,-3g5yACwYnA$_$13,-3g5yACwYnA,Positive,Positive,0.6666666865348816,0.0571681269505907
A_current_audited,text,20260924,1,-3g5yACwYnA$_$2,-3g5yACwYnA,Neutral,Positive,0.0,0.2917369080891511
A_current_audited,text,20260924,1,-3g5yACwYnA$_$3,-3g5yACwYnA,Neutral,Neutral,0.0,0.5634560916788736
A_current_audited,text,20260924,1,-3g5yACwYnA$_$9,-3g5yACwYnA,Positive,Positive,0.6666666865348816,1.0860851883353522
A_current_audited,text,20260924,0,-3nNcZdcdvU$_$5,-3nNcZdcdvU,Neutral,Neutral,0.0,-0.15266738488634324
A_current_audited,text,20260924,3,-571d8cVauQ$_$0,-571d8cVauQ,Neutral,Positive,0.0,0.09434502573841047
A_current_audited,text,20260924,3,-571d8cVauQ$_$5,-571d8cVauQ,Positive,Positive,0.3333333432674408,0.7886070723409402
A_current_audited,text,20260924,0,-6rXp3zJ3kc$_$8,-6rXp3zJ3kc,Negative,Positive,-1.0,0.0441025843199877
A_current_audited,text,20260924,0,-9y-fZ3swSY$_$0,-9y-fZ3swSY,Positive,Positive,1.0,0.6851590765279008
A_current_audited,text,20260924,0,-9y-fZ3swSY$_$4,-9y-fZ3swSY,Neutral,Neutral,0.0,0.6243377737422852
A_current_audited,text,20260924,0,-9y-fZ3swSY$_$8,-9y-fZ3swSY,Positive,Positive,1.6666666269302368,0.9191669032933145
A_current_audited,text,20260924,0,-AUZQgSxyPQ$_$2,-AUZQgSxyPQ,Positive,Negative,0.6666666865348816,0.32389128820205165
A_current_audited,text,20260924,4,-HeZS2-Prhc$_$2,-HeZS2-Prhc,Positive,Positive,0.6666666865348816,-0.48205998262621974
A_current_audited,text,20260924,4,-HwX2H8Z4hY$_$2,-HwX2H8Z4hY,Neutral,Positive,0.0,0.2227508808945851
A_current_audited,text,20260924,4,-HwX2H8Z4hY$_$5,-HwX2H8Z4hY,Negative,Neutral,-1.0,0.1368369865386181
A_current_audited,text,20260924,4,-HwX2H8Z4hY$_$6,-HwX2H8Z4hY,Neutral,Neutral,0.0,0.08530662922800514
A_current_audited,text,20260924,4,-HwX2H8Z4hY$_$9,-HwX2H8Z4hY,Negative,Positive,-0.3333333432674408,0.6607181659327425
A_current_audited,text,20260924,1,-I_e4mIh0yE$_$1,-I_e4mIh0yE,Negative,Neutral,-0.6666666865348816,-0.4825725255875699
A_current_audited,text,20260924,1,-I_e4mIh0yE$_$3,-I_e4mIh0yE,Positive,Positive,0.6666666865348816,0.6605645167944039
A_current_audited,text,20260924,3,-MeTTeMJBNc$_$0,-MeTTeMJBNc,Positive,Negative,0.3333333432674408,0.09165798046448398
A_current_audited,text,20260924,3,-MeTTeMJBNc$_$13,-MeTTeMJBNc,Positive,Positive,0.3333333432674408,0.5585425573613547
A_current_audited,text,20260924,3,-MeTTeMJBNc$_$7,-MeTTeMJBNc,Positive,Positive,1.3333333730697632,0.4095921748189239
A_current_audited,text,20260924,3,-NFrJFQijFE$_$1,-NFrJFQijFE,Positive,Neutral,0.3333333432674408,-0.1860648691975248
A_current_audited,text,20260924,3,-NFrJFQijFE$_$2,-NFrJFQijFE,Neutral,Neutral,0.0,0.015246442679048067
A_current_audited,text,20260924,2,-RfYyzHpjk4$_$11,-RfYyzHpjk4,Positive,Positive,2.0,0.6325182250471244
A_current_audited,text,20260924,2,-RfYyzHpjk4$_$2,-RfYyzHpjk4,Positive,Positive,0.3333333432674408,0.5068348788810633
A_current_audited,text,20260924,2,-RfYyzHpjk4$_$8,-RfYyzHpjk4,Positive,Positive,0.3333333432674408,0.3295331014017522
A_current_audited,text,20260924,0,-THoVjtIkeU$_$12,-THoVjtIkeU,Positive,Positive,2.0,0.5267402749913509
A_current_audited,text,20260924,0,-THoVjtIkeU$_$2,-THoVjtIkeU,Positive,Positive,1.3333333730697632,0.7813842734749761
A_current_audited,text,20260924,0,-THoVjtIkeU$_$6,-THoVjtIkeU,Positive,Positive,2.6666667461395264,0.38687491717706785
A_current_audited,text,20260924,4,-UUCSKoHeMA$_$0,-UUCSKoHeMA,Neutral,Neutral,0.0,0.20840120553957978
A_current_audited,text,20260924,0,-UacrmKiTn4$_$10,-UacrmKiTn4,Negative,Positive,-0.6666666865348816,0.08418240551898093
A_current_audited,text,20260924,0,-UacrmKiTn4$_$4,-UacrmKiTn4,Negative,Positive,-1.3333333730697632,0.5416791739714305
A_current_audited,text,20260924,2,-UuX1xuaiiE$_$0,-UuX1xuaiiE,Positive,Positive,2.6666667461395264,1.1096830304363063
A_current_audited,text,20260924,2,-UuX1xuaiiE$_$1,-UuX1xuaiiE,Positive,Positive,1.6666666269302368,0.5874946717038355
A_current_audited,text,20260924,2,-UuX1xuaiiE$_$3,-UuX1xuaiiE,Positive,Neutral,0.3333333432674408,0.35266951808342045
A_current_audited,text,20260924,2,-UuX1xuaiiE$_$6,-UuX1xuaiiE,Negative,Negative,-0.3333333432674408,-0.2114856564265168
A_current_audited,text,20260924,4,-a55Q6RWvTA$_$3,-a55Q6RWvTA,Positive,Positive,0.6666666865348816,0.637450529972184
A_current_audited,text,20260924,0,-aNfi7CP8vM$_$7,-aNfi7CP8vM,Neutral,Positive,0.0,0.31750164669240555
A_current_audited,text,20260924,3,-aqamKhZ1Ec$_$0,-aqamKhZ1Ec,Negative,Neutral,-2.0,-0.11974035201705585
A_current_audited,text,20260924,4,-dxfTGcXJoc$_$0,-dxfTGcXJoc,Positive,Positive,1.0,0.7978321269342896
A_current_audited,text,20260924,4,-dxfTGcXJoc$_$1,-dxfTGcXJoc,Positive,Neutral,1.6666666269302368,0.8113210570920927
A_current_audited,text,20260924,4,-dxfTGcXJoc$_$2,-dxfTGcXJoc,Positive,Neutral,0.6666666865348816,0.8891127331576388
A_current_audited,text,20260924,4,-dxfTGcXJoc$_$6,-dxfTGcXJoc,Positive,Positive,0.6666666865348816,0.7280639037637352
A_current_audited,text,20260924,4,-egA8-b7-3M$_$1,-egA8-b7-3M,Positive,Positive,0.6666666865348816,0.4653208417011122
A_current_audited,text,20260924,4,-egA8-b7-3M$_$13,-egA8-b7-3M,Positive,Positive,0.3333333432674408,0.24968897349697783
A_current_audited,text,20260924,4,-egA8-b7-3M$_$16,-egA8-b7-3M,Positive,Positive,0.6666666865348816,0.6675890004552172
A_current_audited,text,20260924,4,-egA8-b7-3M$_$17,-egA8-b7-3M,Positive,Positive,0.3333333432674408,1.0934127043877837
A_current_audited,text,20260924,4,-egA8-b7-3M$_$18,-egA8-b7-3M,Positive,Positive,1.0,0.8069271487259756
A_current_audited,text,20260924,4,-egA8-b7-3M$_$20,-egA8-b7-3M,Positive,Positive,0.3333333432674408,0.9431548051743611
A_current_audited,text,20260924,4,-egA8-b7-3M$_$26,-egA8-b7-3M,Positive,Neutral,1.6666666269302368,0.20461421880225888
A_current_audited,text,20260924,4,-egA8-b7-3M$_$6,-egA8-b7-3M,Positive,Positive,0.6666666865348816,1.5283019745316189
A_current_audited,text,20260924,4,-egA8-b7-3M$_$9,-egA8-b7-3M,Positive,Positive,0.3333333432674408,0.5942363251284024
A_current_audited,text,20260924,3,-hnBHBN8p5A$_$6,-hnBHBN8p5A,Positive,Positive,1.0,1.2542180029675283
A_current_audited,text,20260924,3,-hnBHBN8p5A$_$7,-hnBHBN8p5A,Positive,Neutral,0.6666666865348816,0.007354149273457622
A_current_audited,text,20260924,1,-iRBcNs9oI8$_$3,-iRBcNs9oI8,Positive,Neutral,0.6666666865348816,-0.13056033815404544
A_current_audited,text,20260924,1,-iRBcNs9oI8$_$6,-iRBcNs9oI8,Positive,Positive,0.3333333432674408,0.4219147445619106
A_current_audited,text,20260924,1,-iRBcNs9oI8$_$7,-iRBcNs9oI8,Positive,Neutral,0.6666666865348816,0.19940616376284007
A_current_audited,text,20260924,1,-iRBcNs9oI8$_$8,-iRBcNs9oI8,Positive,Positive,1.0,0.4818928532988084
A_current_audited,text,20260924,1,-iRBcNs9oI8$_$9,-iRBcNs9oI8,Positive,Neutral,1.3333333730697632,-0.0644171935340932
A_current_audited,text,20260924,1,-lzEya4AM_4$_$5,-lzEya4AM_4,Negative,Negative,-0.6666666865348816,-0.2139006014689917
A_current_audited,text,20260924,1,-lzEya4AM_4$_$6,-lzEya4AM_4,Negative,Neutral,-0.3333333432674408,-0.22923172783730528
A_current_audited,text,20260924,4,-mJ2ud6oKI8$_$1,-mJ2ud6oKI8,Neutral,Neutral,0.0,0.3673399534740608
A_current_audited,text,20260924,4,-mJ2ud6oKI8$_$2,-mJ2ud6oKI8,Neutral,Neutral,0.0,0.47247273677095375
A_current_audited,text,20260924,4,-mJ2ud6oKI8$_$6,-mJ2ud6oKI8,Positive,Neutral,0.3333333432674408,-0.09058191531110471
A_current_audited,text,20260924,4,-mJ2ud6oKI8$_$8,-mJ2ud6oKI8,Negative,Positive,-0.3333333432674408,-0.1392737927736023
A_current_audited,text,20260924,4,-mJ2ud6oKI8$_$9,-mJ2ud6oKI8,Neutral,Positive,0.0,0.26761025684681844
A_current_audited,text,20260924,2,-mqbVkbCndg$_$0,-mqbVkbCndg,Neutral,Positive,0.0,1.1385280907646098
A_current_audited,text,20260924,1,-qDkUB0GgYY$_$6,-qDkUB0GgYY,Positive,Positive,1.3333333730697632,1.2826209542128832
A_current_audited,text,20260924,1,-ri04Z7vwnc$_$0,-ri04Z7vwnc,Neutral,Positive,0.0,-0.20664420325321076
A_current_audited,text,20260924,1,-ri04Z7vwnc$_$2,-ri04Z7vwnc,Negative,Positive,-0.3333333432674408,0.9855625154969834
A_current_audited,text,20260924,1,-ri04Z7vwnc$_$5,-ri04Z7vwnc,Positive,Positive,0.3333333432674408,0.9174625975304767
A_current_audited,text,20260924,1,-s9qJ7ATP7w$_$0,-s9qJ7ATP7w,Negative,Negative,-0.3333333432674408,-0.37999319126394726
A_current_audited,text,20260924,1,-s9qJ7ATP7w$_$1,-s9qJ7ATP7w,Positive,Positive,0.6666666865348816,0.6075515447913328
A_current_audited,text,20260924,1,-s9qJ7ATP7w$_$4,-s9qJ7ATP7w,Neutral,Positive,0.0,0.3030564151611458
A_current_audited,text,20260924,1,-s9qJ7ATP7w$_$5,-s9qJ7ATP7w,Negative,Positive,-2.0,0.24954629732164033
A_current_audited,text,20260924,1,-s9qJ7ATP7w$_$6,-s9qJ7ATP7w,Neutral,Neutral,0.0,0.5163178022402785
A_current_audited,text,20260924,1,-s9qJ7ATP7w$_$7,-s9qJ7ATP7w,Positive,Positive,1.0,0.6295469559481236
A_current_audited,text,20260924,1,-s9qJ7ATP7w$_$8,-s9qJ7ATP7w,Positive,Positive,1.3333333730697632,0.502227925393688
A_current_audited,text,20260924,3,-t217m2on-s$_$2,-t217m2on-s,Positive,Positive,0.6666666865348816,0.47133881826514745
A_current_audited,text,20260924,3,-t217m2on-s$_$7,-t217m2on-s,Negative,Positive,-0.6666666865348816,0.21304101547754356
A_current_audited,text,20260924,0,-tANM6ETl_M$_$3,-tANM6ETl_M,Positive,Positive,0.3333333432674408,0.580911989783546
A_current_audited,text,20260924,4,-tPCytz4rww$_$10,-tPCytz4rww,Neutral,Positive,0.0,0.02444352278022416
A_current_audited,text,20260924,4,-tPCytz4rww$_$11,-tPCytz4rww,Neutral,Positive,0.0,0.618604365015641
A_current_audited,text,20260924,4,-tPCytz4rww$_$12,-tPCytz4rww,Neutral,Positive,0.0,0.5999488433813189
A_current_audited,text,20260924,4,-tPCytz4rww$_$16,-tPCytz4rww,Neutral,Positive,0.0,0.06950716011888208
A_current_audited,text,20260924,4,-tPCytz4rww$_$18,-tPCytz4rww,Neutral,Positive,0.0,0.14981830714857558
A_current_audited,text,20260924,0,-uywlfIYOS8$_$4,-uywlfIYOS8,Positive,Positive,0.3333333432674408,0.6211112240194411
A_current_audited,text,20260924,3,-vxjVxOeScU$_$4,-vxjVxOeScU,Positive,Positive,1.0,0.8555468588211339
A_current_audited,text,20260924,1,-wMB_hJL-3o$_$7,-wMB_hJL-3o,Positive,Positive,0.3333333432674408,0.3353768259060518
A_current_audited,text,20260924,2,-wny0OAz3g8$_$0,-wny0OAz3g8,Positive,Neutral,0.3333333432674408,0.019179632434382587
A_current_audited,text,20260924,2,-wny0OAz3g8$_$1,-wny0OAz3g8,Positive,Neutral,0.3333333432674408,0.027305563931806
A_current_audited,text,20260924,2,-wny0OAz3g8$_$2,-wny0OAz3g8,Negative,Negative,-0.3333333432674408,0.20013067146507016
A_current_audited,text,20260924,2,-wny0OAz3g8$_$3,-wny0OAz3g8,Negative,Neutral,-1.3333333730697632,0.13886355596532618
A_current_audited,text,20260924,2,-wny0OAz3g8$_$5,-wny0OAz3g8,Positive,Positive,1.0,0.806475360628216
A_current_audited,text,20260924,2,-wny0OAz3g8$_$7,-wny0OAz3g8,Neutral,Positive,0.0,0.4158503566422087
A_current_audited,text,20260924,2,-wny0OAz3g8$_$9,-wny0OAz3g8,Positive,Positive,0.6666666865348816,0.6113995531101626
A_current_audited,text,20260924,4,-yRb-Jum7EQ$_$1,-yRb-Jum7EQ,Neutral,Negative,0.0,-0.243053026884835
A_current_audited,text,20260924,4,-yRb-Jum7EQ$_$5,-yRb-Jum7EQ,Negative,Negative,-0.6666666865348816,-0.4905089884832161
A_current_audited,text,20260924,4,-yRb-Jum7EQ$_$6,-yRb-Jum7EQ,Neutral,Negative,0.0,-0.4339306587675318
A_current_audited,audio,20260924,1,-3g5yACwYnA$_$13,-3g5yACwYnA,Positive,Neutral,0.6666666865348816,0.29389733252303857
A_current_audited,audio,20260924,1,-3g5yACwYnA$_$2,-3g5yACwYnA,Neutral,Neutral,0.0,0.2878084473656449
A_current_audited,audio,20260924,1,-3g5yACwYnA$_$3,-3g5yACwYnA,Neutral,Neutral,0.0,0.3439539405720045
A_current_audited,audio,20260924,1,-3g5yACwYnA$_$9,-3g5yACwYnA,Positive,Neutral,0.6666666865348816,0.04061054582116769
A_current_audited,audio,20260924,0,-3nNcZdcdvU$_$5,-3nNcZdcdvU,Neutral,Positive,0.0,0.59774857310853
A_current_audited,audio,20260924,3,-571d8cVauQ$_$0,-571d8cVauQ,Neutral,Positive,0.0,0.3298517351723822
A_current_audited,audio,20260924,3,-571d8cVauQ$_$5,-571d8cVauQ,Positive,Neutral,0.3333333432674408,0.30229425380394087
A_current_audited,audio,20260924,0,-6rXp3zJ3kc$_$8,-6rXp3zJ3kc,Negative,Neutral,-1.0,0.09862252053359874
A_current_audited,audio,20260924,0,-9y-fZ3swSY$_$0,-9y-fZ3swSY,Positive,Positive,1.0,0.9112146010528417
A_current_audited,audio,20260924,0,-9y-fZ3swSY$_$4,-9y-fZ3swSY,Neutral,Neutral,0.0,0.4514408005064183
A_current_audited,audio,20260924,0,-9y-fZ3swSY$_$8,-9y-fZ3swSY,Positive,Positive,1.6666666269302368,0.3276411915922192
A_current_audited,audio,20260924,0,-AUZQgSxyPQ$_$2,-AUZQgSxyPQ,Positive,Positive,0.6666666865348816,0.4009868377162662
A_current_audited,audio,20260924,4,-HeZS2-Prhc$_$2,-HeZS2-Prhc,Positive,Positive,0.6666666865348816,0.7516350293184384
A_current_audited,audio,20260924,4,-HwX2H8Z4hY$_$2,-HwX2H8Z4hY,Neutral,Negative,0.0,0.14210508117499188
A_current_audited,audio,20260924,4,-HwX2H8Z4hY$_$5,-HwX2H8Z4hY,Negative,Neutral,-1.0,0.39790050119210435
A_current_audited,audio,20260924,4,-HwX2H8Z4hY$_$6,-HwX2H8Z4hY,Neutral,Neutral,0.0,0.18664106250399298
A_current_audited,audio,20260924,4,-HwX2H8Z4hY$_$9,-HwX2H8Z4hY,Negative,Negative,-0.3333333432674408,0.08343435968487994
A_current_audited,audio,20260924,1,-I_e4mIh0yE$_$1,-I_e4mIh0yE,Negative,Negative,-0.6666666865348816,0.040663755200278484
A_current_audited,audio,20260924,1,-I_e4mIh0yE$_$3,-I_e4mIh0yE,Positive,Neutral,0.6666666865348816,0.19098666897942435
A_current_audited,audio,20260924,3,-MeTTeMJBNc$_$0,-MeTTeMJBNc,Positive,Negative,0.3333333432674408,0.475588610525178
A_current_audited,audio,20260924,3,-MeTTeMJBNc$_$13,-MeTTeMJBNc,Positive,Positive,0.3333333432674408,0.7504798949303382
A_current_audited,audio,20260924,3,-MeTTeMJBNc$_$7,-MeTTeMJBNc,Positive,Negative,1.3333333730697632,0.4772722393158789
A_current_audited,audio,20260924,3,-NFrJFQijFE$_$1,-NFrJFQijFE,Positive,Neutral,0.3333333432674408,0.21687876639098186
A_current_audited,audio,20260924,3,-NFrJFQijFE$_$2,-NFrJFQijFE,Neutral,Neutral,0.0,0.12890498974404196
A_current_audited,audio,20260924,2,-RfYyzHpjk4$_$11,-RfYyzHpjk4,Positive,Positive,2.0,0.4127291435821785
A_current_audited,audio,20260924,2,-RfYyzHpjk4$_$2,-RfYyzHpjk4,Positive,Positive,0.3333333432674408,0.4150887488363665
A_current_audited,audio,20260924,2,-RfYyzHpjk4$_$8,-RfYyzHpjk4,Positive,Positive,0.3333333432674408,0.5932721750140795
A_current_audited,audio,20260924,0,-THoVjtIkeU$_$12,-THoVjtIkeU,Positive,Neutral,2.0,0.15747176089861165
A_current_audited,audio,20260924,0,-THoVjtIkeU$_$2,-THoVjtIkeU,Positive,Positive,1.3333333730697632,0.4245703444120005
A_current_audited,audio,20260924,0,-THoVjtIkeU$_$6,-THoVjtIkeU,Positive,Neutral,2.6666667461395264,0.08754195616111599
A_current_audited,audio,20260924,4,-UUCSKoHeMA$_$0,-UUCSKoHeMA,Neutral,Positive,0.0,0.6916265751705455
A_current_audited,audio,20260924,0,-UacrmKiTn4$_$10,-UacrmKiTn4,Negative,Positive,-0.6666666865348816,0.3421559828537761
A_current_audited,audio,20260924,0,-UacrmKiTn4$_$4,-UacrmKiTn4,Negative,Neutral,-1.3333333730697632,0.2481344901479598
A_current_audited,audio,20260924,2,-UuX1xuaiiE$_$0,-UuX1xuaiiE,Positive,Neutral,2.6666667461395264,0.15736367807365587
A_current_audited,audio,20260924,2,-UuX1xuaiiE$_$1,-UuX1xuaiiE,Positive,Negative,1.6666666269302368,0.08642873444267246
A_current_audited,audio,20260924,2,-UuX1xuaiiE$_$3,-UuX1xuaiiE,Positive,Negative,0.3333333432674408,0.22851141931961938
A_current_audited,audio,20260924,2,-UuX1xuaiiE$_$6,-UuX1xuaiiE,Negative,Neutral,-0.3333333432674408,0.033185779302075225
A_current_audited,audio,20260924,4,-a55Q6RWvTA$_$3,-a55Q6RWvTA,Positive,Negative,0.6666666865348816,0.1740932003092645
A_current_audited,audio,20260924,0,-aNfi7CP8vM$_$7,-aNfi7CP8vM,Neutral,Positive,0.0,0.597338118175053
A_current_audited,audio,20260924,3,-aqamKhZ1Ec$_$0,-aqamKhZ1Ec,Negative,Negative,-2.0,0.4629517791049016
A_current_audited,audio,20260924,4,-dxfTGcXJoc$_$0,-dxfTGcXJoc,Positive,Neutral,1.0,0.20723564813278067
A_current_audited,audio,20260924,4,-dxfTGcXJoc$_$1,-dxfTGcXJoc,Positive,Neutral,1.6666666269302368,0.27318892727372146
A_current_audited,audio,20260924,4,-dxfTGcXJoc$_$2,-dxfTGcXJoc,Positive,Positive,0.6666666865348816,0.36713355245199814
A_current_audited,audio,20260924,4,-dxfTGcXJoc$_$6,-dxfTGcXJoc,Positive,Positive,0.6666666865348816,0.4700095190525517
A_current_audited,audio,20260924,4,-egA8-b7-3M$_$1,-egA8-b7-3M,Positive,Positive,0.6666666865348816,0.5943809564230766
A_current_audited,audio,20260924,4,-egA8-b7-3M$_$13,-egA8-b7-3M,Positive,Positive,0.3333333432674408,0.40271982640044895
A_current_audited,audio,20260924,4,-egA8-b7-3M$_$16,-egA8-b7-3M,Positive,Positive,0.6666666865348816,0.42884644886693757
A_current_audited,audio,20260924,4,-egA8-b7-3M$_$17,-egA8-b7-3M,Positive,Positive,0.3333333432674408,0.31170973337693
A_current_audited,audio,20260924,4,-egA8-b7-3M$_$18,-egA8-b7-3M,Positive,Positive,1.0,0.548188366258463
A_current_audited,audio,20260924,4,-egA8-b7-3M$_$20,-egA8-b7-3M,Positive,Positive,0.3333333432674408,0.43270709031172333
A_current_audited,audio,20260924,4,-egA8-b7-3M$_$26,-egA8-b7-3M,Positive,Positive,1.6666666269302368,0.5379930744602436
A_current_audited,audio,20260924,4,-egA8-b7-3M$_$6,-egA8-b7-3M,Positive,Positive,0.6666666865348816,0.5904112134728865
A_current_audited,audio,20260924,4,-egA8-b7-3M$_$9,-egA8-b7-3M,Positive,Positive,0.3333333432674408,0.6536991992243446
A_current_audited,audio,20260924,3,-hnBHBN8p5A$_$6,-hnBHBN8p5A,Positive,Positive,1.0,0.8266425916506932
A_current_audited,audio,20260924,3,-hnBHBN8p5A$_$7,-hnBHBN8p5A,Positive,Positive,0.6666666865348816,0.5668793179864597
A_current_audited,audio,20260924,1,-iRBcNs9oI8$_$3,-iRBcNs9oI8,Positive,Positive,0.6666666865348816,0.7535298100369621
A_current_audited,audio,20260924,1,-iRBcNs9oI8$_$6,-iRBcNs9oI8,Positive,Positive,0.3333333432674408,0.49020867163104437
A_current_audited,audio,20260924,1,-iRBcNs9oI8$_$7,-iRBcNs9oI8,Positive,Positive,0.6666666865348816,1.4112544372948976
A_current_audited,audio,20260924,1,-iRBcNs9oI8$_$8,-iRBcNs9oI8,Positive,Positive,1.0,0.7133042521748738
A_current_audited,audio,20260924,1,-iRBcNs9oI8$_$9,-iRBcNs9oI8,Positive,Positive,1.3333333730697632,0.3251942006645137
A_current_audited,audio,20260924,1,-lzEya4AM_4$_$5,-lzEya4AM_4,Negative,Positive,-0.6666666865348816,0.2440382128836489
A_current_audited,audio,20260924,1,-lzEya4AM_4$_$6,-lzEya4AM_4,Negative,Positive,-0.3333333432674408,0.3807209768959238
A_current_audited,audio,20260924,4,-mJ2ud6oKI8$_$1,-mJ2ud6oKI8,Neutral,Neutral,0.0,-3.864089348546064
A_current_audited,audio,20260924,4,-mJ2ud6oKI8$_$2,-mJ2ud6oKI8,Neutral,Neutral,0.0,-3.864089348546064
A_current_audited,audio,20260924,4,-mJ2ud6oKI8$_$6,-mJ2ud6oKI8,Positive,Positive,0.3333333432674408,-0.024187116640429496
A_current_audited,audio,20260924,4,-mJ2ud6oKI8$_$8,-mJ2ud6oKI8,Negative,Negative,-0.3333333432674408,0.19162956323375818
A_current_audited,audio,20260924,4,-mJ2ud6oKI8$_$9,-mJ2ud6oKI8,Neutral,Negative,0.0,0.14609613373430447
A_current_audited,audio,20260924,2,-mqbVkbCndg$_$0,-mqbVkbCndg,Neutral,Negative,0.0,0.2530203305375995
A_current_audited,audio,20260924,1,-qDkUB0GgYY$_$6,-qDkUB0GgYY,Positive,Positive,1.3333333730697632,0.32972834342055723
A_current_audited,audio,20260924,1,-ri04Z7vwnc$_$0,-ri04Z7vwnc,Neutral,Negative,0.0,-0.18142960353606097
A_current_audited,audio,20260924,1,-ri04Z7vwnc$_$2,-ri04Z7vwnc,Negative,Negative,-0.3333333432674408,0.2226753373919919
A_current_audited,audio,20260924,1,-ri04Z7vwnc$_$5,-ri04Z7vwnc,Positive,Positive,0.3333333432674408,0.5554953431995375
A_current_audited,audio,20260924,1,-s9qJ7ATP7w$_$0,-s9qJ7ATP7w,Negative,Neutral,-0.3333333432674408,0.1256174862600718
A_current_audited,audio,20260924,1,-s9qJ7ATP7w$_$1,-s9qJ7ATP7w,Positive,Positive,0.6666666865348816,0.21572108060068484
A_current_audited,audio,20260924,1,-s9qJ7ATP7w$_$4,-s9qJ7ATP7w,Neutral,Neutral,0.0,0.23584221046914638
A_current_audited,audio,20260924,1,-s9qJ7ATP7w$_$5,-s9qJ7ATP7w,Negative,Positive,-2.0,0.32627669366372025
A_current_audited,audio,20260924,1,-s9qJ7ATP7w$_$6,-s9qJ7ATP7w,Neutral,Neutral,0.0,0.1377007162799944
A_current_audited,audio,20260924,1,-s9qJ7ATP7w$_$7,-s9qJ7ATP7w,Positive,Neutral,1.0,0.2654331372224816
A_current_audited,audio,20260924,1,-s9qJ7ATP7w$_$8,-s9qJ7ATP7w,Positive,Positive,1.3333333730697632,0.37520821395965265
A_current_audited,audio,20260924,3,-t217m2on-s$_$2,-t217m2on-s,Positive,Neutral,0.6666666865348816,0.2892355924845702
A_current_audited,audio,20260924,3,-t217m2on-s$_$7,-t217m2on-s,Negative,Neutral,-0.6666666865348816,0.4067256326269211
A_current_audited,audio,20260924,0,-tANM6ETl_M$_$3,-tANM6ETl_M,Positive,Negative,0.3333333432674408,0.2173312249890569
A_current_audited,audio,20260924,4,-tPCytz4rww$_$10,-tPCytz4rww,Neutral,Positive,0.0,0.29341974330118537
A_current_audited,audio,20260924,4,-tPCytz4rww$_$11,-tPCytz4rww,Neutral,Neutral,0.0,0.2884059371633814
A_current_audited,audio,20260924,4,-tPCytz4rww$_$12,-tPCytz4rww,Neutral,Neutral,0.0,0.17278368105766637
A_current_audited,audio,20260924,4,-tPCytz4rww$_$16,-tPCytz4rww,Neutral,Neutral,0.0,0.13358339815193784
A_current_audited,audio,20260924,4,-tPCytz4rww$_$18,-tPCytz4rww,Neutral,Neutral,0.0,0.2335586519659504
A_current_audited,audio,20260924,0,-uywlfIYOS8$_$4,-uywlfIYOS8,Positive,Positive,0.3333333432674408,0.36484178376448384
A_current_audited,audio,20260924,3,-vxjVxOeScU$_$4,-vxjVxOeScU,Positive,Positive,1.0,0.5498054632904841
A_current_audited,audio,20260924,1,-wMB_hJL-3o$_$7,-wMB_hJL-3o,Positive,Neutral,0.3333333432674408,0.4640481792002244
A_current_audited,audio,20260924,2,-wny0OAz3g8$_$0,-wny0OAz3g8,Positive,Positive,0.3333333432674408,0.41190718458607795
A_current_audited,audio,20260924,2,-wny0OAz3g8$_$1,-wny0OAz3g8,Positive,Positive,0.3333333432674408,0.5236243811380484
A_current_audited,audio,20260924,2,-wny0OAz3g8$_$2,-wny0OAz3g8,Negative,Positive,-0.3333333432674408,0.5165855192398949
A_current_audited,audio,20260924,2,-wny0OAz3g8$_$3,-wny0OAz3g8,Negative,Positive,-1.3333333730697632,0.46733471457700126
A_current_audited,audio,20260924,2,-wny0OAz3g8$_$5,-wny0OAz3g8,Positive,Positive,1.0,0.7240784361679661
A_current_audited,audio,20260924,2,-wny0OAz3g8$_$7,-wny0OAz3g8,Neutral,Positive,0.0,0.6332637648868531
A_current_audited,audio,20260924,2,-wny0OAz3g8$_$9,-wny0OAz3g8,Positive,Positive,0.6666666865348816,0.7069060357579009
A_current_audited,audio,20260924,4,-yRb-Jum7EQ$_$1,-yRb-Jum7EQ,Neutral,Negative,0.0,-0.08205768914042433
A_current_audited,audio,20260924,4,-yRb-Jum7EQ$_$5,-yRb-Jum7EQ,Negative,Positive,-0.6666666865348816,0.12076991835838685
A_current_audited,audio,20260924,4,-yRb-Jum7EQ$_$6,-yRb-Jum7EQ,Neutral,Negative,0.0,-0.1758130076244474
A_current_audited,vision,20260924,1,-3g5yACwYnA$_$13,-3g5yACwYnA,Positive,Neutral,0.6666666865348816,-0.06661613477390282
A_current_audited,vision,20260924,1,-3g5yACwYnA$_$2,-3g5yACwYnA,Neutral,Neutral,0.0,-0.13675782778886003
A_current_audited,vision,20260924,1,-3g5yACwYnA$_$3,-3g5yACwYnA,Neutral,Neutral,0.0,-0.06508854580771217
A_current_audited,vision,20260924,1,-3g5yACwYnA$_$9,-3g5yACwYnA,Positive,Negative,0.6666666865348816,-0.03308380143282347
A_current_audited,vision,20260924,0,-3nNcZdcdvU$_$5,-3nNcZdcdvU,Neutral,Positive,0.0,0.5678083362716342
A_current_audited,vision,20260924,3,-571d8cVauQ$_$0,-571d8cVauQ,Neutral,Positive,0.0,0.34362111665182554
A_current_audited,vision,20260924,3,-571d8cVauQ$_$5,-571d8cVauQ,Positive,Positive,0.3333333432674408,0.40643473529231633
A_current_audited,vision,20260924,0,-6rXp3zJ3kc$_$8,-6rXp3zJ3kc,Negative,Neutral,-1.0,0.23237256862401587
A_current_audited,vision,20260924,0,-9y-fZ3swSY$_$0,-9y-fZ3swSY,Positive,Positive,1.0,0.5214425682944946
A_current_audited,vision,20260924,0,-9y-fZ3swSY$_$4,-9y-fZ3swSY,Neutral,Neutral,0.0,0.25088794592085717
A_current_audited,vision,20260924,0,-9y-fZ3swSY$_$8,-9y-fZ3swSY,Positive,Positive,1.6666666269302368,0.4133439997708632
A_current_audited,vision,20260924,0,-AUZQgSxyPQ$_$2,-AUZQgSxyPQ,Positive,Positive,0.6666666865348816,0.3410652614581938
A_current_audited,vision,20260924,4,-HeZS2-Prhc$_$2,-HeZS2-Prhc,Positive,Positive,0.6666666865348816,0.49524847713456904
A_current_audited,vision,20260924,4,-HwX2H8Z4hY$_$2,-HwX2H8Z4hY,Neutral,Neutral,0.0,0.058860225140546896
A_current_audited,vision,20260924,4,-HwX2H8Z4hY$_$5,-HwX2H8Z4hY,Negative,Negative,-1.0,0.2905132696547734
A_current_audited,vision,20260924,4,-HwX2H8Z4hY$_$6,-HwX2H8Z4hY,Neutral,Negative,0.0,0.23053347503683322
A_current_audited,vision,20260924,4,-HwX2H8Z4hY$_$9,-HwX2H8Z4hY,Negative,Neutral,-0.3333333432674408,0.06043350228209016
A_current_audited,vision,20260924,1,-I_e4mIh0yE$_$1,-I_e4mIh0yE,Negative,Neutral,-0.6666666865348816,0.4400001525527632
A_current_audited,vision,20260924,1,-I_e4mIh0yE$_$3,-I_e4mIh0yE,Positive,Negative,0.6666666865348816,0.4547531624275117
A_current_audited,vision,20260924,3,-MeTTeMJBNc$_$0,-MeTTeMJBNc,Positive,Positive,0.3333333432674408,0.3719711036558521
A_current_audited,vision,20260924,3,-MeTTeMJBNc$_$13,-MeTTeMJBNc,Positive,Positive,0.3333333432674408,0.47398587775715356
A_current_audited,vision,20260924,3,-MeTTeMJBNc$_$7,-MeTTeMJBNc,Positive,Positive,1.3333333730697632,0.3302210725989514
A_current_audited,vision,20260924,3,-NFrJFQijFE$_$1,-NFrJFQijFE,Positive,Neutral,0.3333333432674408,-0.07030179755110877
A_current_audited,vision,20260924,3,-NFrJFQijFE$_$2,-NFrJFQijFE,Neutral,Neutral,0.0,-0.07030179755110877
A_current_audited,vision,20260924,2,-RfYyzHpjk4$_$11,-RfYyzHpjk4,Positive,Neutral,2.0,0.3366310984990721
A_current_audited,vision,20260924,2,-RfYyzHpjk4$_$2,-RfYyzHpjk4,Positive,Neutral,0.3333333432674408,0.4091223212566818
A_current_audited,vision,20260924,2,-RfYyzHpjk4$_$8,-RfYyzHpjk4,Positive,Neutral,0.3333333432674408,0.27975629995736884
A_current_audited,vision,20260924,0,-THoVjtIkeU$_$12,-THoVjtIkeU,Positive,Positive,2.0,0.47232221881997416
A_current_audited,vision,20260924,0,-THoVjtIkeU$_$2,-THoVjtIkeU,Positive,Positive,1.3333333730697632,0.5134757741211028
A_current_audited,vision,20260924,0,-THoVjtIkeU$_$6,-THoVjtIkeU,Positive,Positive,2.6666667461395264,0.4844811408001267
A_current_audited,vision,20260924,4,-UUCSKoHeMA$_$0,-UUCSKoHeMA,Neutral,Negative,0.0,0.31401943111071284
A_current_audited,vision,20260924,0,-UacrmKiTn4$_$10,-UacrmKiTn4,Negative,Negative,-0.6666666865348816,0.34844616199862133
A_current_audited,vision,20260924,0,-UacrmKiTn4$_$4,-UacrmKiTn4,Negative,Positive,-1.3333333730697632,0.35857876847174236
A_current_audited,vision,20260924,2,-UuX1xuaiiE$_$0,-UuX1xuaiiE,Positive,Negative,2.6666667461395264,0.4542035388355258
A_current_audited,vision,20260924,2,-UuX1xuaiiE$_$1,-UuX1xuaiiE,Positive,Negative,1.6666666269302368,0.36226572113828465
A_current_audited,vision,20260924,2,-UuX1xuaiiE$_$3,-UuX1xuaiiE,Positive,Positive,0.3333333432674408,0.31341877796978496
A_current_audited,vision,20260924,2,-UuX1xuaiiE$_$6,-UuX1xuaiiE,Negative,Positive,-0.3333333432674408,0.4585871306764904
A_current_audited,vision,20260924,4,-a55Q6RWvTA$_$3,-a55Q6RWvTA,Positive,Neutral,0.6666666865348816,0.20455830786264334
A_current_audited,vision,20260924,0,-aNfi7CP8vM$_$7,-aNfi7CP8vM,Neutral,Positive,0.0,0.3413783338701146
A_current_audited,vision,20260924,3,-aqamKhZ1Ec$_$0,-aqamKhZ1Ec,Negative,Negative,-2.0,0.3710064681917889
A_current_audited,vision,20260924,4,-dxfTGcXJoc$_$0,-dxfTGcXJoc,Positive,Positive,1.0,0.39117102434221596
A_current_audited,vision,20260924,4,-dxfTGcXJoc$_$1,-dxfTGcXJoc,Positive,Positive,1.6666666269302368,0.3826287895069251
A_current_audited,vision,20260924,4,-dxfTGcXJoc$_$2,-dxfTGcXJoc,Positive,Positive,0.6666666865348816,0.47624134095013443
A_current_audited,vision,20260924,4,-dxfTGcXJoc$_$6,-dxfTGcXJoc,Positive,Positive,0.6666666865348816,0.4053692964901304
A_current_audited,vision,20260924,4,-egA8-b7-3M$_$1,-egA8-b7-3M,Positive,Positive,0.6666666865348816,0.36736968316463864
A_current_audited,vision,20260924,4,-egA8-b7-3M$_$13,-egA8-b7-3M,Positive,Positive,0.3333333432674408,0.334773036371281
A_current_audited,vision,20260924,4,-egA8-b7-3M$_$16,-egA8-b7-3M,Positive,Positive,0.6666666865348816,0.29711049585177085
A_current_audited,vision,20260924,4,-egA8-b7-3M$_$17,-egA8-b7-3M,Positive,Positive,0.3333333432674408,0.3227290985352639
A_current_audited,vision,20260924,4,-egA8-b7-3M$_$18,-egA8-b7-3M,Positive,Positive,1.0,0.33040817906336695
A_current_audited,vision,20260924,4,-egA8-b7-3M$_$20,-egA8-b7-3M,Positive,Positive,0.3333333432674408,0.315162467977672
A_current_audited,vision,20260924,4,-egA8-b7-3M$_$26,-egA8-b7-3M,Positive,Positive,1.6666666269302368,0.33323661023792894
A_current_audited,vision,20260924,4,-egA8-b7-3M$_$6,-egA8-b7-3M,Positive,Positive,0.6666666865348816,0.29973519709121366
A_current_audited,vision,20260924,4,-egA8-b7-3M$_$9,-egA8-b7-3M,Positive,Positive,0.3333333432674408,0.3146972141542768
A_current_audited,vision,20260924,3,-hnBHBN8p5A$_$6,-hnBHBN8p5A,Positive,Negative,1.0,0.27367080237824376
A_current_audited,vision,20260924,3,-hnBHBN8p5A$_$7,-hnBHBN8p5A,Positive,Negative,0.6666666865348816,0.41918257659510727
A_current_audited,vision,20260924,1,-iRBcNs9oI8$_$3,-iRBcNs9oI8,Positive,Positive,0.6666666865348816,0.5251240130732598
A_current_audited,vision,20260924,1,-iRBcNs9oI8$_$6,-iRBcNs9oI8,Positive,Neutral,0.3333333432674408,0.1454103803614413
A_current_audited,vision,20260924,1,-iRBcNs9oI8$_$7,-iRBcNs9oI8,Positive,Positive,0.6666666865348816,0.8161608317655394
A_current_audited,vision,20260924,1,-iRBcNs9oI8$_$8,-iRBcNs9oI8,Positive,Positive,1.0,0.7491175674065566
A_current_audited,vision,20260924,1,-iRBcNs9oI8$_$9,-iRBcNs9oI8,Positive,Negative,1.3333333730697632,-0.24912784253273013
A_current_audited,vision,20260924,1,-lzEya4AM_4$_$5,-lzEya4AM_4,Negative,Neutral,-0.6666666865348816,0.06953130735161789
A_current_audited,vision,20260924,1,-lzEya4AM_4$_$6,-lzEya4AM_4,Negative,Neutral,-0.3333333432674408,0.2087064083237466
A_current_audited,vision,20260924,4,-mJ2ud6oKI8$_$1,-mJ2ud6oKI8,Neutral,Neutral,0.0,0.06043350228209016
A_current_audited,vision,20260924,4,-mJ2ud6oKI8$_$2,-mJ2ud6oKI8,Neutral,Neutral,0.0,0.06043350228209016
A_current_audited,vision,20260924,4,-mJ2ud6oKI8$_$6,-mJ2ud6oKI8,Positive,Positive,0.3333333432674408,0.4003358226355726
A_current_audited,vision,20260924,4,-mJ2ud6oKI8$_$8,-mJ2ud6oKI8,Negative,Neutral,-0.3333333432674408,0.24019713174155768
A_current_audited,vision,20260924,4,-mJ2ud6oKI8$_$9,-mJ2ud6oKI8,Neutral,Negative,0.0,0.36300621988426923
A_current_audited,vision,20260924,2,-mqbVkbCndg$_$0,-mqbVkbCndg,Neutral,Negative,0.0,0.362907751478516
A_current_audited,vision,20260924,1,-qDkUB0GgYY$_$6,-qDkUB0GgYY,Positive,Positive,1.3333333730697632,0.8769327019233237
A_current_audited,vision,20260924,1,-ri04Z7vwnc$_$0,-ri04Z7vwnc,Neutral,Neutral,0.0,0.012080099360719743
A_current_audited,vision,20260924,1,-ri04Z7vwnc$_$2,-ri04Z7vwnc,Negative,Positive,-0.3333333432674408,1.7671770466130137
A_current_audited,vision,20260924,1,-ri04Z7vwnc$_$5,-ri04Z7vwnc,Positive,Negative,0.3333333432674408,-0.26456330539179174
A_current_audited,vision,20260924,1,-s9qJ7ATP7w$_$0,-s9qJ7ATP7w,Negative,Negative,-0.3333333432674408,-0.869604764079117
A_current_audited,vision,20260924,1,-s9qJ7ATP7w$_$1,-s9qJ7ATP7w,Positive,Negative,0.6666666865348816,-0.7207030108341254
A_current_audited,vision,20260924,1,-s9qJ7ATP7w$_$4,-s9qJ7ATP7w,Neutral,Negative,0.0,-0.5826594877303277
A_current_audited,vision,20260924,1,-s9qJ7ATP7w$_$5,-s9qJ7ATP7w,Negative,Negative,-2.0,-0.3383217167998065
A_current_audited,vision,20260924,1,-s9qJ7ATP7w$_$6,-s9qJ7ATP7w,Neutral,Negative,0.0,-0.5061996470958633
A_current_audited,vision,20260924,1,-s9qJ7ATP7w$_$7,-s9qJ7ATP7w,Positive,Negative,1.0,0.5392280482248589
A_current_audited,vision,20260924,1,-s9qJ7ATP7w$_$8,-s9qJ7ATP7w,Positive,Negative,1.3333333730697632,-0.06406004995527614
A_current_audited,vision,20260924,3,-t217m2on-s$_$2,-t217m2on-s,Positive,Positive,0.6666666865348816,0.3623665985737349
A_current_audited,vision,20260924,3,-t217m2on-s$_$7,-t217m2on-s,Negative,Positive,-0.6666666865348816,0.4114030542868283
A_current_audited,vision,20260924,0,-tANM6ETl_M$_$3,-tANM6ETl_M,Positive,Negative,0.3333333432674408,0.22490577188689886
A_current_audited,vision,20260924,4,-tPCytz4rww$_$10,-tPCytz4rww,Neutral,Neutral,0.0,0.24773683925925644
A_current_audited,vision,20260924,4,-tPCytz4rww$_$11,-tPCytz4rww,Neutral,Neutral,0.0,0.22779490981793948
A_current_audited,vision,20260924,4,-tPCytz4rww$_$12,-tPCytz4rww,Neutral,Neutral,0.0,0.2537197232417327
A_current_audited,vision,20260924,4,-tPCytz4rww$_$16,-tPCytz4rww,Neutral,Neutral,0.0,0.2700391757922318
A_current_audited,vision,20260924,4,-tPCytz4rww$_$18,-tPCytz4rww,Neutral,Neutral,0.0,0.2451599153509147
A_current_audited,vision,20260924,0,-uywlfIYOS8$_$4,-uywlfIYOS8,Positive,Positive,0.3333333432674408,0.5487102856642891
A_current_audited,vision,20260924,3,-vxjVxOeScU$_$4,-vxjVxOeScU,Positive,Positive,1.0,0.47698414699720415
A_current_audited,vision,20260924,1,-wMB_hJL-3o$_$7,-wMB_hJL-3o,Positive,Positive,0.3333333432674408,0.3375842570105121
A_current_audited,vision,20260924,2,-wny0OAz3g8$_$0,-wny0OAz3g8,Positive,Negative,0.3333333432674408,0.3729212445839075
A_current_audited,vision,20260924,2,-wny0OAz3g8$_$1,-wny0OAz3g8,Positive,Negative,0.3333333432674408,0.36189189733032107
A_current_audited,vision,20260924,2,-wny0OAz3g8$_$2,-wny0OAz3g8,Negative,Negative,-0.3333333432674408,0.4046780552247264
A_current_audited,vision,20260924,2,-wny0OAz3g8$_$3,-wny0OAz3g8,Negative,Negative,-1.3333333730697632,0.3730135500260229
A_current_audited,vision,20260924,2,-wny0OAz3g8$_$5,-wny0OAz3g8,Positive,Neutral,1.0,0.36333783562796307
A_current_audited,vision,20260924,2,-wny0OAz3g8$_$7,-wny0OAz3g8,Neutral,Negative,0.0,0.36358725308706963
A_current_audited,vision,20260924,2,-wny0OAz3g8$_$9,-wny0OAz3g8,Positive,Negative,0.6666666865348816,0.39390058535659306
A_current_audited,vision,20260924,4,-yRb-Jum7EQ$_$1,-yRb-Jum7EQ,Neutral,Positive,0.0,0.3144064508652699
A_current_audited,vision,20260924,4,-yRb-Jum7EQ$_$5,-yRb-Jum7EQ,Negative,Neutral,-0.6666666865348816,0.28888183203790874
A_current_audited,vision,20260924,4,-yRb-Jum7EQ$_$6,-yRb-Jum7EQ,Neutral,Neutral,0.0,0.322184701040388
A_current_audited,fused,20260924,1,-3g5yACwYnA$_$13,-3g5yACwYnA,Positive,Positive,0.6666666865348816,-0.08751949914082441
A_current_audited,fused,20260924,1,-3g5yACwYnA$_$2,-3g5yACwYnA,Neutral,Positive,0.0,0.10997867094621161
A_current_audited,fused,20260924,1,-3g5yACwYnA$_$3,-3g5yACwYnA,Neutral,Neutral,0.0,0.3537267469972768
A_current_audited,fused,20260924,1,-3g5yACwYnA$_$9,-3g5yACwYnA,Positive,Positive,0.6666666865348816,0.7086420627998089
A_current_audited,fused,20260924,0,-3nNcZdcdvU$_$5,-3nNcZdcdvU,Neutral,Neutral,0.0,0.140757239651929
A_current_audited,fused,20260924,3,-571d8cVauQ$_$0,-571d8cVauQ,Neutral,Positive,0.0,0.12528133395592758
A_current_audited,fused,20260924,3,-571d8cVauQ$_$5,-571d8cVauQ,Positive,Positive,0.3333333432674408,0.6696735572480659
A_current_audited,fused,20260924,0,-6rXp3zJ3kc$_$8,-6rXp3zJ3kc,Negative,Negative,-1.0,-0.03361570763717281
A_current_audited,fused,20260924,0,-9y-fZ3swSY$_$0,-9y-fZ3swSY,Positive,Positive,1.0,0.978945490579151
A_current_audited,fused,20260924,0,-9y-fZ3swSY$_$4,-9y-fZ3swSY,Neutral,Neutral,0.0,0.7398250241033214
A_current_audited,fused,20260924,0,-9y-fZ3swSY$_$8,-9y-fZ3swSY,Positive,Positive,1.6666666269302368,0.800058389560631
A_current_audited,fused,20260924,0,-AUZQgSxyPQ$_$2,-AUZQgSxyPQ,Positive,Negative,0.6666666865348816,0.4658576918385967
A_current_audited,fused,20260924,4,-HeZS2-Prhc$_$2,-HeZS2-Prhc,Positive,Positive,0.6666666865348816,-0.18227929725078196
A_current_audited,fused,20260924,4,-HwX2H8Z4hY$_$2,-HwX2H8Z4hY,Neutral,Positive,0.0,-0.0798279467006624
A_current_audited,fused,20260924,4,-HwX2H8Z4hY$_$5,-HwX2H8Z4hY,Negative,Neutral,-1.0,0.07498504676224638
A_current_audited,fused,20260924,4,-HwX2H8Z4hY$_$6,-HwX2H8Z4hY,Neutral,Neutral,0.0,-0.10770722813069078
A_current_audited,fused,20260924,4,-HwX2H8Z4hY$_$9,-HwX2H8Z4hY,Negative,Positive,-0.3333333432674408,0.4579510053142539
A_current_audited,fused,20260924,1,-I_e4mIh0yE$_$1,-I_e4mIh0yE,Negative,Neutral,-0.6666666865348816,-0.5262019265296516
A_current_audited,fused,20260924,1,-I_e4mIh0yE$_$3,-I_e4mIh0yE,Positive,Positive,0.6666666865348816,0.4616841486598485
A_current_audited,fused,20260924,3,-MeTTeMJBNc$_$0,-MeTTeMJBNc,Positive,Positive,0.3333333432674408,0.22183419308846208
A_current_audited,fused,20260924,3,-MeTTeMJBNc$_$13,-MeTTeMJBNc,Positive,Positive,0.3333333432674408,0.87366734778764
A_current_audited,fused,20260924,3,-MeTTeMJBNc$_$7,-MeTTeMJBNc,Positive,Positive,1.3333333730697632,0.38755579682942615
A_current_audited,fused,20260924,3,-NFrJFQijFE$_$1,-NFrJFQijFE,Positive,Neutral,0.3333333432674408,-0.23255889932126023
A_current_audited,fused,20260924,3,-NFrJFQijFE$_$2,-NFrJFQijFE,Neutral,Neutral,0.0,-0.20125411097279405
A_current_audited,fused,20260924,2,-RfYyzHpjk4$_$11,-RfYyzHpjk4,Positive,Positive,2.0,0.7440271920761388
A_current_audited,fused,20260924,2,-RfYyzHpjk4$_$2,-RfYyzHpjk4,Positive,Positive,0.3333333432674408,0.5539989704193754
A_current_audited,fused,20260924,2,-RfYyzHpjk4$_$8,-RfYyzHpjk4,Positive,Positive,0.3333333432674408,0.44472517867825345
A_current_audited,fused,20260924,0,-THoVjtIkeU$_$12,-THoVjtIkeU,Positive,Positive,2.0,0.49189612323383874
A_current_audited,fused,20260924,0,-THoVjtIkeU$_$2,-THoVjtIkeU,Positive,Positive,1.3333333730697632,0.8529558597029844
A_current_audited,fused,20260924,0,-THoVjtIkeU$_$6,-THoVjtIkeU,Positive,Positive,2.6666667461395264,0.352353068879053
A_current_audited,fused,20260924,4,-UUCSKoHeMA$_$0,-UUCSKoHeMA,Neutral,Neutral,0.0,0.3150027307998363
A_current_audited,fused,20260924,0,-UacrmKiTn4$_$10,-UacrmKiTn4,Negative,Positive,-0.6666666865348816,0.05658374603794697
A_current_audited,fused,20260924,0,-UacrmKiTn4$_$4,-UacrmKiTn4,Negative,Positive,-1.3333333730697632,0.5895704545370595
A_current_audited,fused,20260924,2,-UuX1xuaiiE$_$0,-UuX1xuaiiE,Positive,Positive,2.6666667461395264,1.0139565867736027
A_current_audited,fused,20260924,2,-UuX1xuaiiE$_$1,-UuX1xuaiiE,Positive,Positive,1.6666666269302368,0.4818091678738671
A_current_audited,fused,20260924,2,-UuX1xuaiiE$_$3,-UuX1xuaiiE,Positive,Neutral,0.3333333432674408,0.13898549659461903
A_current_audited,fused,20260924,2,-UuX1xuaiiE$_$6,-UuX1xuaiiE,Negative,Negative,-0.3333333432674408,-0.35846955744318626
A_current_audited,fused,20260924,4,-a55Q6RWvTA$_$3,-a55Q6RWvTA,Positive,Positive,0.6666666865348816,0.49640834992836214
A_current_audited,fused,20260924,0,-aNfi7CP8vM$_$7,-aNfi7CP8vM,Neutral,Positive,0.0,0.41794184903131526
A_current_audited,fused,20260924,3,-aqamKhZ1Ec$_$0,-aqamKhZ1Ec,Negative,Neutral,-2.0,0.049002906792099954
A_current_audited,fused,20260924,4,-dxfTGcXJoc$_$0,-dxfTGcXJoc,Positive,Positive,1.0,0.6657681209576624
A_current_audited,fused,20260924,4,-dxfTGcXJoc$_$1,-dxfTGcXJoc,Positive,Neutral,1.6666666269302368,0.6849873931509651
A_current_audited,fused,20260924,4,-dxfTGcXJoc$_$2,-dxfTGcXJoc,Positive,Positive,0.6666666865348816,0.8838631817532738
A_current_audited,fused,20260924,4,-dxfTGcXJoc$_$6,-dxfTGcXJoc,Positive,Positive,0.6666666865348816,0.7151335139630818
A_current_audited,fused,20260924,4,-egA8-b7-3M$_$1,-egA8-b7-3M,Positive,Positive,0.6666666865348816,0.43885225455093896
A_current_audited,fused,20260924,4,-egA8-b7-3M$_$13,-egA8-b7-3M,Positive,Positive,0.3333333432674408,0.2645528521087683
A_current_audited,fused,20260924,4,-egA8-b7-3M$_$16,-egA8-b7-3M,Positive,Positive,0.6666666865348816,0.5592509072791514
A_current_audited,fused,20260924,4,-egA8-b7-3M$_$17,-egA8-b7-3M,Positive,Positive,0.3333333432674408,1.0302339886614393
A_current_audited,fused,20260924,4,-egA8-b7-3M$_$18,-egA8-b7-3M,Positive,Positive,1.0,0.8427883312624429
A_current_audited,fused,20260924,4,-egA8-b7-3M$_$20,-egA8-b7-3M,Positive,Positive,0.3333333432674408,0.8597664759156689
A_current_audited,fused,20260924,4,-egA8-b7-3M$_$26,-egA8-b7-3M,Positive,Neutral,1.6666666269302368,0.23354135437581736
A_current_audited,fused,20260924,4,-egA8-b7-3M$_$6,-egA8-b7-3M,Positive,Positive,0.6666666865348816,1.4892956566212887
A_current_audited,fused,20260924,4,-egA8-b7-3M$_$9,-egA8-b7-3M,Positive,Positive,0.3333333432674408,0.6562562908627078
A_current_audited,fused,20260924,3,-hnBHBN8p5A$_$6,-hnBHBN8p5A,Positive,Positive,1.0,1.1690947294410892
A_current_audited,fused,20260924,3,-hnBHBN8p5A$_$7,-hnBHBN8p5A,Positive,Neutral,0.6666666865348816,0.13314337229918033
A_current_audited,fused,20260924,1,-iRBcNs9oI8$_$3,-iRBcNs9oI8,Positive,Positive,0.6666666865348816,0.0820596637224188
A_current_audited,fused,20260924,1,-iRBcNs9oI8$_$6,-iRBcNs9oI8,Positive,Positive,0.3333333432674408,0.6537772290093024
A_current_audited,fused,20260924,1,-iRBcNs9oI8$_$7,-iRBcNs9oI8,Positive,Positive,0.6666666865348816,0.8110447521902209
A_current_audited,fused,20260924,1,-iRBcNs9oI8$_$8,-iRBcNs9oI8,Positive,Positive,1.0,0.7175172654553313
A_current_audited,fused,20260924,1,-iRBcNs9oI8$_$9,-iRBcNs9oI8,Positive,Positive,1.3333333730697632,-0.0034653393562939505
A_current_audited,fused,20260924,1,-lzEya4AM_4$_$5,-lzEya4AM_4,Negative,Negative,-0.6666666865348816,-0.1934797970304466
A_current_audited,fused,20260924,1,-lzEya4AM_4$_$6,-lzEya4AM_4,Negative,Neutral,-0.3333333432674408,-0.28282114470832076
A_current_audited,fused,20260924,4,-mJ2ud6oKI8$_$1,-mJ2ud6oKI8,Neutral,Neutral,0.0,-3.548211097866522
A_current_audited,fused,20260924,4,-mJ2ud6oKI8$_$2,-mJ2ud6oKI8,Neutral,Neutral,0.0,-3.4858968451189343
A_current_audited,fused,20260924,4,-mJ2ud6oKI8$_$6,-mJ2ud6oKI8,Positive,Negative,0.3333333432674408,-0.19099409775294274
A_current_audited,fused,20260924,4,-mJ2ud6oKI8$_$8,-mJ2ud6oKI8,Negative,Positive,-0.3333333432674408,-0.17540719016723727
A_current_audited,fused,20260924,4,-mJ2ud6oKI8$_$9,-mJ2ud6oKI8,Neutral,Negative,0.0,0.20703692755285377
A_current_audited,fused,20260924,2,-mqbVkbCndg$_$0,-mqbVkbCndg,Neutral,Positive,0.0,0.8837747248325478
A_current_audited,fused,20260924,1,-qDkUB0GgYY$_$6,-qDkUB0GgYY,Positive,Positive,1.3333333730697632,1.2407313916686755
A_current_audited,fused,20260924,1,-ri04Z7vwnc$_$0,-ri04Z7vwnc,Neutral,Negative,0.0,-0.2531706405438985
A_current_audited,fused,20260924,1,-ri04Z7vwnc$_$2,-ri04Z7vwnc,Negative,Positive,-0.3333333432674408,1.0975310251602113
A_current_audited,fused,20260924,1,-ri04Z7vwnc$_$5,-ri04Z7vwnc,Positive,Positive,0.3333333432674408,0.8929194734677696
A_current_audited,fused,20260924,1,-s9qJ7ATP7w$_$0,-s9qJ7ATP7w,Negative,Negative,-0.3333333432674408,-0.18114676368010552
A_current_audited,fused,20260924,1,-s9qJ7ATP7w$_$1,-s9qJ7ATP7w,Positive,Positive,0.6666666865348816,0.567829984299737
A_current_audited,fused,20260924,1,-s9qJ7ATP7w$_$4,-s9qJ7ATP7w,Neutral,Positive,0.0,0.45015926432772724
A_current_audited,fused,20260924,1,-s9qJ7ATP7w$_$5,-s9qJ7ATP7w,Negative,Positive,-2.0,0.2656239209150688
A_current_audited,fused,20260924,1,-s9qJ7ATP7w$_$6,-s9qJ7ATP7w,Neutral,Neutral,0.0,0.3794492473290169
A_current_audited,fused,20260924,1,-s9qJ7ATP7w$_$7,-s9qJ7ATP7w,Positive,Positive,1.0,0.9273217481588483
A_current_audited,fused,20260924,1,-s9qJ7ATP7w$_$8,-s9qJ7ATP7w,Positive,Negative,1.3333333730697632,0.22387758184965714
A_current_audited,fused,20260924,3,-t217m2on-s$_$2,-t217m2on-s,Positive,Positive,0.6666666865348816,0.431541209780415
A_current_audited,fused,20260924,3,-t217m2on-s$_$7,-t217m2on-s,Negative,Positive,-0.6666666865348816,0.2858377229037494
A_current_audited,fused,20260924,0,-tANM6ETl_M$_$3,-tANM6ETl_M,Positive,Positive,0.3333333432674408,0.4473104895741723
A_current_audited,fused,20260924,4,-tPCytz4rww$_$10,-tPCytz4rww,Neutral,Positive,0.0,-0.004000224348467474
A_current_audited,fused,20260924,4,-tPCytz4rww$_$11,-tPCytz4rww,Neutral,Positive,0.0,0.40380047079801407
A_current_audited,fused,20260924,4,-tPCytz4rww$_$12,-tPCytz4rww,Neutral,Positive,0.0,0.4247182567741156
A_current_audited,fused,20260924,4,-tPCytz4rww$_$16,-tPCytz4rww,Neutral,Positive,0.0,0.06985524756046613
A_current_audited,fused,20260924,4,-tPCytz4rww$_$18,-tPCytz4rww,Neutral,Positive,0.0,0.0383038337110288
A_current_audited,fused,20260924,0,-uywlfIYOS8$_$4,-uywlfIYOS8,Positive,Positive,0.3333333432674408,0.8250027643734048
A_current_audited,fused,20260924,3,-vxjVxOeScU$_$4,-vxjVxOeScU,Positive,Positive,1.0,0.928530585107396
A_current_audited,fused,20260924,1,-wMB_hJL-3o$_$7,-wMB_hJL-3o,Positive,Positive,0.3333333432674408,0.4919634515525183
A_current_audited,fused,20260924,2,-wny0OAz3g8$_$0,-wny0OAz3g8,Positive,Neutral,0.3333333432674408,0.1626087959881487
A_current_audited,fused,20260924,2,-wny0OAz3g8$_$1,-wny0OAz3g8,Positive,Negative,0.3333333432674408,0.32871473196057793
A_current_audited,fused,20260924,2,-wny0OAz3g8$_$2,-wny0OAz3g8,Negative,Negative,-0.3333333432674408,0.511324926395347
A_current_audited,fused,20260924,2,-wny0OAz3g8$_$3,-wny0OAz3g8,Negative,Negative,-1.3333333730697632,0.5024186937220807
A_current_audited,fused,20260924,2,-wny0OAz3g8$_$5,-wny0OAz3g8,Positive,Positive,1.0,0.9629219789034664
A_current_audited,fused,20260924,2,-wny0OAz3g8$_$7,-wny0OAz3g8,Neutral,Positive,0.0,0.6631248535447569
A_current_audited,fused,20260924,2,-wny0OAz3g8$_$9,-wny0OAz3g8,Positive,Positive,0.6666666865348816,0.7478461285709087
A_current_audited,fused,20260924,4,-yRb-Jum7EQ$_$1,-yRb-Jum7EQ,Neutral,Negative,0.0,-0.38623960917363587
A_current_audited,fused,20260924,4,-yRb-Jum7EQ$_$5,-yRb-Jum7EQ,Negative,Negative,-0.6666666865348816,-0.5806621076972466
A_current_audited,fused,20260924,4,-yRb-Jum7EQ$_$6,-yRb-Jum7EQ,Neutral,Negative,0.0,-0.6702759675827359
B_git_frozen,text,20260924,1,-3g5yACwYnA$_$13,-3g5yACwYnA,Positive,Positive,0.6666666865348816,0.15087950858729432
B_git_frozen,text,20260924,1,-3g5yACwYnA$_$2,-3g5yACwYnA,Neutral,Positive,0.0,0.36095804221083466
B_git_frozen,text,20260924,1,-3g5yACwYnA$_$3,-3g5yACwYnA,Neutral,Positive,0.0,-0.00813054448394096
B_git_frozen,text,20260924,1,-3g5yACwYnA$_$9,-3g5yACwYnA,Positive,Positive,0.6666666865348816,0.8546896405036807
B_git_frozen,text,20260924,0,-3nNcZdcdvU$_$5,-3nNcZdcdvU,Neutral,Negative,0.0,-0.5479237983847824
B_git_frozen,text,20260924,3,-571d8cVauQ$_$0,-571d8cVauQ,Neutral,Neutral,0.0,0.2145618292121585
B_git_frozen,text,20260924,3,-571d8cVauQ$_$5,-571d8cVauQ,Positive,Positive,0.3333333432674408,0.6144601533430245
B_git_frozen,text,20260924,0,-6rXp3zJ3kc$_$8,-6rXp3zJ3kc,Negative,Positive,-1.0,0.25682012827577194
B_git_frozen,text,20260924,0,-9y-fZ3swSY$_$0,-9y-fZ3swSY,Positive,Positive,1.0,0.2970032863240445
B_git_frozen,text,20260924,0,-9y-fZ3swSY$_$4,-9y-fZ3swSY,Neutral,Negative,0.0,-0.0529432245785339
B_git_frozen,text,20260924,0,-9y-fZ3swSY$_$8,-9y-fZ3swSY,Positive,Positive,1.6666666269302368,0.17118303941924357
B_git_frozen,text,20260924,0,-AUZQgSxyPQ$_$2,-AUZQgSxyPQ,Positive,Neutral,0.6666666865348816,0.5655952562252837
B_git_frozen,text,20260924,4,-HeZS2-Prhc$_$2,-HeZS2-Prhc,Positive,Positive,0.6666666865348816,0.10645406586052164
B_git_frozen,text,20260924,4,-HwX2H8Z4hY$_$2,-HwX2H8Z4hY,Neutral,Positive,0.0,0.6204971334697831
B_git_frozen,text,20260924,4,-HwX2H8Z4hY$_$5,-HwX2H8Z4hY,Negative,Positive,-1.0,0.48362975341341036
B_git_frozen,text,20260924,4,-HwX2H8Z4hY$_$6,-HwX2H8Z4hY,Neutral,Positive,0.0,0.4739111699045591
B_git_frozen,text,20260924,4,-HwX2H8Z4hY$_$9,-HwX2H8Z4hY,Negative,Negative,-0.3333333432674408,0.1059086356658071
B_git_frozen,text,20260924,1,-I_e4mIh0yE$_$1,-I_e4mIh0yE,Negative,Negative,-0.6666666865348816,-0.25744667383565994
B_git_frozen,text,20260924,1,-I_e4mIh0yE$_$3,-I_e4mIh0yE,Positive,Neutral,0.6666666865348816,0.3198011748857702
B_git_frozen,text,20260924,3,-MeTTeMJBNc$_$0,-MeTTeMJBNc,Positive,Positive,0.3333333432674408,0.35067427449060956
B_git_frozen,text,20260924,3,-MeTTeMJBNc$_$13,-MeTTeMJBNc,Positive,Positive,0.3333333432674408,0.47497751598443694
B_git_frozen,text,20260924,3,-MeTTeMJBNc$_$7,-MeTTeMJBNc,Positive,Positive,1.3333333730697632,0.5264877402066838
B_git_frozen,text,20260924,3,-NFrJFQijFE$_$1,-NFrJFQijFE,Positive,Neutral,0.3333333432674408,-0.5030867893790014
B_git_frozen,text,20260924,3,-NFrJFQijFE$_$2,-NFrJFQijFE,Neutral,Positive,0.0,0.3114295584764166
B_git_frozen,text,20260924,2,-RfYyzHpjk4$_$11,-RfYyzHpjk4,Positive,Positive,2.0,0.5891176042644023
B_git_frozen,text,20260924,2,-RfYyzHpjk4$_$2,-RfYyzHpjk4,Positive,Positive,0.3333333432674408,0.14710995676165978
B_git_frozen,text,20260924,2,-RfYyzHpjk4$_$8,-RfYyzHpjk4,Positive,Positive,0.3333333432674408,0.27060177364704857
B_git_frozen,text,20260924,0,-THoVjtIkeU$_$12,-THoVjtIkeU,Positive,Positive,2.0,0.16448409420481855
B_git_frozen,text,20260924,0,-THoVjtIkeU$_$2,-THoVjtIkeU,Positive,Positive,1.3333333730697632,0.561151459990973
B_git_frozen,text,20260924,0,-THoVjtIkeU$_$6,-THoVjtIkeU,Positive,Positive,2.6666667461395264,0.7666008498672463
B_git_frozen,text,20260924,4,-UUCSKoHeMA$_$0,-UUCSKoHeMA,Neutral,Positive,0.0,0.4048496868187382
B_git_frozen,text,20260924,0,-UacrmKiTn4$_$10,-UacrmKiTn4,Negative,Negative,-0.6666666865348816,-0.07688912057039038
B_git_frozen,text,20260924,0,-UacrmKiTn4$_$4,-UacrmKiTn4,Negative,Positive,-1.3333333730697632,0.09415150203015574
B_git_frozen,text,20260924,2,-UuX1xuaiiE$_$0,-UuX1xuaiiE,Positive,Positive,2.6666667461395264,0.9503474334559994
B_git_frozen,text,20260924,2,-UuX1xuaiiE$_$1,-UuX1xuaiiE,Positive,Positive,1.6666666269302368,0.527890752879111
B_git_frozen,text,20260924,2,-UuX1xuaiiE$_$3,-UuX1xuaiiE,Positive,Positive,0.3333333432674408,0.296248272360012
B_git_frozen,text,20260924,2,-UuX1xuaiiE$_$6,-UuX1xuaiiE,Negative,Neutral,-0.3333333432674408,0.013425962644448397
B_git_frozen,text,20260924,4,-a55Q6RWvTA$_$3,-a55Q6RWvTA,Positive,Positive,0.6666666865348816,0.558297310146193
B_git_frozen,text,20260924,0,-aNfi7CP8vM$_$7,-aNfi7CP8vM,Neutral,Positive,0.0,0.35212660247815664
B_git_frozen,text,20260924,3,-aqamKhZ1Ec$_$0,-aqamKhZ1Ec,Negative,Neutral,-2.0,-0.02503495204626821
B_git_frozen,text,20260924,4,-dxfTGcXJoc$_$0,-dxfTGcXJoc,Positive,Positive,1.0,0.32756852323574204
B_git_frozen,text,20260924,4,-dxfTGcXJoc$_$1,-dxfTGcXJoc,Positive,Positive,1.6666666269302368,0.6150970996571845
B_git_frozen,text,20260924,4,-dxfTGcXJoc$_$2,-dxfTGcXJoc,Positive,Positive,0.6666666865348816,0.887163149548309
B_git_frozen,text,20260924,4,-dxfTGcXJoc$_$6,-dxfTGcXJoc,Positive,Positive,0.6666666865348816,0.7920106410505549
B_git_frozen,text,20260924,4,-egA8-b7-3M$_$1,-egA8-b7-3M,Positive,Positive,0.6666666865348816,0.6825255429951146
B_git_frozen,text,20260924,4,-egA8-b7-3M$_$13,-egA8-b7-3M,Positive,Positive,0.3333333432674408,0.6376232226226238
B_git_frozen,text,20260924,4,-egA8-b7-3M$_$16,-egA8-b7-3M,Positive,Positive,0.6666666865348816,0.9955039129368115
B_git_frozen,text,20260924,4,-egA8-b7-3M$_$17,-egA8-b7-3M,Positive,Positive,0.3333333432674408,1.023444013842056
B_git_frozen,text,20260924,4,-egA8-b7-3M$_$18,-egA8-b7-3M,Positive,Positive,1.0,1.0493031251337746
B_git_frozen,text,20260924,4,-egA8-b7-3M$_$20,-egA8-b7-3M,Positive,Positive,0.3333333432674408,1.0770931828106012
B_git_frozen,text,20260924,4,-egA8-b7-3M$_$26,-egA8-b7-3M,Positive,Positive,1.6666666269302368,1.3145650571320318
B_git_frozen,text,20260924,4,-egA8-b7-3M$_$6,-egA8-b7-3M,Positive,Positive,0.6666666865348816,0.9491721645683671
B_git_frozen,text,20260924,4,-egA8-b7-3M$_$9,-egA8-b7-3M,Positive,Positive,0.3333333432674408,0.6626327370876792
B_git_frozen,text,20260924,3,-hnBHBN8p5A$_$6,-hnBHBN8p5A,Positive,Positive,1.0,0.6553233457297578
B_git_frozen,text,20260924,3,-hnBHBN8p5A$_$7,-hnBHBN8p5A,Positive,Neutral,0.6666666865348816,0.0647564307259838
B_git_frozen,text,20260924,1,-iRBcNs9oI8$_$3,-iRBcNs9oI8,Positive,Neutral,0.6666666865348816,0.15546327224161785
B_git_frozen,text,20260924,1,-iRBcNs9oI8$_$6,-iRBcNs9oI8,Positive,Neutral,0.3333333432674408,0.13575477129711377
B_git_frozen,text,20260924,1,-iRBcNs9oI8$_$7,-iRBcNs9oI8,Positive,Positive,0.6666666865348816,0.3053237120457963
B_git_frozen,text,20260924,1,-iRBcNs9oI8$_$8,-iRBcNs9oI8,Positive,Positive,1.0,0.6939227931401486
B_git_frozen,text,20260924,1,-iRBcNs9oI8$_$9,-iRBcNs9oI8,Positive,Neutral,1.3333333730697632,0.251161239211192
B_git_frozen,text,20260924,1,-lzEya4AM_4$_$5,-lzEya4AM_4,Negative,Neutral,-0.6666666865348816,0.20359614836779996
B_git_frozen,text,20260924,1,-lzEya4AM_4$_$6,-lzEya4AM_4,Negative,Negative,-0.3333333432674408,-0.4252805676139703
B_git_frozen,text,20260924,4,-mJ2ud6oKI8$_$1,-mJ2ud6oKI8,Neutral,Positive,0.0,0.7203194436613438
B_git_frozen,text,20260924,4,-mJ2ud6oKI8$_$2,-mJ2ud6oKI8,Neutral,Positive,0.0,0.7077881537143262
B_git_frozen,text,20260924,4,-mJ2ud6oKI8$_$6,-mJ2ud6oKI8,Positive,Positive,0.3333333432674408,0.3943432019180687
B_git_frozen,text,20260924,4,-mJ2ud6oKI8$_$8,-mJ2ud6oKI8,Negative,Positive,-0.3333333432674408,0.43242408012405587
B_git_frozen,text,20260924,4,-mJ2ud6oKI8$_$9,-mJ2ud6oKI8,Neutral,Positive,0.0,0.4066317707148283
B_git_frozen,text,20260924,2,-mqbVkbCndg$_$0,-mqbVkbCndg,Neutral,Positive,0.0,0.4005897980497563
B_git_frozen,text,20260924,1,-qDkUB0GgYY$_$6,-qDkUB0GgYY,Positive,Positive,1.3333333730697632,1.4551133979178141
B_git_frozen,text,20260924,1,-ri04Z7vwnc$_$0,-ri04Z7vwnc,Neutral,Positive,0.0,0.0025785497613079467
B_git_frozen,text,20260924,1,-ri04Z7vwnc$_$2,-ri04Z7vwnc,Negative,Positive,-0.3333333432674408,0.19832604936921738
B_git_frozen,text,20260924,1,-ri04Z7vwnc$_$5,-ri04Z7vwnc,Positive,Positive,0.3333333432674408,0.5665975151336904
B_git_frozen,text,20260924,1,-s9qJ7ATP7w$_$0,-s9qJ7ATP7w,Negative,Positive,-0.3333333432674408,-0.049362589254953626
B_git_frozen,text,20260924,1,-s9qJ7ATP7w$_$1,-s9qJ7ATP7w,Positive,Positive,0.6666666865348816,0.5828586172042414
B_git_frozen,text,20260924,1,-s9qJ7ATP7w$_$4,-s9qJ7ATP7w,Neutral,Positive,0.0,0.9232722824836188
B_git_frozen,text,20260924,1,-s9qJ7ATP7w$_$5,-s9qJ7ATP7w,Negative,Positive,-2.0,0.7201389089648642
B_git_frozen,text,20260924,1,-s9qJ7ATP7w$_$6,-s9qJ7ATP7w,Neutral,Positive,0.0,0.0688208201117021
B_git_frozen,text,20260924,1,-s9qJ7ATP7w$_$7,-s9qJ7ATP7w,Positive,Negative,1.0,-0.023115080474573557
B_git_frozen,text,20260924,1,-s9qJ7ATP7w$_$8,-s9qJ7ATP7w,Positive,Positive,1.3333333730697632,0.7574466575593841
B_git_frozen,text,20260924,3,-t217m2on-s$_$2,-t217m2on-s,Positive,Positive,0.6666666865348816,0.40299417899266954
B_git_frozen,text,20260924,3,-t217m2on-s$_$7,-t217m2on-s,Negative,Negative,-0.6666666865348816,-0.2133090111134241
B_git_frozen,text,20260924,0,-tANM6ETl_M$_$3,-tANM6ETl_M,Positive,Positive,0.3333333432674408,0.08977154914330804
B_git_frozen,text,20260924,4,-tPCytz4rww$_$10,-tPCytz4rww,Neutral,Positive,0.0,0.5316404524127704
B_git_frozen,text,20260924,4,-tPCytz4rww$_$11,-tPCytz4rww,Neutral,Positive,0.0,0.44937516408555234
B_git_frozen,text,20260924,4,-tPCytz4rww$_$12,-tPCytz4rww,Neutral,Positive,0.0,0.4016329079697286
B_git_frozen,text,20260924,4,-tPCytz4rww$_$16,-tPCytz4rww,Neutral,Positive,0.0,0.40680663721228294
B_git_frozen,text,20260924,4,-tPCytz4rww$_$18,-tPCytz4rww,Neutral,Positive,0.0,0.6389205701473744
B_git_frozen,text,20260924,0,-uywlfIYOS8$_$4,-uywlfIYOS8,Positive,Positive,0.3333333432674408,0.4036097169114188
B_git_frozen,text,20260924,3,-vxjVxOeScU$_$4,-vxjVxOeScU,Positive,Positive,1.0,0.8531379328185014
B_git_frozen,text,20260924,1,-wMB_hJL-3o$_$7,-wMB_hJL-3o,Positive,Positive,0.3333333432674408,0.7831116464963013
B_git_frozen,text,20260924,2,-wny0OAz3g8$_$0,-wny0OAz3g8,Positive,Neutral,0.3333333432674408,-0.2571753223042604
B_git_frozen,text,20260924,2,-wny0OAz3g8$_$1,-wny0OAz3g8,Positive,Neutral,0.3333333432674408,-0.012908055874329916
B_git_frozen,text,20260924,2,-wny0OAz3g8$_$2,-wny0OAz3g8,Negative,Positive,-0.3333333432674408,-0.04899786898354114
B_git_frozen,text,20260924,2,-wny0OAz3g8$_$3,-wny0OAz3g8,Negative,Neutral,-1.3333333730697632,-0.20916554004437377
B_git_frozen,text,20260924,2,-wny0OAz3g8$_$5,-wny0OAz3g8,Positive,Positive,1.0,0.10760716301396742
B_git_frozen,text,20260924,2,-wny0OAz3g8$_$7,-wny0OAz3g8,Neutral,Positive,0.0,0.19924246124578943
B_git_frozen,text,20260924,2,-wny0OAz3g8$_$9,-wny0OAz3g8,Positive,Positive,0.6666666865348816,0.7071147727045739
B_git_frozen,text,20260924,4,-yRb-Jum7EQ$_$1,-yRb-Jum7EQ,Neutral,Negative,0.0,-0.1632880833357797
B_git_frozen,text,20260924,4,-yRb-Jum7EQ$_$5,-yRb-Jum7EQ,Negative,Negative,-0.6666666865348816,0.2679684267282793
B_git_frozen,text,20260924,4,-yRb-Jum7EQ$_$6,-yRb-Jum7EQ,Neutral,Negative,0.0,-0.24764939598218072
B_git_frozen,audio,20260924,1,-3g5yACwYnA$_$13,-3g5yACwYnA,Positive,Neutral,0.6666666865348816,-0.164189510726506
B_git_frozen,audio,20260924,1,-3g5yACwYnA$_$2,-3g5yACwYnA,Neutral,Negative,0.0,-0.03199887981382915
B_git_frozen,audio,20260924,1,-3g5yACwYnA$_$3,-3g5yACwYnA,Neutral,Negative,0.0,-0.16398691921210584
B_git_frozen,audio,20260924,1,-3g5yACwYnA$_$9,-3g5yACwYnA,Positive,Neutral,0.6666666865348816,-0.3176039802135815
B_git_frozen,audio,20260924,0,-3nNcZdcdvU$_$5,-3nNcZdcdvU,Neutral,Positive,0.0,0.20198601046135733
B_git_frozen,audio,20260924,3,-571d8cVauQ$_$0,-571d8cVauQ,Neutral,Negative,0.0,-0.03692944433003581
B_git_frozen,audio,20260924,3,-571d8cVauQ$_$5,-571d8cVauQ,Positive,Neutral,0.3333333432674408,0.2022623035031927
B_git_frozen,audio,20260924,0,-6rXp3zJ3kc$_$8,-6rXp3zJ3kc,Negative,Neutral,-1.0,0.0028345427669689283
B_git_frozen,audio,20260924,0,-9y-fZ3swSY$_$0,-9y-fZ3swSY,Positive,Positive,1.0,0.6461410070832478
B_git_frozen,audio,20260924,0,-9y-fZ3swSY$_$4,-9y-fZ3swSY,Neutral,Positive,0.0,0.9736250154192849
B_git_frozen,audio,20260924,0,-9y-fZ3swSY$_$8,-9y-fZ3swSY,Positive,Positive,1.6666666269302368,0.2887943528847481
B_git_frozen,audio,20260924,0,-AUZQgSxyPQ$_$2,-AUZQgSxyPQ,Positive,Positive,0.6666666865348816,0.5600124256745488
B_git_frozen,audio,20260924,4,-HeZS2-Prhc$_$2,-HeZS2-Prhc,Positive,Positive,0.6666666865348816,0.43149862821346396
B_git_frozen,audio,20260924,4,-HwX2H8Z4hY$_$2,-HwX2H8Z4hY,Neutral,Neutral,0.0,0.5092167664185705
B_git_frozen,audio,20260924,4,-HwX2H8Z4hY$_$5,-HwX2H8Z4hY,Negative,Neutral,-1.0,-0.02055495923073014
B_git_frozen,audio,20260924,4,-HwX2H8Z4hY$_$6,-HwX2H8Z4hY,Neutral,Positive,0.0,0.32105871394799324
B_git_frozen,audio,20260924,4,-HwX2H8Z4hY$_$9,-HwX2H8Z4hY,Negative,Positive,-0.3333333432674408,0.07204131121569574
B_git_frozen,audio,20260924,1,-I_e4mIh0yE$_$1,-I_e4mIh0yE,Negative,Negative,-0.6666666865348816,-0.35703473547065
B_git_frozen,audio,20260924,1,-I_e4mIh0yE$_$3,-I_e4mIh0yE,Positive,Neutral,0.6666666865348816,-0.00020346762255091244
B_git_frozen,audio,20260924,3,-MeTTeMJBNc$_$0,-MeTTeMJBNc,Positive,Positive,0.3333333432674408,0.5659674719327875
B_git_frozen,audio,20260924,3,-MeTTeMJBNc$_$13,-MeTTeMJBNc,Positive,Positive,0.3333333432674408,0.5358728296349603
B_git_frozen,audio,20260924,3,-MeTTeMJBNc$_$7,-MeTTeMJBNc,Positive,Positive,1.3333333730697632,0.5958508375490703
B_git_frozen,audio,20260924,3,-NFrJFQijFE$_$1,-NFrJFQijFE,Positive,Positive,0.3333333432674408,0.2912990719954022
B_git_frozen,audio,20260924,3,-NFrJFQijFE$_$2,-NFrJFQijFE,Neutral,Negative,0.0,0.42635001289298347
B_git_frozen,audio,20260924,2,-RfYyzHpjk4$_$11,-RfYyzHpjk4,Positive,Neutral,2.0,0.28189221571648077
B_git_frozen,audio,20260924,2,-RfYyzHpjk4$_$2,-RfYyzHpjk4,Positive,Positive,0.3333333432674408,0.6189425524083485
B_git_frozen,audio,20260924,2,-RfYyzHpjk4$_$8,-RfYyzHpjk4,Positive,Positive,0.3333333432674408,0.17961738190105656
B_git_frozen,audio,20260924,0,-THoVjtIkeU$_$12,-THoVjtIkeU,Positive,Negative,2.0,0.07804191642884509
B_git_frozen,audio,20260924,0,-THoVjtIkeU$_$2,-THoVjtIkeU,Positive,Positive,1.3333333730697632,0.39874849668324225
B_git_frozen,audio,20260924,0,-THoVjtIkeU$_$6,-THoVjtIkeU,Positive,Negative,2.6666667461395264,0.3440622084939844
B_git_frozen,audio,20260924,4,-UUCSKoHeMA$_$0,-UUCSKoHeMA,Neutral,Positive,0.0,0.6708221421605463
B_git_frozen,audio,20260924,0,-UacrmKiTn4$_$10,-UacrmKiTn4,Negative,Positive,-0.6666666865348816,0.6302920402493679
B_git_frozen,audio,20260924,0,-UacrmKiTn4$_$4,-UacrmKiTn4,Negative,Positive,-1.3333333730697632,0.37236021388646
B_git_frozen,audio,20260924,2,-UuX1xuaiiE$_$0,-UuX1xuaiiE,Positive,Neutral,2.6666667461395264,0.0811285725402344
B_git_frozen,audio,20260924,2,-UuX1xuaiiE$_$1,-UuX1xuaiiE,Positive,Neutral,1.6666666269302368,0.09292386116420193
B_git_frozen,audio,20260924,2,-UuX1xuaiiE$_$3,-UuX1xuaiiE,Positive,Negative,0.3333333432674408,0.17009902487741788
B_git_frozen,audio,20260924,2,-UuX1xuaiiE$_$6,-UuX1xuaiiE,Negative,Negative,-0.3333333432674408,0.25279027997215653
B_git_frozen,audio,20260924,4,-a55Q6RWvTA$_$3,-a55Q6RWvTA,Positive,Positive,0.6666666865348816,0.27838056852626275
B_git_frozen,audio,20260924,0,-aNfi7CP8vM$_$7,-aNfi7CP8vM,Neutral,Positive,0.0,0.7191685552324965
B_git_frozen,audio,20260924,3,-aqamKhZ1Ec$_$0,-aqamKhZ1Ec,Negative,Positive,-2.0,0.6201599757448049
B_git_frozen,audio,20260924,4,-dxfTGcXJoc$_$0,-dxfTGcXJoc,Positive,Positive,1.0,0.16927167973722881
B_git_frozen,audio,20260924,4,-dxfTGcXJoc$_$1,-dxfTGcXJoc,Positive,Positive,1.6666666269302368,0.14451027389190066
B_git_frozen,audio,20260924,4,-dxfTGcXJoc$_$2,-dxfTGcXJoc,Positive,Positive,0.6666666865348816,0.14279235000400387
B_git_frozen,audio,20260924,4,-dxfTGcXJoc$_$6,-dxfTGcXJoc,Positive,Negative,0.6666666865348816,-0.022774813353879153
B_git_frozen,audio,20260924,4,-egA8-b7-3M$_$1,-egA8-b7-3M,Positive,Positive,0.6666666865348816,0.28042332760766203
B_git_frozen,audio,20260924,4,-egA8-b7-3M$_$13,-egA8-b7-3M,Positive,Positive,0.3333333432674408,0.7693131673879088
B_git_frozen,audio,20260924,4,-egA8-b7-3M$_$16,-egA8-b7-3M,Positive,Positive,0.6666666865348816,0.2903699974193755
B_git_frozen,audio,20260924,4,-egA8-b7-3M$_$17,-egA8-b7-3M,Positive,Positive,0.3333333432674408,0.5297476613671118
B_git_frozen,audio,20260924,4,-egA8-b7-3M$_$18,-egA8-b7-3M,Positive,Positive,1.0,0.4705090649747004
B_git_frozen,audio,20260924,4,-egA8-b7-3M$_$20,-egA8-b7-3M,Positive,Positive,0.3333333432674408,0.5978798238581872
B_git_frozen,audio,20260924,4,-egA8-b7-3M$_$26,-egA8-b7-3M,Positive,Positive,1.6666666269302368,0.5386640555324061
B_git_frozen,audio,20260924,4,-egA8-b7-3M$_$6,-egA8-b7-3M,Positive,Positive,0.6666666865348816,0.1173660209524316
B_git_frozen,audio,20260924,4,-egA8-b7-3M$_$9,-egA8-b7-3M,Positive,Neutral,0.3333333432674408,0.3403646388292997
B_git_frozen,audio,20260924,3,-hnBHBN8p5A$_$6,-hnBHBN8p5A,Positive,Positive,1.0,0.6543657601981723
B_git_frozen,audio,20260924,3,-hnBHBN8p5A$_$7,-hnBHBN8p5A,Positive,Positive,0.6666666865348816,0.6218198174111074
B_git_frozen,audio,20260924,1,-iRBcNs9oI8$_$3,-iRBcNs9oI8,Positive,Positive,0.6666666865348816,0.7394354675169714
B_git_frozen,audio,20260924,1,-iRBcNs9oI8$_$6,-iRBcNs9oI8,Positive,Positive,0.3333333432674408,0.5482899906913117
B_git_frozen,audio,20260924,1,-iRBcNs9oI8$_$7,-iRBcNs9oI8,Positive,Positive,0.6666666865348816,0.650721690001069
B_git_frozen,audio,20260924,1,-iRBcNs9oI8$_$8,-iRBcNs9oI8,Positive,Positive,1.0,0.8711518181006068
B_git_frozen,audio,20260924,1,-iRBcNs9oI8$_$9,-iRBcNs9oI8,Positive,Positive,1.3333333730697632,0.7816620070450677
B_git_frozen,audio,20260924,1,-lzEya4AM_4$_$5,-lzEya4AM_4,Negative,Positive,-0.6666666865348816,0.6473384548849939
B_git_frozen,audio,20260924,1,-lzEya4AM_4$_$6,-lzEya4AM_4,Negative,Neutral,-0.3333333432674408,0.37656178285341174
B_git_frozen,audio,20260924,4,-mJ2ud6oKI8$_$1,-mJ2ud6oKI8,Neutral,Negative,0.0,-2.972202376486374
B_git_frozen,audio,20260924,4,-mJ2ud6oKI8$_$2,-mJ2ud6oKI8,Neutral,Negative,0.0,-2.972202376486374
B_git_frozen,audio,20260924,4,-mJ2ud6oKI8$_$6,-mJ2ud6oKI8,Positive,Positive,0.3333333432674408,-0.3011730116719839
B_git_frozen,audio,20260924,4,-mJ2ud6oKI8$_$8,-mJ2ud6oKI8,Negative,Positive,-0.3333333432674408,0.26355194465550136
B_git_frozen,audio,20260924,4,-mJ2ud6oKI8$_$9,-mJ2ud6oKI8,Neutral,Positive,0.0,0.5491863804564205
B_git_frozen,audio,20260924,2,-mqbVkbCndg$_$0,-mqbVkbCndg,Neutral,Neutral,0.0,0.28768822409267725
B_git_frozen,audio,20260924,1,-qDkUB0GgYY$_$6,-qDkUB0GgYY,Positive,Positive,1.3333333730697632,0.5821550417249921
B_git_frozen,audio,20260924,1,-ri04Z7vwnc$_$0,-ri04Z7vwnc,Neutral,Negative,0.0,0.024142362837149378
B_git_frozen,audio,20260924,1,-ri04Z7vwnc$_$2,-ri04Z7vwnc,Negative,Negative,-0.3333333432674408,0.46725961727366205
B_git_frozen,audio,20260924,1,-ri04Z7vwnc$_$5,-ri04Z7vwnc,Positive,Negative,0.3333333432674408,0.15684450067034844
B_git_frozen,audio,20260924,1,-s9qJ7ATP7w$_$0,-s9qJ7ATP7w,Negative,Neutral,-0.3333333432674408,0.2703487527872238
B_git_frozen,audio,20260924,1,-s9qJ7ATP7w$_$1,-s9qJ7ATP7w,Positive,Neutral,0.6666666865348816,0.34987190371610993
B_git_frozen,audio,20260924,1,-s9qJ7ATP7w$_$4,-s9qJ7ATP7w,Neutral,Negative,0.0,0.6216584029606174
B_git_frozen,audio,20260924,1,-s9qJ7ATP7w$_$5,-s9qJ7ATP7w,Negative,Positive,-2.0,0.5711013807088647
B_git_frozen,audio,20260924,1,-s9qJ7ATP7w$_$6,-s9qJ7ATP7w,Neutral,Negative,0.0,-0.04875249912444074
B_git_frozen,audio,20260924,1,-s9qJ7ATP7w$_$7,-s9qJ7ATP7w,Positive,Neutral,1.0,0.5614060455493002
B_git_frozen,audio,20260924,1,-s9qJ7ATP7w$_$8,-s9qJ7ATP7w,Positive,Neutral,1.3333333730697632,0.0994502700383309
B_git_frozen,audio,20260924,3,-t217m2on-s$_$2,-t217m2on-s,Positive,Positive,0.6666666865348816,0.3657840267437627
B_git_frozen,audio,20260924,3,-t217m2on-s$_$7,-t217m2on-s,Negative,Positive,-0.6666666865348816,0.4566972439314624
B_git_frozen,audio,20260924,0,-tANM6ETl_M$_$3,-tANM6ETl_M,Positive,Negative,0.3333333432674408,0.4365851562768013
B_git_frozen,audio,20260924,4,-tPCytz4rww$_$10,-tPCytz4rww,Neutral,Positive,0.0,0.3193018079340581
B_git_frozen,audio,20260924,4,-tPCytz4rww$_$11,-tPCytz4rww,Neutral,Positive,0.0,0.13366919664360846
B_git_frozen,audio,20260924,4,-tPCytz4rww$_$12,-tPCytz4rww,Neutral,Positive,0.0,0.0852322250421616
B_git_frozen,audio,20260924,4,-tPCytz4rww$_$16,-tPCytz4rww,Neutral,Positive,0.0,0.29714411938922664
B_git_frozen,audio,20260924,4,-tPCytz4rww$_$18,-tPCytz4rww,Neutral,Neutral,0.0,-0.17231375149652267
B_git_frozen,audio,20260924,0,-uywlfIYOS8$_$4,-uywlfIYOS8,Positive,Positive,0.3333333432674408,0.4449468299283689
B_git_frozen,audio,20260924,3,-vxjVxOeScU$_$4,-vxjVxOeScU,Positive,Positive,1.0,0.6260734152676408
B_git_frozen,audio,20260924,1,-wMB_hJL-3o$_$7,-wMB_hJL-3o,Positive,Neutral,0.3333333432674408,0.15762833268770174
B_git_frozen,audio,20260924,2,-wny0OAz3g8$_$0,-wny0OAz3g8,Positive,Positive,0.3333333432674408,0.6555535039648606
B_git_frozen,audio,20260924,2,-wny0OAz3g8$_$1,-wny0OAz3g8,Positive,Positive,0.3333333432674408,0.5668021929971188
B_git_frozen,audio,20260924,2,-wny0OAz3g8$_$2,-wny0OAz3g8,Negative,Positive,-0.3333333432674408,0.6453908327956355
B_git_frozen,audio,20260924,2,-wny0OAz3g8$_$3,-wny0OAz3g8,Negative,Positive,-1.3333333730697632,0.5288236773320381
B_git_frozen,audio,20260924,2,-wny0OAz3g8$_$5,-wny0OAz3g8,Positive,Positive,1.0,0.7183077383926428
B_git_frozen,audio,20260924,2,-wny0OAz3g8$_$7,-wny0OAz3g8,Neutral,Positive,0.0,0.82689036553936
B_git_frozen,audio,20260924,2,-wny0OAz3g8$_$9,-wny0OAz3g8,Positive,Positive,0.6666666865348816,0.5761671456411721
B_git_frozen,audio,20260924,4,-yRb-Jum7EQ$_$1,-yRb-Jum7EQ,Neutral,Positive,0.0,0.3638340719512915
B_git_frozen,audio,20260924,4,-yRb-Jum7EQ$_$5,-yRb-Jum7EQ,Negative,Positive,-0.6666666865348816,0.27713639463400724
B_git_frozen,audio,20260924,4,-yRb-Jum7EQ$_$6,-yRb-Jum7EQ,Neutral,Positive,0.0,0.3524772636594192
B_git_frozen,vision,20260924,1,-3g5yACwYnA$_$13,-3g5yACwYnA,Positive,Positive,0.6666666865348816,0.20823839181418774
B_git_frozen,vision,20260924,1,-3g5yACwYnA$_$2,-3g5yACwYnA,Neutral,Negative,0.0,0.14090388163141654
B_git_frozen,vision,20260924,1,-3g5yACwYnA$_$3,-3g5yACwYnA,Neutral,Positive,0.0,0.16114447965061884
B_git_frozen,vision,20260924,1,-3g5yACwYnA$_$9,-3g5yACwYnA,Positive,Positive,0.6666666865348816,0.16581974131723806
B_git_frozen,vision,20260924,0,-3nNcZdcdvU$_$5,-3nNcZdcdvU,Neutral,Negative,0.0,0.16945784609489087
B_git_frozen,vision,20260924,3,-571d8cVauQ$_$0,-571d8cVauQ,Neutral,Positive,0.0,0.65604197109717
B_git_frozen,vision,20260924,3,-571d8cVauQ$_$5,-571d8cVauQ,Positive,Positive,0.3333333432674408,0.4764195123056707
B_git_frozen,vision,20260924,0,-6rXp3zJ3kc$_$8,-6rXp3zJ3kc,Negative,Negative,-1.0,0.2303773666761885
B_git_frozen,vision,20260924,0,-9y-fZ3swSY$_$0,-9y-fZ3swSY,Positive,Negative,1.0,0.06556474393317807
B_git_frozen,vision,20260924,0,-9y-fZ3swSY$_$4,-9y-fZ3swSY,Neutral,Negative,0.0,-0.05908383349786889
B_git_frozen,vision,20260924,0,-9y-fZ3swSY$_$8,-9y-fZ3swSY,Positive,Neutral,1.6666666269302368,0.22166061803651974
B_git_frozen,vision,20260924,0,-AUZQgSxyPQ$_$2,-AUZQgSxyPQ,Positive,Positive,0.6666666865348816,-0.10732839192415128
B_git_frozen,vision,20260924,4,-HeZS2-Prhc$_$2,-HeZS2-Prhc,Positive,Positive,0.6666666865348816,0.3975227471619626
B_git_frozen,vision,20260924,4,-HwX2H8Z4hY$_$2,-HwX2H8Z4hY,Neutral,Neutral,0.0,2.2736285388330706
B_git_frozen,vision,20260924,4,-HwX2H8Z4hY$_$5,-HwX2H8Z4hY,Negative,Positive,-1.0,2.168461768217272
B_git_frozen,vision,20260924,4,-HwX2H8Z4hY$_$6,-HwX2H8Z4hY,Neutral,Positive,0.0,2.2114097359107268
B_git_frozen,vision,20260924,4,-HwX2H8Z4hY$_$9,-HwX2H8Z4hY,Negative,Positive,-0.3333333432674408,0.4908194281457623
B_git_frozen,vision,20260924,1,-I_e4mIh0yE$_$1,-I_e4mIh0yE,Negative,Positive,-0.6666666865348816,0.6957552288085009
B_git_frozen,vision,20260924,1,-I_e4mIh0yE$_$3,-I_e4mIh0yE,Positive,Positive,0.6666666865348816,0.3543139026638418
B_git_frozen,vision,20260924,3,-MeTTeMJBNc$_$0,-MeTTeMJBNc,Positive,Negative,0.3333333432674408,0.0025832543662182017
B_git_frozen,vision,20260924,3,-MeTTeMJBNc$_$13,-MeTTeMJBNc,Positive,Neutral,0.3333333432674408,-0.11204050357702533
B_git_frozen,vision,20260924,3,-MeTTeMJBNc$_$7,-MeTTeMJBNc,Positive,Negative,1.3333333730697632,-0.005328131517186363
B_git_frozen,vision,20260924,3,-NFrJFQijFE$_$1,-NFrJFQijFE,Positive,Neutral,0.3333333432674408,-0.041892452409683145
B_git_frozen,vision,20260924,3,-NFrJFQijFE$_$2,-NFrJFQijFE,Neutral,Negative,0.0,0.5981038333344916
B_git_frozen,vision,20260924,2,-RfYyzHpjk4$_$11,-RfYyzHpjk4,Positive,Negative,2.0,0.2479874742039223
B_git_frozen,vision,20260924,2,-RfYyzHpjk4$_$2,-RfYyzHpjk4,Positive,Negative,0.3333333432674408,0.2328810360538846
B_git_frozen,vision,20260924,2,-RfYyzHpjk4$_$8,-RfYyzHpjk4,Positive,Negative,0.3333333432674408,0.1304640560760658
B_git_frozen,vision,20260924,0,-THoVjtIkeU$_$12,-THoVjtIkeU,Positive,Negative,2.0,0.07390237609712014
B_git_frozen,vision,20260924,0,-THoVjtIkeU$_$2,-THoVjtIkeU,Positive,Neutral,1.3333333730697632,0.00635861575190938
B_git_frozen,vision,20260924,0,-THoVjtIkeU$_$6,-THoVjtIkeU,Positive,Neutral,2.6666667461395264,0.17863502769496414
B_git_frozen,vision,20260924,4,-UUCSKoHeMA$_$0,-UUCSKoHeMA,Neutral,Positive,0.0,0.489407774157708
B_git_frozen,vision,20260924,0,-UacrmKiTn4$_$10,-UacrmKiTn4,Negative,Positive,-0.6666666865348816,0.4218118211087718
B_git_frozen,vision,20260924,0,-UacrmKiTn4$_$4,-UacrmKiTn4,Negative,Positive,-1.3333333730697632,0.36909245349127806
B_git_frozen,vision,20260924,2,-UuX1xuaiiE$_$0,-UuX1xuaiiE,Positive,Neutral,2.6666667461395264,-0.3222256025859738
B_git_frozen,vision,20260924,2,-UuX1xuaiiE$_$1,-UuX1xuaiiE,Positive,Positive,1.6666666269302368,0.20821084330868886
B_git_frozen,vision,20260924,2,-UuX1xuaiiE$_$3,-UuX1xuaiiE,Positive,Positive,0.3333333432674408,0.69250024423558
B_git_frozen,vision,20260924,2,-UuX1xuaiiE$_$6,-UuX1xuaiiE,Negative,Negative,-0.3333333432674408,0.2585364741457171
B_git_frozen,vision,20260924,4,-a55Q6RWvTA$_$3,-a55Q6RWvTA,Positive,Negative,0.6666666865348816,-0.5670723574759682
B_git_frozen,vision,20260924,0,-aNfi7CP8vM$_$7,-aNfi7CP8vM,Neutral,Neutral,0.0,0.27517839479539774
B_git_frozen,vision,20260924,3,-aqamKhZ1Ec$_$0,-aqamKhZ1Ec,Negative,Positive,-2.0,0.26320447174329764
B_git_frozen,vision,20260924,4,-dxfTGcXJoc$_$0,-dxfTGcXJoc,Positive,Positive,1.0,0.20921245811987257
B_git_frozen,vision,20260924,4,-dxfTGcXJoc$_$1,-dxfTGcXJoc,Positive,Positive,1.6666666269302368,0.12423927497257647
B_git_frozen,vision,20260924,4,-dxfTGcXJoc$_$2,-dxfTGcXJoc,Positive,Positive,0.6666666865348816,0.1764261270860016
B_git_frozen,vision,20260924,4,-dxfTGcXJoc$_$6,-dxfTGcXJoc,Positive,Positive,0.6666666865348816,0.21176404740751156
B_git_frozen,vision,20260924,4,-egA8-b7-3M$_$1,-egA8-b7-3M,Positive,Positive,0.6666666865348816,0.8450681327714762
B_git_frozen,vision,20260924,4,-egA8-b7-3M$_$13,-egA8-b7-3M,Positive,Positive,0.3333333432674408,1.1402723759614841
B_git_frozen,vision,20260924,4,-egA8-b7-3M$_$16,-egA8-b7-3M,Positive,Positive,0.6666666865348816,0.6759293130901596
B_git_frozen,vision,20260924,4,-egA8-b7-3M$_$17,-egA8-b7-3M,Positive,Positive,0.3333333432674408,1.0832962051172084
B_git_frozen,vision,20260924,4,-egA8-b7-3M$_$18,-egA8-b7-3M,Positive,Positive,1.0,0.8136074789875835
B_git_frozen,vision,20260924,4,-egA8-b7-3M$_$20,-egA8-b7-3M,Positive,Positive,0.3333333432674408,0.8119700459414363
B_git_frozen,vision,20260924,4,-egA8-b7-3M$_$26,-egA8-b7-3M,Positive,Positive,1.6666666269302368,1.1580468068966874
B_git_frozen,vision,20260924,4,-egA8-b7-3M$_$6,-egA8-b7-3M,Positive,Positive,0.6666666865348816,0.825066680524968
B_git_frozen,vision,20260924,4,-egA8-b7-3M$_$9,-egA8-b7-3M,Positive,Positive,0.3333333432674408,0.9182803195505005
B_git_frozen,vision,20260924,3,-hnBHBN8p5A$_$6,-hnBHBN8p5A,Positive,Neutral,1.0,-0.025014463230004114
B_git_frozen,vision,20260924,3,-hnBHBN8p5A$_$7,-hnBHBN8p5A,Positive,Negative,0.6666666865348816,0.8829878112046243
B_git_frozen,vision,20260924,1,-iRBcNs9oI8$_$3,-iRBcNs9oI8,Positive,Neutral,0.6666666865348816,0.08867505327040243
B_git_frozen,vision,20260924,1,-iRBcNs9oI8$_$6,-iRBcNs9oI8,Positive,Neutral,0.3333333432674408,-0.15180528159013218
B_git_frozen,vision,20260924,1,-iRBcNs9oI8$_$7,-iRBcNs9oI8,Positive,Positive,0.6666666865348816,0.234352961783498
B_git_frozen,vision,20260924,1,-iRBcNs9oI8$_$8,-iRBcNs9oI8,Positive,Neutral,1.0,-0.012306921036609353
B_git_frozen,vision,20260924,1,-iRBcNs9oI8$_$9,-iRBcNs9oI8,Positive,Positive,1.3333333730697632,0.773872272702374
B_git_frozen,vision,20260924,1,-lzEya4AM_4$_$5,-lzEya4AM_4,Negative,Positive,-0.6666666865348816,0.7053876272311901
B_git_frozen,vision,20260924,1,-lzEya4AM_4$_$6,-lzEya4AM_4,Negative,Positive,-0.3333333432674408,0.3084134462026721
B_git_frozen,vision,20260924,4,-mJ2ud6oKI8$_$1,-mJ2ud6oKI8,Neutral,Neutral,0.0,0.13505584605542373
B_git_frozen,vision,20260924,4,-mJ2ud6oKI8$_$2,-mJ2ud6oKI8,Neutral,Positive,0.0,1.8315677951004163
B_git_frozen,vision,20260924,4,-mJ2ud6oKI8$_$6,-mJ2ud6oKI8,Positive,Positive,0.3333333432674408,0.04376455047182376
B_git_frozen,vision,20260924,4,-mJ2ud6oKI8$_$8,-mJ2ud6oKI8,Negative,Positive,-0.3333333432674408,0.5118736631666676
B_git_frozen,vision,20260924,4,-mJ2ud6oKI8$_$9,-mJ2ud6oKI8,Neutral,Positive,0.0,0.5017490174709632
B_git_frozen,vision,20260924,2,-mqbVkbCndg$_$0,-mqbVkbCndg,Neutral,Negative,0.0,-0.4538320225288271
B_git_frozen,vision,20260924,1,-qDkUB0GgYY$_$6,-qDkUB0GgYY,Positive,Positive,1.3333333730697632,0.2010753656453034
B_git_frozen,vision,20260924,1,-ri04Z7vwnc$_$0,-ri04Z7vwnc,Neutral,Neutral,0.0,0.1522015559530927
B_git_frozen,vision,20260924,1,-ri04Z7vwnc$_$2,-ri04Z7vwnc,Negative,Positive,-0.3333333432674408,0.7394448851355581
B_git_frozen,vision,20260924,1,-ri04Z7vwnc$_$5,-ri04Z7vwnc,Positive,Positive,0.3333333432674408,0.6301171838545006
B_git_frozen,vision,20260924,1,-s9qJ7ATP7w$_$0,-s9qJ7ATP7w,Negative,Neutral,-0.3333333432674408,0.56492458778083
B_git_frozen,vision,20260924,1,-s9qJ7ATP7w$_$1,-s9qJ7ATP7w,Positive,Positive,0.6666666865348816,0.8977976900606606
B_git_frozen,vision,20260924,1,-s9qJ7ATP7w$_$4,-s9qJ7ATP7w,Neutral,Neutral,0.0,0.39602066657860824
B_git_frozen,vision,20260924,1,-s9qJ7ATP7w$_$5,-s9qJ7ATP7w,Negative,Neutral,-2.0,0.6407561300440593
B_git_frozen,vision,20260924,1,-s9qJ7ATP7w$_$6,-s9qJ7ATP7w,Neutral,Neutral,0.0,0.7452804769983852
B_git_frozen,vision,20260924,1,-s9qJ7ATP7w$_$7,-s9qJ7ATP7w,Positive,Negative,1.0,0.16744569717265403
B_git_frozen,vision,20260924,1,-s9qJ7ATP7w$_$8,-s9qJ7ATP7w,Positive,Negative,1.3333333730697632,0.45951096566431626
B_git_frozen,vision,20260924,3,-t217m2on-s$_$2,-t217m2on-s,Positive,Neutral,0.6666666865348816,0.26417200241144206
B_git_frozen,vision,20260924,3,-t217m2on-s$_$7,-t217m2on-s,Negative,Neutral,-0.6666666865348816,0.16378639478028295
B_git_frozen,vision,20260924,0,-tANM6ETl_M$_$3,-tANM6ETl_M,Positive,Positive,0.3333333432674408,0.17682841921132486
B_git_frozen,vision,20260924,4,-tPCytz4rww$_$10,-tPCytz4rww,Neutral,Positive,0.0,0.45924488778351236
B_git_frozen,vision,20260924,4,-tPCytz4rww$_$11,-tPCytz4rww,Neutral,Neutral,0.0,0.0625899371374607
B_git_frozen,vision,20260924,4,-tPCytz4rww$_$12,-tPCytz4rww,Neutral,Positive,0.0,0.3104475928304228
B_git_frozen,vision,20260924,4,-tPCytz4rww$_$16,-tPCytz4rww,Neutral,Positive,0.0,0.3818310107887538
B_git_frozen,vision,20260924,4,-tPCytz4rww$_$18,-tPCytz4rww,Neutral,Positive,0.0,0.6355477245947685
B_git_frozen,vision,20260924,0,-uywlfIYOS8$_$4,-uywlfIYOS8,Positive,Negative,0.3333333432674408,0.13018068068909075
B_git_frozen,vision,20260924,3,-vxjVxOeScU$_$4,-vxjVxOeScU,Positive,Negative,1.0,0.19884290561004475
B_git_frozen,vision,20260924,1,-wMB_hJL-3o$_$7,-wMB_hJL-3o,Positive,Negative,0.3333333432674408,0.003694467768395382
B_git_frozen,vision,20260924,2,-wny0OAz3g8$_$0,-wny0OAz3g8,Positive,Positive,0.3333333432674408,0.18468616919083147
B_git_frozen,vision,20260924,2,-wny0OAz3g8$_$1,-wny0OAz3g8,Positive,Positive,0.3333333432674408,0.3678424704134634
B_git_frozen,vision,20260924,2,-wny0OAz3g8$_$2,-wny0OAz3g8,Negative,Positive,-0.3333333432674408,0.2506807799925354
B_git_frozen,vision,20260924,2,-wny0OAz3g8$_$3,-wny0OAz3g8,Negative,Positive,-1.3333333730697632,0.5109712314345455
B_git_frozen,vision,20260924,2,-wny0OAz3g8$_$5,-wny0OAz3g8,Positive,Positive,1.0,0.42020311456207243
B_git_frozen,vision,20260924,2,-wny0OAz3g8$_$7,-wny0OAz3g8,Neutral,Positive,0.0,0.6619239340098488
B_git_frozen,vision,20260924,2,-wny0OAz3g8$_$9,-wny0OAz3g8,Positive,Positive,0.6666666865348816,0.7025230896471645
B_git_frozen,vision,20260924,4,-yRb-Jum7EQ$_$1,-yRb-Jum7EQ,Neutral,Neutral,0.0,0.5122011143335611
B_git_frozen,vision,20260924,4,-yRb-Jum7EQ$_$5,-yRb-Jum7EQ,Negative,Neutral,-0.6666666865348816,0.29904725371029456
B_git_frozen,vision,20260924,4,-yRb-Jum7EQ$_$6,-yRb-Jum7EQ,Neutral,Neutral,0.0,0.19616180941483205
B_git_frozen,fused,20260924,1,-3g5yACwYnA$_$13,-3g5yACwYnA,Positive,Positive,0.6666666865348816,0.009934269231171022
B_git_frozen,fused,20260924,1,-3g5yACwYnA$_$2,-3g5yACwYnA,Neutral,Positive,0.0,0.1679242110757545
B_git_frozen,fused,20260924,1,-3g5yACwYnA$_$3,-3g5yACwYnA,Neutral,Positive,0.0,-0.16275855032712666
B_git_frozen,fused,20260924,1,-3g5yACwYnA$_$9,-3g5yACwYnA,Positive,Positive,0.6666666865348816,0.6661188134879188
B_git_frozen,fused,20260924,0,-3nNcZdcdvU$_$5,-3nNcZdcdvU,Neutral,Negative,0.0,-0.5652696225218766
B_git_frozen,fused,20260924,3,-571d8cVauQ$_$0,-571d8cVauQ,Neutral,Neutral,0.0,0.2365833310070269
B_git_frozen,fused,20260924,3,-571d8cVauQ$_$5,-571d8cVauQ,Positive,Positive,0.3333333432674408,0.5966370126753642
B_git_frozen,fused,20260924,0,-6rXp3zJ3kc$_$8,-6rXp3zJ3kc,Negative,Positive,-1.0,0.1695337512761979
B_git_frozen,fused,20260924,0,-9y-fZ3swSY$_$0,-9y-fZ3swSY,Positive,Positive,1.0,0.3262176338634268
B_git_frozen,fused,20260924,0,-9y-fZ3swSY$_$4,-9y-fZ3swSY,Neutral,Positive,0.0,0.1277077128470995
B_git_frozen,fused,20260924,0,-9y-fZ3swSY$_$8,-9y-fZ3swSY,Positive,Neutral,1.6666666269302368,0.2285404459903391
B_git_frozen,fused,20260924,0,-AUZQgSxyPQ$_$2,-AUZQgSxyPQ,Positive,Neutral,0.6666666865348816,0.4848693535990394
B_git_frozen,fused,20260924,4,-HeZS2-Prhc$_$2,-HeZS2-Prhc,Positive,Positive,0.6666666865348816,0.02210994025372176
B_git_frozen,fused,20260924,4,-HwX2H8Z4hY$_$2,-HwX2H8Z4hY,Neutral,Positive,0.0,0.9876126788174617
B_git_frozen,fused,20260924,4,-HwX2H8Z4hY$_$5,-HwX2H8Z4hY,Negative,Positive,-1.0,0.7988082278210672
B_git_frozen,fused,20260924,4,-HwX2H8Z4hY$_$6,-HwX2H8Z4hY,Neutral,Positive,0.0,0.7310805497214935
B_git_frozen,fused,20260924,4,-HwX2H8Z4hY$_$9,-HwX2H8Z4hY,Negative,Positive,-0.3333333432674408,0.2678847146249011
B_git_frozen,fused,20260924,1,-I_e4mIh0yE$_$1,-I_e4mIh0yE,Negative,Negative,-0.6666666865348816,-0.2443769702462299
B_git_frozen,fused,20260924,1,-I_e4mIh0yE$_$3,-I_e4mIh0yE,Positive,Neutral,0.6666666865348816,0.28947948862407574
B_git_frozen,fused,20260924,3,-MeTTeMJBNc$_$0,-MeTTeMJBNc,Positive,Positive,0.3333333432674408,0.29962471087098297
B_git_frozen,fused,20260924,3,-MeTTeMJBNc$_$13,-MeTTeMJBNc,Positive,Positive,0.3333333432674408,0.3449664683308097
B_git_frozen,fused,20260924,3,-MeTTeMJBNc$_$7,-MeTTeMJBNc,Positive,Positive,1.3333333730697632,0.5002136326227964
B_git_frozen,fused,20260924,3,-NFrJFQijFE$_$1,-NFrJFQijFE,Positive,Neutral,0.3333333432674408,-0.5548146421120985
B_git_frozen,fused,20260924,3,-NFrJFQijFE$_$2,-NFrJFQijFE,Neutral,Positive,0.0,0.4728534079563761
B_git_frozen,fused,20260924,2,-RfYyzHpjk4$_$11,-RfYyzHpjk4,Positive,Positive,2.0,0.5891690921761612
B_git_frozen,fused,20260924,2,-RfYyzHpjk4$_$2,-RfYyzHpjk4,Positive,Positive,0.3333333432674408,0.22631418804053846
B_git_frozen,fused,20260924,2,-RfYyzHpjk4$_$8,-RfYyzHpjk4,Positive,Positive,0.3333333432674408,0.23411095442499003
B_git_frozen,fused,20260924,0,-THoVjtIkeU$_$12,-THoVjtIkeU,Positive,Positive,2.0,0.09662158672091917
B_git_frozen,fused,20260924,0,-THoVjtIkeU$_$2,-THoVjtIkeU,Positive,Positive,1.3333333730697632,0.5000078956824314
B_git_frozen,fused,20260924,0,-THoVjtIkeU$_$6,-THoVjtIkeU,Positive,Positive,2.6666667461395264,0.6799788880377271
B_git_frozen,fused,20260924,4,-UUCSKoHeMA$_$0,-UUCSKoHeMA,Neutral,Positive,0.0,0.3678393335561138
B_git_frozen,fused,20260924,0,-UacrmKiTn4$_$10,-UacrmKiTn4,Negative,Positive,-0.6666666865348816,-0.023963585873689297
B_git_frozen,fused,20260924,0,-UacrmKiTn4$_$4,-UacrmKiTn4,Negative,Positive,-1.3333333730697632,0.12279527581022393
B_git_frozen,fused,20260924,2,-UuX1xuaiiE$_$0,-UuX1xuaiiE,Positive,Positive,2.6666667461395264,0.7255198446085647
B_git_frozen,fused,20260924,2,-UuX1xuaiiE$_$1,-UuX1xuaiiE,Positive,Neutral,1.6666666269302368,0.4108070448195658
B_git_frozen,fused,20260924,2,-UuX1xuaiiE$_$3,-UuX1xuaiiE,Positive,Positive,0.3333333432674408,0.19991426693975217
B_git_frozen,fused,20260924,2,-UuX1xuaiiE$_$6,-UuX1xuaiiE,Negative,Neutral,-0.3333333432674408,0.005521362390589757
B_git_frozen,fused,20260924,4,-a55Q6RWvTA$_$3,-a55Q6RWvTA,Positive,Positive,0.6666666865348816,0.2968660637537931
B_git_frozen,fused,20260924,0,-aNfi7CP8vM$_$7,-aNfi7CP8vM,Neutral,Positive,0.0,0.3630038901707599
B_git_frozen,fused,20260924,3,-aqamKhZ1Ec$_$0,-aqamKhZ1Ec,Negative,Neutral,-2.0,0.011453129145118535
B_git_frozen,fused,20260924,4,-dxfTGcXJoc$_$0,-dxfTGcXJoc,Positive,Positive,1.0,0.30189562725007857
B_git_frozen,fused,20260924,4,-dxfTGcXJoc$_$1,-dxfTGcXJoc,Positive,Positive,1.6666666269302368,0.5176924050674208
B_git_frozen,fused,20260924,4,-dxfTGcXJoc$_$2,-dxfTGcXJoc,Positive,Positive,0.6666666865348816,0.789347903059658
B_git_frozen,fused,20260924,4,-dxfTGcXJoc$_$6,-dxfTGcXJoc,Positive,Positive,0.6666666865348816,0.6984419092408596
B_git_frozen,fused,20260924,4,-egA8-b7-3M$_$1,-egA8-b7-3M,Positive,Positive,0.6666666865348816,0.6911680585784968
B_git_frozen,fused,20260924,4,-egA8-b7-3M$_$13,-egA8-b7-3M,Positive,Positive,0.3333333432674408,0.7863557540115909
B_git_frozen,fused,20260924,4,-egA8-b7-3M$_$16,-egA8-b7-3M,Positive,Positive,0.6666666865348816,0.9407055784890213
B_git_frozen,fused,20260924,4,-egA8-b7-3M$_$17,-egA8-b7-3M,Positive,Positive,0.3333333432674408,1.1017704825454429
B_git_frozen,fused,20260924,4,-egA8-b7-3M$_$18,-egA8-b7-3M,Positive,Positive,1.0,1.0244824763689633
B_git_frozen,fused,20260924,4,-egA8-b7-3M$_$20,-egA8-b7-3M,Positive,Positive,0.3333333432674408,1.0633471095037739
B_git_frozen,fused,20260924,4,-egA8-b7-3M$_$26,-egA8-b7-3M,Positive,Positive,1.6666666269302368,1.4028258241112244
B_git_frozen,fused,20260924,4,-egA8-b7-3M$_$6,-egA8-b7-3M,Positive,Positive,0.6666666865348816,0.9245120125730483
B_git_frozen,fused,20260924,4,-egA8-b7-3M$_$9,-egA8-b7-3M,Positive,Positive,0.3333333432674408,0.6796322639702022
B_git_frozen,fused,20260924,3,-hnBHBN8p5A$_$6,-hnBHBN8p5A,Positive,Positive,1.0,0.7092581483096436
B_git_frozen,fused,20260924,3,-hnBHBN8p5A$_$7,-hnBHBN8p5A,Positive,Positive,0.6666666865348816,0.29837411372543
B_git_frozen,fused,20260924,1,-iRBcNs9oI8$_$3,-iRBcNs9oI8,Positive,Neutral,0.6666666865348816,0.2419455453456566
B_git_frozen,fused,20260924,1,-iRBcNs9oI8$_$6,-iRBcNs9oI8,Positive,Neutral,0.3333333432674408,0.18140438400973477
B_git_frozen,fused,20260924,1,-iRBcNs9oI8$_$7,-iRBcNs9oI8,Positive,Positive,0.6666666865348816,0.39605568176861067
B_git_frozen,fused,20260924,1,-iRBcNs9oI8$_$8,-iRBcNs9oI8,Positive,Positive,1.0,0.7525413273671487
B_git_frozen,fused,20260924,1,-iRBcNs9oI8$_$9,-iRBcNs9oI8,Positive,Neutral,1.3333333730697632,0.39726756183398104
B_git_frozen,fused,20260924,1,-lzEya4AM_4$_$5,-lzEya4AM_4,Negative,Neutral,-0.6666666865348816,0.3655513985380292
B_git_frozen,fused,20260924,1,-lzEya4AM_4$_$6,-lzEya4AM_4,Negative,Neutral,-0.3333333432674408,-0.3202231861053915
B_git_frozen,fused,20260924,4,-mJ2ud6oKI8$_$1,-mJ2ud6oKI8,Neutral,Positive,0.0,0.6297190997747143
B_git_frozen,fused,20260924,4,-mJ2ud6oKI8$_$2,-mJ2ud6oKI8,Neutral,Positive,0.0,0.8807833344310688
B_git_frozen,fused,20260924,4,-mJ2ud6oKI8$_$6,-mJ2ud6oKI8,Positive,Positive,0.3333333432674408,0.29288894264777854
B_git_frozen,fused,20260924,4,-mJ2ud6oKI8$_$8,-mJ2ud6oKI8,Negative,Positive,-0.3333333432674408,0.3997135000519019
B_git_frozen,fused,20260924,4,-mJ2ud6oKI8$_$9,-mJ2ud6oKI8,Neutral,Positive,0.0,0.49341496764377957
B_git_frozen,fused,20260924,2,-mqbVkbCndg$_$0,-mqbVkbCndg,Neutral,Positive,0.0,0.24439891483217419
B_git_frozen,fused,20260924,1,-qDkUB0GgYY$_$6,-qDkUB0GgYY,Positive,Positive,1.3333333730697632,1.3113682851124713
B_git_frozen,fused,20260924,1,-ri04Z7vwnc$_$0,-ri04Z7vwnc,Neutral,Neutral,0.0,0.18573877762102647
B_git_frozen,fused,20260924,1,-ri04Z7vwnc$_$2,-ri04Z7vwnc,Negative,Positive,-0.3333333432674408,0.299477265549395
B_git_frozen,fused,20260924,1,-ri04Z7vwnc$_$5,-ri04Z7vwnc,Positive,Positive,0.3333333432674408,0.5144995837679002
B_git_frozen,fused,20260924,1,-s9qJ7ATP7w$_$0,-s9qJ7ATP7w,Negative,Neutral,-0.3333333432674408,0.07477073080127022
B_git_frozen,fused,20260924,1,-s9qJ7ATP7w$_$1,-s9qJ7ATP7w,Positive,Positive,0.6666666865348816,0.6658713303208561
B_git_frozen,fused,20260924,1,-s9qJ7ATP7w$_$4,-s9qJ7ATP7w,Neutral,Neutral,0.0,1.0330826932932655
B_git_frozen,fused,20260924,1,-s9qJ7ATP7w$_$5,-s9qJ7ATP7w,Negative,Positive,-2.0,0.765717460951556
B_git_frozen,fused,20260924,1,-s9qJ7ATP7w$_$6,-s9qJ7ATP7w,Neutral,Neutral,0.0,0.1113039377047848
B_git_frozen,fused,20260924,1,-s9qJ7ATP7w$_$7,-s9qJ7ATP7w,Positive,Neutral,1.0,0.12394066503309839
B_git_frozen,fused,20260924,1,-s9qJ7ATP7w$_$8,-s9qJ7ATP7w,Positive,Neutral,1.3333333730697632,0.7157467773924819
B_git_frozen,fused,20260924,3,-t217m2on-s$_$2,-t217m2on-s,Positive,Positive,0.6666666865348816,0.39367079747245964
B_git_frozen,fused,20260924,3,-t217m2on-s$_$7,-t217m2on-s,Negative,Negative,-0.6666666865348816,-0.19485768659717712
B_git_frozen,fused,20260924,0,-tANM6ETl_M$_$3,-tANM6ETl_M,Positive,Positive,0.3333333432674408,0.07556563887917914
B_git_frozen,fused,20260924,4,-tPCytz4rww$_$10,-tPCytz4rww,Neutral,Positive,0.0,0.44176868119772683
B_git_frozen,fused,20260924,4,-tPCytz4rww$_$11,-tPCytz4rww,Neutral,Positive,0.0,0.2653502999001436
B_git_frozen,fused,20260924,4,-tPCytz4rww$_$12,-tPCytz4rww,Neutral,Positive,0.0,0.3203105133680529
B_git_frozen,fused,20260924,4,-tPCytz4rww$_$16,-tPCytz4rww,Neutral,Positive,0.0,0.36003946535247955
B_git_frozen,fused,20260924,4,-tPCytz4rww$_$18,-tPCytz4rww,Neutral,Positive,0.0,0.5881876401715488
B_git_frozen,fused,20260924,0,-uywlfIYOS8$_$4,-uywlfIYOS8,Positive,Positive,0.3333333432674408,0.4303414150247576
B_git_frozen,fused,20260924,3,-vxjVxOeScU$_$4,-vxjVxOeScU,Positive,Positive,1.0,0.8275278980906822
B_git_frozen,fused,20260924,1,-wMB_hJL-3o$_$7,-wMB_hJL-3o,Positive,Positive,0.3333333432674408,0.6944235916671575
B_git_frozen,fused,20260924,2,-wny0OAz3g8$_$0,-wny0OAz3g8,Positive,Neutral,0.3333333432674408,-0.25940891016601725
B_git_frozen,fused,20260924,2,-wny0OAz3g8$_$1,-wny0OAz3g8,Positive,Positive,0.3333333432674408,0.021509838134905868
B_git_frozen,fused,20260924,2,-wny0OAz3g8$_$2,-wny0OAz3g8,Negative,Positive,-0.3333333432674408,-0.027898850362166494
B_git_frozen,fused,20260924,2,-wny0OAz3g8$_$3,-wny0OAz3g8,Negative,Neutral,-1.3333333730697632,-0.15849642919697343
B_git_frozen,fused,20260924,2,-wny0OAz3g8$_$5,-wny0OAz3g8,Positive,Positive,1.0,0.15287182830642132
B_git_frozen,fused,20260924,2,-wny0OAz3g8$_$7,-wny0OAz3g8,Neutral,Positive,0.0,0.2860603990071498
B_git_frozen,fused,20260924,2,-wny0OAz3g8$_$9,-wny0OAz3g8,Positive,Positive,0.6666666865348816,0.7453731018345787
B_git_frozen,fused,20260924,4,-yRb-Jum7EQ$_$1,-yRb-Jum7EQ,Neutral,Negative,0.0,-0.06286885192403274
B_git_frozen,fused,20260924,4,-yRb-Jum7EQ$_$5,-yRb-Jum7EQ,Negative,Negative,-0.6666666865348816,0.19973472938898984
B_git_frozen,fused,20260924,4,-yRb-Jum7EQ$_$6,-yRb-Jum7EQ,Neutral,Negative,0.0,-0.2631228932827402
C_hybrid_capacity,text,20260924,1,-3g5yACwYnA$_$13,-3g5yACwYnA,Positive,Positive,0.6666666865348816,0.15087950858729432
C_hybrid_capacity,text,20260924,1,-3g5yACwYnA$_$2,-3g5yACwYnA,Neutral,Positive,0.0,0.36095804221083466
C_hybrid_capacity,text,20260924,1,-3g5yACwYnA$_$3,-3g5yACwYnA,Neutral,Positive,0.0,-0.00813054448394096
C_hybrid_capacity,text,20260924,1,-3g5yACwYnA$_$9,-3g5yACwYnA,Positive,Positive,0.6666666865348816,0.8546896405036807
C_hybrid_capacity,text,20260924,0,-3nNcZdcdvU$_$5,-3nNcZdcdvU,Neutral,Negative,0.0,-0.5479237983847824
C_hybrid_capacity,text,20260924,3,-571d8cVauQ$_$0,-571d8cVauQ,Neutral,Neutral,0.0,0.2145618292121585
C_hybrid_capacity,text,20260924,3,-571d8cVauQ$_$5,-571d8cVauQ,Positive,Positive,0.3333333432674408,0.6144601533430245
C_hybrid_capacity,text,20260924,0,-6rXp3zJ3kc$_$8,-6rXp3zJ3kc,Negative,Positive,-1.0,0.25682012827577194
C_hybrid_capacity,text,20260924,0,-9y-fZ3swSY$_$0,-9y-fZ3swSY,Positive,Positive,1.0,0.2970032863240445
C_hybrid_capacity,text,20260924,0,-9y-fZ3swSY$_$4,-9y-fZ3swSY,Neutral,Negative,0.0,-0.0529432245785339
C_hybrid_capacity,text,20260924,0,-9y-fZ3swSY$_$8,-9y-fZ3swSY,Positive,Positive,1.6666666269302368,0.17118303941924357
C_hybrid_capacity,text,20260924,0,-AUZQgSxyPQ$_$2,-AUZQgSxyPQ,Positive,Neutral,0.6666666865348816,0.5655952562252837
C_hybrid_capacity,text,20260924,4,-HeZS2-Prhc$_$2,-HeZS2-Prhc,Positive,Positive,0.6666666865348816,0.10645406586052164
C_hybrid_capacity,text,20260924,4,-HwX2H8Z4hY$_$2,-HwX2H8Z4hY,Neutral,Positive,0.0,0.6204971334697831
C_hybrid_capacity,text,20260924,4,-HwX2H8Z4hY$_$5,-HwX2H8Z4hY,Negative,Positive,-1.0,0.48362975341341036
C_hybrid_capacity,text,20260924,4,-HwX2H8Z4hY$_$6,-HwX2H8Z4hY,Neutral,Positive,0.0,0.4739111699045591
C_hybrid_capacity,text,20260924,4,-HwX2H8Z4hY$_$9,-HwX2H8Z4hY,Negative,Negative,-0.3333333432674408,0.1059086356658071
C_hybrid_capacity,text,20260924,1,-I_e4mIh0yE$_$1,-I_e4mIh0yE,Negative,Negative,-0.6666666865348816,-0.25744667383565994
C_hybrid_capacity,text,20260924,1,-I_e4mIh0yE$_$3,-I_e4mIh0yE,Positive,Neutral,0.6666666865348816,0.3198011748857702
C_hybrid_capacity,text,20260924,3,-MeTTeMJBNc$_$0,-MeTTeMJBNc,Positive,Positive,0.3333333432674408,0.35067427449060956
C_hybrid_capacity,text,20260924,3,-MeTTeMJBNc$_$13,-MeTTeMJBNc,Positive,Positive,0.3333333432674408,0.47497751598443694
C_hybrid_capacity,text,20260924,3,-MeTTeMJBNc$_$7,-MeTTeMJBNc,Positive,Positive,1.3333333730697632,0.5264877402066838
C_hybrid_capacity,text,20260924,3,-NFrJFQijFE$_$1,-NFrJFQijFE,Positive,Neutral,0.3333333432674408,-0.5030867893790014
C_hybrid_capacity,text,20260924,3,-NFrJFQijFE$_$2,-NFrJFQijFE,Neutral,Positive,0.0,0.3114295584764166
C_hybrid_capacity,text,20260924,2,-RfYyzHpjk4$_$11,-RfYyzHpjk4,Positive,Positive,2.0,0.5891176042644023
C_hybrid_capacity,text,20260924,2,-RfYyzHpjk4$_$2,-RfYyzHpjk4,Positive,Positive,0.3333333432674408,0.14710995676165978
C_hybrid_capacity,text,20260924,2,-RfYyzHpjk4$_$8,-RfYyzHpjk4,Positive,Positive,0.3333333432674408,0.27060177364704857
C_hybrid_capacity,text,20260924,0,-THoVjtIkeU$_$12,-THoVjtIkeU,Positive,Positive,2.0,0.16448409420481855
C_hybrid_capacity,text,20260924,0,-THoVjtIkeU$_$2,-THoVjtIkeU,Positive,Positive,1.3333333730697632,0.561151459990973
C_hybrid_capacity,text,20260924,0,-THoVjtIkeU$_$6,-THoVjtIkeU,Positive,Positive,2.6666667461395264,0.7666008498672463
C_hybrid_capacity,text,20260924,4,-UUCSKoHeMA$_$0,-UUCSKoHeMA,Neutral,Positive,0.0,0.4048496868187382
C_hybrid_capacity,text,20260924,0,-UacrmKiTn4$_$10,-UacrmKiTn4,Negative,Negative,-0.6666666865348816,-0.07688912057039038
C_hybrid_capacity,text,20260924,0,-UacrmKiTn4$_$4,-UacrmKiTn4,Negative,Positive,-1.3333333730697632,0.09415150203015574
C_hybrid_capacity,text,20260924,2,-UuX1xuaiiE$_$0,-UuX1xuaiiE,Positive,Positive,2.6666667461395264,0.9503474334559994
C_hybrid_capacity,text,20260924,2,-UuX1xuaiiE$_$1,-UuX1xuaiiE,Positive,Positive,1.6666666269302368,0.527890752879111
C_hybrid_capacity,text,20260924,2,-UuX1xuaiiE$_$3,-UuX1xuaiiE,Positive,Positive,0.3333333432674408,0.296248272360012
C_hybrid_capacity,text,20260924,2,-UuX1xuaiiE$_$6,-UuX1xuaiiE,Negative,Neutral,-0.3333333432674408,0.013425962644448397
C_hybrid_capacity,text,20260924,4,-a55Q6RWvTA$_$3,-a55Q6RWvTA,Positive,Positive,0.6666666865348816,0.558297310146193
C_hybrid_capacity,text,20260924,0,-aNfi7CP8vM$_$7,-aNfi7CP8vM,Neutral,Positive,0.0,0.35212660247815664
C_hybrid_capacity,text,20260924,3,-aqamKhZ1Ec$_$0,-aqamKhZ1Ec,Negative,Neutral,-2.0,-0.02503495204626821
C_hybrid_capacity,text,20260924,4,-dxfTGcXJoc$_$0,-dxfTGcXJoc,Positive,Positive,1.0,0.32756852323574204
C_hybrid_capacity,text,20260924,4,-dxfTGcXJoc$_$1,-dxfTGcXJoc,Positive,Positive,1.6666666269302368,0.6150970996571845
C_hybrid_capacity,text,20260924,4,-dxfTGcXJoc$_$2,-dxfTGcXJoc,Positive,Positive,0.6666666865348816,0.887163149548309
C_hybrid_capacity,text,20260924,4,-dxfTGcXJoc$_$6,-dxfTGcXJoc,Positive,Positive,0.6666666865348816,0.7920106410505549
C_hybrid_capacity,text,20260924,4,-egA8-b7-3M$_$1,-egA8-b7-3M,Positive,Positive,0.6666666865348816,0.6825255429951146
C_hybrid_capacity,text,20260924,4,-egA8-b7-3M$_$13,-egA8-b7-3M,Positive,Positive,0.3333333432674408,0.6376232226226238
C_hybrid_capacity,text,20260924,4,-egA8-b7-3M$_$16,-egA8-b7-3M,Positive,Positive,0.6666666865348816,0.9955039129368115
C_hybrid_capacity,text,20260924,4,-egA8-b7-3M$_$17,-egA8-b7-3M,Positive,Positive,0.3333333432674408,1.023444013842056
C_hybrid_capacity,text,20260924,4,-egA8-b7-3M$_$18,-egA8-b7-3M,Positive,Positive,1.0,1.0493031251337746
C_hybrid_capacity,text,20260924,4,-egA8-b7-3M$_$20,-egA8-b7-3M,Positive,Positive,0.3333333432674408,1.0770931828106012
C_hybrid_capacity,text,20260924,4,-egA8-b7-3M$_$26,-egA8-b7-3M,Positive,Positive,1.6666666269302368,1.3145650571320318
C_hybrid_capacity,text,20260924,4,-egA8-b7-3M$_$6,-egA8-b7-3M,Positive,Positive,0.6666666865348816,0.9491721645683671
C_hybrid_capacity,text,20260924,4,-egA8-b7-3M$_$9,-egA8-b7-3M,Positive,Positive,0.3333333432674408,0.6626327370876792
C_hybrid_capacity,text,20260924,3,-hnBHBN8p5A$_$6,-hnBHBN8p5A,Positive,Positive,1.0,0.6553233457297578
C_hybrid_capacity,text,20260924,3,-hnBHBN8p5A$_$7,-hnBHBN8p5A,Positive,Neutral,0.6666666865348816,0.0647564307259838
C_hybrid_capacity,text,20260924,1,-iRBcNs9oI8$_$3,-iRBcNs9oI8,Positive,Neutral,0.6666666865348816,0.15546327224161785
C_hybrid_capacity,text,20260924,1,-iRBcNs9oI8$_$6,-iRBcNs9oI8,Positive,Neutral,0.3333333432674408,0.13575477129711377
C_hybrid_capacity,text,20260924,1,-iRBcNs9oI8$_$7,-iRBcNs9oI8,Positive,Positive,0.6666666865348816,0.3053237120457963
C_hybrid_capacity,text,20260924,1,-iRBcNs9oI8$_$8,-iRBcNs9oI8,Positive,Positive,1.0,0.6939227931401486
C_hybrid_capacity,text,20260924,1,-iRBcNs9oI8$_$9,-iRBcNs9oI8,Positive,Neutral,1.3333333730697632,0.251161239211192
C_hybrid_capacity,text,20260924,1,-lzEya4AM_4$_$5,-lzEya4AM_4,Negative,Neutral,-0.6666666865348816,0.20359614836779996
C_hybrid_capacity,text,20260924,1,-lzEya4AM_4$_$6,-lzEya4AM_4,Negative,Negative,-0.3333333432674408,-0.4252805676139703
C_hybrid_capacity,text,20260924,4,-mJ2ud6oKI8$_$1,-mJ2ud6oKI8,Neutral,Positive,0.0,0.7203194436613438
C_hybrid_capacity,text,20260924,4,-mJ2ud6oKI8$_$2,-mJ2ud6oKI8,Neutral,Positive,0.0,0.7077881537143262
C_hybrid_capacity,text,20260924,4,-mJ2ud6oKI8$_$6,-mJ2ud6oKI8,Positive,Positive,0.3333333432674408,0.3943432019180687
C_hybrid_capacity,text,20260924,4,-mJ2ud6oKI8$_$8,-mJ2ud6oKI8,Negative,Positive,-0.3333333432674408,0.43242408012405587
C_hybrid_capacity,text,20260924,4,-mJ2ud6oKI8$_$9,-mJ2ud6oKI8,Neutral,Positive,0.0,0.4066317707148283
C_hybrid_capacity,text,20260924,2,-mqbVkbCndg$_$0,-mqbVkbCndg,Neutral,Positive,0.0,0.4005897980497563
C_hybrid_capacity,text,20260924,1,-qDkUB0GgYY$_$6,-qDkUB0GgYY,Positive,Positive,1.3333333730697632,1.4551133979178141
C_hybrid_capacity,text,20260924,1,-ri04Z7vwnc$_$0,-ri04Z7vwnc,Neutral,Positive,0.0,0.0025785497613079467
C_hybrid_capacity,text,20260924,1,-ri04Z7vwnc$_$2,-ri04Z7vwnc,Negative,Positive,-0.3333333432674408,0.19832604936921738
C_hybrid_capacity,text,20260924,1,-ri04Z7vwnc$_$5,-ri04Z7vwnc,Positive,Positive,0.3333333432674408,0.5665975151336904
C_hybrid_capacity,text,20260924,1,-s9qJ7ATP7w$_$0,-s9qJ7ATP7w,Negative,Positive,-0.3333333432674408,-0.049362589254953626
C_hybrid_capacity,text,20260924,1,-s9qJ7ATP7w$_$1,-s9qJ7ATP7w,Positive,Positive,0.6666666865348816,0.5828586172042414
C_hybrid_capacity,text,20260924,1,-s9qJ7ATP7w$_$4,-s9qJ7ATP7w,Neutral,Positive,0.0,0.9232722824836188
C_hybrid_capacity,text,20260924,1,-s9qJ7ATP7w$_$5,-s9qJ7ATP7w,Negative,Positive,-2.0,0.7201389089648642
C_hybrid_capacity,text,20260924,1,-s9qJ7ATP7w$_$6,-s9qJ7ATP7w,Neutral,Positive,0.0,0.0688208201117021
C_hybrid_capacity,text,20260924,1,-s9qJ7ATP7w$_$7,-s9qJ7ATP7w,Positive,Negative,1.0,-0.023115080474573557
C_hybrid_capacity,text,20260924,1,-s9qJ7ATP7w$_$8,-s9qJ7ATP7w,Positive,Positive,1.3333333730697632,0.7574466575593841
C_hybrid_capacity,text,20260924,3,-t217m2on-s$_$2,-t217m2on-s,Positive,Positive,0.6666666865348816,0.40299417899266954
C_hybrid_capacity,text,20260924,3,-t217m2on-s$_$7,-t217m2on-s,Negative,Negative,-0.6666666865348816,-0.2133090111134241
C_hybrid_capacity,text,20260924,0,-tANM6ETl_M$_$3,-tANM6ETl_M,Positive,Positive,0.3333333432674408,0.08977154914330804
C_hybrid_capacity,text,20260924,4,-tPCytz4rww$_$10,-tPCytz4rww,Neutral,Positive,0.0,0.5316404524127704
C_hybrid_capacity,text,20260924,4,-tPCytz4rww$_$11,-tPCytz4rww,Neutral,Positive,0.0,0.44937516408555234
C_hybrid_capacity,text,20260924,4,-tPCytz4rww$_$12,-tPCytz4rww,Neutral,Positive,0.0,0.4016329079697286
C_hybrid_capacity,text,20260924,4,-tPCytz4rww$_$16,-tPCytz4rww,Neutral,Positive,0.0,0.40680663721228294
C_hybrid_capacity,text,20260924,4,-tPCytz4rww$_$18,-tPCytz4rww,Neutral,Positive,0.0,0.6389205701473744
C_hybrid_capacity,text,20260924,0,-uywlfIYOS8$_$4,-uywlfIYOS8,Positive,Positive,0.3333333432674408,0.4036097169114188
C_hybrid_capacity,text,20260924,3,-vxjVxOeScU$_$4,-vxjVxOeScU,Positive,Positive,1.0,0.8531379328185014
C_hybrid_capacity,text,20260924,1,-wMB_hJL-3o$_$7,-wMB_hJL-3o,Positive,Positive,0.3333333432674408,0.7831116464963013
C_hybrid_capacity,text,20260924,2,-wny0OAz3g8$_$0,-wny0OAz3g8,Positive,Neutral,0.3333333432674408,-0.2571753223042604
C_hybrid_capacity,text,20260924,2,-wny0OAz3g8$_$1,-wny0OAz3g8,Positive,Neutral,0.3333333432674408,-0.012908055874329916
C_hybrid_capacity,text,20260924,2,-wny0OAz3g8$_$2,-wny0OAz3g8,Negative,Positive,-0.3333333432674408,-0.04899786898354114
C_hybrid_capacity,text,20260924,2,-wny0OAz3g8$_$3,-wny0OAz3g8,Negative,Neutral,-1.3333333730697632,-0.20916554004437377
C_hybrid_capacity,text,20260924,2,-wny0OAz3g8$_$5,-wny0OAz3g8,Positive,Positive,1.0,0.10760716301396742
C_hybrid_capacity,text,20260924,2,-wny0OAz3g8$_$7,-wny0OAz3g8,Neutral,Positive,0.0,0.19924246124578943
C_hybrid_capacity,text,20260924,2,-wny0OAz3g8$_$9,-wny0OAz3g8,Positive,Positive,0.6666666865348816,0.7071147727045739
C_hybrid_capacity,text,20260924,4,-yRb-Jum7EQ$_$1,-yRb-Jum7EQ,Neutral,Negative,0.0,-0.1632880833357797
C_hybrid_capacity,text,20260924,4,-yRb-Jum7EQ$_$5,-yRb-Jum7EQ,Negative,Negative,-0.6666666865348816,0.2679684267282793
C_hybrid_capacity,text,20260924,4,-yRb-Jum7EQ$_$6,-yRb-Jum7EQ,Neutral,Negative,0.0,-0.24764939598218072
C_hybrid_capacity,audio,20260924,1,-3g5yACwYnA$_$13,-3g5yACwYnA,Positive,Neutral,0.6666666865348816,0.29389733252303857
C_hybrid_capacity,audio,20260924,1,-3g5yACwYnA$_$2,-3g5yACwYnA,Neutral,Neutral,0.0,0.2878084473656449
C_hybrid_capacity,audio,20260924,1,-3g5yACwYnA$_$3,-3g5yACwYnA,Neutral,Neutral,0.0,0.3439539405720045
C_hybrid_capacity,audio,20260924,1,-3g5yACwYnA$_$9,-3g5yACwYnA,Positive,Neutral,0.6666666865348816,0.04061054582116769
C_hybrid_capacity,audio,20260924,0,-3nNcZdcdvU$_$5,-3nNcZdcdvU,Neutral,Positive,0.0,0.59774857310853
C_hybrid_capacity,audio,20260924,3,-571d8cVauQ$_$0,-571d8cVauQ,Neutral,Positive,0.0,0.3298517351723822
C_hybrid_capacity,audio,20260924,3,-571d8cVauQ$_$5,-571d8cVauQ,Positive,Neutral,0.3333333432674408,0.30229425380394087
C_hybrid_capacity,audio,20260924,0,-6rXp3zJ3kc$_$8,-6rXp3zJ3kc,Negative,Neutral,-1.0,0.09862252053359874
C_hybrid_capacity,audio,20260924,0,-9y-fZ3swSY$_$0,-9y-fZ3swSY,Positive,Positive,1.0,0.9112146010528417
C_hybrid_capacity,audio,20260924,0,-9y-fZ3swSY$_$4,-9y-fZ3swSY,Neutral,Neutral,0.0,0.4514408005064183
C_hybrid_capacity,audio,20260924,0,-9y-fZ3swSY$_$8,-9y-fZ3swSY,Positive,Positive,1.6666666269302368,0.3276411915922192
C_hybrid_capacity,audio,20260924,0,-AUZQgSxyPQ$_$2,-AUZQgSxyPQ,Positive,Positive,0.6666666865348816,0.4009868377162662
C_hybrid_capacity,audio,20260924,4,-HeZS2-Prhc$_$2,-HeZS2-Prhc,Positive,Positive,0.6666666865348816,0.7516350293184384
C_hybrid_capacity,audio,20260924,4,-HwX2H8Z4hY$_$2,-HwX2H8Z4hY,Neutral,Negative,0.0,0.14210508117499188
C_hybrid_capacity,audio,20260924,4,-HwX2H8Z4hY$_$5,-HwX2H8Z4hY,Negative,Neutral,-1.0,0.39790050119210435
C_hybrid_capacity,audio,20260924,4,-HwX2H8Z4hY$_$6,-HwX2H8Z4hY,Neutral,Neutral,0.0,0.18664106250399298
C_hybrid_capacity,audio,20260924,4,-HwX2H8Z4hY$_$9,-HwX2H8Z4hY,Negative,Negative,-0.3333333432674408,0.08343435968487994
C_hybrid_capacity,audio,20260924,1,-I_e4mIh0yE$_$1,-I_e4mIh0yE,Negative,Negative,-0.6666666865348816,0.040663755200278484
C_hybrid_capacity,audio,20260924,1,-I_e4mIh0yE$_$3,-I_e4mIh0yE,Positive,Neutral,0.6666666865348816,0.19098666897942435
C_hybrid_capacity,audio,20260924,3,-MeTTeMJBNc$_$0,-MeTTeMJBNc,Positive,Negative,0.3333333432674408,0.475588610525178
C_hybrid_capacity,audio,20260924,3,-MeTTeMJBNc$_$13,-MeTTeMJBNc,Positive,Positive,0.3333333432674408,0.7504798949303382
C_hybrid_capacity,audio,20260924,3,-MeTTeMJBNc$_$7,-MeTTeMJBNc,Positive,Negative,1.3333333730697632,0.4772722393158789
C_hybrid_capacity,audio,20260924,3,-NFrJFQijFE$_$1,-NFrJFQijFE,Positive,Neutral,0.3333333432674408,0.21687876639098186
C_hybrid_capacity,audio,20260924,3,-NFrJFQijFE$_$2,-NFrJFQijFE,Neutral,Neutral,0.0,0.12890498974404196
C_hybrid_capacity,audio,20260924,2,-RfYyzHpjk4$_$11,-RfYyzHpjk4,Positive,Positive,2.0,0.4127291435821785
C_hybrid_capacity,audio,20260924,2,-RfYyzHpjk4$_$2,-RfYyzHpjk4,Positive,Positive,0.3333333432674408,0.4150887488363665
C_hybrid_capacity,audio,20260924,2,-RfYyzHpjk4$_$8,-RfYyzHpjk4,Positive,Positive,0.3333333432674408,0.5932721750140795
C_hybrid_capacity,audio,20260924,0,-THoVjtIkeU$_$12,-THoVjtIkeU,Positive,Neutral,2.0,0.15747176089861165
C_hybrid_capacity,audio,20260924,0,-THoVjtIkeU$_$2,-THoVjtIkeU,Positive,Positive,1.3333333730697632,0.4245703444120005
C_hybrid_capacity,audio,20260924,0,-THoVjtIkeU$_$6,-THoVjtIkeU,Positive,Neutral,2.6666667461395264,0.08754195616111599
C_hybrid_capacity,audio,20260924,4,-UUCSKoHeMA$_$0,-UUCSKoHeMA,Neutral,Positive,0.0,0.6916265751705455
C_hybrid_capacity,audio,20260924,0,-UacrmKiTn4$_$10,-UacrmKiTn4,Negative,Positive,-0.6666666865348816,0.3421559828537761
C_hybrid_capacity,audio,20260924,0,-UacrmKiTn4$_$4,-UacrmKiTn4,Negative,Neutral,-1.3333333730697632,0.2481344901479598
C_hybrid_capacity,audio,20260924,2,-UuX1xuaiiE$_$0,-UuX1xuaiiE,Positive,Neutral,2.6666667461395264,0.15736367807365587
C_hybrid_capacity,audio,20260924,2,-UuX1xuaiiE$_$1,-UuX1xuaiiE,Positive,Negative,1.6666666269302368,0.08642873444267246
C_hybrid_capacity,audio,20260924,2,-UuX1xuaiiE$_$3,-UuX1xuaiiE,Positive,Negative,0.3333333432674408,0.22851141931961938
C_hybrid_capacity,audio,20260924,2,-UuX1xuaiiE$_$6,-UuX1xuaiiE,Negative,Neutral,-0.3333333432674408,0.033185779302075225
C_hybrid_capacity,audio,20260924,4,-a55Q6RWvTA$_$3,-a55Q6RWvTA,Positive,Negative,0.6666666865348816,0.1740932003092645
C_hybrid_capacity,audio,20260924,0,-aNfi7CP8vM$_$7,-aNfi7CP8vM,Neutral,Positive,0.0,0.597338118175053
C_hybrid_capacity,audio,20260924,3,-aqamKhZ1Ec$_$0,-aqamKhZ1Ec,Negative,Negative,-2.0,0.4629517791049016
C_hybrid_capacity,audio,20260924,4,-dxfTGcXJoc$_$0,-dxfTGcXJoc,Positive,Neutral,1.0,0.20723564813278067
C_hybrid_capacity,audio,20260924,4,-dxfTGcXJoc$_$1,-dxfTGcXJoc,Positive,Neutral,1.6666666269302368,0.27318892727372146
C_hybrid_capacity,audio,20260924,4,-dxfTGcXJoc$_$2,-dxfTGcXJoc,Positive,Positive,0.6666666865348816,0.36713355245199814
C_hybrid_capacity,audio,20260924,4,-dxfTGcXJoc$_$6,-dxfTGcXJoc,Positive,Positive,0.6666666865348816,0.4700095190525517
C_hybrid_capacity,audio,20260924,4,-egA8-b7-3M$_$1,-egA8-b7-3M,Positive,Positive,0.6666666865348816,0.5943809564230766
C_hybrid_capacity,audio,20260924,4,-egA8-b7-3M$_$13,-egA8-b7-3M,Positive,Positive,0.3333333432674408,0.40271982640044895
C_hybrid_capacity,audio,20260924,4,-egA8-b7-3M$_$16,-egA8-b7-3M,Positive,Positive,0.6666666865348816,0.42884644886693757
C_hybrid_capacity,audio,20260924,4,-egA8-b7-3M$_$17,-egA8-b7-3M,Positive,Positive,0.3333333432674408,0.31170973337693
C_hybrid_capacity,audio,20260924,4,-egA8-b7-3M$_$18,-egA8-b7-3M,Positive,Positive,1.0,0.548188366258463
C_hybrid_capacity,audio,20260924,4,-egA8-b7-3M$_$20,-egA8-b7-3M,Positive,Positive,0.3333333432674408,0.43270709031172333
C_hybrid_capacity,audio,20260924,4,-egA8-b7-3M$_$26,-egA8-b7-3M,Positive,Positive,1.6666666269302368,0.5379930744602436
C_hybrid_capacity,audio,20260924,4,-egA8-b7-3M$_$6,-egA8-b7-3M,Positive,Positive,0.6666666865348816,0.5904112134728865
C_hybrid_capacity,audio,20260924,4,-egA8-b7-3M$_$9,-egA8-b7-3M,Positive,Positive,0.3333333432674408,0.6536991992243446
C_hybrid_capacity,audio,20260924,3,-hnBHBN8p5A$_$6,-hnBHBN8p5A,Positive,Positive,1.0,0.8266425916506932
C_hybrid_capacity,audio,20260924,3,-hnBHBN8p5A$_$7,-hnBHBN8p5A,Positive,Positive,0.6666666865348816,0.5668793179864597
C_hybrid_capacity,audio,20260924,1,-iRBcNs9oI8$_$3,-iRBcNs9oI8,Positive,Positive,0.6666666865348816,0.7535298100369621
C_hybrid_capacity,audio,20260924,1,-iRBcNs9oI8$_$6,-iRBcNs9oI8,Positive,Positive,0.3333333432674408,0.49020867163104437
C_hybrid_capacity,audio,20260924,1,-iRBcNs9oI8$_$7,-iRBcNs9oI8,Positive,Positive,0.6666666865348816,1.4112544372948976
C_hybrid_capacity,audio,20260924,1,-iRBcNs9oI8$_$8,-iRBcNs9oI8,Positive,Positive,1.0,0.7133042521748738
C_hybrid_capacity,audio,20260924,1,-iRBcNs9oI8$_$9,-iRBcNs9oI8,Positive,Positive,1.3333333730697632,0.3251942006645137
C_hybrid_capacity,audio,20260924,1,-lzEya4AM_4$_$5,-lzEya4AM_4,Negative,Positive,-0.6666666865348816,0.2440382128836489
C_hybrid_capacity,audio,20260924,1,-lzEya4AM_4$_$6,-lzEya4AM_4,Negative,Positive,-0.3333333432674408,0.3807209768959238
C_hybrid_capacity,audio,20260924,4,-mJ2ud6oKI8$_$1,-mJ2ud6oKI8,Neutral,Neutral,0.0,-3.864089348546064
C_hybrid_capacity,audio,20260924,4,-mJ2ud6oKI8$_$2,-mJ2ud6oKI8,Neutral,Neutral,0.0,-3.864089348546064
C_hybrid_capacity,audio,20260924,4,-mJ2ud6oKI8$_$6,-mJ2ud6oKI8,Positive,Positive,0.3333333432674408,-0.024187116640429496
C_hybrid_capacity,audio,20260924,4,-mJ2ud6oKI8$_$8,-mJ2ud6oKI8,Negative,Negative,-0.3333333432674408,0.19162956323375818
C_hybrid_capacity,audio,20260924,4,-mJ2ud6oKI8$_$9,-mJ2ud6oKI8,Neutral,Negative,0.0,0.14609613373430447
C_hybrid_capacity,audio,20260924,2,-mqbVkbCndg$_$0,-mqbVkbCndg,Neutral,Negative,0.0,0.2530203305375995
C_hybrid_capacity,audio,20260924,1,-qDkUB0GgYY$_$6,-qDkUB0GgYY,Positive,Positive,1.3333333730697632,0.32972834342055723
C_hybrid_capacity,audio,20260924,1,-ri04Z7vwnc$_$0,-ri04Z7vwnc,Neutral,Negative,0.0,-0.18142960353606097
C_hybrid_capacity,audio,20260924,1,-ri04Z7vwnc$_$2,-ri04Z7vwnc,Negative,Negative,-0.3333333432674408,0.2226753373919919
C_hybrid_capacity,audio,20260924,1,-ri04Z7vwnc$_$5,-ri04Z7vwnc,Positive,Positive,0.3333333432674408,0.5554953431995375
C_hybrid_capacity,audio,20260924,1,-s9qJ7ATP7w$_$0,-s9qJ7ATP7w,Negative,Neutral,-0.3333333432674408,0.1256174862600718
C_hybrid_capacity,audio,20260924,1,-s9qJ7ATP7w$_$1,-s9qJ7ATP7w,Positive,Positive,0.6666666865348816,0.21572108060068484
C_hybrid_capacity,audio,20260924,1,-s9qJ7ATP7w$_$4,-s9qJ7ATP7w,Neutral,Neutral,0.0,0.23584221046914638
C_hybrid_capacity,audio,20260924,1,-s9qJ7ATP7w$_$5,-s9qJ7ATP7w,Negative,Positive,-2.0,0.32627669366372025
C_hybrid_capacity,audio,20260924,1,-s9qJ7ATP7w$_$6,-s9qJ7ATP7w,Neutral,Neutral,0.0,0.1377007162799944
C_hybrid_capacity,audio,20260924,1,-s9qJ7ATP7w$_$7,-s9qJ7ATP7w,Positive,Neutral,1.0,0.2654331372224816
C_hybrid_capacity,audio,20260924,1,-s9qJ7ATP7w$_$8,-s9qJ7ATP7w,Positive,Positive,1.3333333730697632,0.37520821395965265
C_hybrid_capacity,audio,20260924,3,-t217m2on-s$_$2,-t217m2on-s,Positive,Neutral,0.6666666865348816,0.2892355924845702
C_hybrid_capacity,audio,20260924,3,-t217m2on-s$_$7,-t217m2on-s,Negative,Neutral,-0.6666666865348816,0.4067256326269211
C_hybrid_capacity,audio,20260924,0,-tANM6ETl_M$_$3,-tANM6ETl_M,Positive,Negative,0.3333333432674408,0.2173312249890569
C_hybrid_capacity,audio,20260924,4,-tPCytz4rww$_$10,-tPCytz4rww,Neutral,Positive,0.0,0.29341974330118537
C_hybrid_capacity,audio,20260924,4,-tPCytz4rww$_$11,-tPCytz4rww,Neutral,Neutral,0.0,0.2884059371633814
C_hybrid_capacity,audio,20260924,4,-tPCytz4rww$_$12,-tPCytz4rww,Neutral,Neutral,0.0,0.17278368105766637
C_hybrid_capacity,audio,20260924,4,-tPCytz4rww$_$16,-tPCytz4rww,Neutral,Neutral,0.0,0.13358339815193784
C_hybrid_capacity,audio,20260924,4,-tPCytz4rww$_$18,-tPCytz4rww,Neutral,Neutral,0.0,0.2335586519659504
C_hybrid_capacity,audio,20260924,0,-uywlfIYOS8$_$4,-uywlfIYOS8,Positive,Positive,0.3333333432674408,0.36484178376448384
C_hybrid_capacity,audio,20260924,3,-vxjVxOeScU$_$4,-vxjVxOeScU,Positive,Positive,1.0,0.5498054632904841
C_hybrid_capacity,audio,20260924,1,-wMB_hJL-3o$_$7,-wMB_hJL-3o,Positive,Neutral,0.3333333432674408,0.4640481792002244
C_hybrid_capacity,audio,20260924,2,-wny0OAz3g8$_$0,-wny0OAz3g8,Positive,Positive,0.3333333432674408,0.41190718458607795
C_hybrid_capacity,audio,20260924,2,-wny0OAz3g8$_$1,-wny0OAz3g8,Positive,Positive,0.3333333432674408,0.5236243811380484
C_hybrid_capacity,audio,20260924,2,-wny0OAz3g8$_$2,-wny0OAz3g8,Negative,Positive,-0.3333333432674408,0.5165855192398949
C_hybrid_capacity,audio,20260924,2,-wny0OAz3g8$_$3,-wny0OAz3g8,Negative,Positive,-1.3333333730697632,0.46733471457700126
C_hybrid_capacity,audio,20260924,2,-wny0OAz3g8$_$5,-wny0OAz3g8,Positive,Positive,1.0,0.7240784361679661
C_hybrid_capacity,audio,20260924,2,-wny0OAz3g8$_$7,-wny0OAz3g8,Neutral,Positive,0.0,0.6332637648868531
C_hybrid_capacity,audio,20260924,2,-wny0OAz3g8$_$9,-wny0OAz3g8,Positive,Positive,0.6666666865348816,0.7069060357579009
C_hybrid_capacity,audio,20260924,4,-yRb-Jum7EQ$_$1,-yRb-Jum7EQ,Neutral,Negative,0.0,-0.08205768914042433
C_hybrid_capacity,audio,20260924,4,-yRb-Jum7EQ$_$5,-yRb-Jum7EQ,Negative,Positive,-0.6666666865348816,0.12076991835838685
C_hybrid_capacity,audio,20260924,4,-yRb-Jum7EQ$_$6,-yRb-Jum7EQ,Neutral,Negative,0.0,-0.1758130076244474
C_hybrid_capacity,vision,20260924,1,-3g5yACwYnA$_$13,-3g5yACwYnA,Positive,Neutral,0.6666666865348816,-0.06661613477390282
C_hybrid_capacity,vision,20260924,1,-3g5yACwYnA$_$2,-3g5yACwYnA,Neutral,Neutral,0.0,-0.13675782778886003
C_hybrid_capacity,vision,20260924,1,-3g5yACwYnA$_$3,-3g5yACwYnA,Neutral,Neutral,0.0,-0.06508854580771217
C_hybrid_capacity,vision,20260924,1,-3g5yACwYnA$_$9,-3g5yACwYnA,Positive,Negative,0.6666666865348816,-0.03308380143282347
C_hybrid_capacity,vision,20260924,0,-3nNcZdcdvU$_$5,-3nNcZdcdvU,Neutral,Positive,0.0,0.5678083362716342
C_hybrid_capacity,vision,20260924,3,-571d8cVauQ$_$0,-571d8cVauQ,Neutral,Positive,0.0,0.34362111665182554
C_hybrid_capacity,vision,20260924,3,-571d8cVauQ$_$5,-571d8cVauQ,Positive,Positive,0.3333333432674408,0.40643473529231633
C_hybrid_capacity,vision,20260924,0,-6rXp3zJ3kc$_$8,-6rXp3zJ3kc,Negative,Neutral,-1.0,0.23237256862401587
C_hybrid_capacity,vision,20260924,0,-9y-fZ3swSY$_$0,-9y-fZ3swSY,Positive,Positive,1.0,0.5214425682944946
C_hybrid_capacity,vision,20260924,0,-9y-fZ3swSY$_$4,-9y-fZ3swSY,Neutral,Neutral,0.0,0.25088794592085717
C_hybrid_capacity,vision,20260924,0,-9y-fZ3swSY$_$8,-9y-fZ3swSY,Positive,Positive,1.6666666269302368,0.4133439997708632
C_hybrid_capacity,vision,20260924,0,-AUZQgSxyPQ$_$2,-AUZQgSxyPQ,Positive,Positive,0.6666666865348816,0.3410652614581938
C_hybrid_capacity,vision,20260924,4,-HeZS2-Prhc$_$2,-HeZS2-Prhc,Positive,Positive,0.6666666865348816,0.49524847713456904
C_hybrid_capacity,vision,20260924,4,-HwX2H8Z4hY$_$2,-HwX2H8Z4hY,Neutral,Neutral,0.0,0.058860225140546896
C_hybrid_capacity,vision,20260924,4,-HwX2H8Z4hY$_$5,-HwX2H8Z4hY,Negative,Negative,-1.0,0.2905132696547734
C_hybrid_capacity,vision,20260924,4,-HwX2H8Z4hY$_$6,-HwX2H8Z4hY,Neutral,Negative,0.0,0.23053347503683322
C_hybrid_capacity,vision,20260924,4,-HwX2H8Z4hY$_$9,-HwX2H8Z4hY,Negative,Neutral,-0.3333333432674408,0.06043350228209016
C_hybrid_capacity,vision,20260924,1,-I_e4mIh0yE$_$1,-I_e4mIh0yE,Negative,Neutral,-0.6666666865348816,0.4400001525527632
C_hybrid_capacity,vision,20260924,1,-I_e4mIh0yE$_$3,-I_e4mIh0yE,Positive,Negative,0.6666666865348816,0.4547531624275117
C_hybrid_capacity,vision,20260924,3,-MeTTeMJBNc$_$0,-MeTTeMJBNc,Positive,Positive,0.3333333432674408,0.3719711036558521
C_hybrid_capacity,vision,20260924,3,-MeTTeMJBNc$_$13,-MeTTeMJBNc,Positive,Positive,0.3333333432674408,0.47398587775715356
C_hybrid_capacity,vision,20260924,3,-MeTTeMJBNc$_$7,-MeTTeMJBNc,Positive,Positive,1.3333333730697632,0.3302210725989514
C_hybrid_capacity,vision,20260924,3,-NFrJFQijFE$_$1,-NFrJFQijFE,Positive,Neutral,0.3333333432674408,-0.07030179755110877
C_hybrid_capacity,vision,20260924,3,-NFrJFQijFE$_$2,-NFrJFQijFE,Neutral,Neutral,0.0,-0.07030179755110877
C_hybrid_capacity,vision,20260924,2,-RfYyzHpjk4$_$11,-RfYyzHpjk4,Positive,Neutral,2.0,0.3366310984990721
C_hybrid_capacity,vision,20260924,2,-RfYyzHpjk4$_$2,-RfYyzHpjk4,Positive,Neutral,0.3333333432674408,0.4091223212566818
C_hybrid_capacity,vision,20260924,2,-RfYyzHpjk4$_$8,-RfYyzHpjk4,Positive,Neutral,0.3333333432674408,0.27975629995736884
C_hybrid_capacity,vision,20260924,0,-THoVjtIkeU$_$12,-THoVjtIkeU,Positive,Positive,2.0,0.47232221881997416
C_hybrid_capacity,vision,20260924,0,-THoVjtIkeU$_$2,-THoVjtIkeU,Positive,Positive,1.3333333730697632,0.5134757741211028
C_hybrid_capacity,vision,20260924,0,-THoVjtIkeU$_$6,-THoVjtIkeU,Positive,Positive,2.6666667461395264,0.4844811408001267
C_hybrid_capacity,vision,20260924,4,-UUCSKoHeMA$_$0,-UUCSKoHeMA,Neutral,Negative,0.0,0.31401943111071284
C_hybrid_capacity,vision,20260924,0,-UacrmKiTn4$_$10,-UacrmKiTn4,Negative,Negative,-0.6666666865348816,0.34844616199862133
C_hybrid_capacity,vision,20260924,0,-UacrmKiTn4$_$4,-UacrmKiTn4,Negative,Positive,-1.3333333730697632,0.35857876847174236
C_hybrid_capacity,vision,20260924,2,-UuX1xuaiiE$_$0,-UuX1xuaiiE,Positive,Negative,2.6666667461395264,0.4542035388355258
C_hybrid_capacity,vision,20260924,2,-UuX1xuaiiE$_$1,-UuX1xuaiiE,Positive,Negative,1.6666666269302368,0.36226572113828465
C_hybrid_capacity,vision,20260924,2,-UuX1xuaiiE$_$3,-UuX1xuaiiE,Positive,Positive,0.3333333432674408,0.31341877796978496
C_hybrid_capacity,vision,20260924,2,-UuX1xuaiiE$_$6,-UuX1xuaiiE,Negative,Positive,-0.3333333432674408,0.4585871306764904
C_hybrid_capacity,vision,20260924,4,-a55Q6RWvTA$_$3,-a55Q6RWvTA,Positive,Neutral,0.6666666865348816,0.20455830786264334
C_hybrid_capacity,vision,20260924,0,-aNfi7CP8vM$_$7,-aNfi7CP8vM,Neutral,Positive,0.0,0.3413783338701146
C_hybrid_capacity,vision,20260924,3,-aqamKhZ1Ec$_$0,-aqamKhZ1Ec,Negative,Negative,-2.0,0.3710064681917889
C_hybrid_capacity,vision,20260924,4,-dxfTGcXJoc$_$0,-dxfTGcXJoc,Positive,Positive,1.0,0.39117102434221596
C_hybrid_capacity,vision,20260924,4,-dxfTGcXJoc$_$1,-dxfTGcXJoc,Positive,Positive,1.6666666269302368,0.3826287895069251
C_hybrid_capacity,vision,20260924,4,-dxfTGcXJoc$_$2,-dxfTGcXJoc,Positive,Positive,0.6666666865348816,0.47624134095013443
C_hybrid_capacity,vision,20260924,4,-dxfTGcXJoc$_$6,-dxfTGcXJoc,Positive,Positive,0.6666666865348816,0.4053692964901304
C_hybrid_capacity,vision,20260924,4,-egA8-b7-3M$_$1,-egA8-b7-3M,Positive,Positive,0.6666666865348816,0.36736968316463864
C_hybrid_capacity,vision,20260924,4,-egA8-b7-3M$_$13,-egA8-b7-3M,Positive,Positive,0.3333333432674408,0.334773036371281
C_hybrid_capacity,vision,20260924,4,-egA8-b7-3M$_$16,-egA8-b7-3M,Positive,Positive,0.6666666865348816,0.29711049585177085
C_hybrid_capacity,vision,20260924,4,-egA8-b7-3M$_$17,-egA8-b7-3M,Positive,Positive,0.3333333432674408,0.3227290985352639
C_hybrid_capacity,vision,20260924,4,-egA8-b7-3M$_$18,-egA8-b7-3M,Positive,Positive,1.0,0.33040817906336695
C_hybrid_capacity,vision,20260924,4,-egA8-b7-3M$_$20,-egA8-b7-3M,Positive,Positive,0.3333333432674408,0.315162467977672
C_hybrid_capacity,vision,20260924,4,-egA8-b7-3M$_$26,-egA8-b7-3M,Positive,Positive,1.6666666269302368,0.33323661023792894
C_hybrid_capacity,vision,20260924,4,-egA8-b7-3M$_$6,-egA8-b7-3M,Positive,Positive,0.6666666865348816,0.29973519709121366
C_hybrid_capacity,vision,20260924,4,-egA8-b7-3M$_$9,-egA8-b7-3M,Positive,Positive,0.3333333432674408,0.3146972141542768
C_hybrid_capacity,vision,20260924,3,-hnBHBN8p5A$_$6,-hnBHBN8p5A,Positive,Negative,1.0,0.27367080237824376
C_hybrid_capacity,vision,20260924,3,-hnBHBN8p5A$_$7,-hnBHBN8p5A,Positive,Negative,0.6666666865348816,0.41918257659510727
C_hybrid_capacity,vision,20260924,1,-iRBcNs9oI8$_$3,-iRBcNs9oI8,Positive,Positive,0.6666666865348816,0.5251240130732598
C_hybrid_capacity,vision,20260924,1,-iRBcNs9oI8$_$6,-iRBcNs9oI8,Positive,Neutral,0.3333333432674408,0.1454103803614413
C_hybrid_capacity,vision,20260924,1,-iRBcNs9oI8$_$7,-iRBcNs9oI8,Positive,Positive,0.6666666865348816,0.8161608317655394
C_hybrid_capacity,vision,20260924,1,-iRBcNs9oI8$_$8,-iRBcNs9oI8,Positive,Positive,1.0,0.7491175674065566
C_hybrid_capacity,vision,20260924,1,-iRBcNs9oI8$_$9,-iRBcNs9oI8,Positive,Negative,1.3333333730697632,-0.24912784253273013
C_hybrid_capacity,vision,20260924,1,-lzEya4AM_4$_$5,-lzEya4AM_4,Negative,Neutral,-0.6666666865348816,0.06953130735161789
C_hybrid_capacity,vision,20260924,1,-lzEya4AM_4$_$6,-lzEya4AM_4,Negative,Neutral,-0.3333333432674408,0.2087064083237466
C_hybrid_capacity,vision,20260924,4,-mJ2ud6oKI8$_$1,-mJ2ud6oKI8,Neutral,Neutral,0.0,0.06043350228209016
C_hybrid_capacity,vision,20260924,4,-mJ2ud6oKI8$_$2,-mJ2ud6oKI8,Neutral,Neutral,0.0,0.06043350228209016
C_hybrid_capacity,vision,20260924,4,-mJ2ud6oKI8$_$6,-mJ2ud6oKI8,Positive,Positive,0.3333333432674408,0.4003358226355726
C_hybrid_capacity,vision,20260924,4,-mJ2ud6oKI8$_$8,-mJ2ud6oKI8,Negative,Neutral,-0.3333333432674408,0.24019713174155768
C_hybrid_capacity,vision,20260924,4,-mJ2ud6oKI8$_$9,-mJ2ud6oKI8,Neutral,Negative,0.0,0.36300621988426923
C_hybrid_capacity,vision,20260924,2,-mqbVkbCndg$_$0,-mqbVkbCndg,Neutral,Negative,0.0,0.362907751478516
C_hybrid_capacity,vision,20260924,1,-qDkUB0GgYY$_$6,-qDkUB0GgYY,Positive,Positive,1.3333333730697632,0.8769327019233237
C_hybrid_capacity,vision,20260924,1,-ri04Z7vwnc$_$0,-ri04Z7vwnc,Neutral,Neutral,0.0,0.012080099360719743
C_hybrid_capacity,vision,20260924,1,-ri04Z7vwnc$_$2,-ri04Z7vwnc,Negative,Positive,-0.3333333432674408,1.7671770466130137
C_hybrid_capacity,vision,20260924,1,-ri04Z7vwnc$_$5,-ri04Z7vwnc,Positive,Negative,0.3333333432674408,-0.26456330539179174
C_hybrid_capacity,vision,20260924,1,-s9qJ7ATP7w$_$0,-s9qJ7ATP7w,Negative,Negative,-0.3333333432674408,-0.869604764079117
C_hybrid_capacity,vision,20260924,1,-s9qJ7ATP7w$_$1,-s9qJ7ATP7w,Positive,Negative,0.6666666865348816,-0.7207030108341254
C_hybrid_capacity,vision,20260924,1,-s9qJ7ATP7w$_$4,-s9qJ7ATP7w,Neutral,Negative,0.0,-0.5826594877303277
C_hybrid_capacity,vision,20260924,1,-s9qJ7ATP7w$_$5,-s9qJ7ATP7w,Negative,Negative,-2.0,-0.3383217167998065
C_hybrid_capacity,vision,20260924,1,-s9qJ7ATP7w$_$6,-s9qJ7ATP7w,Neutral,Negative,0.0,-0.5061996470958633
C_hybrid_capacity,vision,20260924,1,-s9qJ7ATP7w$_$7,-s9qJ7ATP7w,Positive,Negative,1.0,0.5392280482248589
C_hybrid_capacity,vision,20260924,1,-s9qJ7ATP7w$_$8,-s9qJ7ATP7w,Positive,Negative,1.3333333730697632,-0.06406004995527614
C_hybrid_capacity,vision,20260924,3,-t217m2on-s$_$2,-t217m2on-s,Positive,Positive,0.6666666865348816,0.3623665985737349
C_hybrid_capacity,vision,20260924,3,-t217m2on-s$_$7,-t217m2on-s,Negative,Positive,-0.6666666865348816,0.4114030542868283
C_hybrid_capacity,vision,20260924,0,-tANM6ETl_M$_$3,-tANM6ETl_M,Positive,Negative,0.3333333432674408,0.22490577188689886
C_hybrid_capacity,vision,20260924,4,-tPCytz4rww$_$10,-tPCytz4rww,Neutral,Neutral,0.0,0.24773683925925644
C_hybrid_capacity,vision,20260924,4,-tPCytz4rww$_$11,-tPCytz4rww,Neutral,Neutral,0.0,0.22779490981793948
C_hybrid_capacity,vision,20260924,4,-tPCytz4rww$_$12,-tPCytz4rww,Neutral,Neutral,0.0,0.2537197232417327
C_hybrid_capacity,vision,20260924,4,-tPCytz4rww$_$16,-tPCytz4rww,Neutral,Neutral,0.0,0.2700391757922318
C_hybrid_capacity,vision,20260924,4,-tPCytz4rww$_$18,-tPCytz4rww,Neutral,Neutral,0.0,0.2451599153509147
C_hybrid_capacity,vision,20260924,0,-uywlfIYOS8$_$4,-uywlfIYOS8,Positive,Positive,0.3333333432674408,0.5487102856642891
C_hybrid_capacity,vision,20260924,3,-vxjVxOeScU$_$4,-vxjVxOeScU,Positive,Positive,1.0,0.47698414699720415
C_hybrid_capacity,vision,20260924,1,-wMB_hJL-3o$_$7,-wMB_hJL-3o,Positive,Positive,0.3333333432674408,0.3375842570105121
C_hybrid_capacity,vision,20260924,2,-wny0OAz3g8$_$0,-wny0OAz3g8,Positive,Negative,0.3333333432674408,0.3729212445839075
C_hybrid_capacity,vision,20260924,2,-wny0OAz3g8$_$1,-wny0OAz3g8,Positive,Negative,0.3333333432674408,0.36189189733032107
C_hybrid_capacity,vision,20260924,2,-wny0OAz3g8$_$2,-wny0OAz3g8,Negative,Negative,-0.3333333432674408,0.4046780552247264
C_hybrid_capacity,vision,20260924,2,-wny0OAz3g8$_$3,-wny0OAz3g8,Negative,Negative,-1.3333333730697632,0.3730135500260229
C_hybrid_capacity,vision,20260924,2,-wny0OAz3g8$_$5,-wny0OAz3g8,Positive,Neutral,1.0,0.36333783562796307
C_hybrid_capacity,vision,20260924,2,-wny0OAz3g8$_$7,-wny0OAz3g8,Neutral,Negative,0.0,0.36358725308706963
C_hybrid_capacity,vision,20260924,2,-wny0OAz3g8$_$9,-wny0OAz3g8,Positive,Negative,0.6666666865348816,0.39390058535659306
C_hybrid_capacity,vision,20260924,4,-yRb-Jum7EQ$_$1,-yRb-Jum7EQ,Neutral,Positive,0.0,0.3144064508652699
C_hybrid_capacity,vision,20260924,4,-yRb-Jum7EQ$_$5,-yRb-Jum7EQ,Negative,Neutral,-0.6666666865348816,0.28888183203790874
C_hybrid_capacity,vision,20260924,4,-yRb-Jum7EQ$_$6,-yRb-Jum7EQ,Neutral,Neutral,0.0,0.322184701040388
C_hybrid_capacity,fused,20260924,1,-3g5yACwYnA$_$13,-3g5yACwYnA,Positive,Positive,0.6666666865348816,0.07512363013104573
C_hybrid_capacity,fused,20260924,1,-3g5yACwYnA$_$2,-3g5yACwYnA,Neutral,Positive,0.0,0.30007423245022424
C_hybrid_capacity,fused,20260924,1,-3g5yACwYnA$_$3,-3g5yACwYnA,Neutral,Positive,0.0,-0.012271964157684334
C_hybrid_capacity,fused,20260924,1,-3g5yACwYnA$_$9,-3g5yACwYnA,Positive,Positive,0.6666666865348816,0.7954400128583369
C_hybrid_capacity,fused,20260924,0,-3nNcZdcdvU$_$5,-3nNcZdcdvU,Neutral,Negative,0.0,-0.4730091617695633
C_hybrid_capacity,fused,20260924,3,-571d8cVauQ$_$0,-571d8cVauQ,Neutral,Neutral,0.0,0.17879670648209892
C_hybrid_capacity,fused,20260924,3,-571d8cVauQ$_$5,-571d8cVauQ,Positive,Positive,0.3333333432674408,0.5972156843161018
C_hybrid_capacity,fused,20260924,0,-6rXp3zJ3kc$_$8,-6rXp3zJ3kc,Negative,Positive,-1.0,0.20803134596982764
C_hybrid_capacity,fused,20260924,0,-9y-fZ3swSY$_$0,-9y-fZ3swSY,Positive,Positive,1.0,0.4167526215432852
C_hybrid_capacity,fused,20260924,0,-9y-fZ3swSY$_$4,-9y-fZ3swSY,Neutral,Positive,0.0,0.001934117649254996
C_hybrid_capacity,fused,20260924,0,-9y-fZ3swSY$_$8,-9y-fZ3swSY,Positive,Positive,1.6666666269302368,0.12216849019437115
C_hybrid_capacity,fused,20260924,0,-AUZQgSxyPQ$_$2,-AUZQgSxyPQ,Positive,Neutral,0.6666666865348816,0.5957950092854328
C_hybrid_capacity,fused,20260924,4,-HeZS2-Prhc$_$2,-HeZS2-Prhc,Positive,Positive,0.6666666865348816,0.19572674264236634
C_hybrid_capacity,fused,20260924,4,-HwX2H8Z4hY$_$2,-HwX2H8Z4hY,Neutral,Positive,0.0,0.5318717618374911
C_hybrid_capacity,fused,20260924,4,-HwX2H8Z4hY$_$5,-HwX2H8Z4hY,Negative,Neutral,-1.0,0.4888466130799635
C_hybrid_capacity,fused,20260924,4,-HwX2H8Z4hY$_$6,-HwX2H8Z4hY,Neutral,Positive,0.0,0.4662926759508193
C_hybrid_capacity,fused,20260924,4,-HwX2H8Z4hY$_$9,-HwX2H8Z4hY,Negative,Negative,-0.3333333432674408,-0.003876798613017929
C_hybrid_capacity,fused,20260924,1,-I_e4mIh0yE$_$1,-I_e4mIh0yE,Negative,Neutral,-0.6666666865348816,-0.3358935849484463
C_hybrid_capacity,fused,20260924,1,-I_e4mIh0yE$_$3,-I_e4mIh0yE,Positive,Neutral,0.6666666865348816,0.26735756460369975
C_hybrid_capacity,fused,20260924,3,-MeTTeMJBNc$_$0,-MeTTeMJBNc,Positive,Positive,0.3333333432674408,0.35820106442871247
C_hybrid_capacity,fused,20260924,3,-MeTTeMJBNc$_$13,-MeTTeMJBNc,Positive,Positive,0.3333333432674408,0.5649470889890621
C_hybrid_capacity,fused,20260924,3,-MeTTeMJBNc$_$7,-MeTTeMJBNc,Positive,Positive,1.3333333730697632,0.5586541291006752
C_hybrid_capacity,fused,20260924,3,-NFrJFQijFE$_$1,-NFrJFQijFE,Positive,Neutral,0.3333333432674408,-0.6468406848857129
C_hybrid_capacity,fused,20260924,3,-NFrJFQijFE$_$2,-NFrJFQijFE,Neutral,Neutral,0.0,0.25508243907395695
C_hybrid_capacity,fused,20260924,2,-RfYyzHpjk4$_$11,-RfYyzHpjk4,Positive,Positive,2.0,0.5890102820912706
C_hybrid_capacity,fused,20260924,2,-RfYyzHpjk4$_$2,-RfYyzHpjk4,Positive,Positive,0.3333333432674408,0.20819352714627715
C_hybrid_capacity,fused,20260924,2,-RfYyzHpjk4$_$8,-RfYyzHpjk4,Positive,Positive,0.3333333432674408,0.35341127999697736
C_hybrid_capacity,fused,20260924,0,-THoVjtIkeU$_$12,-THoVjtIkeU,Positive,Positive,2.0,0.20476424214867595
C_hybrid_capacity,fused,20260924,0,-THoVjtIkeU$_$2,-THoVjtIkeU,Positive,Positive,1.3333333730697632,0.5920503467892555
C_hybrid_capacity,fused,20260924,0,-THoVjtIkeU$_$6,-THoVjtIkeU,Positive,Positive,2.6666667461395264,0.7508337877786354
C_hybrid_capacity,fused,20260924,4,-UUCSKoHeMA$_$0,-UUCSKoHeMA,Neutral,Positive,0.0,0.41187549588631805
C_hybrid_capacity,fused,20260924,0,-UacrmKiTn4$_$10,-UacrmKiTn4,Negative,Negative,-0.6666666865348816,-0.018401080901249756
C_hybrid_capacity,fused,20260924,0,-UacrmKiTn4$_$4,-UacrmKiTn4,Negative,Positive,-1.3333333730697632,0.1366606678567302
C_hybrid_capacity,fused,20260924,2,-UuX1xuaiiE$_$0,-UuX1xuaiiE,Positive,Positive,2.6666667461395264,0.922786281230547
C_hybrid_capacity,fused,20260924,2,-UuX1xuaiiE$_$1,-UuX1xuaiiE,Positive,Positive,1.6666666269302368,0.5723607156407045
C_hybrid_capacity,fused,20260924,2,-UuX1xuaiiE$_$3,-UuX1xuaiiE,Positive,Positive,0.3333333432674408,0.19258925571985086
C_hybrid_capacity,fused,20260924,2,-UuX1xuaiiE$_$6,-UuX1xuaiiE,Negative,Neutral,-0.3333333432674408,-0.030430205976070823
C_hybrid_capacity,fused,20260924,4,-a55Q6RWvTA$_$3,-a55Q6RWvTA,Positive,Positive,0.6666666865348816,0.4754511483746103
C_hybrid_capacity,fused,20260924,0,-aNfi7CP8vM$_$7,-aNfi7CP8vM,Neutral,Positive,0.0,0.39436448527111273
C_hybrid_capacity,fused,20260924,3,-aqamKhZ1Ec$_$0,-aqamKhZ1Ec,Negative,Neutral,-2.0,-0.0076304378649104665
C_hybrid_capacity,fused,20260924,4,-dxfTGcXJoc$_$0,-dxfTGcXJoc,Positive,Positive,1.0,0.310825967349156
C_hybrid_capacity,fused,20260924,4,-dxfTGcXJoc$_$1,-dxfTGcXJoc,Positive,Positive,1.6666666269302368,0.5884360637479139
C_hybrid_capacity,fused,20260924,4,-dxfTGcXJoc$_$2,-dxfTGcXJoc,Positive,Positive,0.6666666865348816,0.8852437216045169
C_hybrid_capacity,fused,20260924,4,-dxfTGcXJoc$_$6,-dxfTGcXJoc,Positive,Positive,0.6666666865348816,0.7952016379816343
C_hybrid_capacity,fused,20260924,4,-egA8-b7-3M$_$1,-egA8-b7-3M,Positive,Positive,0.6666666865348816,0.7196231549002396
C_hybrid_capacity,fused,20260924,4,-egA8-b7-3M$_$13,-egA8-b7-3M,Positive,Positive,0.3333333432674408,0.613305751256511
C_hybrid_capacity,fused,20260924,4,-egA8-b7-3M$_$16,-egA8-b7-3M,Positive,Positive,0.6666666865348816,1.0079467511734306
C_hybrid_capacity,fused,20260924,4,-egA8-b7-3M$_$17,-egA8-b7-3M,Positive,Positive,0.3333333432674408,1.0072920573963708
C_hybrid_capacity,fused,20260924,4,-egA8-b7-3M$_$18,-egA8-b7-3M,Positive,Positive,1.0,1.050763069307692
C_hybrid_capacity,fused,20260924,4,-egA8-b7-3M$_$20,-egA8-b7-3M,Positive,Positive,0.3333333432674408,1.036334394148312
C_hybrid_capacity,fused,20260924,4,-egA8-b7-3M$_$26,-egA8-b7-3M,Positive,Positive,1.6666666269302368,1.3200207835686322
C_hybrid_capacity,fused,20260924,4,-egA8-b7-3M$_$6,-egA8-b7-3M,Positive,Positive,0.6666666865348816,0.9721518819820703
C_hybrid_capacity,fused,20260924,4,-egA8-b7-3M$_$9,-egA8-b7-3M,Positive,Positive,0.3333333432674408,0.7242524469384692
C_hybrid_capacity,fused,20260924,3,-hnBHBN8p5A$_$6,-hnBHBN8p5A,Positive,Positive,1.0,0.7521453716539422
C_hybrid_capacity,fused,20260924,3,-hnBHBN8p5A$_$7,-hnBHBN8p5A,Positive,Neutral,0.6666666865348816,0.12974803680826621
C_hybrid_capacity,fused,20260924,1,-iRBcNs9oI8$_$3,-iRBcNs9oI8,Positive,Neutral,0.6666666865348816,0.1793853233682553
C_hybrid_capacity,fused,20260924,1,-iRBcNs9oI8$_$6,-iRBcNs9oI8,Positive,Neutral,0.3333333432674408,0.1365576059628136
C_hybrid_capacity,fused,20260924,1,-iRBcNs9oI8$_$7,-iRBcNs9oI8,Positive,Positive,0.6666666865348816,0.5360850002800613
C_hybrid_capacity,fused,20260924,1,-iRBcNs9oI8$_$8,-iRBcNs9oI8,Positive,Positive,1.0,0.81742733902459
C_hybrid_capacity,fused,20260924,1,-iRBcNs9oI8$_$9,-iRBcNs9oI8,Positive,Neutral,1.3333333730697632,0.2734988077097338
C_hybrid_capacity,fused,20260924,1,-lzEya4AM_4$_$5,-lzEya4AM_4,Negative,Neutral,-0.6666666865348816,0.20343408263311766
C_hybrid_capacity,fused,20260924,1,-lzEya4AM_4$_$6,-lzEya4AM_4,Negative,Negative,-0.3333333432674408,-0.4170288219103114
C_hybrid_capacity,fused,20260924,4,-mJ2ud6oKI8$_$1,-mJ2ud6oKI8,Neutral,Neutral,0.0,0.18017210460338476
C_hybrid_capacity,fused,20260924,4,-mJ2ud6oKI8$_$2,-mJ2ud6oKI8,Neutral,Neutral,0.0,0.19610405551522367
C_hybrid_capacity,fused,20260924,4,-mJ2ud6oKI8$_$6,-mJ2ud6oKI8,Positive,Positive,0.3333333432674408,0.35644709281689196
C_hybrid_capacity,fused,20260924,4,-mJ2ud6oKI8$_$8,-mJ2ud6oKI8,Negative,Positive,-0.3333333432674408,0.3832026100103866
C_hybrid_capacity,fused,20260924,4,-mJ2ud6oKI8$_$9,-mJ2ud6oKI8,Neutral,Positive,0.0,0.35703002905015346
C_hybrid_capacity,fused,20260924,2,-mqbVkbCndg$_$0,-mqbVkbCndg,Neutral,Positive,0.0,0.4573147730622868
C_hybrid_capacity,fused,20260924,1,-qDkUB0GgYY$_$6,-qDkUB0GgYY,Positive,Positive,1.3333333730697632,1.4096283851421911
C_hybrid_capacity,fused,20260924,1,-ri04Z7vwnc$_$0,-ri04Z7vwnc,Neutral,Neutral,0.0,-0.12209048676395845
C_hybrid_capacity,fused,20260924,1,-ri04Z7vwnc$_$2,-ri04Z7vwnc,Negative,Positive,-0.3333333432674408,0.23421985016386376
C_hybrid_capacity,fused,20260924,1,-ri04Z7vwnc$_$5,-ri04Z7vwnc,Positive,Positive,0.3333333432674408,0.6200578571550186
C_hybrid_capacity,fused,20260924,1,-s9qJ7ATP7w$_$0,-s9qJ7ATP7w,Negative,Positive,-0.3333333432674408,0.01431761613421556
C_hybrid_capacity,fused,20260924,1,-s9qJ7ATP7w$_$1,-s9qJ7ATP7w,Positive,Positive,0.6666666865348816,0.5417619181006916
C_hybrid_capacity,fused,20260924,1,-s9qJ7ATP7w$_$4,-s9qJ7ATP7w,Neutral,Positive,0.0,0.9049502364689745
C_hybrid_capacity,fused,20260924,1,-s9qJ7ATP7w$_$5,-s9qJ7ATP7w,Negative,Positive,-2.0,0.6999336114140587
C_hybrid_capacity,fused,20260924,1,-s9qJ7ATP7w$_$6,-s9qJ7ATP7w,Neutral,Positive,0.0,0.09694000052402685
C_hybrid_capacity,fused,20260924,1,-s9qJ7ATP7w$_$7,-s9qJ7ATP7w,Positive,Negative,1.0,0.10805947882454048
C_hybrid_capacity,fused,20260924,1,-s9qJ7ATP7w$_$8,-s9qJ7ATP7w,Positive,Positive,1.3333333730697632,0.7075509520839522
C_hybrid_capacity,fused,20260924,3,-t217m2on-s$_$2,-t217m2on-s,Positive,Positive,0.6666666865348816,0.4255187988106911
C_hybrid_capacity,fused,20260924,3,-t217m2on-s$_$7,-t217m2on-s,Negative,Negative,-0.6666666865348816,-0.16928750544794796
C_hybrid_capacity,fused,20260924,0,-tANM6ETl_M$_$3,-tANM6ETl_M,Positive,Positive,0.3333333432674408,0.04901070897884968
C_hybrid_capacity,fused,20260924,4,-tPCytz4rww$_$10,-tPCytz4rww,Neutral,Positive,0.0,0.48451943971783046
C_hybrid_capacity,fused,20260924,4,-tPCytz4rww$_$11,-tPCytz4rww,Neutral,Positive,0.0,0.4050732814284153
C_hybrid_capacity,fused,20260924,4,-tPCytz4rww$_$12,-tPCytz4rww,Neutral,Positive,0.0,0.35371781349202497
C_hybrid_capacity,fused,20260924,4,-tPCytz4rww$_$16,-tPCytz4rww,Neutral,Positive,0.0,0.38074989496080996
C_hybrid_capacity,fused,20260924,4,-tPCytz4rww$_$18,-tPCytz4rww,Neutral,Positive,0.0,0.6035342597301436
C_hybrid_capacity,fused,20260924,0,-uywlfIYOS8$_$4,-uywlfIYOS8,Positive,Positive,0.3333333432674408,0.4633052091023663
C_hybrid_capacity,fused,20260924,3,-vxjVxOeScU$_$4,-vxjVxOeScU,Positive,Positive,1.0,0.8826714516405074
C_hybrid_capacity,fused,20260924,1,-wMB_hJL-3o$_$7,-wMB_hJL-3o,Positive,Positive,0.3333333432674408,0.7988052264016587
C_hybrid_capacity,fused,20260924,2,-wny0OAz3g8$_$0,-wny0OAz3g8,Positive,Neutral,0.3333333432674408,-0.22014713568237304
C_hybrid_capacity,fused,20260924,2,-wny0OAz3g8$_$1,-wny0OAz3g8,Positive,Positive,0.3333333432674408,0.04583457147832026
C_hybrid_capacity,fused,20260924,2,-wny0OAz3g8$_$2,-wny0OAz3g8,Negative,Positive,-0.3333333432674408,0.027589701415999146
C_hybrid_capacity,fused,20260924,2,-wny0OAz3g8$_$3,-wny0OAz3g8,Negative,Neutral,-1.3333333730697632,-0.132422757547547
C_hybrid_capacity,fused,20260924,2,-wny0OAz3g8$_$5,-wny0OAz3g8,Positive,Positive,1.0,0.1955397442123637
C_hybrid_capacity,fused,20260924,2,-wny0OAz3g8$_$7,-wny0OAz3g8,Neutral,Positive,0.0,0.24708400546795772
C_hybrid_capacity,fused,20260924,2,-wny0OAz3g8$_$9,-wny0OAz3g8,Positive,Positive,0.6666666865348816,0.7646940008145339
C_hybrid_capacity,fused,20260924,4,-yRb-Jum7EQ$_$1,-yRb-Jum7EQ,Neutral,Negative,0.0,-0.19898111911885863
C_hybrid_capacity,fused,20260924,4,-yRb-Jum7EQ$_$5,-yRb-Jum7EQ,Negative,Negative,-0.6666666865348816,0.21641602360632445
C_hybrid_capacity,fused,20260924,4,-yRb-Jum7EQ$_$6,-yRb-Jum7EQ,Neutral,Negative,0.0,-0.2932220242573149
