candidate,view,seed,fold,sample_id,video_id,y_class,pred_class,y_reg,pred_reg
A_current_audited,text,20260924,1,-3g5yACwYnA$_$13,-3g5yACwYnA,Positive,Positive,0.6666666865348816,0.0571681269505907
A_current_audited,text,20260924,1,-3g5yACwYnA$_$2,-3g5yACwYnA,Neutral,Positive,0.0,0.2917369080891511
A_current_audited,text,20260924,1,-3g5yACwYnA$_$3,-3g5yACwYnA,Neutral,Neutral,0.0,0.5634560916788736
A_current_audited,text,20260924,1,-3g5yACwYnA$_$9,-3g5yACwYnA,Positive,Positive,0.6666666865348816,1.0860851883353522
A_current_audited,text,20260924,0,-3nNcZdcdvU$_$5,-3nNcZdcdvU,Neutral,Neutral,0.0,-0.15266738488634324
A_current_audited,text,20260924,3,-571d8cVauQ$_$0,-571d8cVauQ,Neutral,Positive,0.0,0.09434502573841047
A_current_audited,text,20260924,3,-571d8cVauQ$_$5,-571d8cVauQ,Positive,Positive,0.3333333432674408,0.7886070723409402
A_current_audited,text,20260924,0,-6rXp3zJ3kc$_$8,-6rXp3zJ3kc,Negative,Positive,-1.0,0.0441025843199877
A_current_audited,text,20260924,0,-9y-fZ3swSY$_$0,-9y-fZ3swSY,Positive,Positive,1.0,0.6851590765279008
A_current_audited,text,20260924,0,-9y-fZ3swSY$_$4,-9y-fZ3swSY,Neutral,Neutral,0.0,0.6243377737422852
A_current_audited,text,20260924,0,-9y-fZ3swSY$_$8,-9y-fZ3swSY,Positive,Positive,1.6666666269302368,0.9191669032933145
A_current_audited,text,20260924,0,-AUZQgSxyPQ$_$2,-AUZQgSxyPQ,Positive,Negative,0.6666666865348816,0.32389128820205165
A_current_audited,text,20260924,4,-HeZS2-Prhc$_$2,-HeZS2-Prhc,Positive,Positive,0.6666666865348816,-0.48205998262621974
A_current_audited,text,20260924,4,-HwX2H8Z4hY$_$2,-HwX2H8Z4hY,Neutral,Positive,0.0,0.2227508808945851
A_current_audited,text,20260924,4,-HwX2H8Z4hY$_$5,-HwX2H8Z4hY,Negative,Neutral,-1.0,0.1368369865386181
A_current_audited,text,20260924,4,-HwX2H8Z4hY$_$6,-HwX2H8Z4hY,Neutral,Neutral,0.0,0.08530662922800514
A_current_audited,text,20260924,4,-HwX2H8Z4hY$_$9,-HwX2H8Z4hY,Negative,Positive,-0.3333333432674408,0.6607181659327425
A_current_audited,text,20260924,1,-I_e4mIh0yE$_$1,-I_e4mIh0yE,Negative,Neutral,-0.6666666865348816,-0.4825725255875699
A_current_audited,text,20260924,1,-I_e4mIh0yE$_$3,-I_e4mIh0yE,Positive,Positive,0.6666666865348816,0.6605645167944039
A_current_audited,text,20260924,3,-MeTTeMJBNc$_$0,-MeTTeMJBNc,Positive,Negative,0.3333333432674408,0.09165798046448398
A_current_audited,text,20260924,3,-MeTTeMJBNc$_$13,-MeTTeMJBNc,Positive,Positive,0.3333333432674408,0.5585425573613547
A_current_audited,text,20260924,3,-MeTTeMJBNc$_$7,-MeTTeMJBNc,Positive,Positive,1.3333333730697632,0.4095921748189239
A_current_audited,text,20260924,3,-NFrJFQijFE$_$1,-NFrJFQijFE,Positive,Neutral,0.3333333432674408,-0.1860648691975248
A_current_audited,text,20260924,3,-NFrJFQijFE$_$2,-NFrJFQijFE,Neutral,Neutral,0.0,0.015246442679048067
A_current_audited,text,20260924,2,-RfYyzHpjk4$_$11,-RfYyzHpjk4,Positive,Positive,2.0,0.6325182250471244
A_current_audited,text,20260924,2,-RfYyzHpjk4$_$2,-RfYyzHpjk4,Positive,Positive,0.3333333432674408,0.5068348788810633
A_current_audited,text,20260924,2,-RfYyzHpjk4$_$8,-RfYyzHpjk4,Positive,Positive,0.3333333432674408,0.3295331014017522
A_current_audited,text,20260924,0,-THoVjtIkeU$_$12,-THoVjtIkeU,Positive,Positive,2.0,0.5267402749913509
A_current_audited,text,20260924,0,-THoVjtIkeU$_$2,-THoVjtIkeU,Positive,Positive,1.3333333730697632,0.7813842734749761
A_current_audited,text,20260924,0,-THoVjtIkeU$_$6,-THoVjtIkeU,Positive,Positive,2.6666667461395264,0.38687491717706785
A_current_audited,text,20260924,4,-UUCSKoHeMA$_$0,-UUCSKoHeMA,Neutral,Neutral,0.0,0.20840120553957978
A_current_audited,text,20260924,0,-UacrmKiTn4$_$10,-UacrmKiTn4,Negative,Positive,-0.6666666865348816,0.08418240551898093
A_current_audited,text,20260924,0,-UacrmKiTn4$_$4,-UacrmKiTn4,Negative,Positive,-1.3333333730697632,0.5416791739714305
A_current_audited,text,20260924,2,-UuX1xuaiiE$_$0,-UuX1xuaiiE,Positive,Positive,2.6666667461395264,1.1096830304363063
A_current_audited,text,20260924,2,-UuX1xuaiiE$_$1,-UuX1xuaiiE,Positive,Positive,1.6666666269302368,0.5874946717038355
A_current_audited,text,20260924,2,-UuX1xuaiiE$_$3,-UuX1xuaiiE,Positive,Neutral,0.3333333432674408,0.35266951808342045
A_current_audited,text,20260924,2,-UuX1xuaiiE$_$6,-UuX1xuaiiE,Negative,Negative,-0.3333333432674408,-0.2114856564265168
A_current_audited,text,20260924,4,-a55Q6RWvTA$_$3,-a55Q6RWvTA,Positive,Positive,0.6666666865348816,0.637450529972184
A_current_audited,text,20260924,0,-aNfi7CP8vM$_$7,-aNfi7CP8vM,Neutral,Positive,0.0,0.31750164669240555
A_current_audited,text,20260924,3,-aqamKhZ1Ec$_$0,-aqamKhZ1Ec,Negative,Neutral,-2.0,-0.11974035201705585
A_current_audited,text,20260924,4,-dxfTGcXJoc$_$0,-dxfTGcXJoc,Positive,Positive,1.0,0.7978321269342896
A_current_audited,text,20260924,4,-dxfTGcXJoc$_$1,-dxfTGcXJoc,Positive,Neutral,1.6666666269302368,0.8113210570920927
A_current_audited,text,20260924,4,-dxfTGcXJoc$_$2,-dxfTGcXJoc,Positive,Neutral,0.6666666865348816,0.8891127331576388
A_current_audited,text,20260924,4,-dxfTGcXJoc$_$6,-dxfTGcXJoc,Positive,Positive,0.6666666865348816,0.7280639037637352
A_current_audited,text,20260924,4,-egA8-b7-3M$_$1,-egA8-b7-3M,Positive,Positive,0.6666666865348816,0.4653208417011122
A_current_audited,text,20260924,4,-egA8-b7-3M$_$13,-egA8-b7-3M,Positive,Positive,0.3333333432674408,0.24968897349697783
A_current_audited,text,20260924,4,-egA8-b7-3M$_$16,-egA8-b7-3M,Positive,Positive,0.6666666865348816,0.6675890004552172
A_current_audited,text,20260924,4,-egA8-b7-3M$_$17,-egA8-b7-3M,Positive,Positive,0.3333333432674408,1.0934127043877837
A_current_audited,text,20260924,4,-egA8-b7-3M$_$18,-egA8-b7-3M,Positive,Positive,1.0,0.8069271487259756
A_current_audited,text,20260924,4,-egA8-b7-3M$_$20,-egA8-b7-3M,Positive,Positive,0.3333333432674408,0.9431548051743611
A_current_audited,text,20260924,4,-egA8-b7-3M$_$26,-egA8-b7-3M,Positive,Neutral,1.6666666269302368,0.20461421880225888
A_current_audited,text,20260924,4,-egA8-b7-3M$_$6,-egA8-b7-3M,Positive,Positive,0.6666666865348816,1.5283019745316189
A_current_audited,text,20260924,4,-egA8-b7-3M$_$9,-egA8-b7-3M,Positive,Positive,0.3333333432674408,0.5942363251284024
A_current_audited,text,20260924,3,-hnBHBN8p5A$_$6,-hnBHBN8p5A,Positive,Positive,1.0,1.2542180029675283
A_current_audited,text,20260924,3,-hnBHBN8p5A$_$7,-hnBHBN8p5A,Positive,Neutral,0.6666666865348816,0.007354149273457622
A_current_audited,text,20260924,1,-iRBcNs9oI8$_$3,-iRBcNs9oI8,Positive,Neutral,0.6666666865348816,-0.13056033815404544
A_current_audited,text,20260924,1,-iRBcNs9oI8$_$6,-iRBcNs9oI8,Positive,Positive,0.3333333432674408,0.4219147445619106
A_current_audited,text,20260924,1,-iRBcNs9oI8$_$7,-iRBcNs9oI8,Positive,Neutral,0.6666666865348816,0.19940616376284007
A_current_audited,text,20260924,1,-iRBcNs9oI8$_$8,-iRBcNs9oI8,Positive,Positive,1.0,0.4818928532988084
A_current_audited,text,20260924,1,-iRBcNs9oI8$_$9,-iRBcNs9oI8,Positive,Neutral,1.3333333730697632,-0.0644171935340932
A_current_audited,text,20260924,1,-lzEya4AM_4$_$5,-lzEya4AM_4,Negative,Negative,-0.6666666865348816,-0.2139006014689917
A_current_audited,text,20260924,1,-lzEya4AM_4$_$6,-lzEya4AM_4,Negative,Neutral,-0.3333333432674408,-0.22923172783730528
A_current_audited,text,20260924,4,-mJ2ud6oKI8$_$1,-mJ2ud6oKI8,Neutral,Neutral,0.0,0.3673399534740608
A_current_audited,text,20260924,4,-mJ2ud6oKI8$_$2,-mJ2ud6oKI8,Neutral,Neutral,0.0,0.47247273677095375
A_current_audited,text,20260924,4,-mJ2ud6oKI8$_$6,-mJ2ud6oKI8,Positive,Neutral,0.3333333432674408,-0.09058191531110471
A_current_audited,text,20260924,4,-mJ2ud6oKI8$_$8,-mJ2ud6oKI8,Negative,Positive,-0.3333333432674408,-0.1392737927736023
A_current_audited,text,20260924,4,-mJ2ud6oKI8$_$9,-mJ2ud6oKI8,Neutral,Positive,0.0,0.26761025684681844
A_current_audited,text,20260924,2,-mqbVkbCndg$_$0,-mqbVkbCndg,Neutral,Positive,0.0,1.1385280907646098
A_current_audited,text,20260924,1,-qDkUB0GgYY$_$6,-qDkUB0GgYY,Positive,Positive,1.3333333730697632,1.2826209542128832
A_current_audited,text,20260924,1,-ri04Z7vwnc$_$0,-ri04Z7vwnc,Neutral,Positive,0.0,-0.20664420325321076
A_current_audited,text,20260924,1,-ri04Z7vwnc$_$2,-ri04Z7vwnc,Negative,Positive,-0.3333333432674408,0.9855625154969834
A_current_audited,text,20260924,1,-ri04Z7vwnc$_$5,-ri04Z7vwnc,Positive,Positive,0.3333333432674408,0.9174625975304767
A_current_audited,text,20260924,1,-s9qJ7ATP7w$_$0,-s9qJ7ATP7w,Negative,Negative,-0.3333333432674408,-0.37999319126394726
A_current_audited,text,20260924,1,-s9qJ7ATP7w$_$1,-s9qJ7ATP7w,Positive,Positive,0.6666666865348816,0.6075515447913328
A_current_audited,text,20260924,1,-s9qJ7ATP7w$_$4,-s9qJ7ATP7w,Neutral,Positive,0.0,0.3030564151611458
A_current_audited,text,20260924,1,-s9qJ7ATP7w$_$5,-s9qJ7ATP7w,Negative,Positive,-2.0,0.24954629732164033
A_current_audited,text,20260924,1,-s9qJ7ATP7w$_$6,-s9qJ7ATP7w,Neutral,Neutral,0.0,0.5163178022402785
A_current_audited,text,20260924,1,-s9qJ7ATP7w$_$7,-s9qJ7ATP7w,Positive,Positive,1.0,0.6295469559481236
A_current_audited,text,20260924,1,-s9qJ7ATP7w$_$8,-s9qJ7ATP7w,Positive,Positive,1.3333333730697632,0.502227925393688
A_current_audited,text,20260924,3,-t217m2on-s$_$2,-t217m2on-s,Positive,Positive,0.6666666865348816,0.47133881826514745
A_current_audited,text,20260924,3,-t217m2on-s$_$7,-t217m2on-s,Negative,Positive,-0.6666666865348816,0.21304101547754356
A_current_audited,text,20260924,0,-tANM6ETl_M$_$3,-tANM6ETl_M,Positive,Positive,0.3333333432674408,0.580911989783546
A_current_audited,text,20260924,4,-tPCytz4rww$_$10,-tPCytz4rww,Neutral,Positive,0.0,0.02444352278022416
A_current_audited,text,20260924,4,-tPCytz4rww$_$11,-tPCytz4rww,Neutral,Positive,0.0,0.618604365015641
A_current_audited,text,20260924,4,-tPCytz4rww$_$12,-tPCytz4rww,Neutral,Positive,0.0,0.5999488433813189
A_current_audited,text,20260924,4,-tPCytz4rww$_$16,-tPCytz4rww,Neutral,Positive,0.0,0.06950716011888208
A_current_audited,text,20260924,4,-tPCytz4rww$_$18,-tPCytz4rww,Neutral,Positive,0.0,0.14981830714857558
A_current_audited,text,20260924,0,-uywlfIYOS8$_$4,-uywlfIYOS8,Positive,Positive,0.3333333432674408,0.6211112240194411
A_current_audited,text,20260924,3,-vxjVxOeScU$_$4,-vxjVxOeScU,Positive,Positive,1.0,0.8555468588211339
A_current_audited,text,20260924,1,-wMB_hJL-3o$_$7,-wMB_hJL-3o,Positive,Positive,0.3333333432674408,0.3353768259060518
A_current_audited,text,20260924,2,-wny0OAz3g8$_$0,-wny0OAz3g8,Positive,Neutral,0.3333333432674408,0.019179632434382587
A_current_audited,text,20260924,2,-wny0OAz3g8$_$1,-wny0OAz3g8,Positive,Neutral,0.3333333432674408,0.027305563931806
A_current_audited,text,20260924,2,-wny0OAz3g8$_$2,-wny0OAz3g8,Negative,Negative,-0.3333333432674408,0.20013067146507016
A_current_audited,text,20260924,2,-wny0OAz3g8$_$3,-wny0OAz3g8,Negative,Neutral,-1.3333333730697632,0.13886355596532618
A_current_audited,text,20260924,2,-wny0OAz3g8$_$5,-wny0OAz3g8,Positive,Positive,1.0,0.806475360628216
A_current_audited,text,20260924,2,-wny0OAz3g8$_$7,-wny0OAz3g8,Neutral,Positive,0.0,0.4158503566422087
A_current_audited,text,20260924,2,-wny0OAz3g8$_$9,-wny0OAz3g8,Positive,Positive,0.6666666865348816,0.6113995531101626
A_current_audited,text,20260924,4,-yRb-Jum7EQ$_$1,-yRb-Jum7EQ,Neutral,Negative,0.0,-0.243053026884835
A_current_audited,text,20260924,4,-yRb-Jum7EQ$_$5,-yRb-Jum7EQ,Negative,Negative,-0.6666666865348816,-0.4905089884832161
A_current_audited,text,20260924,4,-yRb-Jum7EQ$_$6,-yRb-Jum7EQ,Neutral,Negative,0.0,-0.4339306587675318
A_current_audited,text,20260925,4,-3g5yACwYnA$_$13,-3g5yACwYnA,Positive,Positive,0.6666666865348816,0.09206285610456055
A_current_audited,text,20260925,4,-3g5yACwYnA$_$2,-3g5yACwYnA,Neutral,Positive,0.0,0.5570852211471583
A_current_audited,text,20260925,4,-3g5yACwYnA$_$3,-3g5yACwYnA,Neutral,Positive,0.0,0.5092334759674499
A_current_audited,text,20260925,4,-3g5yACwYnA$_$9,-3g5yACwYnA,Positive,Positive,0.6666666865348816,1.0682458806230317
A_current_audited,text,20260925,0,-3nNcZdcdvU$_$5,-3nNcZdcdvU,Neutral,Neutral,0.0,-0.31979008447460744
A_current_audited,text,20260925,3,-571d8cVauQ$_$0,-571d8cVauQ,Neutral,Positive,0.0,0.14343957275680252
A_current_audited,text,20260925,3,-571d8cVauQ$_$5,-571d8cVauQ,Positive,Positive,0.3333333432674408,0.7779592476502252
A_current_audited,text,20260925,1,-6rXp3zJ3kc$_$8,-6rXp3zJ3kc,Negative,Negative,-1.0,-0.003448394741307592
A_current_audited,text,20260925,4,-9y-fZ3swSY$_$0,-9y-fZ3swSY,Positive,Positive,1.0,0.8211506395000246
A_current_audited,text,20260925,4,-9y-fZ3swSY$_$4,-9y-fZ3swSY,Neutral,Neutral,0.0,1.0371453349573052
A_current_audited,text,20260925,4,-9y-fZ3swSY$_$8,-9y-fZ3swSY,Positive,Positive,1.6666666269302368,0.39878166026349554
A_current_audited,text,20260925,3,-AUZQgSxyPQ$_$2,-AUZQgSxyPQ,Positive,Neutral,0.6666666865348816,0.42768406992314295
A_current_audited,text,20260925,1,-HeZS2-Prhc$_$2,-HeZS2-Prhc,Positive,Neutral,0.6666666865348816,-0.4653871640485701
A_current_audited,text,20260925,3,-HwX2H8Z4hY$_$2,-HwX2H8Z4hY,Neutral,Positive,0.0,0.26122670027748174
A_current_audited,text,20260925,3,-HwX2H8Z4hY$_$5,-HwX2H8Z4hY,Negative,Positive,-1.0,-0.132302623251832
A_current_audited,text,20260925,3,-HwX2H8Z4hY$_$6,-HwX2H8Z4hY,Neutral,Neutral,0.0,0.14554218147735426
A_current_audited,text,20260925,3,-HwX2H8Z4hY$_$9,-HwX2H8Z4hY,Negative,Neutral,-0.3333333432674408,0.36325102170215146
A_current_audited,text,20260925,4,-I_e4mIh0yE$_$1,-I_e4mIh0yE,Negative,Neutral,-0.6666666865348816,-0.2582363527181861
A_current_audited,text,20260925,4,-I_e4mIh0yE$_$3,-I_e4mIh0yE,Positive,Positive,0.6666666865348816,0.48570839289420253
A_current_audited,text,20260925,0,-MeTTeMJBNc$_$0,-MeTTeMJBNc,Positive,Neutral,0.3333333432674408,-0.043982205270382435
A_current_audited,text,20260925,0,-MeTTeMJBNc$_$13,-MeTTeMJBNc,Positive,Positive,0.3333333432674408,0.4695476465664439
A_current_audited,text,20260925,0,-MeTTeMJBNc$_$7,-MeTTeMJBNc,Positive,Positive,1.3333333730697632,0.2280329913226674
A_current_audited,text,20260925,4,-NFrJFQijFE$_$1,-NFrJFQijFE,Positive,Neutral,0.3333333432674408,0.3057742639797714
A_current_audited,text,20260925,4,-NFrJFQijFE$_$2,-NFrJFQijFE,Neutral,Neutral,0.0,0.30262982855459714
A_current_audited,text,20260925,2,-RfYyzHpjk4$_$11,-RfYyzHpjk4,Positive,Positive,2.0,0.8055550910385072
A_current_audited,text,20260925,2,-RfYyzHpjk4$_$2,-RfYyzHpjk4,Positive,Positive,0.3333333432674408,0.739699269917231
A_current_audited,text,20260925,2,-RfYyzHpjk4$_$8,-RfYyzHpjk4,Positive,Neutral,0.3333333432674408,0.4861902327631795
A_current_audited,text,20260925,2,-THoVjtIkeU$_$12,-THoVjtIkeU,Positive,Positive,2.0,0.2279240989479187
A_current_audited,text,20260925,2,-THoVjtIkeU$_$2,-THoVjtIkeU,Positive,Positive,1.3333333730697632,0.7763745053206939
A_current_audited,text,20260925,2,-THoVjtIkeU$_$6,-THoVjtIkeU,Positive,Negative,2.6666667461395264,0.0309395155040163
A_current_audited,text,20260925,4,-UUCSKoHeMA$_$0,-UUCSKoHeMA,Neutral,Positive,0.0,0.36538348526690123
A_current_audited,text,20260925,2,-UacrmKiTn4$_$10,-UacrmKiTn4,Negative,Positive,-0.6666666865348816,-0.013955654172861431
A_current_audited,text,20260925,2,-UacrmKiTn4$_$4,-UacrmKiTn4,Negative,Neutral,-1.3333333730697632,0.49745262286043485
A_current_audited,text,20260925,0,-UuX1xuaiiE$_$0,-UuX1xuaiiE,Positive,Positive,2.6666667461395264,1.0956107607522338
A_current_audited,text,20260925,0,-UuX1xuaiiE$_$1,-UuX1xuaiiE,Positive,Positive,1.6666666269302368,0.4641728681442564
A_current_audited,text,20260925,0,-UuX1xuaiiE$_$3,-UuX1xuaiiE,Positive,Positive,0.3333333432674408,0.2859526676930169
A_current_audited,text,20260925,0,-UuX1xuaiiE$_$6,-UuX1xuaiiE,Negative,Negative,-0.3333333432674408,-0.41392371293588814
A_current_audited,text,20260925,1,-a55Q6RWvTA$_$3,-a55Q6RWvTA,Positive,Positive,0.6666666865348816,0.6330670415649693
A_current_audited,text,20260925,1,-aNfi7CP8vM$_$7,-aNfi7CP8vM,Neutral,Positive,0.0,0.26180510444176563
A_current_audited,text,20260925,2,-aqamKhZ1Ec$_$0,-aqamKhZ1Ec,Negative,Negative,-2.0,-0.3337125129484177
A_current_audited,text,20260925,3,-dxfTGcXJoc$_$0,-dxfTGcXJoc,Positive,Positive,1.0,0.7606133455135682
A_current_audited,text,20260925,3,-dxfTGcXJoc$_$1,-dxfTGcXJoc,Positive,Positive,1.6666666269302368,0.7783748993347248
A_current_audited,text,20260925,3,-dxfTGcXJoc$_$2,-dxfTGcXJoc,Positive,Neutral,0.6666666865348816,0.7841937799121934
A_current_audited,text,20260925,3,-dxfTGcXJoc$_$6,-dxfTGcXJoc,Positive,Positive,0.6666666865348816,0.8159627518927608
A_current_audited,text,20260925,2,-egA8-b7-3M$_$1,-egA8-b7-3M,Positive,Positive,0.6666666865348816,0.09595963629175741
A_current_audited,text,20260925,2,-egA8-b7-3M$_$13,-egA8-b7-3M,Positive,Neutral,0.3333333432674408,0.08310776526100949
A_current_audited,text,20260925,2,-egA8-b7-3M$_$16,-egA8-b7-3M,Positive,Positive,0.6666666865348816,0.8643560299359248
A_current_audited,text,20260925,2,-egA8-b7-3M$_$17,-egA8-b7-3M,Positive,Neutral,0.3333333432674408,0.5766247252305317
A_current_audited,text,20260925,2,-egA8-b7-3M$_$18,-egA8-b7-3M,Positive,Neutral,1.0,0.36765831728507087
A_current_audited,text,20260925,2,-egA8-b7-3M$_$20,-egA8-b7-3M,Positive,Neutral,0.3333333432674408,0.3254285256632517
A_current_audited,text,20260925,2,-egA8-b7-3M$_$26,-egA8-b7-3M,Positive,Neutral,1.6666666269302368,0.31943609152238905
A_current_audited,text,20260925,2,-egA8-b7-3M$_$6,-egA8-b7-3M,Positive,Positive,0.6666666865348816,1.528670192114416
A_current_audited,text,20260925,2,-egA8-b7-3M$_$9,-egA8-b7-3M,Positive,Positive,0.3333333432674408,1.034584551318816
A_current_audited,text,20260925,0,-hnBHBN8p5A$_$6,-hnBHBN8p5A,Positive,Positive,1.0,0.8239695435762686
A_current_audited,text,20260925,0,-hnBHBN8p5A$_$7,-hnBHBN8p5A,Positive,Neutral,0.6666666865348816,-0.04442422249088601
A_current_audited,text,20260925,4,-iRBcNs9oI8$_$3,-iRBcNs9oI8,Positive,Neutral,0.6666666865348816,0.005147838209978994
A_current_audited,text,20260925,4,-iRBcNs9oI8$_$6,-iRBcNs9oI8,Positive,Neutral,0.3333333432674408,0.29883977519257443
A_current_audited,text,20260925,4,-iRBcNs9oI8$_$7,-iRBcNs9oI8,Positive,Negative,0.6666666865348816,-0.05819625803619888
A_current_audited,text,20260925,4,-iRBcNs9oI8$_$8,-iRBcNs9oI8,Positive,Positive,1.0,0.28843328107523525
A_current_audited,text,20260925,4,-iRBcNs9oI8$_$9,-iRBcNs9oI8,Positive,Neutral,1.3333333730697632,0.032280928856854074
A_current_audited,text,20260925,0,-lzEya4AM_4$_$5,-lzEya4AM_4,Negative,Negative,-0.6666666865348816,-0.06758167145350158
A_current_audited,text,20260925,0,-lzEya4AM_4$_$6,-lzEya4AM_4,Negative,Negative,-0.3333333432674408,0.008614984885436439
A_current_audited,text,20260925,0,-mJ2ud6oKI8$_$1,-mJ2ud6oKI8,Neutral,Neutral,0.0,0.21218777018693702
A_current_audited,text,20260925,0,-mJ2ud6oKI8$_$2,-mJ2ud6oKI8,Neutral,Positive,0.0,0.4006384655319073
A_current_audited,text,20260925,0,-mJ2ud6oKI8$_$6,-mJ2ud6oKI8,Positive,Neutral,0.3333333432674408,0.4682464827134317
A_current_audited,text,20260925,0,-mJ2ud6oKI8$_$8,-mJ2ud6oKI8,Negative,Neutral,-0.3333333432674408,0.08097165863115044
A_current_audited,text,20260925,0,-mJ2ud6oKI8$_$9,-mJ2ud6oKI8,Neutral,Positive,0.0,0.4425634970294787
A_current_audited,text,20260925,3,-mqbVkbCndg$_$0,-mqbVkbCndg,Neutral,Positive,0.0,1.0593970906380628
A_current_audited,text,20260925,1,-qDkUB0GgYY$_$6,-qDkUB0GgYY,Positive,Positive,1.3333333730697632,1.2575799037386515
A_current_audited,text,20260925,1,-ri04Z7vwnc$_$0,-ri04Z7vwnc,Neutral,Positive,0.0,-0.09584968564839952
A_current_audited,text,20260925,1,-ri04Z7vwnc$_$2,-ri04Z7vwnc,Negative,Positive,-0.3333333432674408,0.8837226632709667
A_current_audited,text,20260925,1,-ri04Z7vwnc$_$5,-ri04Z7vwnc,Positive,Neutral,0.3333333432674408,1.0109391125726743
A_current_audited,text,20260925,4,-s9qJ7ATP7w$_$0,-s9qJ7ATP7w,Negative,Neutral,-0.3333333432674408,-0.08368628600143946
A_current_audited,text,20260925,4,-s9qJ7ATP7w$_$1,-s9qJ7ATP7w,Positive,Positive,0.6666666865348816,0.8050209078061106
A_current_audited,text,20260925,4,-s9qJ7ATP7w$_$4,-s9qJ7ATP7w,Neutral,Positive,0.0,0.465366370143637
A_current_audited,text,20260925,4,-s9qJ7ATP7w$_$5,-s9qJ7ATP7w,Negative,Negative,-2.0,0.29419146579695854
A_current_audited,text,20260925,4,-s9qJ7ATP7w$_$6,-s9qJ7ATP7w,Neutral,Positive,0.0,0.8724786676080142
A_current_audited,text,20260925,4,-s9qJ7ATP7w$_$7,-s9qJ7ATP7w,Positive,Positive,1.0,0.6746927939852909
A_current_audited,text,20260925,4,-s9qJ7ATP7w$_$8,-s9qJ7ATP7w,Positive,Positive,1.3333333730697632,0.3445417319623096
A_current_audited,text,20260925,3,-t217m2on-s$_$2,-t217m2on-s,Positive,Positive,0.6666666865348816,0.28250468739008006
A_current_audited,text,20260925,3,-t217m2on-s$_$7,-t217m2on-s,Negative,Positive,-0.6666666865348816,0.019891416334447354
A_current_audited,text,20260925,4,-tANM6ETl_M$_$3,-tANM6ETl_M,Positive,Neutral,0.3333333432674408,0.27324471309984644
A_current_audited,text,20260925,3,-tPCytz4rww$_$10,-tPCytz4rww,Neutral,Positive,0.0,-0.10903299074256745
A_current_audited,text,20260925,3,-tPCytz4rww$_$11,-tPCytz4rww,Neutral,Positive,0.0,0.7491271499083021
A_current_audited,text,20260925,3,-tPCytz4rww$_$12,-tPCytz4rww,Neutral,Positive,0.0,0.6321544599012863
A_current_audited,text,20260925,3,-tPCytz4rww$_$16,-tPCytz4rww,Neutral,Positive,0.0,-0.01926637701537376
A_current_audited,text,20260925,3,-tPCytz4rww$_$18,-tPCytz4rww,Neutral,Positive,0.0,-0.004553996751737899
A_current_audited,text,20260925,1,-uywlfIYOS8$_$4,-uywlfIYOS8,Positive,Positive,0.3333333432674408,0.396152321852926
A_current_audited,text,20260925,2,-vxjVxOeScU$_$4,-vxjVxOeScU,Positive,Positive,1.0,0.30076277357650266
A_current_audited,text,20260925,2,-wMB_hJL-3o$_$7,-wMB_hJL-3o,Positive,Neutral,0.3333333432674408,-0.11521609707179098
A_current_audited,text,20260925,4,-wny0OAz3g8$_$0,-wny0OAz3g8,Positive,Neutral,0.3333333432674408,0.16547093314789135
A_current_audited,text,20260925,4,-wny0OAz3g8$_$1,-wny0OAz3g8,Positive,Neutral,0.3333333432674408,0.31403855171871026
A_current_audited,text,20260925,4,-wny0OAz3g8$_$2,-wny0OAz3g8,Negative,Negative,-0.3333333432674408,0.18079855508670045
A_current_audited,text,20260925,4,-wny0OAz3g8$_$3,-wny0OAz3g8,Negative,Neutral,-1.3333333730697632,0.21262936181424458
A_current_audited,text,20260925,4,-wny0OAz3g8$_$5,-wny0OAz3g8,Positive,Positive,1.0,0.44229181069379275
A_current_audited,text,20260925,4,-wny0OAz3g8$_$7,-wny0OAz3g8,Neutral,Neutral,0.0,0.2387070650182812
A_current_audited,text,20260925,4,-wny0OAz3g8$_$9,-wny0OAz3g8,Positive,Negative,0.6666666865348816,0.24697160365164467
A_current_audited,text,20260925,2,-yRb-Jum7EQ$_$1,-yRb-Jum7EQ,Neutral,Negative,0.0,-0.5570284369464171
A_current_audited,text,20260925,2,-yRb-Jum7EQ$_$5,-yRb-Jum7EQ,Negative,Negative,-0.6666666865348816,-0.6860150896853112
A_current_audited,text,20260925,2,-yRb-Jum7EQ$_$6,-yRb-Jum7EQ,Neutral,Negative,0.0,-0.5303553811311446
A_current_audited,text,20260926,1,-3g5yACwYnA$_$13,-3g5yACwYnA,Positive,Positive,0.6666666865348816,-0.17115297318678707
A_current_audited,text,20260926,1,-3g5yACwYnA$_$2,-3g5yACwYnA,Neutral,Positive,0.0,0.4239978409064801
A_current_audited,text,20260926,1,-3g5yACwYnA$_$3,-3g5yACwYnA,Neutral,Positive,0.0,0.7791658023945844
A_current_audited,text,20260926,1,-3g5yACwYnA$_$9,-3g5yACwYnA,Positive,Positive,0.6666666865348816,1.3175494029940023
A_current_audited,text,20260926,3,-3nNcZdcdvU$_$5,-3nNcZdcdvU,Neutral,Neutral,0.0,-0.3488912467284305
A_current_audited,text,20260926,3,-571d8cVauQ$_$0,-571d8cVauQ,Neutral,Positive,0.0,-0.02882689769986041
A_current_audited,text,20260926,3,-571d8cVauQ$_$5,-571d8cVauQ,Positive,Positive,0.3333333432674408,0.4709754742768068
A_current_audited,text,20260926,4,-6rXp3zJ3kc$_$8,-6rXp3zJ3kc,Negative,Negative,-1.0,-0.06322306173891273
A_current_audited,text,20260926,0,-9y-fZ3swSY$_$0,-9y-fZ3swSY,Positive,Positive,1.0,1.1294772525707002
A_current_audited,text,20260926,0,-9y-fZ3swSY$_$4,-9y-fZ3swSY,Neutral,Positive,0.0,0.9603042276418405
A_current_audited,text,20260926,0,-9y-fZ3swSY$_$8,-9y-fZ3swSY,Positive,Positive,1.6666666269302368,0.533621558627566
A_current_audited,text,20260926,0,-AUZQgSxyPQ$_$2,-AUZQgSxyPQ,Positive,Neutral,0.6666666865348816,0.49567686406737543
A_current_audited,text,20260926,4,-HeZS2-Prhc$_$2,-HeZS2-Prhc,Positive,Neutral,0.6666666865348816,-0.7287524201247515
A_current_audited,text,20260926,0,-HwX2H8Z4hY$_$2,-HwX2H8Z4hY,Neutral,Positive,0.0,0.29042917962827863
A_current_audited,text,20260926,0,-HwX2H8Z4hY$_$5,-HwX2H8Z4hY,Negative,Neutral,-1.0,0.22479114727010385
A_current_audited,text,20260926,0,-HwX2H8Z4hY$_$6,-HwX2H8Z4hY,Neutral,Neutral,0.0,0.3376125907225989
A_current_audited,text,20260926,0,-HwX2H8Z4hY$_$9,-HwX2H8Z4hY,Negative,Neutral,-0.3333333432674408,0.38711468656037434
A_current_audited,text,20260926,1,-I_e4mIh0yE$_$1,-I_e4mIh0yE,Negative,Neutral,-0.6666666865348816,-0.44382668368920336
A_current_audited,text,20260926,1,-I_e4mIh0yE$_$3,-I_e4mIh0yE,Positive,Positive,0.6666666865348816,0.6944651233680834
A_current_audited,text,20260926,4,-MeTTeMJBNc$_$0,-MeTTeMJBNc,Positive,Neutral,0.3333333432674408,-0.028182757898757294
A_current_audited,text,20260926,4,-MeTTeMJBNc$_$13,-MeTTeMJBNc,Positive,Positive,0.3333333432674408,0.6259742274918026
A_current_audited,text,20260926,4,-MeTTeMJBNc$_$7,-MeTTeMJBNc,Positive,Positive,1.3333333730697632,0.40438570063541807
A_current_audited,text,20260926,2,-NFrJFQijFE$_$1,-NFrJFQijFE,Positive,Neutral,0.3333333432674408,-0.07119569167365641
A_current_audited,text,20260926,2,-NFrJFQijFE$_$2,-NFrJFQijFE,Neutral,Neutral,0.0,0.03129317249881636
A_current_audited,text,20260926,2,-RfYyzHpjk4$_$11,-RfYyzHpjk4,Positive,Positive,2.0,0.7774377371748158
A_current_audited,text,20260926,2,-RfYyzHpjk4$_$2,-RfYyzHpjk4,Positive,Positive,0.3333333432674408,0.6067808547164943
A_current_audited,text,20260926,2,-RfYyzHpjk4$_$8,-RfYyzHpjk4,Positive,Positive,0.3333333432674408,0.3851687480715138
A_current_audited,text,20260926,3,-THoVjtIkeU$_$12,-THoVjtIkeU,Positive,Positive,2.0,0.49771101421479685
A_current_audited,text,20260926,3,-THoVjtIkeU$_$2,-THoVjtIkeU,Positive,Positive,1.3333333730697632,0.8584631464587676
A_current_audited,text,20260926,3,-THoVjtIkeU$_$6,-THoVjtIkeU,Positive,Positive,2.6666667461395264,0.3404095055046744
A_current_audited,text,20260926,2,-UUCSKoHeMA$_$0,-UUCSKoHeMA,Neutral,Positive,0.0,0.39044680984638275
A_current_audited,text,20260926,4,-UacrmKiTn4$_$10,-UacrmKiTn4,Negative,Positive,-0.6666666865348816,0.19780266446964456
A_current_audited,text,20260926,4,-UacrmKiTn4$_$4,-UacrmKiTn4,Negative,Positive,-1.3333333730697632,0.6458947708566807
A_current_audited,text,20260926,4,-UuX1xuaiiE$_$0,-UuX1xuaiiE,Positive,Positive,2.6666667461395264,1.0687695750599924
A_current_audited,text,20260926,4,-UuX1xuaiiE$_$1,-UuX1xuaiiE,Positive,Positive,1.6666666269302368,0.49468250774201866
A_current_audited,text,20260926,4,-UuX1xuaiiE$_$3,-UuX1xuaiiE,Positive,Positive,0.3333333432674408,0.4539844391466732
A_current_audited,text,20260926,4,-UuX1xuaiiE$_$6,-UuX1xuaiiE,Negative,Negative,-0.3333333432674408,-0.24976335632414653
A_current_audited,text,20260926,0,-a55Q6RWvTA$_$3,-a55Q6RWvTA,Positive,Neutral,0.6666666865348816,0.6241894351797548
A_current_audited,text,20260926,4,-aNfi7CP8vM$_$7,-aNfi7CP8vM,Neutral,Positive,0.0,0.4494298723436694
A_current_audited,text,20260926,1,-aqamKhZ1Ec$_$0,-aqamKhZ1Ec,Negative,Negative,-2.0,-0.2791835752690221
A_current_audited,text,20260926,0,-dxfTGcXJoc$_$0,-dxfTGcXJoc,Positive,Neutral,1.0,0.5422821254170992
A_current_audited,text,20260926,0,-dxfTGcXJoc$_$1,-dxfTGcXJoc,Positive,Neutral,1.6666666269302368,0.5144081912715086
A_current_audited,text,20260926,0,-dxfTGcXJoc$_$2,-dxfTGcXJoc,Positive,Neutral,0.6666666865348816,0.5242728343417078
A_current_audited,text,20260926,0,-dxfTGcXJoc$_$6,-dxfTGcXJoc,Positive,Positive,0.6666666865348816,0.36925130537677936
A_current_audited,text,20260926,0,-egA8-b7-3M$_$1,-egA8-b7-3M,Positive,Positive,0.6666666865348816,0.09262477585498019
A_current_audited,text,20260926,0,-egA8-b7-3M$_$13,-egA8-b7-3M,Positive,Positive,0.3333333432674408,0.026415650860069417
A_current_audited,text,20260926,0,-egA8-b7-3M$_$16,-egA8-b7-3M,Positive,Neutral,0.6666666865348816,0.4904870425078955
A_current_audited,text,20260926,0,-egA8-b7-3M$_$17,-egA8-b7-3M,Positive,Positive,0.3333333432674408,1.1547094191986012
A_current_audited,text,20260926,0,-egA8-b7-3M$_$18,-egA8-b7-3M,Positive,Neutral,1.0,0.4426058814928807
A_current_audited,text,20260926,0,-egA8-b7-3M$_$20,-egA8-b7-3M,Positive,Positive,0.3333333432674408,0.6856478500835186
A_current_audited,text,20260926,0,-egA8-b7-3M$_$26,-egA8-b7-3M,Positive,Neutral,1.6666666269302368,0.37953824293689314
A_current_audited,text,20260926,0,-egA8-b7-3M$_$6,-egA8-b7-3M,Positive,Positive,0.6666666865348816,0.8720275785523688
A_current_audited,text,20260926,0,-egA8-b7-3M$_$9,-egA8-b7-3M,Positive,Positive,0.3333333432674408,0.32226179906554986
A_current_audited,text,20260926,1,-hnBHBN8p5A$_$6,-hnBHBN8p5A,Positive,Positive,1.0,1.1355920463449232
A_current_audited,text,20260926,1,-hnBHBN8p5A$_$7,-hnBHBN8p5A,Positive,Positive,0.6666666865348816,0.2720243102874012
A_current_audited,text,20260926,2,-iRBcNs9oI8$_$3,-iRBcNs9oI8,Positive,Neutral,0.6666666865348816,0.13194051569136073
A_current_audited,text,20260926,2,-iRBcNs9oI8$_$6,-iRBcNs9oI8,Positive,Neutral,0.3333333432674408,0.42155222039425105
A_current_audited,text,20260926,2,-iRBcNs9oI8$_$7,-iRBcNs9oI8,Positive,Negative,0.6666666865348816,0.037298336081629135
A_current_audited,text,20260926,2,-iRBcNs9oI8$_$8,-iRBcNs9oI8,Positive,Positive,1.0,0.24900336762552608
A_current_audited,text,20260926,2,-iRBcNs9oI8$_$9,-iRBcNs9oI8,Positive,Neutral,1.3333333730697632,-0.14707714288210644
A_current_audited,text,20260926,0,-lzEya4AM_4$_$5,-lzEya4AM_4,Negative,Negative,-0.6666666865348816,-0.2623417372219638
A_current_audited,text,20260926,0,-lzEya4AM_4$_$6,-lzEya4AM_4,Negative,Neutral,-0.3333333432674408,-0.2215773090615049
A_current_audited,text,20260926,4,-mJ2ud6oKI8$_$1,-mJ2ud6oKI8,Neutral,Neutral,0.0,0.4896393085252534
A_current_audited,text,20260926,4,-mJ2ud6oKI8$_$2,-mJ2ud6oKI8,Neutral,Positive,0.0,0.5008925972779772
A_current_audited,text,20260926,4,-mJ2ud6oKI8$_$6,-mJ2ud6oKI8,Positive,Neutral,0.3333333432674408,0.556365484304048
A_current_audited,text,20260926,4,-mJ2ud6oKI8$_$8,-mJ2ud6oKI8,Negative,Neutral,-0.3333333432674408,-0.09932793156592751
A_current_audited,text,20260926,4,-mJ2ud6oKI8$_$9,-mJ2ud6oKI8,Neutral,Positive,0.0,0.321846860733248
A_current_audited,text,20260926,1,-mqbVkbCndg$_$0,-mqbVkbCndg,Neutral,Positive,0.0,1.1947699944703116
A_current_audited,text,20260926,2,-qDkUB0GgYY$_$6,-qDkUB0GgYY,Positive,Positive,1.3333333730697632,1.3349703967885616
A_current_audited,text,20260926,1,-ri04Z7vwnc$_$0,-ri04Z7vwnc,Neutral,Positive,0.0,-0.5955163476864433
A_current_audited,text,20260926,1,-ri04Z7vwnc$_$2,-ri04Z7vwnc,Negative,Positive,-0.3333333432674408,0.8622454924999731
A_current_audited,text,20260926,1,-ri04Z7vwnc$_$5,-ri04Z7vwnc,Positive,Positive,0.3333333432674408,0.9896725482485087
A_current_audited,text,20260926,0,-s9qJ7ATP7w$_$0,-s9qJ7ATP7w,Negative,Negative,-0.3333333432674408,0.13630991123735786
A_current_audited,text,20260926,0,-s9qJ7ATP7w$_$1,-s9qJ7ATP7w,Positive,Positive,0.6666666865348816,0.8304143404801849
A_current_audited,text,20260926,0,-s9qJ7ATP7w$_$4,-s9qJ7ATP7w,Neutral,Positive,0.0,0.863231912097028
A_current_audited,text,20260926,0,-s9qJ7ATP7w$_$5,-s9qJ7ATP7w,Negative,Positive,-2.0,0.5308109436313952
A_current_audited,text,20260926,0,-s9qJ7ATP7w$_$6,-s9qJ7ATP7w,Neutral,Positive,0.0,1.0229804403864438
A_current_audited,text,20260926,0,-s9qJ7ATP7w$_$7,-s9qJ7ATP7w,Positive,Positive,1.0,0.4016859603543885
A_current_audited,text,20260926,0,-s9qJ7ATP7w$_$8,-s9qJ7ATP7w,Positive,Positive,1.3333333730697632,0.3272938612993909
A_current_audited,text,20260926,4,-t217m2on-s$_$2,-t217m2on-s,Positive,Positive,0.6666666865348816,0.4499281532283248
A_current_audited,text,20260926,4,-t217m2on-s$_$7,-t217m2on-s,Negative,Positive,-0.6666666865348816,0.3059022714400397
A_current_audited,text,20260926,1,-tANM6ETl_M$_$3,-tANM6ETl_M,Positive,Positive,0.3333333432674408,0.19094517826107588
A_current_audited,text,20260926,1,-tPCytz4rww$_$10,-tPCytz4rww,Neutral,Positive,0.0,-0.007448986673856128
A_current_audited,text,20260926,1,-tPCytz4rww$_$11,-tPCytz4rww,Neutral,Positive,0.0,0.792160756770059
A_current_audited,text,20260926,1,-tPCytz4rww$_$12,-tPCytz4rww,Neutral,Positive,0.0,0.8126346868615515
A_current_audited,text,20260926,1,-tPCytz4rww$_$16,-tPCytz4rww,Neutral,Positive,0.0,0.1014951975469654
A_current_audited,text,20260926,1,-tPCytz4rww$_$18,-tPCytz4rww,Neutral,Positive,0.0,-0.02139814310235394
A_current_audited,text,20260926,0,-uywlfIYOS8$_$4,-uywlfIYOS8,Positive,Neutral,0.3333333432674408,0.32982214851180547
A_current_audited,text,20260926,0,-vxjVxOeScU$_$4,-vxjVxOeScU,Positive,Positive,1.0,0.8023054117291111
A_current_audited,text,20260926,4,-wMB_hJL-3o$_$7,-wMB_hJL-3o,Positive,Positive,0.3333333432674408,0.6604482048414754
A_current_audited,text,20260926,3,-wny0OAz3g8$_$0,-wny0OAz3g8,Positive,Neutral,0.3333333432674408,-0.06190210176920974
A_current_audited,text,20260926,3,-wny0OAz3g8$_$1,-wny0OAz3g8,Positive,Neutral,0.3333333432674408,0.10375894889106058
A_current_audited,text,20260926,3,-wny0OAz3g8$_$2,-wny0OAz3g8,Negative,Negative,-0.3333333432674408,-0.03582618098667856
A_current_audited,text,20260926,3,-wny0OAz3g8$_$3,-wny0OAz3g8,Negative,Neutral,-1.3333333730697632,0.03773812317499703
A_current_audited,text,20260926,3,-wny0OAz3g8$_$5,-wny0OAz3g8,Positive,Positive,1.0,0.623127321561758
A_current_audited,text,20260926,3,-wny0OAz3g8$_$7,-wny0OAz3g8,Neutral,Negative,0.0,0.10052595249861482
A_current_audited,text,20260926,3,-wny0OAz3g8$_$9,-wny0OAz3g8,Positive,Positive,0.6666666865348816,0.7090354357850227
A_current_audited,text,20260926,4,-yRb-Jum7EQ$_$1,-yRb-Jum7EQ,Neutral,Negative,0.0,0.009990643170036617
A_current_audited,text,20260926,4,-yRb-Jum7EQ$_$5,-yRb-Jum7EQ,Negative,Negative,-0.6666666865348816,-0.21298857840497493
A_current_audited,text,20260926,4,-yRb-Jum7EQ$_$6,-yRb-Jum7EQ,Neutral,Negative,0.0,-0.22596552377426654
A_current_audited,text,20260927,0,-3g5yACwYnA$_$13,-3g5yACwYnA,Positive,Negative,0.6666666865348816,-0.397358579298429
A_current_audited,text,20260927,0,-3g5yACwYnA$_$2,-3g5yACwYnA,Neutral,Positive,0.0,0.6549330289176568
A_current_audited,text,20260927,0,-3g5yACwYnA$_$3,-3g5yACwYnA,Neutral,Positive,0.0,0.7582668260763169
A_current_audited,text,20260927,0,-3g5yACwYnA$_$9,-3g5yACwYnA,Positive,Positive,0.6666666865348816,1.164462619580911
A_current_audited,text,20260927,1,-3nNcZdcdvU$_$5,-3nNcZdcdvU,Neutral,Neutral,0.0,-0.21338848909162478
A_current_audited,text,20260927,0,-571d8cVauQ$_$0,-571d8cVauQ,Neutral,Positive,0.0,0.04526580544381381
A_current_audited,text,20260927,0,-571d8cVauQ$_$5,-571d8cVauQ,Positive,Positive,0.3333333432674408,0.7034783057375443
A_current_audited,text,20260927,4,-6rXp3zJ3kc$_$8,-6rXp3zJ3kc,Negative,Positive,-1.0,0.33159783063950066
A_current_audited,text,20260927,1,-9y-fZ3swSY$_$0,-9y-fZ3swSY,Positive,Positive,1.0,0.9488800302604723
A_current_audited,text,20260927,1,-9y-fZ3swSY$_$4,-9y-fZ3swSY,Neutral,Neutral,0.0,0.3442741321660656
A_current_audited,text,20260927,1,-9y-fZ3swSY$_$8,-9y-fZ3swSY,Positive,Positive,1.6666666269302368,0.5585156461240918
A_current_audited,text,20260927,3,-AUZQgSxyPQ$_$2,-AUZQgSxyPQ,Positive,Negative,0.6666666865348816,0.22575746342216424
A_current_audited,text,20260927,4,-HeZS2-Prhc$_$2,-HeZS2-Prhc,Positive,Negative,0.6666666865348816,-0.2984217281412372
A_current_audited,text,20260927,0,-HwX2H8Z4hY$_$2,-HwX2H8Z4hY,Neutral,Positive,0.0,0.6515309223460398
A_current_audited,text,20260927,0,-HwX2H8Z4hY$_$5,-HwX2H8Z4hY,Negative,Positive,-1.0,0.4659470264589433
A_current_audited,text,20260927,0,-HwX2H8Z4hY$_$6,-HwX2H8Z4hY,Neutral,Neutral,0.0,0.24045041414259344
A_current_audited,text,20260927,0,-HwX2H8Z4hY$_$9,-HwX2H8Z4hY,Negative,Positive,-0.3333333432674408,0.4771066991452241
A_current_audited,text,20260927,4,-I_e4mIh0yE$_$1,-I_e4mIh0yE,Negative,Neutral,-0.6666666865348816,-0.6176684735046369
A_current_audited,text,20260927,4,-I_e4mIh0yE$_$3,-I_e4mIh0yE,Positive,Positive,0.6666666865348816,0.40359238779157086
A_current_audited,text,20260927,3,-MeTTeMJBNc$_$0,-MeTTeMJBNc,Positive,Negative,0.3333333432674408,0.08220650012451577
A_current_audited,text,20260927,3,-MeTTeMJBNc$_$13,-MeTTeMJBNc,Positive,Positive,0.3333333432674408,0.6228449679752937
A_current_audited,text,20260927,3,-MeTTeMJBNc$_$7,-MeTTeMJBNc,Positive,Positive,1.3333333730697632,0.46188581597125855
A_current_audited,text,20260927,4,-NFrJFQijFE$_$1,-NFrJFQijFE,Positive,Neutral,0.3333333432674408,-0.03449053111265016
A_current_audited,text,20260927,4,-NFrJFQijFE$_$2,-NFrJFQijFE,Neutral,Neutral,0.0,0.08608584906977282
A_current_audited,text,20260927,3,-RfYyzHpjk4$_$11,-RfYyzHpjk4,Positive,Positive,2.0,0.7770942720232008
A_current_audited,text,20260927,3,-RfYyzHpjk4$_$2,-RfYyzHpjk4,Positive,Positive,0.3333333432674408,0.6158263660417582
A_current_audited,text,20260927,3,-RfYyzHpjk4$_$8,-RfYyzHpjk4,Positive,Positive,0.3333333432674408,0.4562982072893209
A_current_audited,text,20260927,4,-THoVjtIkeU$_$12,-THoVjtIkeU,Positive,Positive,2.0,0.4996170295701915
A_current_audited,text,20260927,4,-THoVjtIkeU$_$2,-THoVjtIkeU,Positive,Positive,1.3333333730697632,0.5852634809487378
A_current_audited,text,20260927,4,-THoVjtIkeU$_$6,-THoVjtIkeU,Positive,Positive,2.6666667461395264,0.3180838629547589
A_current_audited,text,20260927,3,-UUCSKoHeMA$_$0,-UUCSKoHeMA,Neutral,Negative,0.0,0.23361824567786776
A_current_audited,text,20260927,4,-UacrmKiTn4$_$10,-UacrmKiTn4,Negative,Positive,-0.6666666865348816,0.2609503661921395
A_current_audited,text,20260927,4,-UacrmKiTn4$_$4,-UacrmKiTn4,Negative,Positive,-1.3333333730697632,0.5849792225392418
A_current_audited,text,20260927,1,-UuX1xuaiiE$_$0,-UuX1xuaiiE,Positive,Positive,2.6666667461395264,0.5964395737794959
A_current_audited,text,20260927,1,-UuX1xuaiiE$_$1,-UuX1xuaiiE,Positive,Positive,1.6666666269302368,0.41810636333587037
A_current_audited,text,20260927,1,-UuX1xuaiiE$_$3,-UuX1xuaiiE,Positive,Positive,0.3333333432674408,0.3494242114892496
A_current_audited,text,20260927,1,-UuX1xuaiiE$_$6,-UuX1xuaiiE,Negative,Negative,-0.3333333432674408,-0.1623818531594315
A_current_audited,text,20260927,1,-a55Q6RWvTA$_$3,-a55Q6RWvTA,Positive,Positive,0.6666666865348816,0.6327548760686257
A_current_audited,text,20260927,2,-aNfi7CP8vM$_$7,-aNfi7CP8vM,Neutral,Positive,0.0,0.1996552106068331
A_current_audited,text,20260927,1,-aqamKhZ1Ec$_$0,-aqamKhZ1Ec,Negative,Neutral,-2.0,-0.3477959245266693
A_current_audited,text,20260927,4,-dxfTGcXJoc$_$0,-dxfTGcXJoc,Positive,Neutral,1.0,0.3735282479131706
A_current_audited,text,20260927,4,-dxfTGcXJoc$_$1,-dxfTGcXJoc,Positive,Positive,1.6666666269302368,0.38997825362183225
A_current_audited,text,20260927,4,-dxfTGcXJoc$_$2,-dxfTGcXJoc,Positive,Neutral,0.6666666865348816,0.26507663326180275
A_current_audited,text,20260927,4,-dxfTGcXJoc$_$6,-dxfTGcXJoc,Positive,Positive,0.6666666865348816,0.4423144727722144
A_current_audited,text,20260927,1,-egA8-b7-3M$_$1,-egA8-b7-3M,Positive,Positive,0.6666666865348816,0.2605021292449115
A_current_audited,text,20260927,1,-egA8-b7-3M$_$13,-egA8-b7-3M,Positive,Positive,0.3333333432674408,0.015433599216838234
A_current_audited,text,20260927,1,-egA8-b7-3M$_$16,-egA8-b7-3M,Positive,Positive,0.6666666865348816,0.3571673903785334
A_current_audited,text,20260927,1,-egA8-b7-3M$_$17,-egA8-b7-3M,Positive,Positive,0.3333333432674408,0.9539119656645867
A_current_audited,text,20260927,1,-egA8-b7-3M$_$18,-egA8-b7-3M,Positive,Positive,1.0,0.6685436971727328
A_current_audited,text,20260927,1,-egA8-b7-3M$_$20,-egA8-b7-3M,Positive,Positive,0.3333333432674408,0.5208171527794095
A_current_audited,text,20260927,1,-egA8-b7-3M$_$26,-egA8-b7-3M,Positive,Neutral,1.6666666269302368,0.045396291343774625
A_current_audited,text,20260927,1,-egA8-b7-3M$_$6,-egA8-b7-3M,Positive,Positive,0.6666666865348816,1.1170885197414888
A_current_audited,text,20260927,1,-egA8-b7-3M$_$9,-egA8-b7-3M,Positive,Positive,0.3333333432674408,0.5124858291962078
A_current_audited,text,20260927,0,-hnBHBN8p5A$_$6,-hnBHBN8p5A,Positive,Positive,1.0,0.9039433024477089
A_current_audited,text,20260927,0,-hnBHBN8p5A$_$7,-hnBHBN8p5A,Positive,Negative,0.6666666865348816,-0.09158252802402223
A_current_audited,text,20260927,3,-iRBcNs9oI8$_$3,-iRBcNs9oI8,Positive,Neutral,0.6666666865348816,0.09592153701145448
A_current_audited,text,20260927,3,-iRBcNs9oI8$_$6,-iRBcNs9oI8,Positive,Positive,0.3333333432674408,0.48973838346652276
A_current_audited,text,20260927,3,-iRBcNs9oI8$_$7,-iRBcNs9oI8,Positive,Negative,0.6666666865348816,-0.05330471358799277
A_current_audited,text,20260927,3,-iRBcNs9oI8$_$8,-iRBcNs9oI8,Positive,Positive,1.0,0.1721414525069206
A_current_audited,text,20260927,3,-iRBcNs9oI8$_$9,-iRBcNs9oI8,Positive,Neutral,1.3333333730697632,-0.018669429555295325
A_current_audited,text,20260927,1,-lzEya4AM_4$_$5,-lzEya4AM_4,Negative,Negative,-0.6666666865348816,-0.45409320205551484
A_current_audited,text,20260927,1,-lzEya4AM_4$_$6,-lzEya4AM_4,Negative,Positive,-0.3333333432674408,-0.15466818671005256
A_current_audited,text,20260927,3,-mJ2ud6oKI8$_$1,-mJ2ud6oKI8,Neutral,Neutral,0.0,0.13255275726448432
A_current_audited,text,20260927,3,-mJ2ud6oKI8$_$2,-mJ2ud6oKI8,Neutral,Positive,0.0,0.2277029549747152
A_current_audited,text,20260927,3,-mJ2ud6oKI8$_$6,-mJ2ud6oKI8,Positive,Neutral,0.3333333432674408,0.32690468165367786
A_current_audited,text,20260927,3,-mJ2ud6oKI8$_$8,-mJ2ud6oKI8,Negative,Neutral,-0.3333333432674408,-0.3230440783510214
A_current_audited,text,20260927,3,-mJ2ud6oKI8$_$9,-mJ2ud6oKI8,Neutral,Positive,0.0,0.47374842562010766
A_current_audited,text,20260927,2,-mqbVkbCndg$_$0,-mqbVkbCndg,Neutral,Positive,0.0,1.1617483736257865
A_current_audited,text,20260927,0,-qDkUB0GgYY$_$6,-qDkUB0GgYY,Positive,Positive,1.3333333730697632,0.9912157495448821
A_current_audited,text,20260927,2,-ri04Z7vwnc$_$0,-ri04Z7vwnc,Neutral,Positive,0.0,-0.19149959543884176
A_current_audited,text,20260927,2,-ri04Z7vwnc$_$2,-ri04Z7vwnc,Negative,Positive,-0.3333333432674408,0.8322097472578684
A_current_audited,text,20260927,2,-ri04Z7vwnc$_$5,-ri04Z7vwnc,Positive,Positive,0.3333333432674408,0.930044802505084
A_current_audited,text,20260927,4,-s9qJ7ATP7w$_$0,-s9qJ7ATP7w,Negative,Neutral,-0.3333333432674408,0.17930327553610587
A_current_audited,text,20260927,4,-s9qJ7ATP7w$_$1,-s9qJ7ATP7w,Positive,Positive,0.6666666865348816,0.6479159972611992
A_current_audited,text,20260927,4,-s9qJ7ATP7w$_$4,-s9qJ7ATP7w,Neutral,Positive,0.0,0.48214301547724936
A_current_audited,text,20260927,4,-s9qJ7ATP7w$_$5,-s9qJ7ATP7w,Negative,Positive,-2.0,0.41619635115803566
A_current_audited,text,20260927,4,-s9qJ7ATP7w$_$6,-s9qJ7ATP7w,Neutral,Positive,0.0,0.6288345349041948
A_current_audited,text,20260927,4,-s9qJ7ATP7w$_$7,-s9qJ7ATP7w,Positive,Positive,1.0,0.39267422373955474
A_current_audited,text,20260927,4,-s9qJ7ATP7w$_$8,-s9qJ7ATP7w,Positive,Positive,1.3333333730697632,0.284262973447359
A_current_audited,text,20260927,4,-t217m2on-s$_$2,-t217m2on-s,Positive,Positive,0.6666666865348816,0.14574001510375834
A_current_audited,text,20260927,4,-t217m2on-s$_$7,-t217m2on-s,Negative,Positive,-0.6666666865348816,0.22931259137564425
A_current_audited,text,20260927,2,-tANM6ETl_M$_$3,-tANM6ETl_M,Positive,Positive,0.3333333432674408,0.4158571615422977
A_current_audited,text,20260927,3,-tPCytz4rww$_$10,-tPCytz4rww,Neutral,Negative,0.0,-0.4473452898720018
A_current_audited,text,20260927,3,-tPCytz4rww$_$11,-tPCytz4rww,Neutral,Positive,0.0,0.4673878709128728
A_current_audited,text,20260927,3,-tPCytz4rww$_$12,-tPCytz4rww,Neutral,Positive,0.0,0.5484810561447168
A_current_audited,text,20260927,3,-tPCytz4rww$_$16,-tPCytz4rww,Neutral,Positive,0.0,0.0457635075642992
A_current_audited,text,20260927,3,-tPCytz4rww$_$18,-tPCytz4rww,Neutral,Positive,0.0,-0.04116076707490751
A_current_audited,text,20260927,2,-uywlfIYOS8$_$4,-uywlfIYOS8,Positive,Positive,0.3333333432674408,0.4729213159873008
A_current_audited,text,20260927,1,-vxjVxOeScU$_$4,-vxjVxOeScU,Positive,Positive,1.0,0.570950045449083
A_current_audited,text,20260927,3,-wMB_hJL-3o$_$7,-wMB_hJL-3o,Positive,Positive,0.3333333432674408,0.5301295504448613
A_current_audited,text,20260927,0,-wny0OAz3g8$_$0,-wny0OAz3g8,Positive,Neutral,0.3333333432674408,0.2668768543083644
A_current_audited,text,20260927,0,-wny0OAz3g8$_$1,-wny0OAz3g8,Positive,Neutral,0.3333333432674408,0.23973749821225074
A_current_audited,text,20260927,0,-wny0OAz3g8$_$2,-wny0OAz3g8,Negative,Negative,-0.3333333432674408,0.22300912680330928
A_current_audited,text,20260927,0,-wny0OAz3g8$_$3,-wny0OAz3g8,Negative,Neutral,-1.3333333730697632,0.51979288767936
A_current_audited,text,20260927,0,-wny0OAz3g8$_$5,-wny0OAz3g8,Positive,Positive,1.0,0.9204849724175423
A_current_audited,text,20260927,0,-wny0OAz3g8$_$7,-wny0OAz3g8,Neutral,Positive,0.0,0.5490149805991142
A_current_audited,text,20260927,0,-wny0OAz3g8$_$9,-wny0OAz3g8,Positive,Positive,0.6666666865348816,0.7625820833608931
A_current_audited,text,20260927,2,-yRb-Jum7EQ$_$1,-yRb-Jum7EQ,Neutral,Negative,0.0,-0.0958902735081385
A_current_audited,text,20260927,2,-yRb-Jum7EQ$_$5,-yRb-Jum7EQ,Negative,Negative,-0.6666666865348816,-0.6296198810496164
A_current_audited,text,20260927,2,-yRb-Jum7EQ$_$6,-yRb-Jum7EQ,Neutral,Negative,0.0,-0.5003350366450761
A_current_audited,text,20260928,0,-3g5yACwYnA$_$13,-3g5yACwYnA,Positive,Positive,0.6666666865348816,-0.08987807854453142
A_current_audited,text,20260928,0,-3g5yACwYnA$_$2,-3g5yACwYnA,Neutral,Positive,0.0,0.3315622269371409
A_current_audited,text,20260928,0,-3g5yACwYnA$_$3,-3g5yACwYnA,Neutral,Neutral,0.0,0.4603934449139405
A_current_audited,text,20260928,0,-3g5yACwYnA$_$9,-3g5yACwYnA,Positive,Positive,0.6666666865348816,0.8250378167129203
A_current_audited,text,20260928,0,-3nNcZdcdvU$_$5,-3nNcZdcdvU,Neutral,Negative,0.0,-0.3236925274682161
A_current_audited,text,20260928,4,-571d8cVauQ$_$0,-571d8cVauQ,Neutral,Positive,0.0,0.12516502086879955
A_current_audited,text,20260928,4,-571d8cVauQ$_$5,-571d8cVauQ,Positive,Positive,0.3333333432674408,0.734200392363115
A_current_audited,text,20260928,2,-6rXp3zJ3kc$_$8,-6rXp3zJ3kc,Negative,Negative,-1.0,-0.012158732199680777
A_current_audited,text,20260928,1,-9y-fZ3swSY$_$0,-9y-fZ3swSY,Positive,Positive,1.0,1.0447438750555547
A_current_audited,text,20260928,1,-9y-fZ3swSY$_$4,-9y-fZ3swSY,Neutral,Positive,0.0,1.0271341800695337
A_current_audited,text,20260928,1,-9y-fZ3swSY$_$8,-9y-fZ3swSY,Positive,Positive,1.6666666269302368,0.4343934799132974
A_current_audited,text,20260928,1,-AUZQgSxyPQ$_$2,-AUZQgSxyPQ,Positive,Positive,0.6666666865348816,0.5446265268349644
A_current_audited,text,20260928,4,-HeZS2-Prhc$_$2,-HeZS2-Prhc,Positive,Neutral,0.6666666865348816,-0.630224344875838
A_current_audited,text,20260928,4,-HwX2H8Z4hY$_$2,-HwX2H8Z4hY,Neutral,Neutral,0.0,0.19666717378750842
A_current_audited,text,20260928,4,-HwX2H8Z4hY$_$5,-HwX2H8Z4hY,Negative,Neutral,-1.0,-0.19017852859210393
A_current_audited,text,20260928,4,-HwX2H8Z4hY$_$6,-HwX2H8Z4hY,Neutral,Neutral,0.0,-0.13344534686468784
A_current_audited,text,20260928,4,-HwX2H8Z4hY$_$9,-HwX2H8Z4hY,Negative,Neutral,-0.3333333432674408,0.5203720305303867
A_current_audited,text,20260928,3,-I_e4mIh0yE$_$1,-I_e4mIh0yE,Negative,Negative,-0.6666666865348816,-0.3358245982537762
A_current_audited,text,20260928,3,-I_e4mIh0yE$_$3,-I_e4mIh0yE,Positive,Positive,0.6666666865348816,0.5774268987868909
A_current_audited,text,20260928,2,-MeTTeMJBNc$_$0,-MeTTeMJBNc,Positive,Negative,0.3333333432674408,0.12407672995356478
A_current_audited,text,20260928,2,-MeTTeMJBNc$_$13,-MeTTeMJBNc,Positive,Positive,0.3333333432674408,0.7340489018645744
A_current_audited,text,20260928,2,-MeTTeMJBNc$_$7,-MeTTeMJBNc,Positive,Positive,1.3333333730697632,0.5623559789834518
A_current_audited,text,20260928,4,-NFrJFQijFE$_$1,-NFrJFQijFE,Positive,Neutral,0.3333333432674408,-0.15799524429605583
A_current_audited,text,20260928,4,-NFrJFQijFE$_$2,-NFrJFQijFE,Neutral,Neutral,0.0,0.19856246595224553
A_current_audited,text,20260928,1,-RfYyzHpjk4$_$11,-RfYyzHpjk4,Positive,Positive,2.0,0.6864748579782676
A_current_audited,text,20260928,1,-RfYyzHpjk4$_$2,-RfYyzHpjk4,Positive,Positive,0.3333333432674408,0.37063575408304883
A_current_audited,text,20260928,1,-RfYyzHpjk4$_$8,-RfYyzHpjk4,Positive,Neutral,0.3333333432674408,0.26443298299360685
A_current_audited,text,20260928,0,-THoVjtIkeU$_$12,-THoVjtIkeU,Positive,Positive,2.0,0.43728360473612626
A_current_audited,text,20260928,0,-THoVjtIkeU$_$2,-THoVjtIkeU,Positive,Positive,1.3333333730697632,0.8651997877390453
A_current_audited,text,20260928,0,-THoVjtIkeU$_$6,-THoVjtIkeU,Positive,Positive,2.6666667461395264,0.3164195440629948
A_current_audited,text,20260928,1,-UUCSKoHeMA$_$0,-UUCSKoHeMA,Neutral,Negative,0.0,0.19493131017657744
A_current_audited,text,20260928,2,-UacrmKiTn4$_$10,-UacrmKiTn4,Negative,Positive,-0.6666666865348816,0.3483624684531644
A_current_audited,text,20260928,2,-UacrmKiTn4$_$4,-UacrmKiTn4,Negative,Neutral,-1.3333333730697632,0.6565738915469175
A_current_audited,text,20260928,0,-UuX1xuaiiE$_$0,-UuX1xuaiiE,Positive,Positive,2.6666667461395264,1.1041068074600489
A_current_audited,text,20260928,0,-UuX1xuaiiE$_$1,-UuX1xuaiiE,Positive,Positive,1.6666666269302368,0.5255486202902178
A_current_audited,text,20260928,0,-UuX1xuaiiE$_$3,-UuX1xuaiiE,Positive,Positive,0.3333333432674408,0.33762539050029117
A_current_audited,text,20260928,0,-UuX1xuaiiE$_$6,-UuX1xuaiiE,Negative,Neutral,-0.3333333432674408,-0.3520121414114409
A_current_audited,text,20260928,3,-a55Q6RWvTA$_$3,-a55Q6RWvTA,Positive,Positive,0.6666666865348816,0.688540697911662
A_current_audited,text,20260928,3,-aNfi7CP8vM$_$7,-aNfi7CP8vM,Neutral,Negative,0.0,0.517956920912086
A_current_audited,text,20260928,1,-aqamKhZ1Ec$_$0,-aqamKhZ1Ec,Negative,Negative,-2.0,-0.3597255361937276
A_current_audited,text,20260928,0,-dxfTGcXJoc$_$0,-dxfTGcXJoc,Positive,Positive,1.0,0.2256899171441496
A_current_audited,text,20260928,0,-dxfTGcXJoc$_$1,-dxfTGcXJoc,Positive,Positive,1.6666666269302368,0.4113215658224163
A_current_audited,text,20260928,0,-dxfTGcXJoc$_$2,-dxfTGcXJoc,Positive,Neutral,0.6666666865348816,0.14792566658140655
A_current_audited,text,20260928,0,-dxfTGcXJoc$_$6,-dxfTGcXJoc,Positive,Positive,0.6666666865348816,0.4896863520114725
A_current_audited,text,20260928,3,-egA8-b7-3M$_$1,-egA8-b7-3M,Positive,Negative,0.6666666865348816,0.20751523174077807
A_current_audited,text,20260928,3,-egA8-b7-3M$_$13,-egA8-b7-3M,Positive,Negative,0.3333333432674408,-0.11563695671567098
A_current_audited,text,20260928,3,-egA8-b7-3M$_$16,-egA8-b7-3M,Positive,Neutral,0.6666666865348816,0.5040785948910806
A_current_audited,text,20260928,3,-egA8-b7-3M$_$17,-egA8-b7-3M,Positive,Positive,0.3333333432674408,1.0645271567898775
A_current_audited,text,20260928,3,-egA8-b7-3M$_$18,-egA8-b7-3M,Positive,Positive,1.0,0.6775402703951982
A_current_audited,text,20260928,3,-egA8-b7-3M$_$20,-egA8-b7-3M,Positive,Positive,0.3333333432674408,0.4518551487583328
A_current_audited,text,20260928,3,-egA8-b7-3M$_$26,-egA8-b7-3M,Positive,Neutral,1.6666666269302368,0.32162561641902976
A_current_audited,text,20260928,3,-egA8-b7-3M$_$6,-egA8-b7-3M,Positive,Positive,0.6666666865348816,1.398857926986704
A_current_audited,text,20260928,3,-egA8-b7-3M$_$9,-egA8-b7-3M,Positive,Positive,0.3333333432674408,0.2276398720097667
A_current_audited,text,20260928,3,-hnBHBN8p5A$_$6,-hnBHBN8p5A,Positive,Positive,1.0,0.9983593649647022
A_current_audited,text,20260928,3,-hnBHBN8p5A$_$7,-hnBHBN8p5A,Positive,Neutral,0.6666666865348816,-0.2500615631905607
A_current_audited,text,20260928,4,-iRBcNs9oI8$_$3,-iRBcNs9oI8,Positive,Neutral,0.6666666865348816,0.040471624274454276
A_current_audited,text,20260928,4,-iRBcNs9oI8$_$6,-iRBcNs9oI8,Positive,Neutral,0.3333333432674408,0.4040455985149256
A_current_audited,text,20260928,4,-iRBcNs9oI8$_$7,-iRBcNs9oI8,Positive,Negative,0.6666666865348816,0.021385383285395687
A_current_audited,text,20260928,4,-iRBcNs9oI8$_$8,-iRBcNs9oI8,Positive,Positive,1.0,0.5286846684247049
A_current_audited,text,20260928,4,-iRBcNs9oI8$_$9,-iRBcNs9oI8,Positive,Neutral,1.3333333730697632,-0.1568846235224689
A_current_audited,text,20260928,4,-lzEya4AM_4$_$5,-lzEya4AM_4,Negative,Negative,-0.6666666865348816,-0.34446468627961513
A_current_audited,text,20260928,4,-lzEya4AM_4$_$6,-lzEya4AM_4,Negative,Neutral,-0.3333333432674408,-0.33478013236430926
A_current_audited,text,20260928,3,-mJ2ud6oKI8$_$1,-mJ2ud6oKI8,Neutral,Neutral,0.0,0.31889938029202064
A_current_audited,text,20260928,3,-mJ2ud6oKI8$_$2,-mJ2ud6oKI8,Neutral,Positive,0.0,0.4772443839644581
A_current_audited,text,20260928,3,-mJ2ud6oKI8$_$6,-mJ2ud6oKI8,Positive,Neutral,0.3333333432674408,0.1862111659064018
A_current_audited,text,20260928,3,-mJ2ud6oKI8$_$8,-mJ2ud6oKI8,Negative,Neutral,-0.3333333432674408,-0.20560131946045757
A_current_audited,text,20260928,3,-mJ2ud6oKI8$_$9,-mJ2ud6oKI8,Neutral,Positive,0.0,0.27596366791631477
A_current_audited,text,20260928,0,-mqbVkbCndg$_$0,-mqbVkbCndg,Neutral,Positive,0.0,0.4990295899693191
A_current_audited,text,20260928,4,-qDkUB0GgYY$_$6,-qDkUB0GgYY,Positive,Positive,1.3333333730697632,1.2610742874782195
A_current_audited,text,20260928,0,-ri04Z7vwnc$_$0,-ri04Z7vwnc,Neutral,Positive,0.0,-0.060438736278008415
A_current_audited,text,20260928,0,-ri04Z7vwnc$_$2,-ri04Z7vwnc,Negative,Positive,-0.3333333432674408,0.8268807560004555
A_current_audited,text,20260928,0,-ri04Z7vwnc$_$5,-ri04Z7vwnc,Positive,Neutral,0.3333333432674408,0.8640562984136174
A_current_audited,text,20260928,1,-s9qJ7ATP7w$_$0,-s9qJ7ATP7w,Negative,Neutral,-0.3333333432674408,-0.07473929276876806
A_current_audited,text,20260928,1,-s9qJ7ATP7w$_$1,-s9qJ7ATP7w,Positive,Positive,0.6666666865348816,0.7234739396530993
A_current_audited,text,20260928,1,-s9qJ7ATP7w$_$4,-s9qJ7ATP7w,Neutral,Positive,0.0,0.7901695917676745
A_current_audited,text,20260928,1,-s9qJ7ATP7w$_$5,-s9qJ7ATP7w,Negative,Negative,-2.0,0.4583711181118181
A_current_audited,text,20260928,1,-s9qJ7ATP7w$_$6,-s9qJ7ATP7w,Neutral,Positive,0.0,1.1738767474464002
A_current_audited,text,20260928,1,-s9qJ7ATP7w$_$7,-s9qJ7ATP7w,Positive,Positive,1.0,0.45694604043224196
A_current_audited,text,20260928,1,-s9qJ7ATP7w$_$8,-s9qJ7ATP7w,Positive,Positive,1.3333333730697632,0.1689709847021702
A_current_audited,text,20260928,2,-t217m2on-s$_$2,-t217m2on-s,Positive,Positive,0.6666666865348816,0.33286753276699577
A_current_audited,text,20260928,2,-t217m2on-s$_$7,-t217m2on-s,Negative,Positive,-0.6666666865348816,0.30910609809469203
A_current_audited,text,20260928,4,-tANM6ETl_M$_$3,-tANM6ETl_M,Positive,Neutral,0.3333333432674408,0.2609766375196787
A_current_audited,text,20260928,2,-tPCytz4rww$_$10,-tPCytz4rww,Neutral,Negative,0.0,-0.33231830347270813
A_current_audited,text,20260928,2,-tPCytz4rww$_$11,-tPCytz4rww,Neutral,Positive,0.0,0.8259729957192261
A_current_audited,text,20260928,2,-tPCytz4rww$_$12,-tPCytz4rww,Neutral,Positive,0.0,0.5439228442323412
A_current_audited,text,20260928,2,-tPCytz4rww$_$16,-tPCytz4rww,Neutral,Positive,0.0,-0.013428803247024002
A_current_audited,text,20260928,2,-tPCytz4rww$_$18,-tPCytz4rww,Neutral,Positive,0.0,0.022081879159520812
A_current_audited,text,20260928,2,-uywlfIYOS8$_$4,-uywlfIYOS8,Positive,Positive,0.3333333432674408,0.45067775784084846
A_current_audited,text,20260928,2,-vxjVxOeScU$_$4,-vxjVxOeScU,Positive,Positive,1.0,0.8309513281257273
A_current_audited,text,20260928,4,-wMB_hJL-3o$_$7,-wMB_hJL-3o,Positive,Neutral,0.3333333432674408,0.36352959004445434
A_current_audited,text,20260928,3,-wny0OAz3g8$_$0,-wny0OAz3g8,Positive,Negative,0.3333333432674408,0.24803826976981475
A_current_audited,text,20260928,3,-wny0OAz3g8$_$1,-wny0OAz3g8,Positive,Negative,0.3333333432674408,0.4510816277172978
A_current_audited,text,20260928,3,-wny0OAz3g8$_$2,-wny0OAz3g8,Negative,Negative,-0.3333333432674408,0.4821427857488304
A_current_audited,text,20260928,3,-wny0OAz3g8$_$3,-wny0OAz3g8,Negative,Neutral,-1.3333333730697632,0.13222479411548135
A_current_audited,text,20260928,3,-wny0OAz3g8$_$5,-wny0OAz3g8,Positive,Positive,1.0,0.6805688955348019
A_current_audited,text,20260928,3,-wny0OAz3g8$_$7,-wny0OAz3g8,Neutral,Positive,0.0,0.46744241320352836
A_current_audited,text,20260928,3,-wny0OAz3g8$_$9,-wny0OAz3g8,Positive,Positive,0.6666666865348816,0.8343688813942073
A_current_audited,text,20260928,1,-yRb-Jum7EQ$_$1,-yRb-Jum7EQ,Neutral,Negative,0.0,-0.009127156080358634
A_current_audited,text,20260928,1,-yRb-Jum7EQ$_$5,-yRb-Jum7EQ,Negative,Negative,-0.6666666865348816,-0.2447115582648608
A_current_audited,text,20260928,1,-yRb-Jum7EQ$_$6,-yRb-Jum7EQ,Neutral,Negative,0.0,-0.19101345114374046
A_current_audited,audio,20260924,1,-3g5yACwYnA$_$13,-3g5yACwYnA,Positive,Neutral,0.6666666865348816,0.29389733252303857
A_current_audited,audio,20260924,1,-3g5yACwYnA$_$2,-3g5yACwYnA,Neutral,Neutral,0.0,0.2878084473656449
A_current_audited,audio,20260924,1,-3g5yACwYnA$_$3,-3g5yACwYnA,Neutral,Neutral,0.0,0.3439539405720045
A_current_audited,audio,20260924,1,-3g5yACwYnA$_$9,-3g5yACwYnA,Positive,Neutral,0.6666666865348816,0.04061054582116769
A_current_audited,audio,20260924,0,-3nNcZdcdvU$_$5,-3nNcZdcdvU,Neutral,Positive,0.0,0.59774857310853
A_current_audited,audio,20260924,3,-571d8cVauQ$_$0,-571d8cVauQ,Neutral,Positive,0.0,0.3298517351723822
A_current_audited,audio,20260924,3,-571d8cVauQ$_$5,-571d8cVauQ,Positive,Neutral,0.3333333432674408,0.30229425380394087
A_current_audited,audio,20260924,0,-6rXp3zJ3kc$_$8,-6rXp3zJ3kc,Negative,Neutral,-1.0,0.09862252053359874
A_current_audited,audio,20260924,0,-9y-fZ3swSY$_$0,-9y-fZ3swSY,Positive,Positive,1.0,0.9112146010528417
A_current_audited,audio,20260924,0,-9y-fZ3swSY$_$4,-9y-fZ3swSY,Neutral,Neutral,0.0,0.4514408005064183
A_current_audited,audio,20260924,0,-9y-fZ3swSY$_$8,-9y-fZ3swSY,Positive,Positive,1.6666666269302368,0.3276411915922192
A_current_audited,audio,20260924,0,-AUZQgSxyPQ$_$2,-AUZQgSxyPQ,Positive,Positive,0.6666666865348816,0.4009868377162662
A_current_audited,audio,20260924,4,-HeZS2-Prhc$_$2,-HeZS2-Prhc,Positive,Positive,0.6666666865348816,0.7516350293184384
A_current_audited,audio,20260924,4,-HwX2H8Z4hY$_$2,-HwX2H8Z4hY,Neutral,Negative,0.0,0.14210508117499188
A_current_audited,audio,20260924,4,-HwX2H8Z4hY$_$5,-HwX2H8Z4hY,Negative,Neutral,-1.0,0.39790050119210435
A_current_audited,audio,20260924,4,-HwX2H8Z4hY$_$6,-HwX2H8Z4hY,Neutral,Neutral,0.0,0.18664106250399298
A_current_audited,audio,20260924,4,-HwX2H8Z4hY$_$9,-HwX2H8Z4hY,Negative,Negative,-0.3333333432674408,0.08343435968487994
A_current_audited,audio,20260924,1,-I_e4mIh0yE$_$1,-I_e4mIh0yE,Negative,Negative,-0.6666666865348816,0.040663755200278484
A_current_audited,audio,20260924,1,-I_e4mIh0yE$_$3,-I_e4mIh0yE,Positive,Neutral,0.6666666865348816,0.19098666897942435
A_current_audited,audio,20260924,3,-MeTTeMJBNc$_$0,-MeTTeMJBNc,Positive,Negative,0.3333333432674408,0.475588610525178
A_current_audited,audio,20260924,3,-MeTTeMJBNc$_$13,-MeTTeMJBNc,Positive,Positive,0.3333333432674408,0.7504798949303382
A_current_audited,audio,20260924,3,-MeTTeMJBNc$_$7,-MeTTeMJBNc,Positive,Negative,1.3333333730697632,0.4772722393158789
A_current_audited,audio,20260924,3,-NFrJFQijFE$_$1,-NFrJFQijFE,Positive,Neutral,0.3333333432674408,0.21687876639098186
A_current_audited,audio,20260924,3,-NFrJFQijFE$_$2,-NFrJFQijFE,Neutral,Neutral,0.0,0.12890498974404196
A_current_audited,audio,20260924,2,-RfYyzHpjk4$_$11,-RfYyzHpjk4,Positive,Positive,2.0,0.4127291435821785
A_current_audited,audio,20260924,2,-RfYyzHpjk4$_$2,-RfYyzHpjk4,Positive,Positive,0.3333333432674408,0.4150887488363665
A_current_audited,audio,20260924,2,-RfYyzHpjk4$_$8,-RfYyzHpjk4,Positive,Positive,0.3333333432674408,0.5932721750140795
A_current_audited,audio,20260924,0,-THoVjtIkeU$_$12,-THoVjtIkeU,Positive,Neutral,2.0,0.15747176089861165
A_current_audited,audio,20260924,0,-THoVjtIkeU$_$2,-THoVjtIkeU,Positive,Positive,1.3333333730697632,0.4245703444120005
A_current_audited,audio,20260924,0,-THoVjtIkeU$_$6,-THoVjtIkeU,Positive,Neutral,2.6666667461395264,0.08754195616111599
A_current_audited,audio,20260924,4,-UUCSKoHeMA$_$0,-UUCSKoHeMA,Neutral,Positive,0.0,0.6916265751705455
A_current_audited,audio,20260924,0,-UacrmKiTn4$_$10,-UacrmKiTn4,Negative,Positive,-0.6666666865348816,0.3421559828537761
A_current_audited,audio,20260924,0,-UacrmKiTn4$_$4,-UacrmKiTn4,Negative,Neutral,-1.3333333730697632,0.2481344901479598
A_current_audited,audio,20260924,2,-UuX1xuaiiE$_$0,-UuX1xuaiiE,Positive,Neutral,2.6666667461395264,0.15736367807365587
A_current_audited,audio,20260924,2,-UuX1xuaiiE$_$1,-UuX1xuaiiE,Positive,Negative,1.6666666269302368,0.08642873444267246
A_current_audited,audio,20260924,2,-UuX1xuaiiE$_$3,-UuX1xuaiiE,Positive,Negative,0.3333333432674408,0.22851141931961938
A_current_audited,audio,20260924,2,-UuX1xuaiiE$_$6,-UuX1xuaiiE,Negative,Neutral,-0.3333333432674408,0.033185779302075225
A_current_audited,audio,20260924,4,-a55Q6RWvTA$_$3,-a55Q6RWvTA,Positive,Negative,0.6666666865348816,0.1740932003092645
A_current_audited,audio,20260924,0,-aNfi7CP8vM$_$7,-aNfi7CP8vM,Neutral,Positive,0.0,0.597338118175053
A_current_audited,audio,20260924,3,-aqamKhZ1Ec$_$0,-aqamKhZ1Ec,Negative,Negative,-2.0,0.4629517791049016
A_current_audited,audio,20260924,4,-dxfTGcXJoc$_$0,-dxfTGcXJoc,Positive,Neutral,1.0,0.20723564813278067
A_current_audited,audio,20260924,4,-dxfTGcXJoc$_$1,-dxfTGcXJoc,Positive,Neutral,1.6666666269302368,0.27318892727372146
A_current_audited,audio,20260924,4,-dxfTGcXJoc$_$2,-dxfTGcXJoc,Positive,Positive,0.6666666865348816,0.36713355245199814
A_current_audited,audio,20260924,4,-dxfTGcXJoc$_$6,-dxfTGcXJoc,Positive,Positive,0.6666666865348816,0.4700095190525517
A_current_audited,audio,20260924,4,-egA8-b7-3M$_$1,-egA8-b7-3M,Positive,Positive,0.6666666865348816,0.5943809564230766
A_current_audited,audio,20260924,4,-egA8-b7-3M$_$13,-egA8-b7-3M,Positive,Positive,0.3333333432674408,0.40271982640044895
A_current_audited,audio,20260924,4,-egA8-b7-3M$_$16,-egA8-b7-3M,Positive,Positive,0.6666666865348816,0.42884644886693757
A_current_audited,audio,20260924,4,-egA8-b7-3M$_$17,-egA8-b7-3M,Positive,Positive,0.3333333432674408,0.31170973337693
A_current_audited,audio,20260924,4,-egA8-b7-3M$_$18,-egA8-b7-3M,Positive,Positive,1.0,0.548188366258463
A_current_audited,audio,20260924,4,-egA8-b7-3M$_$20,-egA8-b7-3M,Positive,Positive,0.3333333432674408,0.43270709031172333
A_current_audited,audio,20260924,4,-egA8-b7-3M$_$26,-egA8-b7-3M,Positive,Positive,1.6666666269302368,0.5379930744602436
A_current_audited,audio,20260924,4,-egA8-b7-3M$_$6,-egA8-b7-3M,Positive,Positive,0.6666666865348816,0.5904112134728865
A_current_audited,audio,20260924,4,-egA8-b7-3M$_$9,-egA8-b7-3M,Positive,Positive,0.3333333432674408,0.6536991992243446
A_current_audited,audio,20260924,3,-hnBHBN8p5A$_$6,-hnBHBN8p5A,Positive,Positive,1.0,0.8266425916506932
A_current_audited,audio,20260924,3,-hnBHBN8p5A$_$7,-hnBHBN8p5A,Positive,Positive,0.6666666865348816,0.5668793179864597
A_current_audited,audio,20260924,1,-iRBcNs9oI8$_$3,-iRBcNs9oI8,Positive,Positive,0.6666666865348816,0.7535298100369621
A_current_audited,audio,20260924,1,-iRBcNs9oI8$_$6,-iRBcNs9oI8,Positive,Positive,0.3333333432674408,0.49020867163104437
A_current_audited,audio,20260924,1,-iRBcNs9oI8$_$7,-iRBcNs9oI8,Positive,Positive,0.6666666865348816,1.4112544372948976
A_current_audited,audio,20260924,1,-iRBcNs9oI8$_$8,-iRBcNs9oI8,Positive,Positive,1.0,0.7133042521748738
A_current_audited,audio,20260924,1,-iRBcNs9oI8$_$9,-iRBcNs9oI8,Positive,Positive,1.3333333730697632,0.3251942006645137
A_current_audited,audio,20260924,1,-lzEya4AM_4$_$5,-lzEya4AM_4,Negative,Positive,-0.6666666865348816,0.2440382128836489
A_current_audited,audio,20260924,1,-lzEya4AM_4$_$6,-lzEya4AM_4,Negative,Positive,-0.3333333432674408,0.3807209768959238
A_current_audited,audio,20260924,4,-mJ2ud6oKI8$_$1,-mJ2ud6oKI8,Neutral,Neutral,0.0,-3.864089348546064
A_current_audited,audio,20260924,4,-mJ2ud6oKI8$_$2,-mJ2ud6oKI8,Neutral,Neutral,0.0,-3.864089348546064
A_current_audited,audio,20260924,4,-mJ2ud6oKI8$_$6,-mJ2ud6oKI8,Positive,Positive,0.3333333432674408,-0.024187116640429496
A_current_audited,audio,20260924,4,-mJ2ud6oKI8$_$8,-mJ2ud6oKI8,Negative,Negative,-0.3333333432674408,0.19162956323375818
A_current_audited,audio,20260924,4,-mJ2ud6oKI8$_$9,-mJ2ud6oKI8,Neutral,Negative,0.0,0.14609613373430447
A_current_audited,audio,20260924,2,-mqbVkbCndg$_$0,-mqbVkbCndg,Neutral,Negative,0.0,0.2530203305375995
A_current_audited,audio,20260924,1,-qDkUB0GgYY$_$6,-qDkUB0GgYY,Positive,Positive,1.3333333730697632,0.32972834342055723
A_current_audited,audio,20260924,1,-ri04Z7vwnc$_$0,-ri04Z7vwnc,Neutral,Negative,0.0,-0.18142960353606097
A_current_audited,audio,20260924,1,-ri04Z7vwnc$_$2,-ri04Z7vwnc,Negative,Negative,-0.3333333432674408,0.2226753373919919
A_current_audited,audio,20260924,1,-ri04Z7vwnc$_$5,-ri04Z7vwnc,Positive,Positive,0.3333333432674408,0.5554953431995375
A_current_audited,audio,20260924,1,-s9qJ7ATP7w$_$0,-s9qJ7ATP7w,Negative,Neutral,-0.3333333432674408,0.1256174862600718
A_current_audited,audio,20260924,1,-s9qJ7ATP7w$_$1,-s9qJ7ATP7w,Positive,Positive,0.6666666865348816,0.21572108060068484
A_current_audited,audio,20260924,1,-s9qJ7ATP7w$_$4,-s9qJ7ATP7w,Neutral,Neutral,0.0,0.23584221046914638
A_current_audited,audio,20260924,1,-s9qJ7ATP7w$_$5,-s9qJ7ATP7w,Negative,Positive,-2.0,0.32627669366372025
A_current_audited,audio,20260924,1,-s9qJ7ATP7w$_$6,-s9qJ7ATP7w,Neutral,Neutral,0.0,0.1377007162799944
A_current_audited,audio,20260924,1,-s9qJ7ATP7w$_$7,-s9qJ7ATP7w,Positive,Neutral,1.0,0.2654331372224816
A_current_audited,audio,20260924,1,-s9qJ7ATP7w$_$8,-s9qJ7ATP7w,Positive,Positive,1.3333333730697632,0.37520821395965265
A_current_audited,audio,20260924,3,-t217m2on-s$_$2,-t217m2on-s,Positive,Neutral,0.6666666865348816,0.2892355924845702
A_current_audited,audio,20260924,3,-t217m2on-s$_$7,-t217m2on-s,Negative,Neutral,-0.6666666865348816,0.4067256326269211
A_current_audited,audio,20260924,0,-tANM6ETl_M$_$3,-tANM6ETl_M,Positive,Negative,0.3333333432674408,0.2173312249890569
A_current_audited,audio,20260924,4,-tPCytz4rww$_$10,-tPCytz4rww,Neutral,Positive,0.0,0.29341974330118537
A_current_audited,audio,20260924,4,-tPCytz4rww$_$11,-tPCytz4rww,Neutral,Neutral,0.0,0.2884059371633814
A_current_audited,audio,20260924,4,-tPCytz4rww$_$12,-tPCytz4rww,Neutral,Neutral,0.0,0.17278368105766637
A_current_audited,audio,20260924,4,-tPCytz4rww$_$16,-tPCytz4rww,Neutral,Neutral,0.0,0.13358339815193784
A_current_audited,audio,20260924,4,-tPCytz4rww$_$18,-tPCytz4rww,Neutral,Neutral,0.0,0.2335586519659504
A_current_audited,audio,20260924,0,-uywlfIYOS8$_$4,-uywlfIYOS8,Positive,Positive,0.3333333432674408,0.36484178376448384
A_current_audited,audio,20260924,3,-vxjVxOeScU$_$4,-vxjVxOeScU,Positive,Positive,1.0,0.5498054632904841
A_current_audited,audio,20260924,1,-wMB_hJL-3o$_$7,-wMB_hJL-3o,Positive,Neutral,0.3333333432674408,0.4640481792002244
A_current_audited,audio,20260924,2,-wny0OAz3g8$_$0,-wny0OAz3g8,Positive,Positive,0.3333333432674408,0.41190718458607795
A_current_audited,audio,20260924,2,-wny0OAz3g8$_$1,-wny0OAz3g8,Positive,Positive,0.3333333432674408,0.5236243811380484
A_current_audited,audio,20260924,2,-wny0OAz3g8$_$2,-wny0OAz3g8,Negative,Positive,-0.3333333432674408,0.5165855192398949
A_current_audited,audio,20260924,2,-wny0OAz3g8$_$3,-wny0OAz3g8,Negative,Positive,-1.3333333730697632,0.46733471457700126
A_current_audited,audio,20260924,2,-wny0OAz3g8$_$5,-wny0OAz3g8,Positive,Positive,1.0,0.7240784361679661
A_current_audited,audio,20260924,2,-wny0OAz3g8$_$7,-wny0OAz3g8,Neutral,Positive,0.0,0.6332637648868531
A_current_audited,audio,20260924,2,-wny0OAz3g8$_$9,-wny0OAz3g8,Positive,Positive,0.6666666865348816,0.7069060357579009
A_current_audited,audio,20260924,4,-yRb-Jum7EQ$_$1,-yRb-Jum7EQ,Neutral,Negative,0.0,-0.08205768914042433
A_current_audited,audio,20260924,4,-yRb-Jum7EQ$_$5,-yRb-Jum7EQ,Negative,Positive,-0.6666666865348816,0.12076991835838685
A_current_audited,audio,20260924,4,-yRb-Jum7EQ$_$6,-yRb-Jum7EQ,Neutral,Negative,0.0,-0.1758130076244474
A_current_audited,audio,20260925,4,-3g5yACwYnA$_$13,-3g5yACwYnA,Positive,Neutral,0.6666666865348816,0.24245112553878068
A_current_audited,audio,20260925,4,-3g5yACwYnA$_$2,-3g5yACwYnA,Neutral,Neutral,0.0,0.16600096886095475
A_current_audited,audio,20260925,4,-3g5yACwYnA$_$3,-3g5yACwYnA,Neutral,Neutral,0.0,0.22166047142768125
A_current_audited,audio,20260925,4,-3g5yACwYnA$_$9,-3g5yACwYnA,Positive,Neutral,0.6666666865348816,-0.04986241563427446
A_current_audited,audio,20260925,0,-3nNcZdcdvU$_$5,-3nNcZdcdvU,Neutral,Positive,0.0,0.649187669220163
A_current_audited,audio,20260925,3,-571d8cVauQ$_$0,-571d8cVauQ,Neutral,Neutral,0.0,0.38825222211818344
A_current_audited,audio,20260925,3,-571d8cVauQ$_$5,-571d8cVauQ,Positive,Neutral,0.3333333432674408,0.26407777981046915
A_current_audited,audio,20260925,1,-6rXp3zJ3kc$_$8,-6rXp3zJ3kc,Negative,Negative,-1.0,0.11148407594959325
A_current_audited,audio,20260925,4,-9y-fZ3swSY$_$0,-9y-fZ3swSY,Positive,Positive,1.0,1.2587557411384722
A_current_audited,audio,20260925,4,-9y-fZ3swSY$_$4,-9y-fZ3swSY,Neutral,Positive,0.0,0.452965453954915
A_current_audited,audio,20260925,4,-9y-fZ3swSY$_$8,-9y-fZ3swSY,Positive,Positive,1.6666666269302368,0.21883307790066509
A_current_audited,audio,20260925,3,-AUZQgSxyPQ$_$2,-AUZQgSxyPQ,Positive,Positive,0.6666666865348816,0.5043407124212653
A_current_audited,audio,20260925,1,-HeZS2-Prhc$_$2,-HeZS2-Prhc,Positive,Positive,0.6666666865348816,0.6878318750958891
A_current_audited,audio,20260925,3,-HwX2H8Z4hY$_$2,-HwX2H8Z4hY,Neutral,Positive,0.0,0.13705376319872564
A_current_audited,audio,20260925,3,-HwX2H8Z4hY$_$5,-HwX2H8Z4hY,Negative,Positive,-1.0,0.3314921775474777
A_current_audited,audio,20260925,3,-HwX2H8Z4hY$_$6,-HwX2H8Z4hY,Neutral,Neutral,0.0,0.14383828067909538
A_current_audited,audio,20260925,3,-HwX2H8Z4hY$_$9,-HwX2H8Z4hY,Negative,Neutral,-0.3333333432674408,0.043980565408847094
A_current_audited,audio,20260925,4,-I_e4mIh0yE$_$1,-I_e4mIh0yE,Negative,Negative,-0.6666666865348816,0.008930164665134854
A_current_audited,audio,20260925,4,-I_e4mIh0yE$_$3,-I_e4mIh0yE,Positive,Negative,0.6666666865348816,0.12503283993895997
A_current_audited,audio,20260925,0,-MeTTeMJBNc$_$0,-MeTTeMJBNc,Positive,Negative,0.3333333432674408,0.35845959973352076
A_current_audited,audio,20260925,0,-MeTTeMJBNc$_$13,-MeTTeMJBNc,Positive,Positive,0.3333333432674408,0.6887022413588932
A_current_audited,audio,20260925,0,-MeTTeMJBNc$_$7,-MeTTeMJBNc,Positive,Negative,1.3333333730697632,0.32450835053959926
A_current_audited,audio,20260925,4,-NFrJFQijFE$_$1,-NFrJFQijFE,Positive,Neutral,0.3333333432674408,0.2243865173072731
A_current_audited,audio,20260925,4,-NFrJFQijFE$_$2,-NFrJFQijFE,Neutral,Positive,0.0,0.14307928893252814
A_current_audited,audio,20260925,2,-RfYyzHpjk4$_$11,-RfYyzHpjk4,Positive,Neutral,2.0,0.523937195604327
A_current_audited,audio,20260925,2,-RfYyzHpjk4$_$2,-RfYyzHpjk4,Positive,Positive,0.3333333432674408,0.40756355947322337
A_current_audited,audio,20260925,2,-RfYyzHpjk4$_$8,-RfYyzHpjk4,Positive,Positive,0.3333333432674408,0.6790645255508174
A_current_audited,audio,20260925,2,-THoVjtIkeU$_$12,-THoVjtIkeU,Positive,Neutral,2.0,0.1970492605130621
A_current_audited,audio,20260925,2,-THoVjtIkeU$_$2,-THoVjtIkeU,Positive,Positive,1.3333333730697632,0.6745872985547268
A_current_audited,audio,20260925,2,-THoVjtIkeU$_$6,-THoVjtIkeU,Positive,Positive,2.6666667461395264,0.1526119770126518
A_current_audited,audio,20260925,4,-UUCSKoHeMA$_$0,-UUCSKoHeMA,Neutral,Positive,0.0,0.8917817504362611
A_current_audited,audio,20260925,2,-UacrmKiTn4$_$10,-UacrmKiTn4,Negative,Positive,-0.6666666865348816,0.3381006749323064
A_current_audited,audio,20260925,2,-UacrmKiTn4$_$4,-UacrmKiTn4,Negative,Neutral,-1.3333333730697632,0.2756230791766643
A_current_audited,audio,20260925,0,-UuX1xuaiiE$_$0,-UuX1xuaiiE,Positive,Neutral,2.6666667461395264,0.12048981108643106
A_current_audited,audio,20260925,0,-UuX1xuaiiE$_$1,-UuX1xuaiiE,Positive,Neutral,1.6666666269302368,0.07053328738067449
A_current_audited,audio,20260925,0,-UuX1xuaiiE$_$3,-UuX1xuaiiE,Positive,Positive,0.3333333432674408,0.2940593213932675
A_current_audited,audio,20260925,0,-UuX1xuaiiE$_$6,-UuX1xuaiiE,Negative,Neutral,-0.3333333432674408,0.08335514532077035
A_current_audited,audio,20260925,1,-a55Q6RWvTA$_$3,-a55Q6RWvTA,Positive,Neutral,0.6666666865348816,0.2591723576392997
A_current_audited,audio,20260925,1,-aNfi7CP8vM$_$7,-aNfi7CP8vM,Neutral,Positive,0.0,0.6867929680710245
A_current_audited,audio,20260925,2,-aqamKhZ1Ec$_$0,-aqamKhZ1Ec,Negative,Negative,-2.0,0.3247895689329054
A_current_audited,audio,20260925,3,-dxfTGcXJoc$_$0,-dxfTGcXJoc,Positive,Positive,1.0,0.2870905442920868
A_current_audited,audio,20260925,3,-dxfTGcXJoc$_$1,-dxfTGcXJoc,Positive,Neutral,1.6666666269302368,0.3043097512962997
A_current_audited,audio,20260925,3,-dxfTGcXJoc$_$2,-dxfTGcXJoc,Positive,Positive,0.6666666865348816,0.4188525079447538
A_current_audited,audio,20260925,3,-dxfTGcXJoc$_$6,-dxfTGcXJoc,Positive,Positive,0.6666666865348816,0.4793234346554909
A_current_audited,audio,20260925,2,-egA8-b7-3M$_$1,-egA8-b7-3M,Positive,Positive,0.6666666865348816,0.5588736277707274
A_current_audited,audio,20260925,2,-egA8-b7-3M$_$13,-egA8-b7-3M,Positive,Positive,0.3333333432674408,0.44222487563635254
A_current_audited,audio,20260925,2,-egA8-b7-3M$_$16,-egA8-b7-3M,Positive,Positive,0.6666666865348816,0.3677563378885749
A_current_audited,audio,20260925,2,-egA8-b7-3M$_$17,-egA8-b7-3M,Positive,Positive,0.3333333432674408,0.38875745317501664
A_current_audited,audio,20260925,2,-egA8-b7-3M$_$18,-egA8-b7-3M,Positive,Positive,1.0,0.5429430734696153
A_current_audited,audio,20260925,2,-egA8-b7-3M$_$20,-egA8-b7-3M,Positive,Positive,0.3333333432674408,0.47710460595290033
A_current_audited,audio,20260925,2,-egA8-b7-3M$_$26,-egA8-b7-3M,Positive,Positive,1.6666666269302368,0.5242146018375201
A_current_audited,audio,20260925,2,-egA8-b7-3M$_$6,-egA8-b7-3M,Positive,Positive,0.6666666865348816,0.606776097455554
A_current_audited,audio,20260925,2,-egA8-b7-3M$_$9,-egA8-b7-3M,Positive,Neutral,0.3333333432674408,0.5215273267876714
A_current_audited,audio,20260925,0,-hnBHBN8p5A$_$6,-hnBHBN8p5A,Positive,Positive,1.0,0.6900053022763083
A_current_audited,audio,20260925,0,-hnBHBN8p5A$_$7,-hnBHBN8p5A,Positive,Positive,0.6666666865348816,0.30070976236726016
A_current_audited,audio,20260925,4,-iRBcNs9oI8$_$3,-iRBcNs9oI8,Positive,Positive,0.6666666865348816,0.9450761975410287
A_current_audited,audio,20260925,4,-iRBcNs9oI8$_$6,-iRBcNs9oI8,Positive,Positive,0.3333333432674408,0.6984067307723085
A_current_audited,audio,20260925,4,-iRBcNs9oI8$_$7,-iRBcNs9oI8,Positive,Positive,0.6666666865348816,1.7031810254521556
A_current_audited,audio,20260925,4,-iRBcNs9oI8$_$8,-iRBcNs9oI8,Positive,Negative,1.0,0.928438946393517
A_current_audited,audio,20260925,4,-iRBcNs9oI8$_$9,-iRBcNs9oI8,Positive,Positive,1.3333333730697632,0.6670305702721478
A_current_audited,audio,20260925,0,-lzEya4AM_4$_$5,-lzEya4AM_4,Negative,Positive,-0.6666666865348816,0.1570023688032971
A_current_audited,audio,20260925,0,-lzEya4AM_4$_$6,-lzEya4AM_4,Negative,Positive,-0.3333333432674408,0.0854770149733769
A_current_audited,audio,20260925,0,-mJ2ud6oKI8$_$1,-mJ2ud6oKI8,Neutral,Neutral,0.0,1.2231447779121392
A_current_audited,audio,20260925,0,-mJ2ud6oKI8$_$2,-mJ2ud6oKI8,Neutral,Neutral,0.0,1.2231447779121392
A_current_audited,audio,20260925,0,-mJ2ud6oKI8$_$6,-mJ2ud6oKI8,Positive,Positive,0.3333333432674408,-0.023165987092347573
A_current_audited,audio,20260925,0,-mJ2ud6oKI8$_$8,-mJ2ud6oKI8,Negative,Negative,-0.3333333432674408,-0.004791361523807547
A_current_audited,audio,20260925,0,-mJ2ud6oKI8$_$9,-mJ2ud6oKI8,Neutral,Negative,0.0,-0.06450983739704264
A_current_audited,audio,20260925,3,-mqbVkbCndg$_$0,-mqbVkbCndg,Neutral,Negative,0.0,0.2442728920571401
A_current_audited,audio,20260925,1,-qDkUB0GgYY$_$6,-qDkUB0GgYY,Positive,Positive,1.3333333730697632,0.4048321149674771
A_current_audited,audio,20260925,1,-ri04Z7vwnc$_$0,-ri04Z7vwnc,Neutral,Negative,0.0,0.040800539811496006
A_current_audited,audio,20260925,1,-ri04Z7vwnc$_$2,-ri04Z7vwnc,Negative,Negative,-0.3333333432674408,0.2121562088645663
A_current_audited,audio,20260925,1,-ri04Z7vwnc$_$5,-ri04Z7vwnc,Positive,Negative,0.3333333432674408,0.43247232183590567
A_current_audited,audio,20260925,4,-s9qJ7ATP7w$_$0,-s9qJ7ATP7w,Negative,Neutral,-0.3333333432674408,0.2097361867099417
A_current_audited,audio,20260925,4,-s9qJ7ATP7w$_$1,-s9qJ7ATP7w,Positive,Positive,0.6666666865348816,0.06339962773676866
A_current_audited,audio,20260925,4,-s9qJ7ATP7w$_$4,-s9qJ7ATP7w,Neutral,Negative,0.0,0.1070240583450186
A_current_audited,audio,20260925,4,-s9qJ7ATP7w$_$5,-s9qJ7ATP7w,Negative,Positive,-2.0,0.20537380505346736
A_current_audited,audio,20260925,4,-s9qJ7ATP7w$_$6,-s9qJ7ATP7w,Neutral,Positive,0.0,0.13541344250126322
A_current_audited,audio,20260925,4,-s9qJ7ATP7w$_$7,-s9qJ7ATP7w,Positive,Neutral,1.0,0.240621973821285
A_current_audited,audio,20260925,4,-s9qJ7ATP7w$_$8,-s9qJ7ATP7w,Positive,Positive,1.3333333730697632,0.24188533177227084
A_current_audited,audio,20260925,3,-t217m2on-s$_$2,-t217m2on-s,Positive,Neutral,0.6666666865348816,0.3299677488943601
A_current_audited,audio,20260925,3,-t217m2on-s$_$7,-t217m2on-s,Negative,Neutral,-0.6666666865348816,0.31127316380610476
A_current_audited,audio,20260925,4,-tANM6ETl_M$_$3,-tANM6ETl_M,Positive,Negative,0.3333333432674408,0.2990117838680004
A_current_audited,audio,20260925,3,-tPCytz4rww$_$10,-tPCytz4rww,Neutral,Positive,0.0,0.32432873514193244
A_current_audited,audio,20260925,3,-tPCytz4rww$_$11,-tPCytz4rww,Neutral,Neutral,0.0,0.2987543306786673
A_current_audited,audio,20260925,3,-tPCytz4rww$_$12,-tPCytz4rww,Neutral,Neutral,0.0,0.19857556519696865
A_current_audited,audio,20260925,3,-tPCytz4rww$_$16,-tPCytz4rww,Neutral,Neutral,0.0,0.14209028323284217
A_current_audited,audio,20260925,3,-tPCytz4rww$_$18,-tPCytz4rww,Neutral,Neutral,0.0,0.2815881140733553
A_current_audited,audio,20260925,1,-uywlfIYOS8$_$4,-uywlfIYOS8,Positive,Positive,0.3333333432674408,0.33629932374994936
A_current_audited,audio,20260925,2,-vxjVxOeScU$_$4,-vxjVxOeScU,Positive,Positive,1.0,0.510281279913241
A_current_audited,audio,20260925,2,-wMB_hJL-3o$_$7,-wMB_hJL-3o,Positive,Negative,0.3333333432674408,0.2076556006546496
A_current_audited,audio,20260925,4,-wny0OAz3g8$_$0,-wny0OAz3g8,Positive,Positive,0.3333333432674408,0.3943095152259891
A_current_audited,audio,20260925,4,-wny0OAz3g8$_$1,-wny0OAz3g8,Positive,Positive,0.3333333432674408,1.0290595331519128
A_current_audited,audio,20260925,4,-wny0OAz3g8$_$2,-wny0OAz3g8,Negative,Positive,-0.3333333432674408,0.6032624789033725
A_current_audited,audio,20260925,4,-wny0OAz3g8$_$3,-wny0OAz3g8,Negative,Positive,-1.3333333730697632,0.5296245915839091
A_current_audited,audio,20260925,4,-wny0OAz3g8$_$5,-wny0OAz3g8,Positive,Positive,1.0,0.7758175167034707
A_current_audited,audio,20260925,4,-wny0OAz3g8$_$7,-wny0OAz3g8,Neutral,Positive,0.0,0.7968202759631449
A_current_audited,audio,20260925,4,-wny0OAz3g8$_$9,-wny0OAz3g8,Positive,Positive,0.6666666865348816,0.7470703074720619
A_current_audited,audio,20260925,2,-yRb-Jum7EQ$_$1,-yRb-Jum7EQ,Neutral,Negative,0.0,0.0314810815328771
A_current_audited,audio,20260925,2,-yRb-Jum7EQ$_$5,-yRb-Jum7EQ,Negative,Negative,-0.6666666865348816,0.1487771355993951
A_current_audited,audio,20260925,2,-yRb-Jum7EQ$_$6,-yRb-Jum7EQ,Neutral,Negative,0.0,0.03357321304176358
A_current_audited,audio,20260926,1,-3g5yACwYnA$_$13,-3g5yACwYnA,Positive,Negative,0.6666666865348816,0.4444108045210796
A_current_audited,audio,20260926,1,-3g5yACwYnA$_$2,-3g5yACwYnA,Neutral,Negative,0.0,0.41519356581158723
A_current_audited,audio,20260926,1,-3g5yACwYnA$_$3,-3g5yACwYnA,Neutral,Negative,0.0,0.44492056261794105
A_current_audited,audio,20260926,1,-3g5yACwYnA$_$9,-3g5yACwYnA,Positive,Negative,0.6666666865348816,0.10945538951615408
A_current_audited,audio,20260926,3,-3nNcZdcdvU$_$5,-3nNcZdcdvU,Neutral,Positive,0.0,0.6144790550357143
A_current_audited,audio,20260926,3,-571d8cVauQ$_$0,-571d8cVauQ,Neutral,Positive,0.0,0.40013831774722847
A_current_audited,audio,20260926,3,-571d8cVauQ$_$5,-571d8cVauQ,Positive,Positive,0.3333333432674408,0.2789998544342036
A_current_audited,audio,20260926,4,-6rXp3zJ3kc$_$8,-6rXp3zJ3kc,Negative,Neutral,-1.0,0.08151482297001206
A_current_audited,audio,20260926,0,-9y-fZ3swSY$_$0,-9y-fZ3swSY,Positive,Positive,1.0,0.6956328253422709
A_current_audited,audio,20260926,0,-9y-fZ3swSY$_$4,-9y-fZ3swSY,Neutral,Positive,0.0,0.3578330283111082
A_current_audited,audio,20260926,0,-9y-fZ3swSY$_$8,-9y-fZ3swSY,Positive,Positive,1.6666666269302368,0.29012315962093194
A_current_audited,audio,20260926,0,-AUZQgSxyPQ$_$2,-AUZQgSxyPQ,Positive,Positive,0.6666666865348816,0.4373800376412672
A_current_audited,audio,20260926,4,-HeZS2-Prhc$_$2,-HeZS2-Prhc,Positive,Positive,0.6666666865348816,0.7168763732300529
A_current_audited,audio,20260926,0,-HwX2H8Z4hY$_$2,-HwX2H8Z4hY,Neutral,Neutral,0.0,0.15359474976581888
A_current_audited,audio,20260926,0,-HwX2H8Z4hY$_$5,-HwX2H8Z4hY,Negative,Neutral,-1.0,0.27871039458366076
A_current_audited,audio,20260926,0,-HwX2H8Z4hY$_$6,-HwX2H8Z4hY,Neutral,Neutral,0.0,0.10249202212623779
A_current_audited,audio,20260926,0,-HwX2H8Z4hY$_$9,-HwX2H8Z4hY,Negative,Negative,-0.3333333432674408,0.07540186745607466
A_current_audited,audio,20260926,1,-I_e4mIh0yE$_$1,-I_e4mIh0yE,Negative,Negative,-0.6666666865348816,0.15223035884656344
A_current_audited,audio,20260926,1,-I_e4mIh0yE$_$3,-I_e4mIh0yE,Positive,Neutral,0.6666666865348816,0.3262040619620822
A_current_audited,audio,20260926,4,-MeTTeMJBNc$_$0,-MeTTeMJBNc,Positive,Positive,0.3333333432674408,0.5105876709862228
A_current_audited,audio,20260926,4,-MeTTeMJBNc$_$13,-MeTTeMJBNc,Positive,Positive,0.3333333432674408,0.7956202849051656
A_current_audited,audio,20260926,4,-MeTTeMJBNc$_$7,-MeTTeMJBNc,Positive,Negative,1.3333333730697632,0.4891774044471512
A_current_audited,audio,20260926,2,-NFrJFQijFE$_$1,-NFrJFQijFE,Positive,Neutral,0.3333333432674408,0.2723518686922675
A_current_audited,audio,20260926,2,-NFrJFQijFE$_$2,-NFrJFQijFE,Neutral,Neutral,0.0,0.23271217489101015
A_current_audited,audio,20260926,2,-RfYyzHpjk4$_$11,-RfYyzHpjk4,Positive,Neutral,2.0,0.47582238942095634
A_current_audited,audio,20260926,2,-RfYyzHpjk4$_$2,-RfYyzHpjk4,Positive,Positive,0.3333333432674408,0.20457550174829292
A_current_audited,audio,20260926,2,-RfYyzHpjk4$_$8,-RfYyzHpjk4,Positive,Positive,0.3333333432674408,0.7195808413342943
A_current_audited,audio,20260926,3,-THoVjtIkeU$_$12,-THoVjtIkeU,Positive,Neutral,2.0,0.11816723546798458
A_current_audited,audio,20260926,3,-THoVjtIkeU$_$2,-THoVjtIkeU,Positive,Positive,1.3333333730697632,0.38463225906341275
A_current_audited,audio,20260926,3,-THoVjtIkeU$_$6,-THoVjtIkeU,Positive,Neutral,2.6666667461395264,0.11165925453192604
A_current_audited,audio,20260926,2,-UUCSKoHeMA$_$0,-UUCSKoHeMA,Neutral,Positive,0.0,0.801942125449215
A_current_audited,audio,20260926,4,-UacrmKiTn4$_$10,-UacrmKiTn4,Negative,Positive,-0.6666666865348816,0.4105354306304891
A_current_audited,audio,20260926,4,-UacrmKiTn4$_$4,-UacrmKiTn4,Negative,Negative,-1.3333333730697632,0.33193735375122074
A_current_audited,audio,20260926,4,-UuX1xuaiiE$_$0,-UuX1xuaiiE,Positive,Neutral,2.6666667461395264,0.2468515657816126
A_current_audited,audio,20260926,4,-UuX1xuaiiE$_$1,-UuX1xuaiiE,Positive,Negative,1.6666666269302368,0.15948315178969416
A_current_audited,audio,20260926,4,-UuX1xuaiiE$_$3,-UuX1xuaiiE,Positive,Positive,0.3333333432674408,0.31871388965444886
A_current_audited,audio,20260926,4,-UuX1xuaiiE$_$6,-UuX1xuaiiE,Negative,Neutral,-0.3333333432674408,0.18209902599629607
A_current_audited,audio,20260926,0,-a55Q6RWvTA$_$3,-a55Q6RWvTA,Positive,Neutral,0.6666666865348816,0.1873328034831065
A_current_audited,audio,20260926,4,-aNfi7CP8vM$_$7,-aNfi7CP8vM,Neutral,Positive,0.0,0.5794296125937519
A_current_audited,audio,20260926,1,-aqamKhZ1Ec$_$0,-aqamKhZ1Ec,Negative,Negative,-2.0,0.45182490582546087
A_current_audited,audio,20260926,0,-dxfTGcXJoc$_$0,-dxfTGcXJoc,Positive,Neutral,1.0,0.2670537467048874
A_current_audited,audio,20260926,0,-dxfTGcXJoc$_$1,-dxfTGcXJoc,Positive,Neutral,1.6666666269302368,0.26616202662960015
A_current_audited,audio,20260926,0,-dxfTGcXJoc$_$2,-dxfTGcXJoc,Positive,Neutral,0.6666666865348816,0.3268145033769436
A_current_audited,audio,20260926,0,-dxfTGcXJoc$_$6,-dxfTGcXJoc,Positive,Neutral,0.6666666865348816,0.455622580427091
A_current_audited,audio,20260926,0,-egA8-b7-3M$_$1,-egA8-b7-3M,Positive,Positive,0.6666666865348816,0.4750897026954831
A_current_audited,audio,20260926,0,-egA8-b7-3M$_$13,-egA8-b7-3M,Positive,Positive,0.3333333432674408,0.36352172403745464
A_current_audited,audio,20260926,0,-egA8-b7-3M$_$16,-egA8-b7-3M,Positive,Positive,0.6666666865348816,0.3805613232057128
A_current_audited,audio,20260926,0,-egA8-b7-3M$_$17,-egA8-b7-3M,Positive,Positive,0.3333333432674408,0.2816152565120585
A_current_audited,audio,20260926,0,-egA8-b7-3M$_$18,-egA8-b7-3M,Positive,Positive,1.0,0.4262370643104455
A_current_audited,audio,20260926,0,-egA8-b7-3M$_$20,-egA8-b7-3M,Positive,Positive,0.3333333432674408,0.35130253487492835
A_current_audited,audio,20260926,0,-egA8-b7-3M$_$26,-egA8-b7-3M,Positive,Positive,1.6666666269302368,0.4282054189826173
A_current_audited,audio,20260926,0,-egA8-b7-3M$_$6,-egA8-b7-3M,Positive,Positive,0.6666666865348816,0.47131173952327204
A_current_audited,audio,20260926,0,-egA8-b7-3M$_$9,-egA8-b7-3M,Positive,Positive,0.3333333432674408,0.651661358727551
A_current_audited,audio,20260926,1,-hnBHBN8p5A$_$6,-hnBHBN8p5A,Positive,Positive,1.0,0.8750514858690273
A_current_audited,audio,20260926,1,-hnBHBN8p5A$_$7,-hnBHBN8p5A,Positive,Positive,0.6666666865348816,0.5995335584814511
A_current_audited,audio,20260926,2,-iRBcNs9oI8$_$3,-iRBcNs9oI8,Positive,Positive,0.6666666865348816,0.7233933390760388
A_current_audited,audio,20260926,2,-iRBcNs9oI8$_$6,-iRBcNs9oI8,Positive,Positive,0.3333333432674408,0.5326548616708224
A_current_audited,audio,20260926,2,-iRBcNs9oI8$_$7,-iRBcNs9oI8,Positive,Positive,0.6666666865348816,1.2535972185320197
A_current_audited,audio,20260926,2,-iRBcNs9oI8$_$8,-iRBcNs9oI8,Positive,Negative,1.0,0.6426172345430577
A_current_audited,audio,20260926,2,-iRBcNs9oI8$_$9,-iRBcNs9oI8,Positive,Positive,1.3333333730697632,0.4555485004286071
A_current_audited,audio,20260926,0,-lzEya4AM_4$_$5,-lzEya4AM_4,Negative,Positive,-0.6666666865348816,0.1449953661846035
A_current_audited,audio,20260926,0,-lzEya4AM_4$_$6,-lzEya4AM_4,Negative,Positive,-0.3333333432674408,0.1836539168909443
A_current_audited,audio,20260926,4,-mJ2ud6oKI8$_$1,-mJ2ud6oKI8,Neutral,Positive,0.0,-1.2006327805159955
A_current_audited,audio,20260926,4,-mJ2ud6oKI8$_$2,-mJ2ud6oKI8,Neutral,Positive,0.0,-1.2006327805159955
A_current_audited,audio,20260926,4,-mJ2ud6oKI8$_$6,-mJ2ud6oKI8,Positive,Negative,0.3333333432674408,-0.047822427953093716
A_current_audited,audio,20260926,4,-mJ2ud6oKI8$_$8,-mJ2ud6oKI8,Negative,Negative,-0.3333333432674408,0.143104096182137
A_current_audited,audio,20260926,4,-mJ2ud6oKI8$_$9,-mJ2ud6oKI8,Neutral,Negative,0.0,0.054122675992146596
A_current_audited,audio,20260926,1,-mqbVkbCndg$_$0,-mqbVkbCndg,Neutral,Negative,0.0,0.3546819944103626
A_current_audited,audio,20260926,2,-qDkUB0GgYY$_$6,-qDkUB0GgYY,Positive,Positive,1.3333333730697632,0.3841392415760693
A_current_audited,audio,20260926,1,-ri04Z7vwnc$_$0,-ri04Z7vwnc,Neutral,Negative,0.0,-0.11159331338261752
A_current_audited,audio,20260926,1,-ri04Z7vwnc$_$2,-ri04Z7vwnc,Negative,Negative,-0.3333333432674408,-0.054222887400216746
A_current_audited,audio,20260926,1,-ri04Z7vwnc$_$5,-ri04Z7vwnc,Positive,Negative,0.3333333432674408,0.29533196695339736
A_current_audited,audio,20260926,0,-s9qJ7ATP7w$_$0,-s9qJ7ATP7w,Negative,Negative,-0.3333333432674408,0.04590562251626634
A_current_audited,audio,20260926,0,-s9qJ7ATP7w$_$1,-s9qJ7ATP7w,Positive,Negative,0.6666666865348816,0.07186320398231075
A_current_audited,audio,20260926,0,-s9qJ7ATP7w$_$4,-s9qJ7ATP7w,Neutral,Neutral,0.0,0.0808123334674361
A_current_audited,audio,20260926,0,-s9qJ7ATP7w$_$5,-s9qJ7ATP7w,Negative,Negative,-2.0,0.11571543483402794
A_current_audited,audio,20260926,0,-s9qJ7ATP7w$_$6,-s9qJ7ATP7w,Neutral,Neutral,0.0,0.04479855115379522
A_current_audited,audio,20260926,0,-s9qJ7ATP7w$_$7,-s9qJ7ATP7w,Positive,Negative,1.0,0.24487880912133161
A_current_audited,audio,20260926,0,-s9qJ7ATP7w$_$8,-s9qJ7ATP7w,Positive,Negative,1.3333333730697632,0.1529046636106145
A_current_audited,audio,20260926,4,-t217m2on-s$_$2,-t217m2on-s,Positive,Positive,0.6666666865348816,0.48263609997659745
A_current_audited,audio,20260926,4,-t217m2on-s$_$7,-t217m2on-s,Negative,Positive,-0.6666666865348816,0.43737152402503493
A_current_audited,audio,20260926,1,-tANM6ETl_M$_$3,-tANM6ETl_M,Positive,Negative,0.3333333432674408,0.1848404435096679
A_current_audited,audio,20260926,1,-tPCytz4rww$_$10,-tPCytz4rww,Neutral,Negative,0.0,0.4188945672391912
A_current_audited,audio,20260926,1,-tPCytz4rww$_$11,-tPCytz4rww,Neutral,Negative,0.0,0.2939057107749722
A_current_audited,audio,20260926,1,-tPCytz4rww$_$12,-tPCytz4rww,Neutral,Neutral,0.0,0.3021424843742827
A_current_audited,audio,20260926,1,-tPCytz4rww$_$16,-tPCytz4rww,Neutral,Negative,0.0,0.21659242988058017
A_current_audited,audio,20260926,1,-tPCytz4rww$_$18,-tPCytz4rww,Neutral,Neutral,0.0,0.414150285168608
A_current_audited,audio,20260926,0,-uywlfIYOS8$_$4,-uywlfIYOS8,Positive,Positive,0.3333333432674408,0.2304572596220861
A_current_audited,audio,20260926,0,-vxjVxOeScU$_$4,-vxjVxOeScU,Positive,Positive,1.0,0.42968743425613964
A_current_audited,audio,20260926,4,-wMB_hJL-3o$_$7,-wMB_hJL-3o,Positive,Positive,0.3333333432674408,0.385442661004074
A_current_audited,audio,20260926,3,-wny0OAz3g8$_$0,-wny0OAz3g8,Positive,Positive,0.3333333432674408,0.41330264918610504
A_current_audited,audio,20260926,3,-wny0OAz3g8$_$1,-wny0OAz3g8,Positive,Positive,0.3333333432674408,0.6441236883933399
A_current_audited,audio,20260926,3,-wny0OAz3g8$_$2,-wny0OAz3g8,Negative,Positive,-0.3333333432674408,0.47433404840852794
A_current_audited,audio,20260926,3,-wny0OAz3g8$_$3,-wny0OAz3g8,Negative,Positive,-1.3333333730697632,0.31061472759457975
A_current_audited,audio,20260926,3,-wny0OAz3g8$_$5,-wny0OAz3g8,Positive,Positive,1.0,0.4510905656010799
A_current_audited,audio,20260926,3,-wny0OAz3g8$_$7,-wny0OAz3g8,Neutral,Positive,0.0,0.5944027711871591
A_current_audited,audio,20260926,3,-wny0OAz3g8$_$9,-wny0OAz3g8,Positive,Positive,0.6666666865348816,0.48527133457982435
A_current_audited,audio,20260926,4,-yRb-Jum7EQ$_$1,-yRb-Jum7EQ,Neutral,Positive,0.0,0.15466530775545165
A_current_audited,audio,20260926,4,-yRb-Jum7EQ$_$5,-yRb-Jum7EQ,Negative,Positive,-0.6666666865348816,0.24988923060376658
A_current_audited,audio,20260926,4,-yRb-Jum7EQ$_$6,-yRb-Jum7EQ,Neutral,Negative,0.0,0.05350319577490681
A_current_audited,audio,20260927,0,-3g5yACwYnA$_$13,-3g5yACwYnA,Positive,Negative,0.6666666865348816,0.11437293695781431
A_current_audited,audio,20260927,0,-3g5yACwYnA$_$2,-3g5yACwYnA,Neutral,Negative,0.0,0.19292273497019266
A_current_audited,audio,20260927,0,-3g5yACwYnA$_$3,-3g5yACwYnA,Neutral,Neutral,0.0,0.2014108304966135
A_current_audited,audio,20260927,0,-3g5yACwYnA$_$9,-3g5yACwYnA,Positive,Negative,0.6666666865348816,-0.06873971023908759
A_current_audited,audio,20260927,1,-3nNcZdcdvU$_$5,-3nNcZdcdvU,Neutral,Positive,0.0,0.6068797980421496
A_current_audited,audio,20260927,0,-571d8cVauQ$_$0,-571d8cVauQ,Neutral,Positive,0.0,0.2915256041149386
A_current_audited,audio,20260927,0,-571d8cVauQ$_$5,-571d8cVauQ,Positive,Positive,0.3333333432674408,0.19529707240671182
A_current_audited,audio,20260927,4,-6rXp3zJ3kc$_$8,-6rXp3zJ3kc,Negative,Neutral,-1.0,0.11023338070922972
A_current_audited,audio,20260927,1,-9y-fZ3swSY$_$0,-9y-fZ3swSY,Positive,Positive,1.0,0.7836825781552311
A_current_audited,audio,20260927,1,-9y-fZ3swSY$_$4,-9y-fZ3swSY,Neutral,Neutral,0.0,0.5873313381456644
A_current_audited,audio,20260927,1,-9y-fZ3swSY$_$8,-9y-fZ3swSY,Positive,Positive,1.6666666269302368,0.3542521975567189
A_current_audited,audio,20260927,3,-AUZQgSxyPQ$_$2,-AUZQgSxyPQ,Positive,Positive,0.6666666865348816,0.48484803978955693
A_current_audited,audio,20260927,4,-HeZS2-Prhc$_$2,-HeZS2-Prhc,Positive,Positive,0.6666666865348816,0.6037173190301115
A_current_audited,audio,20260927,0,-HwX2H8Z4hY$_$2,-HwX2H8Z4hY,Neutral,Positive,0.0,0.12196039070588632
A_current_audited,audio,20260927,0,-HwX2H8Z4hY$_$5,-HwX2H8Z4hY,Negative,Positive,-1.0,0.25739342607870336
A_current_audited,audio,20260927,0,-HwX2H8Z4hY$_$6,-HwX2H8Z4hY,Neutral,Positive,0.0,0.11054281628524026
A_current_audited,audio,20260927,0,-HwX2H8Z4hY$_$9,-HwX2H8Z4hY,Negative,Negative,-0.3333333432674408,0.10151317064949578
A_current_audited,audio,20260927,4,-I_e4mIh0yE$_$1,-I_e4mIh0yE,Negative,Negative,-0.6666666865348816,0.041141025392401775
A_current_audited,audio,20260927,4,-I_e4mIh0yE$_$3,-I_e4mIh0yE,Positive,Negative,0.6666666865348816,0.010683491009189305
A_current_audited,audio,20260927,3,-MeTTeMJBNc$_$0,-MeTTeMJBNc,Positive,Negative,0.3333333432674408,0.2701001719922656
A_current_audited,audio,20260927,3,-MeTTeMJBNc$_$13,-MeTTeMJBNc,Positive,Positive,0.3333333432674408,0.5946285991038545
A_current_audited,audio,20260927,3,-MeTTeMJBNc$_$7,-MeTTeMJBNc,Positive,Negative,1.3333333730697632,0.41919699053646564
A_current_audited,audio,20260927,4,-NFrJFQijFE$_$1,-NFrJFQijFE,Positive,Neutral,0.3333333432674408,0.4568508604916644
A_current_audited,audio,20260927,4,-NFrJFQijFE$_$2,-NFrJFQijFE,Neutral,Neutral,0.0,-0.0031572600381586935
A_current_audited,audio,20260927,3,-RfYyzHpjk4$_$11,-RfYyzHpjk4,Positive,Neutral,2.0,0.4148781223144308
A_current_audited,audio,20260927,3,-RfYyzHpjk4$_$2,-RfYyzHpjk4,Positive,Negative,0.3333333432674408,0.11321704880983813
A_current_audited,audio,20260927,3,-RfYyzHpjk4$_$8,-RfYyzHpjk4,Positive,Positive,0.3333333432674408,0.48433358942200144
A_current_audited,audio,20260927,4,-THoVjtIkeU$_$12,-THoVjtIkeU,Positive,Neutral,2.0,0.10112903022753286
A_current_audited,audio,20260927,4,-THoVjtIkeU$_$2,-THoVjtIkeU,Positive,Positive,1.3333333730697632,0.4485209909570098
A_current_audited,audio,20260927,4,-THoVjtIkeU$_$6,-THoVjtIkeU,Positive,Negative,2.6666667461395264,0.05829711100069751
A_current_audited,audio,20260927,3,-UUCSKoHeMA$_$0,-UUCSKoHeMA,Neutral,Positive,0.0,0.6947795367933698
A_current_audited,audio,20260927,4,-UacrmKiTn4$_$10,-UacrmKiTn4,Negative,Positive,-0.6666666865348816,0.41692883182665985
A_current_audited,audio,20260927,4,-UacrmKiTn4$_$4,-UacrmKiTn4,Negative,Neutral,-1.3333333730697632,0.290620709174228
A_current_audited,audio,20260927,1,-UuX1xuaiiE$_$0,-UuX1xuaiiE,Positive,Neutral,2.6666667461395264,0.19248536328213178
A_current_audited,audio,20260927,1,-UuX1xuaiiE$_$1,-UuX1xuaiiE,Positive,Neutral,1.6666666269302368,0.08997610865696384
A_current_audited,audio,20260927,1,-UuX1xuaiiE$_$3,-UuX1xuaiiE,Positive,Positive,0.3333333432674408,0.1400149117032165
A_current_audited,audio,20260927,1,-UuX1xuaiiE$_$6,-UuX1xuaiiE,Negative,Neutral,-0.3333333432674408,0.07263041366487089
A_current_audited,audio,20260927,1,-a55Q6RWvTA$_$3,-a55Q6RWvTA,Positive,Neutral,0.6666666865348816,0.17723140644919347
A_current_audited,audio,20260927,2,-aNfi7CP8vM$_$7,-aNfi7CP8vM,Neutral,Positive,0.0,0.6518100170295864
A_current_audited,audio,20260927,1,-aqamKhZ1Ec$_$0,-aqamKhZ1Ec,Negative,Negative,-2.0,0.35322437263046125
A_current_audited,audio,20260927,4,-dxfTGcXJoc$_$0,-dxfTGcXJoc,Positive,Positive,1.0,0.1928138268987937
A_current_audited,audio,20260927,4,-dxfTGcXJoc$_$1,-dxfTGcXJoc,Positive,Neutral,1.6666666269302368,0.3314469639194838
A_current_audited,audio,20260927,4,-dxfTGcXJoc$_$2,-dxfTGcXJoc,Positive,Positive,0.6666666865348816,0.23980646344226078
A_current_audited,audio,20260927,4,-dxfTGcXJoc$_$6,-dxfTGcXJoc,Positive,Positive,0.6666666865348816,0.3598174291372298
A_current_audited,audio,20260927,1,-egA8-b7-3M$_$1,-egA8-b7-3M,Positive,Positive,0.6666666865348816,0.8740461172419445
A_current_audited,audio,20260927,1,-egA8-b7-3M$_$13,-egA8-b7-3M,Positive,Positive,0.3333333432674408,0.46471880876635363
A_current_audited,audio,20260927,1,-egA8-b7-3M$_$16,-egA8-b7-3M,Positive,Positive,0.6666666865348816,0.651892731512816
A_current_audited,audio,20260927,1,-egA8-b7-3M$_$17,-egA8-b7-3M,Positive,Positive,0.3333333432674408,0.4933676627671483
A_current_audited,audio,20260927,1,-egA8-b7-3M$_$18,-egA8-b7-3M,Positive,Positive,1.0,0.6804674985176582
A_current_audited,audio,20260927,1,-egA8-b7-3M$_$20,-egA8-b7-3M,Positive,Positive,0.3333333432674408,0.49688808001837464
A_current_audited,audio,20260927,1,-egA8-b7-3M$_$26,-egA8-b7-3M,Positive,Positive,1.6666666269302368,0.5689778820257083
A_current_audited,audio,20260927,1,-egA8-b7-3M$_$6,-egA8-b7-3M,Positive,Positive,0.6666666865348816,0.5213464989333917
A_current_audited,audio,20260927,1,-egA8-b7-3M$_$9,-egA8-b7-3M,Positive,Positive,0.3333333432674408,0.7534086683594579
A_current_audited,audio,20260927,0,-hnBHBN8p5A$_$6,-hnBHBN8p5A,Positive,Positive,1.0,0.8249018891670338
A_current_audited,audio,20260927,0,-hnBHBN8p5A$_$7,-hnBHBN8p5A,Positive,Positive,0.6666666865348816,0.4564925762852037
A_current_audited,audio,20260927,3,-iRBcNs9oI8$_$3,-iRBcNs9oI8,Positive,Positive,0.6666666865348816,0.7704658384804012
A_current_audited,audio,20260927,3,-iRBcNs9oI8$_$6,-iRBcNs9oI8,Positive,Positive,0.3333333432674408,0.7142273517407474
A_current_audited,audio,20260927,3,-iRBcNs9oI8$_$7,-iRBcNs9oI8,Positive,Positive,0.6666666865348816,1.1491106954724941
A_current_audited,audio,20260927,3,-iRBcNs9oI8$_$8,-iRBcNs9oI8,Positive,Negative,1.0,0.5002579648366351
A_current_audited,audio,20260927,3,-iRBcNs9oI8$_$9,-iRBcNs9oI8,Positive,Positive,1.3333333730697632,0.5732066391958306
A_current_audited,audio,20260927,1,-lzEya4AM_4$_$5,-lzEya4AM_4,Negative,Positive,-0.6666666865348816,0.23515461704075163
A_current_audited,audio,20260927,1,-lzEya4AM_4$_$6,-lzEya4AM_4,Negative,Positive,-0.3333333432674408,0.17337880618613927
A_current_audited,audio,20260927,3,-mJ2ud6oKI8$_$1,-mJ2ud6oKI8,Neutral,Neutral,0.0,-2.9210594497574056
A_current_audited,audio,20260927,3,-mJ2ud6oKI8$_$2,-mJ2ud6oKI8,Neutral,Neutral,0.0,-2.9210594497574056
A_current_audited,audio,20260927,3,-mJ2ud6oKI8$_$6,-mJ2ud6oKI8,Positive,Positive,0.3333333432674408,-0.029490114095899134
A_current_audited,audio,20260927,3,-mJ2ud6oKI8$_$8,-mJ2ud6oKI8,Negative,Negative,-0.3333333432674408,0.08403883045675403
A_current_audited,audio,20260927,3,-mJ2ud6oKI8$_$9,-mJ2ud6oKI8,Neutral,Negative,0.0,0.04289247102446725
A_current_audited,audio,20260927,2,-mqbVkbCndg$_$0,-mqbVkbCndg,Neutral,Neutral,0.0,0.21754634741931558
A_current_audited,audio,20260927,0,-qDkUB0GgYY$_$6,-qDkUB0GgYY,Positive,Positive,1.3333333730697632,0.4509126308656068
A_current_audited,audio,20260927,2,-ri04Z7vwnc$_$0,-ri04Z7vwnc,Neutral,Negative,0.0,0.026670627291855986
A_current_audited,audio,20260927,2,-ri04Z7vwnc$_$2,-ri04Z7vwnc,Negative,Negative,-0.3333333432674408,0.14247245166682102
A_current_audited,audio,20260927,2,-ri04Z7vwnc$_$5,-ri04Z7vwnc,Positive,Negative,0.3333333432674408,0.42082104892492705
A_current_audited,audio,20260927,4,-s9qJ7ATP7w$_$0,-s9qJ7ATP7w,Negative,Negative,-0.3333333432674408,0.016800287241144962
A_current_audited,audio,20260927,4,-s9qJ7ATP7w$_$1,-s9qJ7ATP7w,Positive,Negative,0.6666666865348816,0.12902529036927798
A_current_audited,audio,20260927,4,-s9qJ7ATP7w$_$4,-s9qJ7ATP7w,Neutral,Negative,0.0,0.1649024734070792
A_current_audited,audio,20260927,4,-s9qJ7ATP7w$_$5,-s9qJ7ATP7w,Negative,Negative,-2.0,0.20231905213013818
A_current_audited,audio,20260927,4,-s9qJ7ATP7w$_$6,-s9qJ7ATP7w,Neutral,Neutral,0.0,0.10491716187925668
A_current_audited,audio,20260927,4,-s9qJ7ATP7w$_$7,-s9qJ7ATP7w,Positive,Neutral,1.0,0.17932801982609348
A_current_audited,audio,20260927,4,-s9qJ7ATP7w$_$8,-s9qJ7ATP7w,Positive,Neutral,1.3333333730697632,0.35039302207915807
A_current_audited,audio,20260927,4,-t217m2on-s$_$2,-t217m2on-s,Positive,Neutral,0.6666666865348816,0.2783861752393612
A_current_audited,audio,20260927,4,-t217m2on-s$_$7,-t217m2on-s,Negative,Neutral,-0.6666666865348816,0.19420675116592667
A_current_audited,audio,20260927,2,-tANM6ETl_M$_$3,-tANM6ETl_M,Positive,Negative,0.3333333432674408,0.2508295784482838
A_current_audited,audio,20260927,3,-tPCytz4rww$_$10,-tPCytz4rww,Neutral,Positive,0.0,0.3724303534946848
A_current_audited,audio,20260927,3,-tPCytz4rww$_$11,-tPCytz4rww,Neutral,Neutral,0.0,0.23649423889617568
A_current_audited,audio,20260927,3,-tPCytz4rww$_$12,-tPCytz4rww,Neutral,Neutral,0.0,0.23802563989779668
A_current_audited,audio,20260927,3,-tPCytz4rww$_$16,-tPCytz4rww,Neutral,Neutral,0.0,0.19663771811086292
A_current_audited,audio,20260927,3,-tPCytz4rww$_$18,-tPCytz4rww,Neutral,Neutral,0.0,0.3960655358771701
A_current_audited,audio,20260927,2,-uywlfIYOS8$_$4,-uywlfIYOS8,Positive,Positive,0.3333333432674408,0.33530415682212955
A_current_audited,audio,20260927,1,-vxjVxOeScU$_$4,-vxjVxOeScU,Positive,Positive,1.0,0.5315478813695558
A_current_audited,audio,20260927,3,-wMB_hJL-3o$_$7,-wMB_hJL-3o,Positive,Neutral,0.3333333432674408,0.11803934121762916
A_current_audited,audio,20260927,0,-wny0OAz3g8$_$0,-wny0OAz3g8,Positive,Positive,0.3333333432674408,0.40059691175452744
A_current_audited,audio,20260927,0,-wny0OAz3g8$_$1,-wny0OAz3g8,Positive,Positive,0.3333333432674408,0.7045647922485017
A_current_audited,audio,20260927,0,-wny0OAz3g8$_$2,-wny0OAz3g8,Negative,Positive,-0.3333333432674408,0.5807349049122075
A_current_audited,audio,20260927,0,-wny0OAz3g8$_$3,-wny0OAz3g8,Negative,Positive,-1.3333333730697632,0.4579288230867853
A_current_audited,audio,20260927,0,-wny0OAz3g8$_$5,-wny0OAz3g8,Positive,Positive,1.0,0.7589139223007852
A_current_audited,audio,20260927,0,-wny0OAz3g8$_$7,-wny0OAz3g8,Neutral,Positive,0.0,0.7353577151814428
A_current_audited,audio,20260927,0,-wny0OAz3g8$_$9,-wny0OAz3g8,Positive,Positive,0.6666666865348816,0.6198296956187443
A_current_audited,audio,20260927,2,-yRb-Jum7EQ$_$1,-yRb-Jum7EQ,Neutral,Negative,0.0,-0.03617919337043907
A_current_audited,audio,20260927,2,-yRb-Jum7EQ$_$5,-yRb-Jum7EQ,Negative,Negative,-0.6666666865348816,0.12968251736816264
A_current_audited,audio,20260927,2,-yRb-Jum7EQ$_$6,-yRb-Jum7EQ,Neutral,Negative,0.0,-0.12378876305385067
A_current_audited,audio,20260928,0,-3g5yACwYnA$_$13,-3g5yACwYnA,Positive,Neutral,0.6666666865348816,-0.06678430056427068
A_current_audited,audio,20260928,0,-3g5yACwYnA$_$2,-3g5yACwYnA,Neutral,Neutral,0.0,0.06656577639274094
A_current_audited,audio,20260928,0,-3g5yACwYnA$_$3,-3g5yACwYnA,Neutral,Neutral,0.0,-0.005053315046480378
A_current_audited,audio,20260928,0,-3g5yACwYnA$_$9,-3g5yACwYnA,Positive,Negative,0.6666666865348816,-0.33127328203041406
A_current_audited,audio,20260928,0,-3nNcZdcdvU$_$5,-3nNcZdcdvU,Neutral,Positive,0.0,0.42485272833046006
A_current_audited,audio,20260928,4,-571d8cVauQ$_$0,-571d8cVauQ,Neutral,Positive,0.0,0.3596264331023881
A_current_audited,audio,20260928,4,-571d8cVauQ$_$5,-571d8cVauQ,Positive,Positive,0.3333333432674408,0.23226224311902197
A_current_audited,audio,20260928,2,-6rXp3zJ3kc$_$8,-6rXp3zJ3kc,Negative,Negative,-1.0,0.189534376011252
A_current_audited,audio,20260928,1,-9y-fZ3swSY$_$0,-9y-fZ3swSY,Positive,Neutral,1.0,0.929759284953779
A_current_audited,audio,20260928,1,-9y-fZ3swSY$_$4,-9y-fZ3swSY,Neutral,Neutral,0.0,0.46069332519687495
A_current_audited,audio,20260928,1,-9y-fZ3swSY$_$8,-9y-fZ3swSY,Positive,Positive,1.6666666269302368,0.3501614052187528
A_current_audited,audio,20260928,1,-AUZQgSxyPQ$_$2,-AUZQgSxyPQ,Positive,Positive,0.6666666865348816,0.5236360405074496
A_current_audited,audio,20260928,4,-HeZS2-Prhc$_$2,-HeZS2-Prhc,Positive,Positive,0.6666666865348816,0.7010337147702145
A_current_audited,audio,20260928,4,-HwX2H8Z4hY$_$2,-HwX2H8Z4hY,Neutral,Negative,0.0,0.16059887196327538
A_current_audited,audio,20260928,4,-HwX2H8Z4hY$_$5,-HwX2H8Z4hY,Negative,Neutral,-1.0,0.3048698530285829
A_current_audited,audio,20260928,4,-HwX2H8Z4hY$_$6,-HwX2H8Z4hY,Neutral,Negative,0.0,0.08531484014486168
A_current_audited,audio,20260928,4,-HwX2H8Z4hY$_$9,-HwX2H8Z4hY,Negative,Negative,-0.3333333432674408,-0.0459858260852225
A_current_audited,audio,20260928,3,-I_e4mIh0yE$_$1,-I_e4mIh0yE,Negative,Negative,-0.6666666865348816,0.10239863808784158
A_current_audited,audio,20260928,3,-I_e4mIh0yE$_$3,-I_e4mIh0yE,Positive,Negative,0.6666666865348816,0.15935685727940269
A_current_audited,audio,20260928,2,-MeTTeMJBNc$_$0,-MeTTeMJBNc,Positive,Negative,0.3333333432674408,0.45124599975080804
A_current_audited,audio,20260928,2,-MeTTeMJBNc$_$13,-MeTTeMJBNc,Positive,Positive,0.3333333432674408,0.6379367743734915
A_current_audited,audio,20260928,2,-MeTTeMJBNc$_$7,-MeTTeMJBNc,Positive,Positive,1.3333333730697632,0.5112031793487728
A_current_audited,audio,20260928,4,-NFrJFQijFE$_$1,-NFrJFQijFE,Positive,Neutral,0.3333333432674408,0.35296556913477656
A_current_audited,audio,20260928,4,-NFrJFQijFE$_$2,-NFrJFQijFE,Neutral,Neutral,0.0,0.3287536110716064
A_current_audited,audio,20260928,1,-RfYyzHpjk4$_$11,-RfYyzHpjk4,Positive,Neutral,2.0,0.41157168914991044
A_current_audited,audio,20260928,1,-RfYyzHpjk4$_$2,-RfYyzHpjk4,Positive,Positive,0.3333333432674408,0.24862773219528156
A_current_audited,audio,20260928,1,-RfYyzHpjk4$_$8,-RfYyzHpjk4,Positive,Positive,0.3333333432674408,0.6655962027949163
A_current_audited,audio,20260928,0,-THoVjtIkeU$_$12,-THoVjtIkeU,Positive,Negative,2.0,0.06227497935279344
A_current_audited,audio,20260928,0,-THoVjtIkeU$_$2,-THoVjtIkeU,Positive,Neutral,1.3333333730697632,0.2709136663488222
A_current_audited,audio,20260928,0,-THoVjtIkeU$_$6,-THoVjtIkeU,Positive,Negative,2.6666667461395264,0.06267172095491769
A_current_audited,audio,20260928,1,-UUCSKoHeMA$_$0,-UUCSKoHeMA,Neutral,Neutral,0.0,0.6794018713413165
A_current_audited,audio,20260928,2,-UacrmKiTn4$_$10,-UacrmKiTn4,Negative,Neutral,-0.6666666865348816,0.427094167255265
A_current_audited,audio,20260928,2,-UacrmKiTn4$_$4,-UacrmKiTn4,Negative,Neutral,-1.3333333730697632,0.3239190725398747
A_current_audited,audio,20260928,0,-UuX1xuaiiE$_$0,-UuX1xuaiiE,Positive,Neutral,2.6666667461395264,0.14747404465335223
A_current_audited,audio,20260928,0,-UuX1xuaiiE$_$1,-UuX1xuaiiE,Positive,Neutral,1.6666666269302368,0.005403981446945094
A_current_audited,audio,20260928,0,-UuX1xuaiiE$_$3,-UuX1xuaiiE,Positive,Negative,0.3333333432674408,0.19517692467781658
A_current_audited,audio,20260928,0,-UuX1xuaiiE$_$6,-UuX1xuaiiE,Negative,Neutral,-0.3333333432674408,-0.01867439235660376
A_current_audited,audio,20260928,3,-a55Q6RWvTA$_$3,-a55Q6RWvTA,Positive,Neutral,0.6666666865348816,0.2346683144118262
A_current_audited,audio,20260928,3,-aNfi7CP8vM$_$7,-aNfi7CP8vM,Neutral,Positive,0.0,0.747705782773664
A_current_audited,audio,20260928,1,-aqamKhZ1Ec$_$0,-aqamKhZ1Ec,Negative,Negative,-2.0,0.5031159730670806
A_current_audited,audio,20260928,0,-dxfTGcXJoc$_$0,-dxfTGcXJoc,Positive,Negative,1.0,0.18063834159369033
A_current_audited,audio,20260928,0,-dxfTGcXJoc$_$1,-dxfTGcXJoc,Positive,Neutral,1.6666666269302368,0.20875064831565776
A_current_audited,audio,20260928,0,-dxfTGcXJoc$_$2,-dxfTGcXJoc,Positive,Positive,0.6666666865348816,0.31501525734983526
A_current_audited,audio,20260928,0,-dxfTGcXJoc$_$6,-dxfTGcXJoc,Positive,Neutral,0.6666666865348816,0.32734057248063375
A_current_audited,audio,20260928,3,-egA8-b7-3M$_$1,-egA8-b7-3M,Positive,Positive,0.6666666865348816,0.7610425131963572
A_current_audited,audio,20260928,3,-egA8-b7-3M$_$13,-egA8-b7-3M,Positive,Positive,0.3333333432674408,0.6754662678123327
A_current_audited,audio,20260928,3,-egA8-b7-3M$_$16,-egA8-b7-3M,Positive,Positive,0.6666666865348816,0.6146465909711001
A_current_audited,audio,20260928,3,-egA8-b7-3M$_$17,-egA8-b7-3M,Positive,Neutral,0.3333333432674408,0.5143597081742886
A_current_audited,audio,20260928,3,-egA8-b7-3M$_$18,-egA8-b7-3M,Positive,Positive,1.0,0.7328339681792422
A_current_audited,audio,20260928,3,-egA8-b7-3M$_$20,-egA8-b7-3M,Positive,Positive,0.3333333432674408,0.571983382743869
A_current_audited,audio,20260928,3,-egA8-b7-3M$_$26,-egA8-b7-3M,Positive,Positive,1.6666666269302368,0.7088932158521093
A_current_audited,audio,20260928,3,-egA8-b7-3M$_$6,-egA8-b7-3M,Positive,Positive,0.6666666865348816,0.7404508087938573
A_current_audited,audio,20260928,3,-egA8-b7-3M$_$9,-egA8-b7-3M,Positive,Positive,0.3333333432674408,0.8433138063428314
A_current_audited,audio,20260928,3,-hnBHBN8p5A$_$6,-hnBHBN8p5A,Positive,Positive,1.0,0.7727200934575
A_current_audited,audio,20260928,3,-hnBHBN8p5A$_$7,-hnBHBN8p5A,Positive,Positive,0.6666666865348816,0.5236737870381413
A_current_audited,audio,20260928,4,-iRBcNs9oI8$_$3,-iRBcNs9oI8,Positive,Positive,0.6666666865348816,0.7852352410788593
A_current_audited,audio,20260928,4,-iRBcNs9oI8$_$6,-iRBcNs9oI8,Positive,Positive,0.3333333432674408,0.6450317611308171
A_current_audited,audio,20260928,4,-iRBcNs9oI8$_$7,-iRBcNs9oI8,Positive,Positive,0.6666666865348816,1.1970891644223889
A_current_audited,audio,20260928,4,-iRBcNs9oI8$_$8,-iRBcNs9oI8,Positive,Positive,1.0,0.6304305087739586
A_current_audited,audio,20260928,4,-iRBcNs9oI8$_$9,-iRBcNs9oI8,Positive,Positive,1.3333333730697632,0.5110554148819476
A_current_audited,audio,20260928,4,-lzEya4AM_4$_$5,-lzEya4AM_4,Negative,Positive,-0.6666666865348816,0.20099059000449537
A_current_audited,audio,20260928,4,-lzEya4AM_4$_$6,-lzEya4AM_4,Negative,Positive,-0.3333333432674408,0.23692871402879254
A_current_audited,audio,20260928,3,-mJ2ud6oKI8$_$1,-mJ2ud6oKI8,Neutral,Neutral,0.0,-4.488478504733895
A_current_audited,audio,20260928,3,-mJ2ud6oKI8$_$2,-mJ2ud6oKI8,Neutral,Neutral,0.0,-4.488478504733895
A_current_audited,audio,20260928,3,-mJ2ud6oKI8$_$6,-mJ2ud6oKI8,Positive,Positive,0.3333333432674408,0.09148727107135107
A_current_audited,audio,20260928,3,-mJ2ud6oKI8$_$8,-mJ2ud6oKI8,Negative,Negative,-0.3333333432674408,0.17466423114868632
A_current_audited,audio,20260928,3,-mJ2ud6oKI8$_$9,-mJ2ud6oKI8,Neutral,Negative,0.0,0.05030630556600696
A_current_audited,audio,20260928,0,-mqbVkbCndg$_$0,-mqbVkbCndg,Neutral,Negative,0.0,-0.18058810702482261
A_current_audited,audio,20260928,4,-qDkUB0GgYY$_$6,-qDkUB0GgYY,Positive,Positive,1.3333333730697632,0.48753007013672933
A_current_audited,audio,20260928,0,-ri04Z7vwnc$_$0,-ri04Z7vwnc,Neutral,Neutral,0.0,3.121251831122995e-05
A_current_audited,audio,20260928,0,-ri04Z7vwnc$_$2,-ri04Z7vwnc,Negative,Negative,-0.3333333432674408,0.012649331922385126
A_current_audited,audio,20260928,0,-ri04Z7vwnc$_$5,-ri04Z7vwnc,Positive,Negative,0.3333333432674408,0.1420649157505974
A_current_audited,audio,20260928,1,-s9qJ7ATP7w$_$0,-s9qJ7ATP7w,Negative,Neutral,-0.3333333432674408,0.19285936364532427
A_current_audited,audio,20260928,1,-s9qJ7ATP7w$_$1,-s9qJ7ATP7w,Positive,Positive,0.6666666865348816,0.2570134386001828
A_current_audited,audio,20260928,1,-s9qJ7ATP7w$_$4,-s9qJ7ATP7w,Neutral,Negative,0.0,0.10913790078193719
A_current_audited,audio,20260928,1,-s9qJ7ATP7w$_$5,-s9qJ7ATP7w,Negative,Positive,-2.0,0.14056392568394896
A_current_audited,audio,20260928,1,-s9qJ7ATP7w$_$6,-s9qJ7ATP7w,Neutral,Neutral,0.0,0.15757431537599326
A_current_audited,audio,20260928,1,-s9qJ7ATP7w$_$7,-s9qJ7ATP7w,Positive,Positive,1.0,0.23825207152316238
A_current_audited,audio,20260928,1,-s9qJ7ATP7w$_$8,-s9qJ7ATP7w,Positive,Neutral,1.3333333730697632,0.21061994521930705
A_current_audited,audio,20260928,2,-t217m2on-s$_$2,-t217m2on-s,Positive,Neutral,0.6666666865348816,0.41210170432860616
A_current_audited,audio,20260928,2,-t217m2on-s$_$7,-t217m2on-s,Negative,Neutral,-0.6666666865348816,0.3292613705383578
A_current_audited,audio,20260928,4,-tANM6ETl_M$_$3,-tANM6ETl_M,Positive,Negative,0.3333333432674408,0.24716391695780635
A_current_audited,audio,20260928,2,-tPCytz4rww$_$10,-tPCytz4rww,Neutral,Positive,0.0,0.3821426207841571
A_current_audited,audio,20260928,2,-tPCytz4rww$_$11,-tPCytz4rww,Neutral,Neutral,0.0,0.3179575850458593
A_current_audited,audio,20260928,2,-tPCytz4rww$_$12,-tPCytz4rww,Neutral,Neutral,0.0,0.3032449280220215
A_current_audited,audio,20260928,2,-tPCytz4rww$_$16,-tPCytz4rww,Neutral,Neutral,0.0,0.2381493926946925
A_current_audited,audio,20260928,2,-tPCytz4rww$_$18,-tPCytz4rww,Neutral,Neutral,0.0,0.4644212215174665
A_current_audited,audio,20260928,2,-uywlfIYOS8$_$4,-uywlfIYOS8,Positive,Positive,0.3333333432674408,0.33016433911040305
A_current_audited,audio,20260928,2,-vxjVxOeScU$_$4,-vxjVxOeScU,Positive,Positive,1.0,0.5718206154267216
A_current_audited,audio,20260928,4,-wMB_hJL-3o$_$7,-wMB_hJL-3o,Positive,Negative,0.3333333432674408,0.469091692223806
A_current_audited,audio,20260928,3,-wny0OAz3g8$_$0,-wny0OAz3g8,Positive,Positive,0.3333333432674408,0.5357357365805762
A_current_audited,audio,20260928,3,-wny0OAz3g8$_$1,-wny0OAz3g8,Positive,Positive,0.3333333432674408,0.8193123683420023
A_current_audited,audio,20260928,3,-wny0OAz3g8$_$2,-wny0OAz3g8,Negative,Positive,-0.3333333432674408,0.6315404864023786
A_current_audited,audio,20260928,3,-wny0OAz3g8$_$3,-wny0OAz3g8,Negative,Positive,-1.3333333730697632,0.5941673198489974
A_current_audited,audio,20260928,3,-wny0OAz3g8$_$5,-wny0OAz3g8,Positive,Positive,1.0,0.7848292534579635
A_current_audited,audio,20260928,3,-wny0OAz3g8$_$7,-wny0OAz3g8,Neutral,Positive,0.0,0.7871350271481454
A_current_audited,audio,20260928,3,-wny0OAz3g8$_$9,-wny0OAz3g8,Positive,Positive,0.6666666865348816,0.6416790698108557
A_current_audited,audio,20260928,1,-yRb-Jum7EQ$_$1,-yRb-Jum7EQ,Neutral,Positive,0.0,0.20656652897700759
A_current_audited,audio,20260928,1,-yRb-Jum7EQ$_$5,-yRb-Jum7EQ,Negative,Positive,-0.6666666865348816,0.2886875583411418
A_current_audited,audio,20260928,1,-yRb-Jum7EQ$_$6,-yRb-Jum7EQ,Neutral,Positive,0.0,0.2565298114622786
A_current_audited,vision,20260924,1,-3g5yACwYnA$_$13,-3g5yACwYnA,Positive,Neutral,0.6666666865348816,-0.06661613477390282
A_current_audited,vision,20260924,1,-3g5yACwYnA$_$2,-3g5yACwYnA,Neutral,Neutral,0.0,-0.13675782778886003
A_current_audited,vision,20260924,1,-3g5yACwYnA$_$3,-3g5yACwYnA,Neutral,Neutral,0.0,-0.06508854580771217
A_current_audited,vision,20260924,1,-3g5yACwYnA$_$9,-3g5yACwYnA,Positive,Negative,0.6666666865348816,-0.03308380143282347
A_current_audited,vision,20260924,0,-3nNcZdcdvU$_$5,-3nNcZdcdvU,Neutral,Positive,0.0,0.5678083362716342
A_current_audited,vision,20260924,3,-571d8cVauQ$_$0,-571d8cVauQ,Neutral,Positive,0.0,0.34362111665182554
A_current_audited,vision,20260924,3,-571d8cVauQ$_$5,-571d8cVauQ,Positive,Positive,0.3333333432674408,0.40643473529231633
A_current_audited,vision,20260924,0,-6rXp3zJ3kc$_$8,-6rXp3zJ3kc,Negative,Neutral,-1.0,0.23237256862401587
A_current_audited,vision,20260924,0,-9y-fZ3swSY$_$0,-9y-fZ3swSY,Positive,Positive,1.0,0.5214425682944946
A_current_audited,vision,20260924,0,-9y-fZ3swSY$_$4,-9y-fZ3swSY,Neutral,Neutral,0.0,0.25088794592085717
A_current_audited,vision,20260924,0,-9y-fZ3swSY$_$8,-9y-fZ3swSY,Positive,Positive,1.6666666269302368,0.4133439997708632
A_current_audited,vision,20260924,0,-AUZQgSxyPQ$_$2,-AUZQgSxyPQ,Positive,Positive,0.6666666865348816,0.3410652614581938
A_current_audited,vision,20260924,4,-HeZS2-Prhc$_$2,-HeZS2-Prhc,Positive,Positive,0.6666666865348816,0.49524847713456904
A_current_audited,vision,20260924,4,-HwX2H8Z4hY$_$2,-HwX2H8Z4hY,Neutral,Neutral,0.0,0.058860225140546896
A_current_audited,vision,20260924,4,-HwX2H8Z4hY$_$5,-HwX2H8Z4hY,Negative,Negative,-1.0,0.2905132696547734
A_current_audited,vision,20260924,4,-HwX2H8Z4hY$_$6,-HwX2H8Z4hY,Neutral,Negative,0.0,0.23053347503683322
A_current_audited,vision,20260924,4,-HwX2H8Z4hY$_$9,-HwX2H8Z4hY,Negative,Neutral,-0.3333333432674408,0.06043350228209016
A_current_audited,vision,20260924,1,-I_e4mIh0yE$_$1,-I_e4mIh0yE,Negative,Neutral,-0.6666666865348816,0.4400001525527632
A_current_audited,vision,20260924,1,-I_e4mIh0yE$_$3,-I_e4mIh0yE,Positive,Negative,0.6666666865348816,0.4547531624275117
A_current_audited,vision,20260924,3,-MeTTeMJBNc$_$0,-MeTTeMJBNc,Positive,Positive,0.3333333432674408,0.3719711036558521
A_current_audited,vision,20260924,3,-MeTTeMJBNc$_$13,-MeTTeMJBNc,Positive,Positive,0.3333333432674408,0.47398587775715356
A_current_audited,vision,20260924,3,-MeTTeMJBNc$_$7,-MeTTeMJBNc,Positive,Positive,1.3333333730697632,0.3302210725989514
A_current_audited,vision,20260924,3,-NFrJFQijFE$_$1,-NFrJFQijFE,Positive,Neutral,0.3333333432674408,-0.07030179755110877
A_current_audited,vision,20260924,3,-NFrJFQijFE$_$2,-NFrJFQijFE,Neutral,Neutral,0.0,-0.07030179755110877
A_current_audited,vision,20260924,2,-RfYyzHpjk4$_$11,-RfYyzHpjk4,Positive,Neutral,2.0,0.3366310984990721
A_current_audited,vision,20260924,2,-RfYyzHpjk4$_$2,-RfYyzHpjk4,Positive,Neutral,0.3333333432674408,0.4091223212566818
A_current_audited,vision,20260924,2,-RfYyzHpjk4$_$8,-RfYyzHpjk4,Positive,Neutral,0.3333333432674408,0.27975629995736884
A_current_audited,vision,20260924,0,-THoVjtIkeU$_$12,-THoVjtIkeU,Positive,Positive,2.0,0.47232221881997416
A_current_audited,vision,20260924,0,-THoVjtIkeU$_$2,-THoVjtIkeU,Positive,Positive,1.3333333730697632,0.5134757741211028
A_current_audited,vision,20260924,0,-THoVjtIkeU$_$6,-THoVjtIkeU,Positive,Positive,2.6666667461395264,0.4844811408001267
A_current_audited,vision,20260924,4,-UUCSKoHeMA$_$0,-UUCSKoHeMA,Neutral,Negative,0.0,0.31401943111071284
A_current_audited,vision,20260924,0,-UacrmKiTn4$_$10,-UacrmKiTn4,Negative,Negative,-0.6666666865348816,0.34844616199862133
A_current_audited,vision,20260924,0,-UacrmKiTn4$_$4,-UacrmKiTn4,Negative,Positive,-1.3333333730697632,0.35857876847174236
A_current_audited,vision,20260924,2,-UuX1xuaiiE$_$0,-UuX1xuaiiE,Positive,Negative,2.6666667461395264,0.4542035388355258
A_current_audited,vision,20260924,2,-UuX1xuaiiE$_$1,-UuX1xuaiiE,Positive,Negative,1.6666666269302368,0.36226572113828465
A_current_audited,vision,20260924,2,-UuX1xuaiiE$_$3,-UuX1xuaiiE,Positive,Positive,0.3333333432674408,0.31341877796978496
A_current_audited,vision,20260924,2,-UuX1xuaiiE$_$6,-UuX1xuaiiE,Negative,Positive,-0.3333333432674408,0.4585871306764904
A_current_audited,vision,20260924,4,-a55Q6RWvTA$_$3,-a55Q6RWvTA,Positive,Neutral,0.6666666865348816,0.20455830786264334
A_current_audited,vision,20260924,0,-aNfi7CP8vM$_$7,-aNfi7CP8vM,Neutral,Positive,0.0,0.3413783338701146
A_current_audited,vision,20260924,3,-aqamKhZ1Ec$_$0,-aqamKhZ1Ec,Negative,Negative,-2.0,0.3710064681917889
A_current_audited,vision,20260924,4,-dxfTGcXJoc$_$0,-dxfTGcXJoc,Positive,Positive,1.0,0.39117102434221596
A_current_audited,vision,20260924,4,-dxfTGcXJoc$_$1,-dxfTGcXJoc,Positive,Positive,1.6666666269302368,0.3826287895069251
A_current_audited,vision,20260924,4,-dxfTGcXJoc$_$2,-dxfTGcXJoc,Positive,Positive,0.6666666865348816,0.47624134095013443
A_current_audited,vision,20260924,4,-dxfTGcXJoc$_$6,-dxfTGcXJoc,Positive,Positive,0.6666666865348816,0.4053692964901304
A_current_audited,vision,20260924,4,-egA8-b7-3M$_$1,-egA8-b7-3M,Positive,Positive,0.6666666865348816,0.36736968316463864
A_current_audited,vision,20260924,4,-egA8-b7-3M$_$13,-egA8-b7-3M,Positive,Positive,0.3333333432674408,0.334773036371281
A_current_audited,vision,20260924,4,-egA8-b7-3M$_$16,-egA8-b7-3M,Positive,Positive,0.6666666865348816,0.29711049585177085
A_current_audited,vision,20260924,4,-egA8-b7-3M$_$17,-egA8-b7-3M,Positive,Positive,0.3333333432674408,0.3227290985352639
A_current_audited,vision,20260924,4,-egA8-b7-3M$_$18,-egA8-b7-3M,Positive,Positive,1.0,0.33040817906336695
A_current_audited,vision,20260924,4,-egA8-b7-3M$_$20,-egA8-b7-3M,Positive,Positive,0.3333333432674408,0.315162467977672
A_current_audited,vision,20260924,4,-egA8-b7-3M$_$26,-egA8-b7-3M,Positive,Positive,1.6666666269302368,0.33323661023792894
A_current_audited,vision,20260924,4,-egA8-b7-3M$_$6,-egA8-b7-3M,Positive,Positive,0.6666666865348816,0.29973519709121366
A_current_audited,vision,20260924,4,-egA8-b7-3M$_$9,-egA8-b7-3M,Positive,Positive,0.3333333432674408,0.3146972141542768
A_current_audited,vision,20260924,3,-hnBHBN8p5A$_$6,-hnBHBN8p5A,Positive,Negative,1.0,0.27367080237824376
A_current_audited,vision,20260924,3,-hnBHBN8p5A$_$7,-hnBHBN8p5A,Positive,Negative,0.6666666865348816,0.41918257659510727
A_current_audited,vision,20260924,1,-iRBcNs9oI8$_$3,-iRBcNs9oI8,Positive,Positive,0.6666666865348816,0.5251240130732598
A_current_audited,vision,20260924,1,-iRBcNs9oI8$_$6,-iRBcNs9oI8,Positive,Neutral,0.3333333432674408,0.1454103803614413
A_current_audited,vision,20260924,1,-iRBcNs9oI8$_$7,-iRBcNs9oI8,Positive,Positive,0.6666666865348816,0.8161608317655394
A_current_audited,vision,20260924,1,-iRBcNs9oI8$_$8,-iRBcNs9oI8,Positive,Positive,1.0,0.7491175674065566
A_current_audited,vision,20260924,1,-iRBcNs9oI8$_$9,-iRBcNs9oI8,Positive,Negative,1.3333333730697632,-0.24912784253273013
A_current_audited,vision,20260924,1,-lzEya4AM_4$_$5,-lzEya4AM_4,Negative,Neutral,-0.6666666865348816,0.06953130735161789
A_current_audited,vision,20260924,1,-lzEya4AM_4$_$6,-lzEya4AM_4,Negative,Neutral,-0.3333333432674408,0.2087064083237466
A_current_audited,vision,20260924,4,-mJ2ud6oKI8$_$1,-mJ2ud6oKI8,Neutral,Neutral,0.0,0.06043350228209016
A_current_audited,vision,20260924,4,-mJ2ud6oKI8$_$2,-mJ2ud6oKI8,Neutral,Neutral,0.0,0.06043350228209016
A_current_audited,vision,20260924,4,-mJ2ud6oKI8$_$6,-mJ2ud6oKI8,Positive,Positive,0.3333333432674408,0.4003358226355726
A_current_audited,vision,20260924,4,-mJ2ud6oKI8$_$8,-mJ2ud6oKI8,Negative,Neutral,-0.3333333432674408,0.24019713174155768
A_current_audited,vision,20260924,4,-mJ2ud6oKI8$_$9,-mJ2ud6oKI8,Neutral,Negative,0.0,0.36300621988426923
A_current_audited,vision,20260924,2,-mqbVkbCndg$_$0,-mqbVkbCndg,Neutral,Negative,0.0,0.362907751478516
A_current_audited,vision,20260924,1,-qDkUB0GgYY$_$6,-qDkUB0GgYY,Positive,Positive,1.3333333730697632,0.8769327019233237
A_current_audited,vision,20260924,1,-ri04Z7vwnc$_$0,-ri04Z7vwnc,Neutral,Neutral,0.0,0.012080099360719743
A_current_audited,vision,20260924,1,-ri04Z7vwnc$_$2,-ri04Z7vwnc,Negative,Positive,-0.3333333432674408,1.7671770466130137
A_current_audited,vision,20260924,1,-ri04Z7vwnc$_$5,-ri04Z7vwnc,Positive,Negative,0.3333333432674408,-0.26456330539179174
A_current_audited,vision,20260924,1,-s9qJ7ATP7w$_$0,-s9qJ7ATP7w,Negative,Negative,-0.3333333432674408,-0.869604764079117
A_current_audited,vision,20260924,1,-s9qJ7ATP7w$_$1,-s9qJ7ATP7w,Positive,Negative,0.6666666865348816,-0.7207030108341254
A_current_audited,vision,20260924,1,-s9qJ7ATP7w$_$4,-s9qJ7ATP7w,Neutral,Negative,0.0,-0.5826594877303277
A_current_audited,vision,20260924,1,-s9qJ7ATP7w$_$5,-s9qJ7ATP7w,Negative,Negative,-2.0,-0.3383217167998065
A_current_audited,vision,20260924,1,-s9qJ7ATP7w$_$6,-s9qJ7ATP7w,Neutral,Negative,0.0,-0.5061996470958633
A_current_audited,vision,20260924,1,-s9qJ7ATP7w$_$7,-s9qJ7ATP7w,Positive,Negative,1.0,0.5392280482248589
A_current_audited,vision,20260924,1,-s9qJ7ATP7w$_$8,-s9qJ7ATP7w,Positive,Negative,1.3333333730697632,-0.06406004995527614
A_current_audited,vision,20260924,3,-t217m2on-s$_$2,-t217m2on-s,Positive,Positive,0.6666666865348816,0.3623665985737349
A_current_audited,vision,20260924,3,-t217m2on-s$_$7,-t217m2on-s,Negative,Positive,-0.6666666865348816,0.4114030542868283
A_current_audited,vision,20260924,0,-tANM6ETl_M$_$3,-tANM6ETl_M,Positive,Negative,0.3333333432674408,0.22490577188689886
A_current_audited,vision,20260924,4,-tPCytz4rww$_$10,-tPCytz4rww,Neutral,Neutral,0.0,0.24773683925925644
A_current_audited,vision,20260924,4,-tPCytz4rww$_$11,-tPCytz4rww,Neutral,Neutral,0.0,0.22779490981793948
A_current_audited,vision,20260924,4,-tPCytz4rww$_$12,-tPCytz4rww,Neutral,Neutral,0.0,0.2537197232417327
A_current_audited,vision,20260924,4,-tPCytz4rww$_$16,-tPCytz4rww,Neutral,Neutral,0.0,0.2700391757922318
A_current_audited,vision,20260924,4,-tPCytz4rww$_$18,-tPCytz4rww,Neutral,Neutral,0.0,0.2451599153509147
A_current_audited,vision,20260924,0,-uywlfIYOS8$_$4,-uywlfIYOS8,Positive,Positive,0.3333333432674408,0.5487102856642891
A_current_audited,vision,20260924,3,-vxjVxOeScU$_$4,-vxjVxOeScU,Positive,Positive,1.0,0.47698414699720415
A_current_audited,vision,20260924,1,-wMB_hJL-3o$_$7,-wMB_hJL-3o,Positive,Positive,0.3333333432674408,0.3375842570105121
A_current_audited,vision,20260924,2,-wny0OAz3g8$_$0,-wny0OAz3g8,Positive,Negative,0.3333333432674408,0.3729212445839075
A_current_audited,vision,20260924,2,-wny0OAz3g8$_$1,-wny0OAz3g8,Positive,Negative,0.3333333432674408,0.36189189733032107
A_current_audited,vision,20260924,2,-wny0OAz3g8$_$2,-wny0OAz3g8,Negative,Negative,-0.3333333432674408,0.4046780552247264
A_current_audited,vision,20260924,2,-wny0OAz3g8$_$3,-wny0OAz3g8,Negative,Negative,-1.3333333730697632,0.3730135500260229
A_current_audited,vision,20260924,2,-wny0OAz3g8$_$5,-wny0OAz3g8,Positive,Neutral,1.0,0.36333783562796307
A_current_audited,vision,20260924,2,-wny0OAz3g8$_$7,-wny0OAz3g8,Neutral,Negative,0.0,0.36358725308706963
A_current_audited,vision,20260924,2,-wny0OAz3g8$_$9,-wny0OAz3g8,Positive,Negative,0.6666666865348816,0.39390058535659306
A_current_audited,vision,20260924,4,-yRb-Jum7EQ$_$1,-yRb-Jum7EQ,Neutral,Positive,0.0,0.3144064508652699
A_current_audited,vision,20260924,4,-yRb-Jum7EQ$_$5,-yRb-Jum7EQ,Negative,Neutral,-0.6666666865348816,0.28888183203790874
A_current_audited,vision,20260924,4,-yRb-Jum7EQ$_$6,-yRb-Jum7EQ,Neutral,Neutral,0.0,0.322184701040388
A_current_audited,vision,20260925,4,-3g5yACwYnA$_$13,-3g5yACwYnA,Positive,Negative,0.6666666865348816,0.17067793629513778
A_current_audited,vision,20260925,4,-3g5yACwYnA$_$2,-3g5yACwYnA,Neutral,Neutral,0.0,0.20251612718497236
A_current_audited,vision,20260925,4,-3g5yACwYnA$_$3,-3g5yACwYnA,Neutral,Neutral,0.0,0.23162473378043485
A_current_audited,vision,20260925,4,-3g5yACwYnA$_$9,-3g5yACwYnA,Positive,Negative,0.6666666865348816,0.18914971561279403
A_current_audited,vision,20260925,0,-3nNcZdcdvU$_$5,-3nNcZdcdvU,Neutral,Positive,0.0,0.5896898950424116
A_current_audited,vision,20260925,3,-571d8cVauQ$_$0,-571d8cVauQ,Neutral,Positive,0.0,0.3907222419492668
A_current_audited,vision,20260925,3,-571d8cVauQ$_$5,-571d8cVauQ,Positive,Positive,0.3333333432674408,0.44980161661908563
A_current_audited,vision,20260925,1,-6rXp3zJ3kc$_$8,-6rXp3zJ3kc,Negative,Negative,-1.0,-0.06593071922071331
A_current_audited,vision,20260925,4,-9y-fZ3swSY$_$0,-9y-fZ3swSY,Positive,Positive,1.0,0.6382296459860493
A_current_audited,vision,20260925,4,-9y-fZ3swSY$_$4,-9y-fZ3swSY,Neutral,Neutral,0.0,0.3128272786412085
A_current_audited,vision,20260925,4,-9y-fZ3swSY$_$8,-9y-fZ3swSY,Positive,Positive,1.6666666269302368,0.38670025989538054
A_current_audited,vision,20260925,3,-AUZQgSxyPQ$_$2,-AUZQgSxyPQ,Positive,Positive,0.6666666865348816,0.38050440134444186
A_current_audited,vision,20260925,1,-HeZS2-Prhc$_$2,-HeZS2-Prhc,Positive,Positive,0.6666666865348816,0.8375560797252855
A_current_audited,vision,20260925,3,-HwX2H8Z4hY$_$2,-HwX2H8Z4hY,Neutral,Neutral,0.0,0.27441388469795985
A_current_audited,vision,20260925,3,-HwX2H8Z4hY$_$5,-HwX2H8Z4hY,Negative,Positive,-1.0,0.515672152636639
A_current_audited,vision,20260925,3,-HwX2H8Z4hY$_$6,-HwX2H8Z4hY,Neutral,Negative,0.0,0.43459695942659005
A_current_audited,vision,20260925,3,-HwX2H8Z4hY$_$9,-HwX2H8Z4hY,Negative,Neutral,-0.3333333432674408,0.025112058347795674
A_current_audited,vision,20260925,4,-I_e4mIh0yE$_$1,-I_e4mIh0yE,Negative,Negative,-0.6666666865348816,0.30624695397289703
A_current_audited,vision,20260925,4,-I_e4mIh0yE$_$3,-I_e4mIh0yE,Positive,Negative,0.6666666865348816,0.33013274193341724
A_current_audited,vision,20260925,0,-MeTTeMJBNc$_$0,-MeTTeMJBNc,Positive,Positive,0.3333333432674408,0.37030029124484576
A_current_audited,vision,20260925,0,-MeTTeMJBNc$_$13,-MeTTeMJBNc,Positive,Negative,0.3333333432674408,0.3861230658434164
A_current_audited,vision,20260925,0,-MeTTeMJBNc$_$7,-MeTTeMJBNc,Positive,Negative,1.3333333730697632,0.31638688869477877
A_current_audited,vision,20260925,4,-NFrJFQijFE$_$1,-NFrJFQijFE,Positive,Neutral,0.3333333432674408,-0.08689777209486044
A_current_audited,vision,20260925,4,-NFrJFQijFE$_$2,-NFrJFQijFE,Neutral,Neutral,0.0,-0.08689777209486044
A_current_audited,vision,20260925,2,-RfYyzHpjk4$_$11,-RfYyzHpjk4,Positive,Neutral,2.0,0.2312537444271497
A_current_audited,vision,20260925,2,-RfYyzHpjk4$_$2,-RfYyzHpjk4,Positive,Neutral,0.3333333432674408,0.39407092750765643
A_current_audited,vision,20260925,2,-RfYyzHpjk4$_$8,-RfYyzHpjk4,Positive,Neutral,0.3333333432674408,0.09084858785001171
A_current_audited,vision,20260925,2,-THoVjtIkeU$_$12,-THoVjtIkeU,Positive,Positive,2.0,0.4612519920401282
A_current_audited,vision,20260925,2,-THoVjtIkeU$_$2,-THoVjtIkeU,Positive,Positive,1.3333333730697632,0.41164877948855527
A_current_audited,vision,20260925,2,-THoVjtIkeU$_$6,-THoVjtIkeU,Positive,Positive,2.6666667461395264,0.43663904577596946
A_current_audited,vision,20260925,4,-UUCSKoHeMA$_$0,-UUCSKoHeMA,Neutral,Positive,0.0,0.41685684458314937
A_current_audited,vision,20260925,2,-UacrmKiTn4$_$10,-UacrmKiTn4,Negative,Negative,-0.6666666865348816,0.31386914277631034
A_current_audited,vision,20260925,2,-UacrmKiTn4$_$4,-UacrmKiTn4,Negative,Positive,-1.3333333730697632,0.32814616537424923
A_current_audited,vision,20260925,0,-UuX1xuaiiE$_$0,-UuX1xuaiiE,Positive,Negative,2.6666667461395264,0.42177103850999564
A_current_audited,vision,20260925,0,-UuX1xuaiiE$_$1,-UuX1xuaiiE,Positive,Negative,1.6666666269302368,0.2424723766186076
A_current_audited,vision,20260925,0,-UuX1xuaiiE$_$3,-UuX1xuaiiE,Positive,Negative,0.3333333432674408,0.3255423827544001
A_current_audited,vision,20260925,0,-UuX1xuaiiE$_$6,-UuX1xuaiiE,Negative,Positive,-0.3333333432674408,0.4372069499781064
A_current_audited,vision,20260925,1,-a55Q6RWvTA$_$3,-a55Q6RWvTA,Positive,Neutral,0.6666666865348816,-0.14709404083228533
A_current_audited,vision,20260925,1,-aNfi7CP8vM$_$7,-aNfi7CP8vM,Neutral,Positive,0.0,0.4861411705707881
A_current_audited,vision,20260925,2,-aqamKhZ1Ec$_$0,-aqamKhZ1Ec,Negative,Negative,-2.0,0.327176988882215
A_current_audited,vision,20260925,3,-dxfTGcXJoc$_$0,-dxfTGcXJoc,Positive,Positive,1.0,0.4257370408239604
A_current_audited,vision,20260925,3,-dxfTGcXJoc$_$1,-dxfTGcXJoc,Positive,Positive,1.6666666269302368,0.4252877129338568
A_current_audited,vision,20260925,3,-dxfTGcXJoc$_$2,-dxfTGcXJoc,Positive,Positive,0.6666666865348816,0.540559477190383
A_current_audited,vision,20260925,3,-dxfTGcXJoc$_$6,-dxfTGcXJoc,Positive,Positive,0.6666666865348816,0.4666491049955267
A_current_audited,vision,20260925,2,-egA8-b7-3M$_$1,-egA8-b7-3M,Positive,Neutral,0.6666666865348816,0.2536456530336404
A_current_audited,vision,20260925,2,-egA8-b7-3M$_$13,-egA8-b7-3M,Positive,Neutral,0.3333333432674408,0.18291010523517798
A_current_audited,vision,20260925,2,-egA8-b7-3M$_$16,-egA8-b7-3M,Positive,Neutral,0.6666666865348816,0.23578816637615
A_current_audited,vision,20260925,2,-egA8-b7-3M$_$17,-egA8-b7-3M,Positive,Neutral,0.3333333432674408,0.26342948884077017
A_current_audited,vision,20260925,2,-egA8-b7-3M$_$18,-egA8-b7-3M,Positive,Neutral,1.0,0.27143250573700817
A_current_audited,vision,20260925,2,-egA8-b7-3M$_$20,-egA8-b7-3M,Positive,Neutral,0.3333333432674408,0.22589517509111265
A_current_audited,vision,20260925,2,-egA8-b7-3M$_$26,-egA8-b7-3M,Positive,Neutral,1.6666666269302368,0.2703601421195733
A_current_audited,vision,20260925,2,-egA8-b7-3M$_$6,-egA8-b7-3M,Positive,Neutral,0.6666666865348816,0.22410526894900637
A_current_audited,vision,20260925,2,-egA8-b7-3M$_$9,-egA8-b7-3M,Positive,Neutral,0.3333333432674408,0.2713149047071154
A_current_audited,vision,20260925,0,-hnBHBN8p5A$_$6,-hnBHBN8p5A,Positive,Negative,1.0,0.2608446287342649
A_current_audited,vision,20260925,0,-hnBHBN8p5A$_$7,-hnBHBN8p5A,Positive,Negative,0.6666666865348816,0.30441448903443513
A_current_audited,vision,20260925,4,-iRBcNs9oI8$_$3,-iRBcNs9oI8,Positive,Positive,0.6666666865348816,0.39769492684814006
A_current_audited,vision,20260925,4,-iRBcNs9oI8$_$6,-iRBcNs9oI8,Positive,Neutral,0.3333333432674408,0.18528488563525564
A_current_audited,vision,20260925,4,-iRBcNs9oI8$_$7,-iRBcNs9oI8,Positive,Positive,0.6666666865348816,0.5467190455970795
A_current_audited,vision,20260925,4,-iRBcNs9oI8$_$8,-iRBcNs9oI8,Positive,Positive,1.0,0.5050632303245752
A_current_audited,vision,20260925,4,-iRBcNs9oI8$_$9,-iRBcNs9oI8,Positive,Negative,1.3333333730697632,0.10825774100011992
A_current_audited,vision,20260925,0,-lzEya4AM_4$_$5,-lzEya4AM_4,Negative,Neutral,-0.6666666865348816,0.27841450805548984
A_current_audited,vision,20260925,0,-lzEya4AM_4$_$6,-lzEya4AM_4,Negative,Positive,-0.3333333432674408,0.33028568002954706
A_current_audited,vision,20260925,0,-mJ2ud6oKI8$_$1,-mJ2ud6oKI8,Neutral,Neutral,0.0,-0.06326339004988268
A_current_audited,vision,20260925,0,-mJ2ud6oKI8$_$2,-mJ2ud6oKI8,Neutral,Neutral,0.0,-0.06326339004988268
A_current_audited,vision,20260925,0,-mJ2ud6oKI8$_$6,-mJ2ud6oKI8,Positive,Positive,0.3333333432674408,0.40950207413250955
A_current_audited,vision,20260925,0,-mJ2ud6oKI8$_$8,-mJ2ud6oKI8,Negative,Neutral,-0.3333333432674408,0.2790711109366841
A_current_audited,vision,20260925,0,-mJ2ud6oKI8$_$9,-mJ2ud6oKI8,Neutral,Negative,0.0,0.3376941942069101
A_current_audited,vision,20260925,3,-mqbVkbCndg$_$0,-mqbVkbCndg,Neutral,Negative,0.0,0.4028197178216162
A_current_audited,vision,20260925,1,-qDkUB0GgYY$_$6,-qDkUB0GgYY,Positive,Positive,1.3333333730697632,0.9295486815091377
A_current_audited,vision,20260925,1,-ri04Z7vwnc$_$0,-ri04Z7vwnc,Neutral,Neutral,0.0,-0.008085404903449611
A_current_audited,vision,20260925,1,-ri04Z7vwnc$_$2,-ri04Z7vwnc,Negative,Positive,-0.3333333432674408,1.6805011568866952
A_current_audited,vision,20260925,1,-ri04Z7vwnc$_$5,-ri04Z7vwnc,Positive,Negative,0.3333333432674408,-0.1124239718360005
A_current_audited,vision,20260925,4,-s9qJ7ATP7w$_$0,-s9qJ7ATP7w,Negative,Positive,-0.3333333432674408,0.5095801721830081
A_current_audited,vision,20260925,4,-s9qJ7ATP7w$_$1,-s9qJ7ATP7w,Positive,Negative,0.6666666865348816,0.08346237573360477
A_current_audited,vision,20260925,4,-s9qJ7ATP7w$_$4,-s9qJ7ATP7w,Neutral,Positive,0.0,0.41300184128672696
A_current_audited,vision,20260925,4,-s9qJ7ATP7w$_$5,-s9qJ7ATP7w,Negative,Negative,-2.0,0.30323804378340036
A_current_audited,vision,20260925,4,-s9qJ7ATP7w$_$6,-s9qJ7ATP7w,Neutral,Negative,0.0,0.28511560626292115
A_current_audited,vision,20260925,4,-s9qJ7ATP7w$_$7,-s9qJ7ATP7w,Positive,Positive,1.0,0.8292861115362844
A_current_audited,vision,20260925,4,-s9qJ7ATP7w$_$8,-s9qJ7ATP7w,Positive,Negative,1.3333333730697632,0.29686326235820004
A_current_audited,vision,20260925,3,-t217m2on-s$_$2,-t217m2on-s,Positive,Neutral,0.6666666865348816,0.30304207731314464
A_current_audited,vision,20260925,3,-t217m2on-s$_$7,-t217m2on-s,Negative,Negative,-0.6666666865348816,0.39948429770086624
A_current_audited,vision,20260925,4,-tANM6ETl_M$_$3,-tANM6ETl_M,Positive,Negative,0.3333333432674408,0.20820019404219972
A_current_audited,vision,20260925,3,-tPCytz4rww$_$10,-tPCytz4rww,Neutral,Positive,0.0,0.28719123949159236
A_current_audited,vision,20260925,3,-tPCytz4rww$_$11,-tPCytz4rww,Neutral,Neutral,0.0,0.22341602659334894
A_current_audited,vision,20260925,3,-tPCytz4rww$_$12,-tPCytz4rww,Neutral,Positive,0.0,0.2840350386805542
A_current_audited,vision,20260925,3,-tPCytz4rww$_$16,-tPCytz4rww,Neutral,Positive,0.0,0.30642483856957947
A_current_audited,vision,20260925,3,-tPCytz4rww$_$18,-tPCytz4rww,Neutral,Positive,0.0,0.25714412527913705
A_current_audited,vision,20260925,1,-uywlfIYOS8$_$4,-uywlfIYOS8,Positive,Positive,0.3333333432674408,0.8762623488292
A_current_audited,vision,20260925,2,-vxjVxOeScU$_$4,-vxjVxOeScU,Positive,Positive,1.0,0.35694068097101483
A_current_audited,vision,20260925,2,-wMB_hJL-3o$_$7,-wMB_hJL-3o,Positive,Neutral,0.3333333432674408,0.2288141473693057
A_current_audited,vision,20260925,4,-wny0OAz3g8$_$0,-wny0OAz3g8,Positive,Negative,0.3333333432674408,0.26864506946272154
A_current_audited,vision,20260925,4,-wny0OAz3g8$_$1,-wny0OAz3g8,Positive,Negative,0.3333333432674408,0.3124202957267671
A_current_audited,vision,20260925,4,-wny0OAz3g8$_$2,-wny0OAz3g8,Negative,Positive,-0.3333333432674408,0.4732770321722814
A_current_audited,vision,20260925,4,-wny0OAz3g8$_$3,-wny0OAz3g8,Negative,Positive,-1.3333333730697632,0.44061374062754266
A_current_audited,vision,20260925,4,-wny0OAz3g8$_$5,-wny0OAz3g8,Positive,Positive,1.0,0.45004845743987026
A_current_audited,vision,20260925,4,-wny0OAz3g8$_$7,-wny0OAz3g8,Neutral,Positive,0.0,0.37247252807853554
A_current_audited,vision,20260925,4,-wny0OAz3g8$_$9,-wny0OAz3g8,Positive,Positive,0.6666666865348816,0.40033537183197376
A_current_audited,vision,20260925,2,-yRb-Jum7EQ$_$1,-yRb-Jum7EQ,Neutral,Neutral,0.0,0.3097043230552605
A_current_audited,vision,20260925,2,-yRb-Jum7EQ$_$5,-yRb-Jum7EQ,Negative,Neutral,-0.6666666865348816,0.29617472318524773
A_current_audited,vision,20260925,2,-yRb-Jum7EQ$_$6,-yRb-Jum7EQ,Neutral,Neutral,0.0,0.23584443456874893
A_current_audited,vision,20260926,1,-3g5yACwYnA$_$13,-3g5yACwYnA,Positive,Negative,0.6666666865348816,0.33320715587968663
A_current_audited,vision,20260926,1,-3g5yACwYnA$_$2,-3g5yACwYnA,Neutral,Negative,0.0,0.2861556180480742
A_current_audited,vision,20260926,1,-3g5yACwYnA$_$3,-3g5yACwYnA,Neutral,Neutral,0.0,0.3079526242438057
A_current_audited,vision,20260926,1,-3g5yACwYnA$_$9,-3g5yACwYnA,Positive,Negative,0.6666666865348816,0.34380140894790123
A_current_audited,vision,20260926,3,-3nNcZdcdvU$_$5,-3nNcZdcdvU,Neutral,Positive,0.0,0.6195099627770747
A_current_audited,vision,20260926,3,-571d8cVauQ$_$0,-571d8cVauQ,Neutral,Positive,0.0,0.337382215057162
A_current_audited,vision,20260926,3,-571d8cVauQ$_$5,-571d8cVauQ,Positive,Positive,0.3333333432674408,0.4119960958509293
A_current_audited,vision,20260926,4,-6rXp3zJ3kc$_$8,-6rXp3zJ3kc,Negative,Neutral,-1.0,0.3075450948441989
A_current_audited,vision,20260926,0,-9y-fZ3swSY$_$0,-9y-fZ3swSY,Positive,Positive,1.0,0.5058404569353493
A_current_audited,vision,20260926,0,-9y-fZ3swSY$_$4,-9y-fZ3swSY,Neutral,Neutral,0.0,0.1644458175979421
A_current_audited,vision,20260926,0,-9y-fZ3swSY$_$8,-9y-fZ3swSY,Positive,Neutral,1.6666666269302368,0.3155134196709628
A_current_audited,vision,20260926,0,-AUZQgSxyPQ$_$2,-AUZQgSxyPQ,Positive,Positive,0.6666666865348816,0.265061003906292
A_current_audited,vision,20260926,4,-HeZS2-Prhc$_$2,-HeZS2-Prhc,Positive,Positive,0.6666666865348816,0.5110516884575595
A_current_audited,vision,20260926,0,-HwX2H8Z4hY$_$2,-HwX2H8Z4hY,Neutral,Neutral,0.0,-0.0023495743403866842
A_current_audited,vision,20260926,0,-HwX2H8Z4hY$_$5,-HwX2H8Z4hY,Negative,Positive,-1.0,0.44911134074856685
A_current_audited,vision,20260926,0,-HwX2H8Z4hY$_$6,-HwX2H8Z4hY,Neutral,Negative,0.0,0.31815376051330674
A_current_audited,vision,20260926,0,-HwX2H8Z4hY$_$9,-HwX2H8Z4hY,Negative,Neutral,-0.3333333432674408,0.02527837380972703
A_current_audited,vision,20260926,1,-I_e4mIh0yE$_$1,-I_e4mIh0yE,Negative,Negative,-0.6666666865348816,0.47164334055364754
A_current_audited,vision,20260926,1,-I_e4mIh0yE$_$3,-I_e4mIh0yE,Positive,Negative,0.6666666865348816,0.48916230754100154
A_current_audited,vision,20260926,4,-MeTTeMJBNc$_$0,-MeTTeMJBNc,Positive,Positive,0.3333333432674408,0.4812152133683821
A_current_audited,vision,20260926,4,-MeTTeMJBNc$_$13,-MeTTeMJBNc,Positive,Positive,0.3333333432674408,0.5182823927225962
A_current_audited,vision,20260926,4,-MeTTeMJBNc$_$7,-MeTTeMJBNc,Positive,Positive,1.3333333730697632,0.4168650598889795
A_current_audited,vision,20260926,2,-NFrJFQijFE$_$1,-NFrJFQijFE,Positive,Neutral,0.3333333432674408,-0.09901978348227736
A_current_audited,vision,20260926,2,-NFrJFQijFE$_$2,-NFrJFQijFE,Neutral,Neutral,0.0,-0.09901978348227736
A_current_audited,vision,20260926,2,-RfYyzHpjk4$_$11,-RfYyzHpjk4,Positive,Neutral,2.0,0.28565532703575075
A_current_audited,vision,20260926,2,-RfYyzHpjk4$_$2,-RfYyzHpjk4,Positive,Positive,0.3333333432674408,0.48846391665415545
A_current_audited,vision,20260926,2,-RfYyzHpjk4$_$8,-RfYyzHpjk4,Positive,Neutral,0.3333333432674408,0.2565441593231522
A_current_audited,vision,20260926,3,-THoVjtIkeU$_$12,-THoVjtIkeU,Positive,Positive,2.0,0.47059254151924745
A_current_audited,vision,20260926,3,-THoVjtIkeU$_$2,-THoVjtIkeU,Positive,Positive,1.3333333730697632,0.4894047242945273
A_current_audited,vision,20260926,3,-THoVjtIkeU$_$6,-THoVjtIkeU,Positive,Positive,2.6666667461395264,0.4795649011458619
A_current_audited,vision,20260926,2,-UUCSKoHeMA$_$0,-UUCSKoHeMA,Neutral,Positive,0.0,0.30377368462613785
A_current_audited,vision,20260926,4,-UacrmKiTn4$_$10,-UacrmKiTn4,Negative,Negative,-0.6666666865348816,0.4138168270930969
A_current_audited,vision,20260926,4,-UacrmKiTn4$_$4,-UacrmKiTn4,Negative,Positive,-1.3333333730697632,0.5221843522783153
A_current_audited,vision,20260926,4,-UuX1xuaiiE$_$0,-UuX1xuaiiE,Positive,Negative,2.6666667461395264,0.5097421099481946
A_current_audited,vision,20260926,4,-UuX1xuaiiE$_$1,-UuX1xuaiiE,Positive,Negative,1.6666666269302368,0.3881221952087992
A_current_audited,vision,20260926,4,-UuX1xuaiiE$_$3,-UuX1xuaiiE,Positive,Positive,0.3333333432674408,0.45715432403247236
A_current_audited,vision,20260926,4,-UuX1xuaiiE$_$6,-UuX1xuaiiE,Negative,Positive,-0.3333333432674408,0.5854867630011908
A_current_audited,vision,20260926,0,-a55Q6RWvTA$_$3,-a55Q6RWvTA,Positive,Neutral,0.6666666865348816,0.16022241616636912
A_current_audited,vision,20260926,4,-aNfi7CP8vM$_$7,-aNfi7CP8vM,Neutral,Positive,0.0,0.5242787836504212
A_current_audited,vision,20260926,1,-aqamKhZ1Ec$_$0,-aqamKhZ1Ec,Negative,Negative,-2.0,0.37980226106549037
A_current_audited,vision,20260926,0,-dxfTGcXJoc$_$0,-dxfTGcXJoc,Positive,Neutral,1.0,0.30175427650459863
A_current_audited,vision,20260926,0,-dxfTGcXJoc$_$1,-dxfTGcXJoc,Positive,Neutral,1.6666666269302368,0.2910621009920928
A_current_audited,vision,20260926,0,-dxfTGcXJoc$_$2,-dxfTGcXJoc,Positive,Positive,0.6666666865348816,0.3990128613857403
A_current_audited,vision,20260926,0,-dxfTGcXJoc$_$6,-dxfTGcXJoc,Positive,Positive,0.6666666865348816,0.33731959672726247
A_current_audited,vision,20260926,0,-egA8-b7-3M$_$1,-egA8-b7-3M,Positive,Neutral,0.6666666865348816,0.30964719237003513
A_current_audited,vision,20260926,0,-egA8-b7-3M$_$13,-egA8-b7-3M,Positive,Neutral,0.3333333432674408,0.32805717815041513
A_current_audited,vision,20260926,0,-egA8-b7-3M$_$16,-egA8-b7-3M,Positive,Neutral,0.6666666865348816,0.22501445263815786
A_current_audited,vision,20260926,0,-egA8-b7-3M$_$17,-egA8-b7-3M,Positive,Neutral,0.3333333432674408,0.283525652365896
A_current_audited,vision,20260926,0,-egA8-b7-3M$_$18,-egA8-b7-3M,Positive,Neutral,1.0,0.27673792186450147
A_current_audited,vision,20260926,0,-egA8-b7-3M$_$20,-egA8-b7-3M,Positive,Neutral,0.3333333432674408,0.2839629339862816
A_current_audited,vision,20260926,0,-egA8-b7-3M$_$26,-egA8-b7-3M,Positive,Neutral,1.6666666269302368,0.29924521710594504
A_current_audited,vision,20260926,0,-egA8-b7-3M$_$6,-egA8-b7-3M,Positive,Neutral,0.6666666865348816,0.21244536522354374
A_current_audited,vision,20260926,0,-egA8-b7-3M$_$9,-egA8-b7-3M,Positive,Neutral,0.3333333432674408,0.2207995523561192
A_current_audited,vision,20260926,1,-hnBHBN8p5A$_$6,-hnBHBN8p5A,Positive,Neutral,1.0,0.3706106139639038
A_current_audited,vision,20260926,1,-hnBHBN8p5A$_$7,-hnBHBN8p5A,Positive,Neutral,0.6666666865348816,0.5164797470613895
A_current_audited,vision,20260926,2,-iRBcNs9oI8$_$3,-iRBcNs9oI8,Positive,Positive,0.6666666865348816,0.3397965600627701
A_current_audited,vision,20260926,2,-iRBcNs9oI8$_$6,-iRBcNs9oI8,Positive,Positive,0.3333333432674408,0.21256025125174371
A_current_audited,vision,20260926,2,-iRBcNs9oI8$_$7,-iRBcNs9oI8,Positive,Positive,0.6666666865348816,0.5918673106183818
A_current_audited,vision,20260926,2,-iRBcNs9oI8$_$8,-iRBcNs9oI8,Positive,Positive,1.0,0.4485432763636067
A_current_audited,vision,20260926,2,-iRBcNs9oI8$_$9,-iRBcNs9oI8,Positive,Negative,1.3333333730697632,0.11073374622315368
A_current_audited,vision,20260926,0,-lzEya4AM_4$_$5,-lzEya4AM_4,Negative,Negative,-0.6666666865348816,0.21459716501950188
A_current_audited,vision,20260926,0,-lzEya4AM_4$_$6,-lzEya4AM_4,Negative,Neutral,-0.3333333432674408,0.26791799384354403
A_current_audited,vision,20260926,4,-mJ2ud6oKI8$_$1,-mJ2ud6oKI8,Neutral,Neutral,0.0,0.009791417902744737
A_current_audited,vision,20260926,4,-mJ2ud6oKI8$_$2,-mJ2ud6oKI8,Neutral,Neutral,0.0,0.009791417902744737
A_current_audited,vision,20260926,4,-mJ2ud6oKI8$_$6,-mJ2ud6oKI8,Positive,Positive,0.3333333432674408,0.537166404300649
A_current_audited,vision,20260926,4,-mJ2ud6oKI8$_$8,-mJ2ud6oKI8,Negative,Positive,-0.3333333432674408,0.40732200073828423
A_current_audited,vision,20260926,4,-mJ2ud6oKI8$_$9,-mJ2ud6oKI8,Neutral,Positive,0.0,0.42096237036557016
A_current_audited,vision,20260926,1,-mqbVkbCndg$_$0,-mqbVkbCndg,Neutral,Negative,0.0,0.4135981656509605
A_current_audited,vision,20260926,2,-qDkUB0GgYY$_$6,-qDkUB0GgYY,Positive,Positive,1.3333333730697632,0.39514159822791295
A_current_audited,vision,20260926,1,-ri04Z7vwnc$_$0,-ri04Z7vwnc,Neutral,Neutral,0.0,0.055455690624907406
A_current_audited,vision,20260926,1,-ri04Z7vwnc$_$2,-ri04Z7vwnc,Negative,Positive,-0.3333333432674408,0.7577387027437957
A_current_audited,vision,20260926,1,-ri04Z7vwnc$_$5,-ri04Z7vwnc,Positive,Negative,0.3333333432674408,0.26431683370956205
A_current_audited,vision,20260926,0,-s9qJ7ATP7w$_$0,-s9qJ7ATP7w,Negative,Positive,-0.3333333432674408,0.5119180833215522
A_current_audited,vision,20260926,0,-s9qJ7ATP7w$_$1,-s9qJ7ATP7w,Positive,Positive,0.6666666865348816,0.18896402349581487
A_current_audited,vision,20260926,0,-s9qJ7ATP7w$_$4,-s9qJ7ATP7w,Neutral,Positive,0.0,0.5259491458301171
A_current_audited,vision,20260926,0,-s9qJ7ATP7w$_$5,-s9qJ7ATP7w,Negative,Positive,-2.0,0.3322202388629311
A_current_audited,vision,20260926,0,-s9qJ7ATP7w$_$6,-s9qJ7ATP7w,Neutral,Positive,0.0,0.42965989237316315
A_current_audited,vision,20260926,0,-s9qJ7ATP7w$_$7,-s9qJ7ATP7w,Positive,Negative,1.0,0.8470721797132219
A_current_audited,vision,20260926,0,-s9qJ7ATP7w$_$8,-s9qJ7ATP7w,Positive,Positive,1.3333333730697632,0.2782853923788349
A_current_audited,vision,20260926,4,-t217m2on-s$_$2,-t217m2on-s,Positive,Positive,0.6666666865348816,0.4527424572514438
A_current_audited,vision,20260926,4,-t217m2on-s$_$7,-t217m2on-s,Negative,Negative,-0.6666666865348816,0.4487256043947564
A_current_audited,vision,20260926,1,-tANM6ETl_M$_$3,-tANM6ETl_M,Positive,Negative,0.3333333432674408,0.2932472688897109
A_current_audited,vision,20260926,1,-tPCytz4rww$_$10,-tPCytz4rww,Neutral,Positive,0.0,0.32689980896758736
A_current_audited,vision,20260926,1,-tPCytz4rww$_$11,-tPCytz4rww,Neutral,Neutral,0.0,0.28730435565986084
A_current_audited,vision,20260926,1,-tPCytz4rww$_$12,-tPCytz4rww,Neutral,Negative,0.0,0.3125419414670718
A_current_audited,vision,20260926,1,-tPCytz4rww$_$16,-tPCytz4rww,Neutral,Positive,0.0,0.33299702543474996
A_current_audited,vision,20260926,1,-tPCytz4rww$_$18,-tPCytz4rww,Neutral,Negative,0.0,0.3041731900785292
A_current_audited,vision,20260926,0,-uywlfIYOS8$_$4,-uywlfIYOS8,Positive,Positive,0.3333333432674408,0.49042912630981284
A_current_audited,vision,20260926,0,-vxjVxOeScU$_$4,-vxjVxOeScU,Positive,Negative,1.0,0.3727848518349996
A_current_audited,vision,20260926,4,-wMB_hJL-3o$_$7,-wMB_hJL-3o,Positive,Positive,0.3333333432674408,0.43035467183144466
A_current_audited,vision,20260926,3,-wny0OAz3g8$_$0,-wny0OAz3g8,Positive,Negative,0.3333333432674408,0.32534604677638357
A_current_audited,vision,20260926,3,-wny0OAz3g8$_$1,-wny0OAz3g8,Positive,Negative,0.3333333432674408,0.35224892600761415
A_current_audited,vision,20260926,3,-wny0OAz3g8$_$2,-wny0OAz3g8,Negative,Positive,-0.3333333432674408,0.44722140190747417
A_current_audited,vision,20260926,3,-wny0OAz3g8$_$3,-wny0OAz3g8,Negative,Positive,-1.3333333730697632,0.40334955222275615
A_current_audited,vision,20260926,3,-wny0OAz3g8$_$5,-wny0OAz3g8,Positive,Positive,1.0,0.3836123806518099
A_current_audited,vision,20260926,3,-wny0OAz3g8$_$7,-wny0OAz3g8,Neutral,Positive,0.0,0.37837091289150293
A_current_audited,vision,20260926,3,-wny0OAz3g8$_$9,-wny0OAz3g8,Positive,Positive,0.6666666865348816,0.422010147440254
A_current_audited,vision,20260926,4,-yRb-Jum7EQ$_$1,-yRb-Jum7EQ,Neutral,Positive,0.0,0.31332562064211034
A_current_audited,vision,20260926,4,-yRb-Jum7EQ$_$5,-yRb-Jum7EQ,Negative,Neutral,-0.6666666865348816,0.3557899741034212
A_current_audited,vision,20260926,4,-yRb-Jum7EQ$_$6,-yRb-Jum7EQ,Neutral,Neutral,0.0,0.36218047783019647
A_current_audited,vision,20260927,0,-3g5yACwYnA$_$13,-3g5yACwYnA,Positive,Negative,0.6666666865348816,0.24451100364508196
A_current_audited,vision,20260927,0,-3g5yACwYnA$_$2,-3g5yACwYnA,Neutral,Neutral,0.0,0.204437118479775
A_current_audited,vision,20260927,0,-3g5yACwYnA$_$3,-3g5yACwYnA,Neutral,Neutral,0.0,0.22061097673533525
A_current_audited,vision,20260927,0,-3g5yACwYnA$_$9,-3g5yACwYnA,Positive,Negative,0.6666666865348816,0.27666725678710646
A_current_audited,vision,20260927,1,-3nNcZdcdvU$_$5,-3nNcZdcdvU,Neutral,Positive,0.0,0.4949094900229453
A_current_audited,vision,20260927,0,-571d8cVauQ$_$0,-571d8cVauQ,Neutral,Neutral,0.0,0.38821606392773655
A_current_audited,vision,20260927,0,-571d8cVauQ$_$5,-571d8cVauQ,Positive,Positive,0.3333333432674408,0.4699955473320727
A_current_audited,vision,20260927,4,-6rXp3zJ3kc$_$8,-6rXp3zJ3kc,Negative,Neutral,-1.0,0.29083363892990055
A_current_audited,vision,20260927,1,-9y-fZ3swSY$_$0,-9y-fZ3swSY,Positive,Positive,1.0,0.3834145082509044
A_current_audited,vision,20260927,1,-9y-fZ3swSY$_$4,-9y-fZ3swSY,Neutral,Neutral,0.0,0.31796665797125523
A_current_audited,vision,20260927,1,-9y-fZ3swSY$_$8,-9y-fZ3swSY,Positive,Positive,1.6666666269302368,0.4025226886653416
A_current_audited,vision,20260927,3,-AUZQgSxyPQ$_$2,-AUZQgSxyPQ,Positive,Positive,0.6666666865348816,0.29724324100473815
A_current_audited,vision,20260927,4,-HeZS2-Prhc$_$2,-HeZS2-Prhc,Positive,Negative,0.6666666865348816,0.49738174094234844
A_current_audited,vision,20260927,0,-HwX2H8Z4hY$_$2,-HwX2H8Z4hY,Neutral,Neutral,0.0,0.26436092538776035
A_current_audited,vision,20260927,0,-HwX2H8Z4hY$_$5,-HwX2H8Z4hY,Negative,Positive,-1.0,0.5358013497231561
A_current_audited,vision,20260927,0,-HwX2H8Z4hY$_$6,-HwX2H8Z4hY,Neutral,Negative,0.0,0.5337549776910888
A_current_audited,vision,20260927,0,-HwX2H8Z4hY$_$9,-HwX2H8Z4hY,Negative,Neutral,-0.3333333432674408,-0.026851298106632837
A_current_audited,vision,20260927,4,-I_e4mIh0yE$_$1,-I_e4mIh0yE,Negative,Positive,-0.6666666865348816,0.3385936105611817
A_current_audited,vision,20260927,4,-I_e4mIh0yE$_$3,-I_e4mIh0yE,Positive,Negative,0.6666666865348816,0.36775467447585736
A_current_audited,vision,20260927,3,-MeTTeMJBNc$_$0,-MeTTeMJBNc,Positive,Positive,0.3333333432674408,0.3240728963071767
A_current_audited,vision,20260927,3,-MeTTeMJBNc$_$13,-MeTTeMJBNc,Positive,Positive,0.3333333432674408,0.4129753393413498
A_current_audited,vision,20260927,3,-MeTTeMJBNc$_$7,-MeTTeMJBNc,Positive,Positive,1.3333333730697632,0.2744529759563924
A_current_audited,vision,20260927,4,-NFrJFQijFE$_$1,-NFrJFQijFE,Positive,Neutral,0.3333333432674408,0.002929360261060887
A_current_audited,vision,20260927,4,-NFrJFQijFE$_$2,-NFrJFQijFE,Neutral,Neutral,0.0,0.002929360261060887
A_current_audited,vision,20260927,3,-RfYyzHpjk4$_$11,-RfYyzHpjk4,Positive,Neutral,2.0,0.3431462297346368
A_current_audited,vision,20260927,3,-RfYyzHpjk4$_$2,-RfYyzHpjk4,Positive,Positive,0.3333333432674408,0.4947301597957471
A_current_audited,vision,20260927,3,-RfYyzHpjk4$_$8,-RfYyzHpjk4,Positive,Neutral,0.3333333432674408,0.35084422557452083
A_current_audited,vision,20260927,4,-THoVjtIkeU$_$12,-THoVjtIkeU,Positive,Positive,2.0,0.4695081730492017
A_current_audited,vision,20260927,4,-THoVjtIkeU$_$2,-THoVjtIkeU,Positive,Positive,1.3333333730697632,0.49269536390187674
A_current_audited,vision,20260927,4,-THoVjtIkeU$_$6,-THoVjtIkeU,Positive,Positive,2.6666667461395264,0.477627639459556
A_current_audited,vision,20260927,3,-UUCSKoHeMA$_$0,-UUCSKoHeMA,Neutral,Positive,0.0,0.33026597306923444
A_current_audited,vision,20260927,4,-UacrmKiTn4$_$10,-UacrmKiTn4,Negative,Positive,-0.6666666865348816,0.3886932271006099
A_current_audited,vision,20260927,4,-UacrmKiTn4$_$4,-UacrmKiTn4,Negative,Positive,-1.3333333730697632,0.3570257555945773
A_current_audited,vision,20260927,1,-UuX1xuaiiE$_$0,-UuX1xuaiiE,Positive,Positive,2.6666667461395264,0.4260579339863434
A_current_audited,vision,20260927,1,-UuX1xuaiiE$_$1,-UuX1xuaiiE,Positive,Negative,1.6666666269302368,0.26611030310194417
A_current_audited,vision,20260927,1,-UuX1xuaiiE$_$3,-UuX1xuaiiE,Positive,Positive,0.3333333432674408,0.32833604407101896
A_current_audited,vision,20260927,1,-UuX1xuaiiE$_$6,-UuX1xuaiiE,Negative,Positive,-0.3333333432674408,0.3870782781515576
A_current_audited,vision,20260927,1,-a55Q6RWvTA$_$3,-a55Q6RWvTA,Positive,Neutral,0.6666666865348816,0.173651950057623
A_current_audited,vision,20260927,2,-aNfi7CP8vM$_$7,-aNfi7CP8vM,Neutral,Positive,0.0,0.4054252009748292
A_current_audited,vision,20260927,1,-aqamKhZ1Ec$_$0,-aqamKhZ1Ec,Negative,Negative,-2.0,0.2953843788800281
A_current_audited,vision,20260927,4,-dxfTGcXJoc$_$0,-dxfTGcXJoc,Positive,Positive,1.0,0.3418160434152653
A_current_audited,vision,20260927,4,-dxfTGcXJoc$_$1,-dxfTGcXJoc,Positive,Positive,1.6666666269302368,0.3685140664091679
A_current_audited,vision,20260927,4,-dxfTGcXJoc$_$2,-dxfTGcXJoc,Positive,Positive,0.6666666865348816,0.45317194386047194
A_current_audited,vision,20260927,4,-dxfTGcXJoc$_$6,-dxfTGcXJoc,Positive,Positive,0.6666666865348816,0.40936367080528124
A_current_audited,vision,20260927,1,-egA8-b7-3M$_$1,-egA8-b7-3M,Positive,Positive,0.6666666865348816,0.3229857823213543
A_current_audited,vision,20260927,1,-egA8-b7-3M$_$13,-egA8-b7-3M,Positive,Neutral,0.3333333432674408,0.33140324434149426
A_current_audited,vision,20260927,1,-egA8-b7-3M$_$16,-egA8-b7-3M,Positive,Neutral,0.6666666865348816,0.33797590490118323
A_current_audited,vision,20260927,1,-egA8-b7-3M$_$17,-egA8-b7-3M,Positive,Neutral,0.3333333432674408,0.28573579206256555
A_current_audited,vision,20260927,1,-egA8-b7-3M$_$18,-egA8-b7-3M,Positive,Neutral,1.0,0.3279716255977149
A_current_audited,vision,20260927,1,-egA8-b7-3M$_$20,-egA8-b7-3M,Positive,Neutral,0.3333333432674408,0.31710248976358685
A_current_audited,vision,20260927,1,-egA8-b7-3M$_$26,-egA8-b7-3M,Positive,Neutral,1.6666666269302368,0.3384757823483223
A_current_audited,vision,20260927,1,-egA8-b7-3M$_$6,-egA8-b7-3M,Positive,Neutral,0.6666666865348816,0.3176652658916593
A_current_audited,vision,20260927,1,-egA8-b7-3M$_$9,-egA8-b7-3M,Positive,Neutral,0.3333333432674408,0.3496914884602767
A_current_audited,vision,20260927,0,-hnBHBN8p5A$_$6,-hnBHBN8p5A,Positive,Negative,1.0,0.3301506483834139
A_current_audited,vision,20260927,0,-hnBHBN8p5A$_$7,-hnBHBN8p5A,Positive,Negative,0.6666666865348816,0.537036625860599
A_current_audited,vision,20260927,3,-iRBcNs9oI8$_$3,-iRBcNs9oI8,Positive,Positive,0.6666666865348816,0.36459180795100127
A_current_audited,vision,20260927,3,-iRBcNs9oI8$_$6,-iRBcNs9oI8,Positive,Positive,0.3333333432674408,0.2304128200818648
A_current_audited,vision,20260927,3,-iRBcNs9oI8$_$7,-iRBcNs9oI8,Positive,Positive,0.6666666865348816,0.5715889921286177
A_current_audited,vision,20260927,3,-iRBcNs9oI8$_$8,-iRBcNs9oI8,Positive,Positive,1.0,0.4592605584606987
A_current_audited,vision,20260927,3,-iRBcNs9oI8$_$9,-iRBcNs9oI8,Positive,Negative,1.3333333730697632,0.1427617535828374
A_current_audited,vision,20260927,1,-lzEya4AM_4$_$5,-lzEya4AM_4,Negative,Neutral,-0.6666666865348816,0.26992429742599483
A_current_audited,vision,20260927,1,-lzEya4AM_4$_$6,-lzEya4AM_4,Negative,Neutral,-0.3333333432674408,0.2872462465009672
A_current_audited,vision,20260927,3,-mJ2ud6oKI8$_$1,-mJ2ud6oKI8,Neutral,Neutral,0.0,-0.011570052958872312
A_current_audited,vision,20260927,3,-mJ2ud6oKI8$_$2,-mJ2ud6oKI8,Neutral,Neutral,0.0,-0.011570052958872312
A_current_audited,vision,20260927,3,-mJ2ud6oKI8$_$6,-mJ2ud6oKI8,Positive,Positive,0.3333333432674408,0.35378628266931417
A_current_audited,vision,20260927,3,-mJ2ud6oKI8$_$8,-mJ2ud6oKI8,Negative,Neutral,-0.3333333432674408,0.1968354414212511
A_current_audited,vision,20260927,3,-mJ2ud6oKI8$_$9,-mJ2ud6oKI8,Neutral,Positive,0.0,0.349466760285631
A_current_audited,vision,20260927,2,-mqbVkbCndg$_$0,-mqbVkbCndg,Neutral,Negative,0.0,0.3591930700059704
A_current_audited,vision,20260927,0,-qDkUB0GgYY$_$6,-qDkUB0GgYY,Positive,Positive,1.3333333730697632,0.4867318053263219
A_current_audited,vision,20260927,2,-ri04Z7vwnc$_$0,-ri04Z7vwnc,Neutral,Neutral,0.0,0.02738544746340621
A_current_audited,vision,20260927,2,-ri04Z7vwnc$_$2,-ri04Z7vwnc,Negative,Positive,-0.3333333432674408,0.8953904602270947
A_current_audited,vision,20260927,2,-ri04Z7vwnc$_$5,-ri04Z7vwnc,Positive,Negative,0.3333333432674408,0.21645987227021632
A_current_audited,vision,20260927,4,-s9qJ7ATP7w$_$0,-s9qJ7ATP7w,Negative,Positive,-0.3333333432674408,0.41227751232154736
A_current_audited,vision,20260927,4,-s9qJ7ATP7w$_$1,-s9qJ7ATP7w,Positive,Negative,0.6666666865348816,0.22665220872491398
A_current_audited,vision,20260927,4,-s9qJ7ATP7w$_$4,-s9qJ7ATP7w,Neutral,Negative,0.0,0.46829966293717296
A_current_audited,vision,20260927,4,-s9qJ7ATP7w$_$5,-s9qJ7ATP7w,Negative,Negative,-2.0,0.35552502703267586
A_current_audited,vision,20260927,4,-s9qJ7ATP7w$_$6,-s9qJ7ATP7w,Neutral,Negative,0.0,0.33960691605861537
A_current_audited,vision,20260927,4,-s9qJ7ATP7w$_$7,-s9qJ7ATP7w,Positive,Negative,1.0,0.6062961457416742
A_current_audited,vision,20260927,4,-s9qJ7ATP7w$_$8,-s9qJ7ATP7w,Positive,Neutral,1.3333333730697632,0.31817665671212303
A_current_audited,vision,20260927,4,-t217m2on-s$_$2,-t217m2on-s,Positive,Positive,0.6666666865348816,0.3077424204097413
A_current_audited,vision,20260927,4,-t217m2on-s$_$7,-t217m2on-s,Negative,Negative,-0.6666666865348816,0.3761078497120607
A_current_audited,vision,20260927,2,-tANM6ETl_M$_$3,-tANM6ETl_M,Positive,Negative,0.3333333432674408,0.22391401404420797
A_current_audited,vision,20260927,3,-tPCytz4rww$_$10,-tPCytz4rww,Neutral,Neutral,0.0,0.23602072437971844
A_current_audited,vision,20260927,3,-tPCytz4rww$_$11,-tPCytz4rww,Neutral,Neutral,0.0,0.2316250463660558
A_current_audited,vision,20260927,3,-tPCytz4rww$_$12,-tPCytz4rww,Neutral,Neutral,0.0,0.23927168994154807
A_current_audited,vision,20260927,3,-tPCytz4rww$_$16,-tPCytz4rww,Neutral,Neutral,0.0,0.24530625880995122
A_current_audited,vision,20260927,3,-tPCytz4rww$_$18,-tPCytz4rww,Neutral,Neutral,0.0,0.24354308102360975
A_current_audited,vision,20260927,2,-uywlfIYOS8$_$4,-uywlfIYOS8,Positive,Positive,0.3333333432674408,0.7199690175624602
A_current_audited,vision,20260927,1,-vxjVxOeScU$_$4,-vxjVxOeScU,Positive,Positive,1.0,0.3971745419849908
A_current_audited,vision,20260927,3,-wMB_hJL-3o$_$7,-wMB_hJL-3o,Positive,Positive,0.3333333432674408,0.3704072451929187
A_current_audited,vision,20260927,0,-wny0OAz3g8$_$0,-wny0OAz3g8,Positive,Negative,0.3333333432674408,0.37058050237249673
A_current_audited,vision,20260927,0,-wny0OAz3g8$_$1,-wny0OAz3g8,Positive,Negative,0.3333333432674408,0.43053480151605583
A_current_audited,vision,20260927,0,-wny0OAz3g8$_$2,-wny0OAz3g8,Negative,Positive,-0.3333333432674408,0.5374112372567139
A_current_audited,vision,20260927,0,-wny0OAz3g8$_$3,-wny0OAz3g8,Negative,Negative,-1.3333333730697632,0.4591593641796656
A_current_audited,vision,20260927,0,-wny0OAz3g8$_$5,-wny0OAz3g8,Positive,Positive,1.0,0.4411212518354434
A_current_audited,vision,20260927,0,-wny0OAz3g8$_$7,-wny0OAz3g8,Neutral,Negative,0.0,0.4447864582215646
A_current_audited,vision,20260927,0,-wny0OAz3g8$_$9,-wny0OAz3g8,Positive,Negative,0.6666666865348816,0.500202315460647
A_current_audited,vision,20260927,2,-yRb-Jum7EQ$_$1,-yRb-Jum7EQ,Neutral,Neutral,0.0,0.3631534168420565
A_current_audited,vision,20260927,2,-yRb-Jum7EQ$_$5,-yRb-Jum7EQ,Negative,Neutral,-0.6666666865348816,0.3543060757932733
A_current_audited,vision,20260927,2,-yRb-Jum7EQ$_$6,-yRb-Jum7EQ,Neutral,Neutral,0.0,0.3782029589525315
A_current_audited,vision,20260928,0,-3g5yACwYnA$_$13,-3g5yACwYnA,Positive,Negative,0.6666666865348816,0.17355447605024305
A_current_audited,vision,20260928,0,-3g5yACwYnA$_$2,-3g5yACwYnA,Neutral,Neutral,0.0,0.16670304825051235
A_current_audited,vision,20260928,0,-3g5yACwYnA$_$3,-3g5yACwYnA,Neutral,Neutral,0.0,0.1765676177609572
A_current_audited,vision,20260928,0,-3g5yACwYnA$_$9,-3g5yACwYnA,Positive,Negative,0.6666666865348816,0.17135429584321618
A_current_audited,vision,20260928,0,-3nNcZdcdvU$_$5,-3nNcZdcdvU,Neutral,Positive,0.0,0.4879585982128494
A_current_audited,vision,20260928,4,-571d8cVauQ$_$0,-571d8cVauQ,Neutral,Neutral,0.0,0.36952982500362064
A_current_audited,vision,20260928,4,-571d8cVauQ$_$5,-571d8cVauQ,Positive,Positive,0.3333333432674408,0.47236502065811875
A_current_audited,vision,20260928,2,-6rXp3zJ3kc$_$8,-6rXp3zJ3kc,Negative,Negative,-1.0,0.29897406144023553
A_current_audited,vision,20260928,1,-9y-fZ3swSY$_$0,-9y-fZ3swSY,Positive,Positive,1.0,0.8564888629171881
A_current_audited,vision,20260928,1,-9y-fZ3swSY$_$4,-9y-fZ3swSY,Neutral,Neutral,0.0,0.11491630148627358
A_current_audited,vision,20260928,1,-9y-fZ3swSY$_$8,-9y-fZ3swSY,Positive,Positive,1.6666666269302368,0.48932856211823833
A_current_audited,vision,20260928,1,-AUZQgSxyPQ$_$2,-AUZQgSxyPQ,Positive,Positive,0.6666666865348816,0.356534360129188
A_current_audited,vision,20260928,4,-HeZS2-Prhc$_$2,-HeZS2-Prhc,Positive,Positive,0.6666666865348816,0.44633436752765443
A_current_audited,vision,20260928,4,-HwX2H8Z4hY$_$2,-HwX2H8Z4hY,Neutral,Neutral,0.0,0.3005827483411131
A_current_audited,vision,20260928,4,-HwX2H8Z4hY$_$5,-HwX2H8Z4hY,Negative,Positive,-1.0,0.5445572392335231
A_current_audited,vision,20260928,4,-HwX2H8Z4hY$_$6,-HwX2H8Z4hY,Neutral,Positive,0.0,0.5505515100843553
A_current_audited,vision,20260928,4,-HwX2H8Z4hY$_$9,-HwX2H8Z4hY,Negative,Neutral,-0.3333333432674408,-0.07918579889408522
A_current_audited,vision,20260928,3,-I_e4mIh0yE$_$1,-I_e4mIh0yE,Negative,Positive,-0.6666666865348816,0.42501883871312507
A_current_audited,vision,20260928,3,-I_e4mIh0yE$_$3,-I_e4mIh0yE,Positive,Negative,0.6666666865348816,0.43598346346413974
A_current_audited,vision,20260928,2,-MeTTeMJBNc$_$0,-MeTTeMJBNc,Positive,Positive,0.3333333432674408,0.4484535607059814
A_current_audited,vision,20260928,2,-MeTTeMJBNc$_$13,-MeTTeMJBNc,Positive,Positive,0.3333333432674408,0.5430294759985117
A_current_audited,vision,20260928,2,-MeTTeMJBNc$_$7,-MeTTeMJBNc,Positive,Negative,1.3333333730697632,0.38837414495575245
A_current_audited,vision,20260928,4,-NFrJFQijFE$_$1,-NFrJFQijFE,Positive,Neutral,0.3333333432674408,-0.07918579889408522
A_current_audited,vision,20260928,4,-NFrJFQijFE$_$2,-NFrJFQijFE,Neutral,Neutral,0.0,-0.07918579889408522
A_current_audited,vision,20260928,1,-RfYyzHpjk4$_$11,-RfYyzHpjk4,Positive,Neutral,2.0,0.38099421143101103
A_current_audited,vision,20260928,1,-RfYyzHpjk4$_$2,-RfYyzHpjk4,Positive,Positive,0.3333333432674408,0.7814848482867371
A_current_audited,vision,20260928,1,-RfYyzHpjk4$_$8,-RfYyzHpjk4,Positive,Neutral,0.3333333432674408,0.16785617362751423
A_current_audited,vision,20260928,0,-THoVjtIkeU$_$12,-THoVjtIkeU,Positive,Positive,2.0,0.33017113469340975
A_current_audited,vision,20260928,0,-THoVjtIkeU$_$2,-THoVjtIkeU,Positive,Positive,1.3333333730697632,0.371642366026565
A_current_audited,vision,20260928,0,-THoVjtIkeU$_$6,-THoVjtIkeU,Positive,Positive,2.6666667461395264,0.3557517801999697
A_current_audited,vision,20260928,1,-UUCSKoHeMA$_$0,-UUCSKoHeMA,Neutral,Positive,0.0,0.35045087948577114
A_current_audited,vision,20260928,2,-UacrmKiTn4$_$10,-UacrmKiTn4,Negative,Negative,-0.6666666865348816,0.45509936409472357
A_current_audited,vision,20260928,2,-UacrmKiTn4$_$4,-UacrmKiTn4,Negative,Positive,-1.3333333730697632,0.4837423858180886
A_current_audited,vision,20260928,0,-UuX1xuaiiE$_$0,-UuX1xuaiiE,Positive,Positive,2.6666667461395264,0.28391376824280457
A_current_audited,vision,20260928,0,-UuX1xuaiiE$_$1,-UuX1xuaiiE,Positive,Negative,1.6666666269302368,0.0667310052610455
A_current_audited,vision,20260928,0,-UuX1xuaiiE$_$3,-UuX1xuaiiE,Positive,Negative,0.3333333432674408,0.1938986617334976
A_current_audited,vision,20260928,0,-UuX1xuaiiE$_$6,-UuX1xuaiiE,Negative,Positive,-0.3333333432674408,0.2899338627930443
A_current_audited,vision,20260928,3,-a55Q6RWvTA$_$3,-a55Q6RWvTA,Positive,Neutral,0.6666666865348816,0.21048735064902102
A_current_audited,vision,20260928,3,-aNfi7CP8vM$_$7,-aNfi7CP8vM,Neutral,Positive,0.0,0.39758283669321237
A_current_audited,vision,20260928,1,-aqamKhZ1Ec$_$0,-aqamKhZ1Ec,Negative,Negative,-2.0,0.503346047263317
A_current_audited,vision,20260928,0,-dxfTGcXJoc$_$0,-dxfTGcXJoc,Positive,Positive,1.0,0.3593228479129934
A_current_audited,vision,20260928,0,-dxfTGcXJoc$_$1,-dxfTGcXJoc,Positive,Positive,1.6666666269302368,0.3501439617400445
A_current_audited,vision,20260928,0,-dxfTGcXJoc$_$2,-dxfTGcXJoc,Positive,Positive,0.6666666865348816,0.38712818225600276
A_current_audited,vision,20260928,0,-dxfTGcXJoc$_$6,-dxfTGcXJoc,Positive,Positive,0.6666666865348816,0.35488183870021006
A_current_audited,vision,20260928,3,-egA8-b7-3M$_$1,-egA8-b7-3M,Positive,Neutral,0.6666666865348816,0.35757571545065087
A_current_audited,vision,20260928,3,-egA8-b7-3M$_$13,-egA8-b7-3M,Positive,Neutral,0.3333333432674408,0.31472764151839994
A_current_audited,vision,20260928,3,-egA8-b7-3M$_$16,-egA8-b7-3M,Positive,Neutral,0.6666666865348816,0.29175358981450406
A_current_audited,vision,20260928,3,-egA8-b7-3M$_$17,-egA8-b7-3M,Positive,Neutral,0.3333333432674408,0.31479568599031116
A_current_audited,vision,20260928,3,-egA8-b7-3M$_$18,-egA8-b7-3M,Positive,Neutral,1.0,0.3202943253136405
A_current_audited,vision,20260928,3,-egA8-b7-3M$_$20,-egA8-b7-3M,Positive,Neutral,0.3333333432674408,0.2982389557790013
A_current_audited,vision,20260928,3,-egA8-b7-3M$_$26,-egA8-b7-3M,Positive,Neutral,1.6666666269302368,0.3211169453160087
A_current_audited,vision,20260928,3,-egA8-b7-3M$_$6,-egA8-b7-3M,Positive,Neutral,0.6666666865348816,0.29337188886010257
A_current_audited,vision,20260928,3,-egA8-b7-3M$_$9,-egA8-b7-3M,Positive,Neutral,0.3333333432674408,0.32092861102063647
A_current_audited,vision,20260928,3,-hnBHBN8p5A$_$6,-hnBHBN8p5A,Positive,Negative,1.0,0.26723544545972083
A_current_audited,vision,20260928,3,-hnBHBN8p5A$_$7,-hnBHBN8p5A,Positive,Negative,0.6666666865348816,0.43071015766830334
A_current_audited,vision,20260928,4,-iRBcNs9oI8$_$3,-iRBcNs9oI8,Positive,Positive,0.6666666865348816,0.40191964544296677
A_current_audited,vision,20260928,4,-iRBcNs9oI8$_$6,-iRBcNs9oI8,Positive,Positive,0.3333333432674408,0.30882785439263366
A_current_audited,vision,20260928,4,-iRBcNs9oI8$_$7,-iRBcNs9oI8,Positive,Positive,0.6666666865348816,0.6454866716145518
A_current_audited,vision,20260928,4,-iRBcNs9oI8$_$8,-iRBcNs9oI8,Positive,Negative,1.0,0.45702690618092673
A_current_audited,vision,20260928,4,-iRBcNs9oI8$_$9,-iRBcNs9oI8,Positive,Negative,1.3333333730697632,0.13478385070422771
A_current_audited,vision,20260928,4,-lzEya4AM_4$_$5,-lzEya4AM_4,Negative,Negative,-0.6666666865348816,0.29251143619616116
A_current_audited,vision,20260928,4,-lzEya4AM_4$_$6,-lzEya4AM_4,Negative,Positive,-0.3333333432674408,0.3339105689331956
A_current_audited,vision,20260928,3,-mJ2ud6oKI8$_$1,-mJ2ud6oKI8,Neutral,Neutral,0.0,-0.042218761467546884
A_current_audited,vision,20260928,3,-mJ2ud6oKI8$_$2,-mJ2ud6oKI8,Neutral,Neutral,0.0,-0.042218761467546884
A_current_audited,vision,20260928,3,-mJ2ud6oKI8$_$6,-mJ2ud6oKI8,Positive,Positive,0.3333333432674408,0.4222427225772457
A_current_audited,vision,20260928,3,-mJ2ud6oKI8$_$8,-mJ2ud6oKI8,Negative,Positive,-0.3333333432674408,0.2688649997931781
A_current_audited,vision,20260928,3,-mJ2ud6oKI8$_$9,-mJ2ud6oKI8,Neutral,Positive,0.0,0.3916819449958941
A_current_audited,vision,20260928,0,-mqbVkbCndg$_$0,-mqbVkbCndg,Neutral,Negative,0.0,0.2264834335076862
A_current_audited,vision,20260928,4,-qDkUB0GgYY$_$6,-qDkUB0GgYY,Positive,Positive,1.3333333730697632,0.44816533887726817
A_current_audited,vision,20260928,0,-ri04Z7vwnc$_$0,-ri04Z7vwnc,Neutral,Neutral,0.0,0.0009377728374077854
A_current_audited,vision,20260928,0,-ri04Z7vwnc$_$2,-ri04Z7vwnc,Negative,Positive,-0.3333333432674408,0.5716117093845783
A_current_audited,vision,20260928,0,-ri04Z7vwnc$_$5,-ri04Z7vwnc,Positive,Negative,0.3333333432674408,0.09984254798781692
A_current_audited,vision,20260928,1,-s9qJ7ATP7w$_$0,-s9qJ7ATP7w,Negative,Positive,-0.3333333432674408,0.6064480225375972
A_current_audited,vision,20260928,1,-s9qJ7ATP7w$_$1,-s9qJ7ATP7w,Positive,Negative,0.6666666865348816,-0.055475766586468744
A_current_audited,vision,20260928,1,-s9qJ7ATP7w$_$4,-s9qJ7ATP7w,Neutral,Positive,0.0,0.676399059689879
A_current_audited,vision,20260928,1,-s9qJ7ATP7w$_$5,-s9qJ7ATP7w,Negative,Positive,-2.0,0.4654469085280059
A_current_audited,vision,20260928,1,-s9qJ7ATP7w$_$6,-s9qJ7ATP7w,Neutral,Negative,0.0,0.24636752171508539
A_current_audited,vision,20260928,1,-s9qJ7ATP7w$_$7,-s9qJ7ATP7w,Positive,Negative,1.0,1.3768740217712936
A_current_audited,vision,20260928,1,-s9qJ7ATP7w$_$8,-s9qJ7ATP7w,Positive,Negative,1.3333333730697632,0.33076396548955955
A_current_audited,vision,20260928,2,-t217m2on-s$_$2,-t217m2on-s,Positive,Positive,0.6666666865348816,0.37719325499641765
A_current_audited,vision,20260928,2,-t217m2on-s$_$7,-t217m2on-s,Negative,Negative,-0.6666666865348816,0.43192754353332297
A_current_audited,vision,20260928,4,-tANM6ETl_M$_$3,-tANM6ETl_M,Positive,Negative,0.3333333432674408,0.18947974527442676
A_current_audited,vision,20260928,2,-tPCytz4rww$_$10,-tPCytz4rww,Neutral,Positive,0.0,0.3286980956655412
A_current_audited,vision,20260928,2,-tPCytz4rww$_$11,-tPCytz4rww,Neutral,Neutral,0.0,0.2747443966328885
A_current_audited,vision,20260928,2,-tPCytz4rww$_$12,-tPCytz4rww,Neutral,Positive,0.0,0.33477316126289774
A_current_audited,vision,20260928,2,-tPCytz4rww$_$16,-tPCytz4rww,Neutral,Positive,0.0,0.35916684366556834
A_current_audited,vision,20260928,2,-tPCytz4rww$_$18,-tPCytz4rww,Neutral,Neutral,0.0,0.31369690028718467
A_current_audited,vision,20260928,2,-uywlfIYOS8$_$4,-uywlfIYOS8,Positive,Positive,0.3333333432674408,0.6943949091005458
A_current_audited,vision,20260928,2,-vxjVxOeScU$_$4,-vxjVxOeScU,Positive,Positive,1.0,0.4979367706269133
A_current_audited,vision,20260928,4,-wMB_hJL-3o$_$7,-wMB_hJL-3o,Positive,Neutral,0.3333333432674408,0.3290866377595468
A_current_audited,vision,20260928,3,-wny0OAz3g8$_$0,-wny0OAz3g8,Positive,Negative,0.3333333432674408,0.37885900897053576
A_current_audited,vision,20260928,3,-wny0OAz3g8$_$1,-wny0OAz3g8,Positive,Positive,0.3333333432674408,0.42291233141636203
A_current_audited,vision,20260928,3,-wny0OAz3g8$_$2,-wny0OAz3g8,Negative,Positive,-0.3333333432674408,0.4937557379536037
A_current_audited,vision,20260928,3,-wny0OAz3g8$_$3,-wny0OAz3g8,Negative,Positive,-1.3333333730697632,0.43374177503278494
A_current_audited,vision,20260928,3,-wny0OAz3g8$_$5,-wny0OAz3g8,Positive,Positive,1.0,0.39500829772465074
A_current_audited,vision,20260928,3,-wny0OAz3g8$_$7,-wny0OAz3g8,Neutral,Positive,0.0,0.42796616983894603
A_current_audited,vision,20260928,3,-wny0OAz3g8$_$9,-wny0OAz3g8,Positive,Positive,0.6666666865348816,0.45396479693608327
A_current_audited,vision,20260928,1,-yRb-Jum7EQ$_$1,-yRb-Jum7EQ,Neutral,Positive,0.0,0.47932568885455634
A_current_audited,vision,20260928,1,-yRb-Jum7EQ$_$5,-yRb-Jum7EQ,Negative,Neutral,-0.6666666865348816,0.45474831674837646
A_current_audited,vision,20260928,1,-yRb-Jum7EQ$_$6,-yRb-Jum7EQ,Neutral,Positive,0.0,0.5420342915025343
A_current_audited,fused,20260924,1,-3g5yACwYnA$_$13,-3g5yACwYnA,Positive,Positive,0.6666666865348816,-0.08751949914082441
A_current_audited,fused,20260924,1,-3g5yACwYnA$_$2,-3g5yACwYnA,Neutral,Positive,0.0,0.10997867094621161
A_current_audited,fused,20260924,1,-3g5yACwYnA$_$3,-3g5yACwYnA,Neutral,Neutral,0.0,0.3537267469972768
A_current_audited,fused,20260924,1,-3g5yACwYnA$_$9,-3g5yACwYnA,Positive,Positive,0.6666666865348816,0.7086420627998089
A_current_audited,fused,20260924,0,-3nNcZdcdvU$_$5,-3nNcZdcdvU,Neutral,Neutral,0.0,0.140757239651929
A_current_audited,fused,20260924,3,-571d8cVauQ$_$0,-571d8cVauQ,Neutral,Positive,0.0,0.12528133395592758
A_current_audited,fused,20260924,3,-571d8cVauQ$_$5,-571d8cVauQ,Positive,Positive,0.3333333432674408,0.6696735572480659
A_current_audited,fused,20260924,0,-6rXp3zJ3kc$_$8,-6rXp3zJ3kc,Negative,Negative,-1.0,-0.03361570763717281
A_current_audited,fused,20260924,0,-9y-fZ3swSY$_$0,-9y-fZ3swSY,Positive,Positive,1.0,0.978945490579151
A_current_audited,fused,20260924,0,-9y-fZ3swSY$_$4,-9y-fZ3swSY,Neutral,Neutral,0.0,0.7398250241033214
A_current_audited,fused,20260924,0,-9y-fZ3swSY$_$8,-9y-fZ3swSY,Positive,Positive,1.6666666269302368,0.800058389560631
A_current_audited,fused,20260924,0,-AUZQgSxyPQ$_$2,-AUZQgSxyPQ,Positive,Negative,0.6666666865348816,0.4658576918385967
A_current_audited,fused,20260924,4,-HeZS2-Prhc$_$2,-HeZS2-Prhc,Positive,Positive,0.6666666865348816,-0.18227929725078196
A_current_audited,fused,20260924,4,-HwX2H8Z4hY$_$2,-HwX2H8Z4hY,Neutral,Positive,0.0,-0.0798279467006624
A_current_audited,fused,20260924,4,-HwX2H8Z4hY$_$5,-HwX2H8Z4hY,Negative,Neutral,-1.0,0.07498504676224638
A_current_audited,fused,20260924,4,-HwX2H8Z4hY$_$6,-HwX2H8Z4hY,Neutral,Neutral,0.0,-0.10770722813069078
A_current_audited,fused,20260924,4,-HwX2H8Z4hY$_$9,-HwX2H8Z4hY,Negative,Positive,-0.3333333432674408,0.4579510053142539
A_current_audited,fused,20260924,1,-I_e4mIh0yE$_$1,-I_e4mIh0yE,Negative,Neutral,-0.6666666865348816,-0.5262019265296516
A_current_audited,fused,20260924,1,-I_e4mIh0yE$_$3,-I_e4mIh0yE,Positive,Positive,0.6666666865348816,0.4616841486598485
A_current_audited,fused,20260924,3,-MeTTeMJBNc$_$0,-MeTTeMJBNc,Positive,Positive,0.3333333432674408,0.22183419308846208
A_current_audited,fused,20260924,3,-MeTTeMJBNc$_$13,-MeTTeMJBNc,Positive,Positive,0.3333333432674408,0.87366734778764
A_current_audited,fused,20260924,3,-MeTTeMJBNc$_$7,-MeTTeMJBNc,Positive,Positive,1.3333333730697632,0.38755579682942615
A_current_audited,fused,20260924,3,-NFrJFQijFE$_$1,-NFrJFQijFE,Positive,Neutral,0.3333333432674408,-0.23255889932126023
A_current_audited,fused,20260924,3,-NFrJFQijFE$_$2,-NFrJFQijFE,Neutral,Neutral,0.0,-0.20125411097279405
A_current_audited,fused,20260924,2,-RfYyzHpjk4$_$11,-RfYyzHpjk4,Positive,Positive,2.0,0.7440271920761388
A_current_audited,fused,20260924,2,-RfYyzHpjk4$_$2,-RfYyzHpjk4,Positive,Positive,0.3333333432674408,0.5539989704193754
A_current_audited,fused,20260924,2,-RfYyzHpjk4$_$8,-RfYyzHpjk4,Positive,Positive,0.3333333432674408,0.44472517867825345
A_current_audited,fused,20260924,0,-THoVjtIkeU$_$12,-THoVjtIkeU,Positive,Positive,2.0,0.49189612323383874
A_current_audited,fused,20260924,0,-THoVjtIkeU$_$2,-THoVjtIkeU,Positive,Positive,1.3333333730697632,0.8529558597029844
A_current_audited,fused,20260924,0,-THoVjtIkeU$_$6,-THoVjtIkeU,Positive,Positive,2.6666667461395264,0.352353068879053
A_current_audited,fused,20260924,4,-UUCSKoHeMA$_$0,-UUCSKoHeMA,Neutral,Neutral,0.0,0.3150027307998363
A_current_audited,fused,20260924,0,-UacrmKiTn4$_$10,-UacrmKiTn4,Negative,Positive,-0.6666666865348816,0.05658374603794697
A_current_audited,fused,20260924,0,-UacrmKiTn4$_$4,-UacrmKiTn4,Negative,Positive,-1.3333333730697632,0.5895704545370595
A_current_audited,fused,20260924,2,-UuX1xuaiiE$_$0,-UuX1xuaiiE,Positive,Positive,2.6666667461395264,1.0139565867736027
A_current_audited,fused,20260924,2,-UuX1xuaiiE$_$1,-UuX1xuaiiE,Positive,Positive,1.6666666269302368,0.4818091678738671
A_current_audited,fused,20260924,2,-UuX1xuaiiE$_$3,-UuX1xuaiiE,Positive,Neutral,0.3333333432674408,0.13898549659461903
A_current_audited,fused,20260924,2,-UuX1xuaiiE$_$6,-UuX1xuaiiE,Negative,Negative,-0.3333333432674408,-0.35846955744318626
A_current_audited,fused,20260924,4,-a55Q6RWvTA$_$3,-a55Q6RWvTA,Positive,Positive,0.6666666865348816,0.49640834992836214
A_current_audited,fused,20260924,0,-aNfi7CP8vM$_$7,-aNfi7CP8vM,Neutral,Positive,0.0,0.41794184903131526
A_current_audited,fused,20260924,3,-aqamKhZ1Ec$_$0,-aqamKhZ1Ec,Negative,Neutral,-2.0,0.049002906792099954
A_current_audited,fused,20260924,4,-dxfTGcXJoc$_$0,-dxfTGcXJoc,Positive,Positive,1.0,0.6657681209576624
A_current_audited,fused,20260924,4,-dxfTGcXJoc$_$1,-dxfTGcXJoc,Positive,Neutral,1.6666666269302368,0.6849873931509651
A_current_audited,fused,20260924,4,-dxfTGcXJoc$_$2,-dxfTGcXJoc,Positive,Positive,0.6666666865348816,0.8838631817532738
A_current_audited,fused,20260924,4,-dxfTGcXJoc$_$6,-dxfTGcXJoc,Positive,Positive,0.6666666865348816,0.7151335139630818
A_current_audited,fused,20260924,4,-egA8-b7-3M$_$1,-egA8-b7-3M,Positive,Positive,0.6666666865348816,0.43885225455093896
A_current_audited,fused,20260924,4,-egA8-b7-3M$_$13,-egA8-b7-3M,Positive,Positive,0.3333333432674408,0.2645528521087683
A_current_audited,fused,20260924,4,-egA8-b7-3M$_$16,-egA8-b7-3M,Positive,Positive,0.6666666865348816,0.5592509072791514
A_current_audited,fused,20260924,4,-egA8-b7-3M$_$17,-egA8-b7-3M,Positive,Positive,0.3333333432674408,1.0302339886614393
A_current_audited,fused,20260924,4,-egA8-b7-3M$_$18,-egA8-b7-3M,Positive,Positive,1.0,0.8427883312624429
A_current_audited,fused,20260924,4,-egA8-b7-3M$_$20,-egA8-b7-3M,Positive,Positive,0.3333333432674408,0.8597664759156689
A_current_audited,fused,20260924,4,-egA8-b7-3M$_$26,-egA8-b7-3M,Positive,Neutral,1.6666666269302368,0.23354135437581736
A_current_audited,fused,20260924,4,-egA8-b7-3M$_$6,-egA8-b7-3M,Positive,Positive,0.6666666865348816,1.4892956566212887
A_current_audited,fused,20260924,4,-egA8-b7-3M$_$9,-egA8-b7-3M,Positive,Positive,0.3333333432674408,0.6562562908627078
A_current_audited,fused,20260924,3,-hnBHBN8p5A$_$6,-hnBHBN8p5A,Positive,Positive,1.0,1.1690947294410892
A_current_audited,fused,20260924,3,-hnBHBN8p5A$_$7,-hnBHBN8p5A,Positive,Neutral,0.6666666865348816,0.13314337229918033
A_current_audited,fused,20260924,1,-iRBcNs9oI8$_$3,-iRBcNs9oI8,Positive,Positive,0.6666666865348816,0.0820596637224188
A_current_audited,fused,20260924,1,-iRBcNs9oI8$_$6,-iRBcNs9oI8,Positive,Positive,0.3333333432674408,0.6537772290093024
A_current_audited,fused,20260924,1,-iRBcNs9oI8$_$7,-iRBcNs9oI8,Positive,Positive,0.6666666865348816,0.8110447521902209
A_current_audited,fused,20260924,1,-iRBcNs9oI8$_$8,-iRBcNs9oI8,Positive,Positive,1.0,0.7175172654553313
A_current_audited,fused,20260924,1,-iRBcNs9oI8$_$9,-iRBcNs9oI8,Positive,Positive,1.3333333730697632,-0.0034653393562939505
A_current_audited,fused,20260924,1,-lzEya4AM_4$_$5,-lzEya4AM_4,Negative,Negative,-0.6666666865348816,-0.1934797970304466
A_current_audited,fused,20260924,1,-lzEya4AM_4$_$6,-lzEya4AM_4,Negative,Neutral,-0.3333333432674408,-0.28282114470832076
A_current_audited,fused,20260924,4,-mJ2ud6oKI8$_$1,-mJ2ud6oKI8,Neutral,Neutral,0.0,-3.548211097866522
A_current_audited,fused,20260924,4,-mJ2ud6oKI8$_$2,-mJ2ud6oKI8,Neutral,Neutral,0.0,-3.4858968451189343
A_current_audited,fused,20260924,4,-mJ2ud6oKI8$_$6,-mJ2ud6oKI8,Positive,Negative,0.3333333432674408,-0.19099409775294274
A_current_audited,fused,20260924,4,-mJ2ud6oKI8$_$8,-mJ2ud6oKI8,Negative,Positive,-0.3333333432674408,-0.17540719016723727
A_current_audited,fused,20260924,4,-mJ2ud6oKI8$_$9,-mJ2ud6oKI8,Neutral,Negative,0.0,0.20703692755285377
A_current_audited,fused,20260924,2,-mqbVkbCndg$_$0,-mqbVkbCndg,Neutral,Positive,0.0,0.8837747248325478
A_current_audited,fused,20260924,1,-qDkUB0GgYY$_$6,-qDkUB0GgYY,Positive,Positive,1.3333333730697632,1.2407313916686755
A_current_audited,fused,20260924,1,-ri04Z7vwnc$_$0,-ri04Z7vwnc,Neutral,Negative,0.0,-0.2531706405438985
A_current_audited,fused,20260924,1,-ri04Z7vwnc$_$2,-ri04Z7vwnc,Negative,Positive,-0.3333333432674408,1.0975310251602113
A_current_audited,fused,20260924,1,-ri04Z7vwnc$_$5,-ri04Z7vwnc,Positive,Positive,0.3333333432674408,0.8929194734677696
A_current_audited,fused,20260924,1,-s9qJ7ATP7w$_$0,-s9qJ7ATP7w,Negative,Negative,-0.3333333432674408,-0.18114676368010552
A_current_audited,fused,20260924,1,-s9qJ7ATP7w$_$1,-s9qJ7ATP7w,Positive,Positive,0.6666666865348816,0.567829984299737
A_current_audited,fused,20260924,1,-s9qJ7ATP7w$_$4,-s9qJ7ATP7w,Neutral,Positive,0.0,0.45015926432772724
A_current_audited,fused,20260924,1,-s9qJ7ATP7w$_$5,-s9qJ7ATP7w,Negative,Positive,-2.0,0.2656239209150688
A_current_audited,fused,20260924,1,-s9qJ7ATP7w$_$6,-s9qJ7ATP7w,Neutral,Neutral,0.0,0.3794492473290169
A_current_audited,fused,20260924,1,-s9qJ7ATP7w$_$7,-s9qJ7ATP7w,Positive,Positive,1.0,0.9273217481588483
A_current_audited,fused,20260924,1,-s9qJ7ATP7w$_$8,-s9qJ7ATP7w,Positive,Negative,1.3333333730697632,0.22387758184965714
A_current_audited,fused,20260924,3,-t217m2on-s$_$2,-t217m2on-s,Positive,Positive,0.6666666865348816,0.431541209780415
A_current_audited,fused,20260924,3,-t217m2on-s$_$7,-t217m2on-s,Negative,Positive,-0.6666666865348816,0.2858377229037494
A_current_audited,fused,20260924,0,-tANM6ETl_M$_$3,-tANM6ETl_M,Positive,Positive,0.3333333432674408,0.4473104895741723
A_current_audited,fused,20260924,4,-tPCytz4rww$_$10,-tPCytz4rww,Neutral,Positive,0.0,-0.004000224348467474
A_current_audited,fused,20260924,4,-tPCytz4rww$_$11,-tPCytz4rww,Neutral,Positive,0.0,0.40380047079801407
A_current_audited,fused,20260924,4,-tPCytz4rww$_$12,-tPCytz4rww,Neutral,Positive,0.0,0.4247182567741156
A_current_audited,fused,20260924,4,-tPCytz4rww$_$16,-tPCytz4rww,Neutral,Positive,0.0,0.06985524756046613
A_current_audited,fused,20260924,4,-tPCytz4rww$_$18,-tPCytz4rww,Neutral,Positive,0.0,0.0383038337110288
A_current_audited,fused,20260924,0,-uywlfIYOS8$_$4,-uywlfIYOS8,Positive,Positive,0.3333333432674408,0.8250027643734048
A_current_audited,fused,20260924,3,-vxjVxOeScU$_$4,-vxjVxOeScU,Positive,Positive,1.0,0.928530585107396
A_current_audited,fused,20260924,1,-wMB_hJL-3o$_$7,-wMB_hJL-3o,Positive,Positive,0.3333333432674408,0.4919634515525183
A_current_audited,fused,20260924,2,-wny0OAz3g8$_$0,-wny0OAz3g8,Positive,Neutral,0.3333333432674408,0.1626087959881487
A_current_audited,fused,20260924,2,-wny0OAz3g8$_$1,-wny0OAz3g8,Positive,Negative,0.3333333432674408,0.32871473196057793
A_current_audited,fused,20260924,2,-wny0OAz3g8$_$2,-wny0OAz3g8,Negative,Negative,-0.3333333432674408,0.511324926395347
A_current_audited,fused,20260924,2,-wny0OAz3g8$_$3,-wny0OAz3g8,Negative,Negative,-1.3333333730697632,0.5024186937220807
A_current_audited,fused,20260924,2,-wny0OAz3g8$_$5,-wny0OAz3g8,Positive,Positive,1.0,0.9629219789034664
A_current_audited,fused,20260924,2,-wny0OAz3g8$_$7,-wny0OAz3g8,Neutral,Positive,0.0,0.6631248535447569
A_current_audited,fused,20260924,2,-wny0OAz3g8$_$9,-wny0OAz3g8,Positive,Positive,0.6666666865348816,0.7478461285709087
A_current_audited,fused,20260924,4,-yRb-Jum7EQ$_$1,-yRb-Jum7EQ,Neutral,Negative,0.0,-0.38623960917363587
A_current_audited,fused,20260924,4,-yRb-Jum7EQ$_$5,-yRb-Jum7EQ,Negative,Negative,-0.6666666865348816,-0.5806621076972466
A_current_audited,fused,20260924,4,-yRb-Jum7EQ$_$6,-yRb-Jum7EQ,Neutral,Negative,0.0,-0.6702759675827359
A_current_audited,fused,20260925,4,-3g5yACwYnA$_$13,-3g5yACwYnA,Positive,Negative,0.6666666865348816,-0.1832786575074259
A_current_audited,fused,20260925,4,-3g5yACwYnA$_$2,-3g5yACwYnA,Neutral,Positive,0.0,0.3114141915406056
A_current_audited,fused,20260925,4,-3g5yACwYnA$_$3,-3g5yACwYnA,Neutral,Neutral,0.0,0.27656418850296444
A_current_audited,fused,20260925,4,-3g5yACwYnA$_$9,-3g5yACwYnA,Positive,Positive,0.6666666865348816,0.6329016318173106
A_current_audited,fused,20260925,0,-3nNcZdcdvU$_$5,-3nNcZdcdvU,Neutral,Neutral,0.0,-0.08553505558168778
A_current_audited,fused,20260925,3,-571d8cVauQ$_$0,-571d8cVauQ,Neutral,Positive,0.0,0.1201023376484891
A_current_audited,fused,20260925,3,-571d8cVauQ$_$5,-571d8cVauQ,Positive,Positive,0.3333333432674408,0.6981563194727181
A_current_audited,fused,20260925,1,-6rXp3zJ3kc$_$8,-6rXp3zJ3kc,Negative,Negative,-1.0,-0.10716595461637546
A_current_audited,fused,20260925,4,-9y-fZ3swSY$_$0,-9y-fZ3swSY,Positive,Positive,1.0,1.2893299811085508
A_current_audited,fused,20260925,4,-9y-fZ3swSY$_$4,-9y-fZ3swSY,Neutral,Positive,0.0,1.1065520138160845
A_current_audited,fused,20260925,4,-9y-fZ3swSY$_$8,-9y-fZ3swSY,Positive,Positive,1.6666666269302368,0.2445581605294099
A_current_audited,fused,20260925,3,-AUZQgSxyPQ$_$2,-AUZQgSxyPQ,Positive,Positive,0.6666666865348816,0.5073042177329268
A_current_audited,fused,20260925,1,-HeZS2-Prhc$_$2,-HeZS2-Prhc,Positive,Positive,0.6666666865348816,-0.23617509870890502
A_current_audited,fused,20260925,3,-HwX2H8Z4hY$_$2,-HwX2H8Z4hY,Neutral,Positive,0.0,-0.08302047854553696
A_current_audited,fused,20260925,3,-HwX2H8Z4hY$_$5,-HwX2H8Z4hY,Negative,Negative,-1.0,-0.11115779296859313
A_current_audited,fused,20260925,3,-HwX2H8Z4hY$_$6,-HwX2H8Z4hY,Neutral,Neutral,0.0,-0.16740089880874814
A_current_audited,fused,20260925,3,-HwX2H8Z4hY$_$9,-HwX2H8Z4hY,Negative,Neutral,-0.3333333432674408,0.05058791356018916
A_current_audited,fused,20260925,4,-I_e4mIh0yE$_$1,-I_e4mIh0yE,Negative,Neutral,-0.6666666865348816,-0.3351500098080671
A_current_audited,fused,20260925,4,-I_e4mIh0yE$_$3,-I_e4mIh0yE,Positive,Negative,0.6666666865348816,0.1928975534917481
A_current_audited,fused,20260925,0,-MeTTeMJBNc$_$0,-MeTTeMJBNc,Positive,Positive,0.3333333432674408,0.10527826380877284
A_current_audited,fused,20260925,0,-MeTTeMJBNc$_$13,-MeTTeMJBNc,Positive,Positive,0.3333333432674408,0.7383370320045664
A_current_audited,fused,20260925,0,-MeTTeMJBNc$_$7,-MeTTeMJBNc,Positive,Positive,1.3333333730697632,0.2942375428004461
A_current_audited,fused,20260925,4,-NFrJFQijFE$_$1,-NFrJFQijFE,Positive,Neutral,0.3333333432674408,0.12027378514106196
A_current_audited,fused,20260925,4,-NFrJFQijFE$_$2,-NFrJFQijFE,Neutral,Neutral,0.0,0.060308367580600375
A_current_audited,fused,20260925,2,-RfYyzHpjk4$_$11,-RfYyzHpjk4,Positive,Positive,2.0,1.022918012102905
A_current_audited,fused,20260925,2,-RfYyzHpjk4$_$2,-RfYyzHpjk4,Positive,Positive,0.3333333432674408,0.7541467316214047
A_current_audited,fused,20260925,2,-RfYyzHpjk4$_$8,-RfYyzHpjk4,Positive,Positive,0.3333333432674408,0.6282520586714939
A_current_audited,fused,20260925,2,-THoVjtIkeU$_$12,-THoVjtIkeU,Positive,Positive,2.0,0.16237251006968484
A_current_audited,fused,20260925,2,-THoVjtIkeU$_$2,-THoVjtIkeU,Positive,Positive,1.3333333730697632,0.9000639780984206
A_current_audited,fused,20260925,2,-THoVjtIkeU$_$6,-THoVjtIkeU,Positive,Positive,2.6666667461395264,-0.003385515924259175
A_current_audited,fused,20260925,4,-UUCSKoHeMA$_$0,-UUCSKoHeMA,Neutral,Positive,0.0,0.5925982131931868
A_current_audited,fused,20260925,2,-UacrmKiTn4$_$10,-UacrmKiTn4,Negative,Positive,-0.6666666865348816,-0.021351463568560047
A_current_audited,fused,20260925,2,-UacrmKiTn4$_$4,-UacrmKiTn4,Negative,Neutral,-1.3333333730697632,0.5054475149406771
A_current_audited,fused,20260925,0,-UuX1xuaiiE$_$0,-UuX1xuaiiE,Positive,Positive,2.6666667461395264,1.0419481075847568
A_current_audited,fused,20260925,0,-UuX1xuaiiE$_$1,-UuX1xuaiiE,Positive,Positive,1.6666666269302368,0.33779324889865725
A_current_audited,fused,20260925,0,-UuX1xuaiiE$_$3,-UuX1xuaiiE,Positive,Neutral,0.3333333432674408,0.15382456598362662
A_current_audited,fused,20260925,0,-UuX1xuaiiE$_$6,-UuX1xuaiiE,Negative,Negative,-0.3333333432674408,-0.5415946616685875
A_current_audited,fused,20260925,1,-a55Q6RWvTA$_$3,-a55Q6RWvTA,Positive,Positive,0.6666666865348816,0.5011132109058645
A_current_audited,fused,20260925,1,-aNfi7CP8vM$_$7,-aNfi7CP8vM,Neutral,Positive,0.0,0.4167088002356498
A_current_audited,fused,20260925,2,-aqamKhZ1Ec$_$0,-aqamKhZ1Ec,Negative,Negative,-2.0,-0.3084643833752787
A_current_audited,fused,20260925,3,-dxfTGcXJoc$_$0,-dxfTGcXJoc,Positive,Positive,1.0,0.6972989646140906
A_current_audited,fused,20260925,3,-dxfTGcXJoc$_$1,-dxfTGcXJoc,Positive,Positive,1.6666666269302368,0.6455906868367628
A_current_audited,fused,20260925,3,-dxfTGcXJoc$_$2,-dxfTGcXJoc,Positive,Positive,0.6666666865348816,0.9061014963956211
A_current_audited,fused,20260925,3,-dxfTGcXJoc$_$6,-dxfTGcXJoc,Positive,Positive,0.6666666865348816,0.8275991183444438
A_current_audited,fused,20260925,2,-egA8-b7-3M$_$1,-egA8-b7-3M,Positive,Positive,0.6666666865348816,0.15017252225284047
A_current_audited,fused,20260925,2,-egA8-b7-3M$_$13,-egA8-b7-3M,Positive,Positive,0.3333333432674408,0.24445270718719034
A_current_audited,fused,20260925,2,-egA8-b7-3M$_$16,-egA8-b7-3M,Positive,Positive,0.6666666865348816,0.8402160328051893
A_current_audited,fused,20260925,2,-egA8-b7-3M$_$17,-egA8-b7-3M,Positive,Positive,0.3333333432674408,0.7146567494865723
A_current_audited,fused,20260925,2,-egA8-b7-3M$_$18,-egA8-b7-3M,Positive,Positive,1.0,0.5769603584840056
A_current_audited,fused,20260925,2,-egA8-b7-3M$_$20,-egA8-b7-3M,Positive,Positive,0.3333333432674408,0.3420762050115213
A_current_audited,fused,20260925,2,-egA8-b7-3M$_$26,-egA8-b7-3M,Positive,Neutral,1.6666666269302368,0.4738002622350503
A_current_audited,fused,20260925,2,-egA8-b7-3M$_$6,-egA8-b7-3M,Positive,Positive,0.6666666865348816,1.6097931696359464
A_current_audited,fused,20260925,2,-egA8-b7-3M$_$9,-egA8-b7-3M,Positive,Positive,0.3333333432674408,1.0457248075928223
A_current_audited,fused,20260925,0,-hnBHBN8p5A$_$6,-hnBHBN8p5A,Positive,Positive,1.0,0.7714692026224734
A_current_audited,fused,20260925,0,-hnBHBN8p5A$_$7,-hnBHBN8p5A,Positive,Negative,0.6666666865348816,-0.052074483736233135
A_current_audited,fused,20260925,4,-iRBcNs9oI8$_$3,-iRBcNs9oI8,Positive,Positive,0.6666666865348816,0.34911143246546716
A_current_audited,fused,20260925,4,-iRBcNs9oI8$_$6,-iRBcNs9oI8,Positive,Positive,0.3333333432674408,0.6025254637660356
A_current_audited,fused,20260925,4,-iRBcNs9oI8$_$7,-iRBcNs9oI8,Positive,Positive,0.6666666865348816,0.7353160485698342
A_current_audited,fused,20260925,4,-iRBcNs9oI8$_$8,-iRBcNs9oI8,Positive,Positive,1.0,0.7048763055864056
A_current_audited,fused,20260925,4,-iRBcNs9oI8$_$9,-iRBcNs9oI8,Positive,Positive,1.3333333730697632,0.26771296061570904
A_current_audited,fused,20260925,0,-lzEya4AM_4$_$5,-lzEya4AM_4,Negative,Negative,-0.6666666865348816,-0.149476345518739
A_current_audited,fused,20260925,0,-lzEya4AM_4$_$6,-lzEya4AM_4,Negative,Negative,-0.3333333432674408,-0.1878902534734478
A_current_audited,fused,20260925,0,-mJ2ud6oKI8$_$1,-mJ2ud6oKI8,Neutral,Neutral,0.0,-4.017893686882128
A_current_audited,fused,20260925,0,-mJ2ud6oKI8$_$2,-mJ2ud6oKI8,Neutral,Neutral,0.0,-3.880320340726219
A_current_audited,fused,20260925,0,-mJ2ud6oKI8$_$6,-mJ2ud6oKI8,Positive,Neutral,0.3333333432674408,0.3187010442814641
A_current_audited,fused,20260925,0,-mJ2ud6oKI8$_$8,-mJ2ud6oKI8,Negative,Neutral,-0.3333333432674408,-0.01446891880305018
A_current_audited,fused,20260925,0,-mJ2ud6oKI8$_$9,-mJ2ud6oKI8,Neutral,Positive,0.0,0.2914196408568529
A_current_audited,fused,20260925,3,-mqbVkbCndg$_$0,-mqbVkbCndg,Neutral,Positive,0.0,0.9210534428707391
A_current_audited,fused,20260925,1,-qDkUB0GgYY$_$6,-qDkUB0GgYY,Positive,Positive,1.3333333730697632,1.2785864552249553
A_current_audited,fused,20260925,1,-ri04Z7vwnc$_$0,-ri04Z7vwnc,Neutral,Positive,0.0,-0.09316607049930209
A_current_audited,fused,20260925,1,-ri04Z7vwnc$_$2,-ri04Z7vwnc,Negative,Positive,-0.3333333432674408,1.0154864504436294
A_current_audited,fused,20260925,1,-ri04Z7vwnc$_$5,-ri04Z7vwnc,Positive,Neutral,0.3333333432674408,0.9663258357560922
A_current_audited,fused,20260925,4,-s9qJ7ATP7w$_$0,-s9qJ7ATP7w,Negative,Neutral,-0.3333333432674408,0.30670172805313145
A_current_audited,fused,20260925,4,-s9qJ7ATP7w$_$1,-s9qJ7ATP7w,Positive,Positive,0.6666666865348816,0.6645662584737808
A_current_audited,fused,20260925,4,-s9qJ7ATP7w$_$4,-s9qJ7ATP7w,Neutral,Positive,0.0,0.615052580040504
A_current_audited,fused,20260925,4,-s9qJ7ATP7w$_$5,-s9qJ7ATP7w,Negative,Negative,-2.0,0.26574484507243745
A_current_audited,fused,20260925,4,-s9qJ7ATP7w$_$6,-s9qJ7ATP7w,Neutral,Positive,0.0,0.7678916413873956
A_current_audited,fused,20260925,4,-s9qJ7ATP7w$_$7,-s9qJ7ATP7w,Positive,Positive,1.0,1.1058860975132672
A_current_audited,fused,20260925,4,-s9qJ7ATP7w$_$8,-s9qJ7ATP7w,Positive,Positive,1.3333333730697632,0.19013663135185066
A_current_audited,fused,20260925,3,-t217m2on-s$_$2,-t217m2on-s,Positive,Positive,0.6666666865348816,0.21770425396383541
A_current_audited,fused,20260925,3,-t217m2on-s$_$7,-t217m2on-s,Negative,Positive,-0.6666666865348816,0.08324472874161093
A_current_audited,fused,20260925,4,-tANM6ETl_M$_$3,-tANM6ETl_M,Positive,Neutral,0.3333333432674408,0.2006990916926201
A_current_audited,fused,20260925,3,-tPCytz4rww$_$10,-tPCytz4rww,Neutral,Positive,0.0,-0.17755340606948528
A_current_audited,fused,20260925,3,-tPCytz4rww$_$11,-tPCytz4rww,Neutral,Neutral,0.0,0.449551645487664
A_current_audited,fused,20260925,3,-tPCytz4rww$_$12,-tPCytz4rww,Neutral,Positive,0.0,0.4144767172609204
A_current_audited,fused,20260925,3,-tPCytz4rww$_$16,-tPCytz4rww,Neutral,Positive,0.0,0.011160796770784076
A_current_audited,fused,20260925,3,-tPCytz4rww$_$18,-tPCytz4rww,Neutral,Positive,0.0,-0.10482506729752483
A_current_audited,fused,20260925,1,-uywlfIYOS8$_$4,-uywlfIYOS8,Positive,Positive,0.3333333432674408,0.660776888005927
A_current_audited,fused,20260925,2,-vxjVxOeScU$_$4,-vxjVxOeScU,Positive,Positive,1.0,0.3919136440203592
A_current_audited,fused,20260925,2,-wMB_hJL-3o$_$7,-wMB_hJL-3o,Positive,Neutral,0.3333333432674408,-0.07631224072249165
A_current_audited,fused,20260925,4,-wny0OAz3g8$_$0,-wny0OAz3g8,Positive,Neutral,0.3333333432674408,0.17303274839480443
A_current_audited,fused,20260925,4,-wny0OAz3g8$_$1,-wny0OAz3g8,Positive,Neutral,0.3333333432674408,0.6335029947274815
A_current_audited,fused,20260925,4,-wny0OAz3g8$_$2,-wny0OAz3g8,Negative,Positive,-0.3333333432674408,0.454958964517058
A_current_audited,fused,20260925,4,-wny0OAz3g8$_$3,-wny0OAz3g8,Negative,Neutral,-1.3333333730697632,0.44969821007367083
A_current_audited,fused,20260925,4,-wny0OAz3g8$_$5,-wny0OAz3g8,Positive,Positive,1.0,0.623231753181694
A_current_audited,fused,20260925,4,-wny0OAz3g8$_$7,-wny0OAz3g8,Neutral,Positive,0.0,0.48924596721249053
A_current_audited,fused,20260925,4,-wny0OAz3g8$_$9,-wny0OAz3g8,Positive,Positive,0.6666666865348816,0.3653548954314608
A_current_audited,fused,20260925,2,-yRb-Jum7EQ$_$1,-yRb-Jum7EQ,Neutral,Negative,0.0,-0.6669673820434043
A_current_audited,fused,20260925,2,-yRb-Jum7EQ$_$5,-yRb-Jum7EQ,Negative,Negative,-0.6666666865348816,-0.7335998201713759
A_current_audited,fused,20260925,2,-yRb-Jum7EQ$_$6,-yRb-Jum7EQ,Neutral,Negative,0.0,-0.6544527896836341
A_current_audited,fused,20260926,1,-3g5yACwYnA$_$13,-3g5yACwYnA,Positive,Negative,0.6666666865348816,-0.26663041332416487
A_current_audited,fused,20260926,1,-3g5yACwYnA$_$2,-3g5yACwYnA,Neutral,Positive,0.0,0.3308870372794158
A_current_audited,fused,20260926,1,-3g5yACwYnA$_$3,-3g5yACwYnA,Neutral,Positive,0.0,0.7584690455726265
A_current_audited,fused,20260926,1,-3g5yACwYnA$_$9,-3g5yACwYnA,Positive,Positive,0.6666666865348816,1.039734962223741
A_current_audited,fused,20260926,3,-3nNcZdcdvU$_$5,-3nNcZdcdvU,Neutral,Positive,0.0,0.0041086641830292425
A_current_audited,fused,20260926,3,-571d8cVauQ$_$0,-571d8cVauQ,Neutral,Positive,0.0,0.03810848283775892
A_current_audited,fused,20260926,3,-571d8cVauQ$_$5,-571d8cVauQ,Positive,Positive,0.3333333432674408,0.47138742041315584
A_current_audited,fused,20260926,4,-6rXp3zJ3kc$_$8,-6rXp3zJ3kc,Negative,Negative,-1.0,-0.1373265590112548
A_current_audited,fused,20260926,0,-9y-fZ3swSY$_$0,-9y-fZ3swSY,Positive,Positive,1.0,1.254340782282182
A_current_audited,fused,20260926,0,-9y-fZ3swSY$_$4,-9y-fZ3swSY,Neutral,Positive,0.0,0.9705979085763099
A_current_audited,fused,20260926,0,-9y-fZ3swSY$_$8,-9y-fZ3swSY,Positive,Positive,1.6666666269302368,0.3818853485744178
A_current_audited,fused,20260926,0,-AUZQgSxyPQ$_$2,-AUZQgSxyPQ,Positive,Neutral,0.6666666865348816,0.49041044241360277
A_current_audited,fused,20260926,4,-HeZS2-Prhc$_$2,-HeZS2-Prhc,Positive,Positive,0.6666666865348816,-0.39974493730882066
A_current_audited,fused,20260926,0,-HwX2H8Z4hY$_$2,-HwX2H8Z4hY,Neutral,Neutral,0.0,-0.133124161602879
A_current_audited,fused,20260926,0,-HwX2H8Z4hY$_$5,-HwX2H8Z4hY,Negative,Neutral,-1.0,0.2527518641935838
A_current_audited,fused,20260926,0,-HwX2H8Z4hY$_$6,-HwX2H8Z4hY,Neutral,Neutral,0.0,0.0833514028040715
A_current_audited,fused,20260926,0,-HwX2H8Z4hY$_$9,-HwX2H8Z4hY,Negative,Neutral,-0.3333333432674408,0.018018311002677423
A_current_audited,fused,20260926,1,-I_e4mIh0yE$_$1,-I_e4mIh0yE,Negative,Neutral,-0.6666666865348816,-0.49000685116541093
A_current_audited,fused,20260926,1,-I_e4mIh0yE$_$3,-I_e4mIh0yE,Positive,Positive,0.6666666865348816,0.5170011057381916
A_current_audited,fused,20260926,4,-MeTTeMJBNc$_$0,-MeTTeMJBNc,Positive,Positive,0.3333333432674408,0.21356597602982672
A_current_audited,fused,20260926,4,-MeTTeMJBNc$_$13,-MeTTeMJBNc,Positive,Positive,0.3333333432674408,0.9270850536991514
A_current_audited,fused,20260926,4,-MeTTeMJBNc$_$7,-MeTTeMJBNc,Positive,Positive,1.3333333730697632,0.5678246805989102
A_current_audited,fused,20260926,2,-NFrJFQijFE$_$1,-NFrJFQijFE,Positive,Neutral,0.3333333432674408,-0.19816277593493248
A_current_audited,fused,20260926,2,-NFrJFQijFE$_$2,-NFrJFQijFE,Neutral,Neutral,0.0,-0.23692162620873364
A_current_audited,fused,20260926,2,-RfYyzHpjk4$_$11,-RfYyzHpjk4,Positive,Positive,2.0,0.8906456355997223
A_current_audited,fused,20260926,2,-RfYyzHpjk4$_$2,-RfYyzHpjk4,Positive,Positive,0.3333333432674408,0.5824145321478104
A_current_audited,fused,20260926,2,-RfYyzHpjk4$_$8,-RfYyzHpjk4,Positive,Positive,0.3333333432674408,0.4949946631653132
A_current_audited,fused,20260926,3,-THoVjtIkeU$_$12,-THoVjtIkeU,Positive,Positive,2.0,0.4462927787501578
A_current_audited,fused,20260926,3,-THoVjtIkeU$_$2,-THoVjtIkeU,Positive,Positive,1.3333333730697632,0.8539835712669601
A_current_audited,fused,20260926,3,-THoVjtIkeU$_$6,-THoVjtIkeU,Positive,Positive,2.6666667461395264,0.3310649435412841
A_current_audited,fused,20260926,2,-UUCSKoHeMA$_$0,-UUCSKoHeMA,Neutral,Positive,0.0,0.6135884048438592
A_current_audited,fused,20260926,4,-UacrmKiTn4$_$10,-UacrmKiTn4,Negative,Positive,-0.6666666865348816,0.12985582331588646
A_current_audited,fused,20260926,4,-UacrmKiTn4$_$4,-UacrmKiTn4,Negative,Positive,-1.3333333730697632,0.7503254578215802
A_current_audited,fused,20260926,4,-UuX1xuaiiE$_$0,-UuX1xuaiiE,Positive,Positive,2.6666667461395264,1.016318904718732
A_current_audited,fused,20260926,4,-UuX1xuaiiE$_$1,-UuX1xuaiiE,Positive,Positive,1.6666666269302368,0.4442267288024203
A_current_audited,fused,20260926,4,-UuX1xuaiiE$_$3,-UuX1xuaiiE,Positive,Positive,0.3333333432674408,0.29571894803939175
A_current_audited,fused,20260926,4,-UuX1xuaiiE$_$6,-UuX1xuaiiE,Negative,Negative,-0.3333333432674408,-0.24824167826665544
A_current_audited,fused,20260926,0,-a55Q6RWvTA$_$3,-a55Q6RWvTA,Positive,Neutral,0.6666666865348816,0.47813132728111385
A_current_audited,fused,20260926,4,-aNfi7CP8vM$_$7,-aNfi7CP8vM,Neutral,Positive,0.0,0.5682775984785204
A_current_audited,fused,20260926,1,-aqamKhZ1Ec$_$0,-aqamKhZ1Ec,Negative,Neutral,-2.0,-0.24287648836590864
A_current_audited,fused,20260926,0,-dxfTGcXJoc$_$0,-dxfTGcXJoc,Positive,Neutral,1.0,0.48198519033711945
A_current_audited,fused,20260926,0,-dxfTGcXJoc$_$1,-dxfTGcXJoc,Positive,Neutral,1.6666666269302368,0.35611841113101267
A_current_audited,fused,20260926,0,-dxfTGcXJoc$_$2,-dxfTGcXJoc,Positive,Neutral,0.6666666865348816,0.5626826194925187
A_current_audited,fused,20260926,0,-dxfTGcXJoc$_$6,-dxfTGcXJoc,Positive,Neutral,0.6666666865348816,0.42436713430891104
A_current_audited,fused,20260926,0,-egA8-b7-3M$_$1,-egA8-b7-3M,Positive,Neutral,0.6666666865348816,0.15506174788449734
A_current_audited,fused,20260926,0,-egA8-b7-3M$_$13,-egA8-b7-3M,Positive,Positive,0.3333333432674408,0.1871042853515572
A_current_audited,fused,20260926,0,-egA8-b7-3M$_$16,-egA8-b7-3M,Positive,Positive,0.6666666865348816,0.5114033223245649
A_current_audited,fused,20260926,0,-egA8-b7-3M$_$17,-egA8-b7-3M,Positive,Positive,0.3333333432674408,1.1825392638385266
A_current_audited,fused,20260926,0,-egA8-b7-3M$_$18,-egA8-b7-3M,Positive,Neutral,1.0,0.5613341438048061
A_current_audited,fused,20260926,0,-egA8-b7-3M$_$20,-egA8-b7-3M,Positive,Positive,0.3333333432674408,0.7118941142407786
A_current_audited,fused,20260926,0,-egA8-b7-3M$_$26,-egA8-b7-3M,Positive,Positive,1.6666666269302368,0.5248869588983793
A_current_audited,fused,20260926,0,-egA8-b7-3M$_$6,-egA8-b7-3M,Positive,Positive,0.6666666865348816,0.860659465422551
A_current_audited,fused,20260926,0,-egA8-b7-3M$_$9,-egA8-b7-3M,Positive,Positive,0.3333333432674408,0.5327288135589068
A_current_audited,fused,20260926,1,-hnBHBN8p5A$_$6,-hnBHBN8p5A,Positive,Positive,1.0,1.002668060148276
A_current_audited,fused,20260926,1,-hnBHBN8p5A$_$7,-hnBHBN8p5A,Positive,Positive,0.6666666865348816,0.27230967094155534
A_current_audited,fused,20260926,2,-iRBcNs9oI8$_$3,-iRBcNs9oI8,Positive,Positive,0.6666666865348816,0.3629073954816322
A_current_audited,fused,20260926,2,-iRBcNs9oI8$_$6,-iRBcNs9oI8,Positive,Positive,0.3333333432674408,0.6915728105790884
A_current_audited,fused,20260926,2,-iRBcNs9oI8$_$7,-iRBcNs9oI8,Positive,Positive,0.6666666865348816,0.5663989872452602
A_current_audited,fused,20260926,2,-iRBcNs9oI8$_$8,-iRBcNs9oI8,Positive,Positive,1.0,0.39674652153160794
A_current_audited,fused,20260926,2,-iRBcNs9oI8$_$9,-iRBcNs9oI8,Positive,Neutral,1.3333333730697632,0.06893893884867117
A_current_audited,fused,20260926,0,-lzEya4AM_4$_$5,-lzEya4AM_4,Negative,Negative,-0.6666666865348816,-0.2608617737210655
A_current_audited,fused,20260926,0,-lzEya4AM_4$_$6,-lzEya4AM_4,Negative,Neutral,-0.3333333432674408,-0.26285516940196346
A_current_audited,fused,20260926,4,-mJ2ud6oKI8$_$1,-mJ2ud6oKI8,Neutral,Neutral,0.0,-3.271620532210499
A_current_audited,fused,20260926,4,-mJ2ud6oKI8$_$2,-mJ2ud6oKI8,Neutral,Neutral,0.0,-3.2903872108724137
A_current_audited,fused,20260926,4,-mJ2ud6oKI8$_$6,-mJ2ud6oKI8,Positive,Neutral,0.3333333432674408,0.45862526070628423
A_current_audited,fused,20260926,4,-mJ2ud6oKI8$_$8,-mJ2ud6oKI8,Negative,Neutral,-0.3333333432674408,-0.06544943875274833
A_current_audited,fused,20260926,4,-mJ2ud6oKI8$_$9,-mJ2ud6oKI8,Neutral,Negative,0.0,0.2267567993267326
A_current_audited,fused,20260926,1,-mqbVkbCndg$_$0,-mqbVkbCndg,Neutral,Positive,0.0,1.081295934973156
A_current_audited,fused,20260926,2,-qDkUB0GgYY$_$6,-qDkUB0GgYY,Positive,Positive,1.3333333730697632,1.4339418372848691
A_current_audited,fused,20260926,1,-ri04Z7vwnc$_$0,-ri04Z7vwnc,Neutral,Negative,0.0,-0.5753716908268045
A_current_audited,fused,20260926,1,-ri04Z7vwnc$_$2,-ri04Z7vwnc,Negative,Positive,-0.3333333432674408,0.7602754930829263
A_current_audited,fused,20260926,1,-ri04Z7vwnc$_$5,-ri04Z7vwnc,Positive,Positive,0.3333333432674408,0.9273720130837619
A_current_audited,fused,20260926,0,-s9qJ7ATP7w$_$0,-s9qJ7ATP7w,Negative,Negative,-0.3333333432674408,0.49521605867428414
A_current_audited,fused,20260926,0,-s9qJ7ATP7w$_$1,-s9qJ7ATP7w,Positive,Positive,0.6666666865348816,0.7086416863150343
A_current_audited,fused,20260926,0,-s9qJ7ATP7w$_$4,-s9qJ7ATP7w,Neutral,Positive,0.0,1.0471224648834083
A_current_audited,fused,20260926,0,-s9qJ7ATP7w$_$5,-s9qJ7ATP7w,Negative,Positive,-2.0,0.42254143933975785
A_current_audited,fused,20260926,0,-s9qJ7ATP7w$_$6,-s9qJ7ATP7w,Neutral,Positive,0.0,0.813505194445101
A_current_audited,fused,20260926,0,-s9qJ7ATP7w$_$7,-s9qJ7ATP7w,Positive,Positive,1.0,0.9109395350104754
A_current_audited,fused,20260926,0,-s9qJ7ATP7w$_$8,-s9qJ7ATP7w,Positive,Neutral,1.3333333730697632,0.007565011828758295
A_current_audited,fused,20260926,4,-t217m2on-s$_$2,-t217m2on-s,Positive,Positive,0.6666666865348816,0.5094600174990166
A_current_audited,fused,20260926,4,-t217m2on-s$_$7,-t217m2on-s,Negative,Positive,-0.6666666865348816,0.3934784258126967
A_current_audited,fused,20260926,1,-tANM6ETl_M$_$3,-tANM6ETl_M,Positive,Positive,0.3333333432674408,0.06675430386568182
A_current_audited,fused,20260926,1,-tPCytz4rww$_$10,-tPCytz4rww,Neutral,Positive,0.0,-0.06173514209231018
A_current_audited,fused,20260926,1,-tPCytz4rww$_$11,-tPCytz4rww,Neutral,Positive,0.0,0.5316273317986269
A_current_audited,fused,20260926,1,-tPCytz4rww$_$12,-tPCytz4rww,Neutral,Positive,0.0,0.6667117102213042
A_current_audited,fused,20260926,1,-tPCytz4rww$_$16,-tPCytz4rww,Neutral,Positive,0.0,0.12315776763654412
A_current_audited,fused,20260926,1,-tPCytz4rww$_$18,-tPCytz4rww,Neutral,Neutral,0.0,-0.0977659877588764
A_current_audited,fused,20260926,0,-uywlfIYOS8$_$4,-uywlfIYOS8,Positive,Positive,0.3333333432674408,0.42865481396804334
A_current_audited,fused,20260926,0,-vxjVxOeScU$_$4,-vxjVxOeScU,Positive,Positive,1.0,0.8853270174880437
A_current_audited,fused,20260926,4,-wMB_hJL-3o$_$7,-wMB_hJL-3o,Positive,Positive,0.3333333432674408,0.6085874014187156
A_current_audited,fused,20260926,3,-wny0OAz3g8$_$0,-wny0OAz3g8,Positive,Neutral,0.3333333432674408,0.0746899635116488
A_current_audited,fused,20260926,3,-wny0OAz3g8$_$1,-wny0OAz3g8,Positive,Negative,0.3333333432674408,0.39055383741444216
A_current_audited,fused,20260926,3,-wny0OAz3g8$_$2,-wny0OAz3g8,Negative,Negative,-0.3333333432674408,0.23602533639937331
A_current_audited,fused,20260926,3,-wny0OAz3g8$_$3,-wny0OAz3g8,Negative,Negative,-1.3333333730697632,0.33319915663958566
A_current_audited,fused,20260926,3,-wny0OAz3g8$_$5,-wny0OAz3g8,Positive,Positive,1.0,0.6510054271844115
A_current_audited,fused,20260926,3,-wny0OAz3g8$_$7,-wny0OAz3g8,Neutral,Positive,0.0,0.33371531773294427
A_current_audited,fused,20260926,3,-wny0OAz3g8$_$9,-wny0OAz3g8,Positive,Positive,0.6666666865348816,0.7495083054479111
A_current_audited,fused,20260926,4,-yRb-Jum7EQ$_$1,-yRb-Jum7EQ,Neutral,Negative,0.0,-0.18100599287704922
A_current_audited,fused,20260926,4,-yRb-Jum7EQ$_$5,-yRb-Jum7EQ,Negative,Negative,-0.6666666865348816,-0.3840865032030927
A_current_audited,fused,20260926,4,-yRb-Jum7EQ$_$6,-yRb-Jum7EQ,Neutral,Negative,0.0,-0.5088687771133606
A_current_audited,fused,20260927,0,-3g5yACwYnA$_$13,-3g5yACwYnA,Positive,Negative,0.6666666865348816,-0.5598034336733051
A_current_audited,fused,20260927,0,-3g5yACwYnA$_$2,-3g5yACwYnA,Neutral,Positive,0.0,0.334765437925571
A_current_audited,fused,20260927,0,-3g5yACwYnA$_$3,-3g5yACwYnA,Neutral,Positive,0.0,0.6508081827866811
A_current_audited,fused,20260927,0,-3g5yACwYnA$_$9,-3g5yACwYnA,Positive,Positive,0.6666666865348816,0.8736598831760278
A_current_audited,fused,20260927,1,-3nNcZdcdvU$_$5,-3nNcZdcdvU,Neutral,Neutral,0.0,0.007306789173804118
A_current_audited,fused,20260927,0,-571d8cVauQ$_$0,-571d8cVauQ,Neutral,Positive,0.0,0.007534081251966529
A_current_audited,fused,20260927,0,-571d8cVauQ$_$5,-571d8cVauQ,Positive,Positive,0.3333333432674408,0.5789738025791644
A_current_audited,fused,20260927,4,-6rXp3zJ3kc$_$8,-6rXp3zJ3kc,Negative,Neutral,-1.0,0.23008437027527107
A_current_audited,fused,20260927,1,-9y-fZ3swSY$_$0,-9y-fZ3swSY,Positive,Positive,1.0,1.1156341242492909
A_current_audited,fused,20260927,1,-9y-fZ3swSY$_$4,-9y-fZ3swSY,Neutral,Neutral,0.0,0.636502372227442
A_current_audited,fused,20260927,1,-9y-fZ3swSY$_$8,-9y-fZ3swSY,Positive,Positive,1.6666666269302368,0.47201997343056296
A_current_audited,fused,20260927,3,-AUZQgSxyPQ$_$2,-AUZQgSxyPQ,Positive,Negative,0.6666666865348816,0.22573451604903091
A_current_audited,fused,20260927,4,-HeZS2-Prhc$_$2,-HeZS2-Prhc,Positive,Positive,0.6666666865348816,-0.11525676190074036
A_current_audited,fused,20260927,0,-HwX2H8Z4hY$_$2,-HwX2H8Z4hY,Neutral,Neutral,0.0,0.12325965402212763
A_current_audited,fused,20260927,0,-HwX2H8Z4hY$_$5,-HwX2H8Z4hY,Negative,Positive,-1.0,0.3897512037139908
A_current_audited,fused,20260927,0,-HwX2H8Z4hY$_$6,-HwX2H8Z4hY,Neutral,Neutral,0.0,-0.16450020282947797
A_current_audited,fused,20260927,0,-HwX2H8Z4hY$_$9,-HwX2H8Z4hY,Negative,Neutral,-0.3333333432674408,0.0032565047576650352
A_current_audited,fused,20260927,4,-I_e4mIh0yE$_$1,-I_e4mIh0yE,Negative,Neutral,-0.6666666865348816,-0.679392815801344
A_current_audited,fused,20260927,4,-I_e4mIh0yE$_$3,-I_e4mIh0yE,Positive,Positive,0.6666666865348816,0.12041191439348295
A_current_audited,fused,20260927,3,-MeTTeMJBNc$_$0,-MeTTeMJBNc,Positive,Positive,0.3333333432674408,0.08189477921218574
A_current_audited,fused,20260927,3,-MeTTeMJBNc$_$13,-MeTTeMJBNc,Positive,Positive,0.3333333432674408,0.79901861597603
A_current_audited,fused,20260927,3,-MeTTeMJBNc$_$7,-MeTTeMJBNc,Positive,Positive,1.3333333730697632,0.412402857598183
A_current_audited,fused,20260927,4,-NFrJFQijFE$_$1,-NFrJFQijFE,Positive,Neutral,0.3333333432674408,-0.09325545355109904
A_current_audited,fused,20260927,4,-NFrJFQijFE$_$2,-NFrJFQijFE,Neutral,Neutral,0.0,-0.23513986965969552
A_current_audited,fused,20260927,3,-RfYyzHpjk4$_$11,-RfYyzHpjk4,Positive,Positive,2.0,0.8351102226556213
A_current_audited,fused,20260927,3,-RfYyzHpjk4$_$2,-RfYyzHpjk4,Positive,Positive,0.3333333432674408,0.5705234519616103
A_current_audited,fused,20260927,3,-RfYyzHpjk4$_$8,-RfYyzHpjk4,Positive,Positive,0.3333333432674408,0.5102309169613102
A_current_audited,fused,20260927,4,-THoVjtIkeU$_$12,-THoVjtIkeU,Positive,Positive,2.0,0.42566000542070415
A_current_audited,fused,20260927,4,-THoVjtIkeU$_$2,-THoVjtIkeU,Positive,Positive,1.3333333730697632,0.59090187388752
A_current_audited,fused,20260927,4,-THoVjtIkeU$_$6,-THoVjtIkeU,Positive,Positive,2.6666667461395264,0.23534370446621422
A_current_audited,fused,20260927,3,-UUCSKoHeMA$_$0,-UUCSKoHeMA,Neutral,Negative,0.0,0.44742568262162075
A_current_audited,fused,20260927,4,-UacrmKiTn4$_$10,-UacrmKiTn4,Negative,Positive,-0.6666666865348816,0.20874390545673255
A_current_audited,fused,20260927,4,-UacrmKiTn4$_$4,-UacrmKiTn4,Negative,Positive,-1.3333333730697632,0.6095202535229292
A_current_audited,fused,20260927,1,-UuX1xuaiiE$_$0,-UuX1xuaiiE,Positive,Positive,2.6666667461395264,0.559417521923127
A_current_audited,fused,20260927,1,-UuX1xuaiiE$_$1,-UuX1xuaiiE,Positive,Positive,1.6666666269302368,0.28751780482624245
A_current_audited,fused,20260927,1,-UuX1xuaiiE$_$3,-UuX1xuaiiE,Positive,Neutral,0.3333333432674408,0.162536827310644
A_current_audited,fused,20260927,1,-UuX1xuaiiE$_$6,-UuX1xuaiiE,Negative,Neutral,-0.3333333432674408,-0.2926526730539105
A_current_audited,fused,20260927,1,-a55Q6RWvTA$_$3,-a55Q6RWvTA,Positive,Positive,0.6666666865348816,0.5058134755185801
A_current_audited,fused,20260927,2,-aNfi7CP8vM$_$7,-aNfi7CP8vM,Neutral,Positive,0.0,0.3652776472470433
A_current_audited,fused,20260927,1,-aqamKhZ1Ec$_$0,-aqamKhZ1Ec,Negative,Neutral,-2.0,-0.21041651951438445
A_current_audited,fused,20260927,4,-dxfTGcXJoc$_$0,-dxfTGcXJoc,Positive,Neutral,1.0,0.3273365784976365
A_current_audited,fused,20260927,4,-dxfTGcXJoc$_$1,-dxfTGcXJoc,Positive,Neutral,1.6666666269302368,0.3501035567689038
A_current_audited,fused,20260927,4,-dxfTGcXJoc$_$2,-dxfTGcXJoc,Positive,Neutral,0.6666666865348816,0.38389142739969445
A_current_audited,fused,20260927,4,-dxfTGcXJoc$_$6,-dxfTGcXJoc,Positive,Positive,0.6666666865348816,0.468915475449579
A_current_audited,fused,20260927,1,-egA8-b7-3M$_$1,-egA8-b7-3M,Positive,Positive,0.6666666865348816,0.5269305819643133
A_current_audited,fused,20260927,1,-egA8-b7-3M$_$13,-egA8-b7-3M,Positive,Positive,0.3333333432674408,0.22295715113556633
A_current_audited,fused,20260927,1,-egA8-b7-3M$_$16,-egA8-b7-3M,Positive,Positive,0.6666666865348816,0.5866214782695289
A_current_audited,fused,20260927,1,-egA8-b7-3M$_$17,-egA8-b7-3M,Positive,Positive,0.3333333432674408,1.058615798756003
A_current_audited,fused,20260927,1,-egA8-b7-3M$_$18,-egA8-b7-3M,Positive,Positive,1.0,0.9939380401515048
A_current_audited,fused,20260927,1,-egA8-b7-3M$_$20,-egA8-b7-3M,Positive,Positive,0.3333333432674408,0.6228101662554474
A_current_audited,fused,20260927,1,-egA8-b7-3M$_$26,-egA8-b7-3M,Positive,Positive,1.6666666269302368,0.24517887428003132
A_current_audited,fused,20260927,1,-egA8-b7-3M$_$6,-egA8-b7-3M,Positive,Positive,0.6666666865348816,1.155304373364844
A_current_audited,fused,20260927,1,-egA8-b7-3M$_$9,-egA8-b7-3M,Positive,Positive,0.3333333432674408,0.728778652748459
A_current_audited,fused,20260927,0,-hnBHBN8p5A$_$6,-hnBHBN8p5A,Positive,Positive,1.0,0.6928894353569597
A_current_audited,fused,20260927,0,-hnBHBN8p5A$_$7,-hnBHBN8p5A,Positive,Negative,0.6666666865348816,-0.11303939197097862
A_current_audited,fused,20260927,3,-iRBcNs9oI8$_$3,-iRBcNs9oI8,Positive,Positive,0.6666666865348816,0.25733913664052943
A_current_audited,fused,20260927,3,-iRBcNs9oI8$_$6,-iRBcNs9oI8,Positive,Positive,0.3333333432674408,0.6716757064048666
A_current_audited,fused,20260927,3,-iRBcNs9oI8$_$7,-iRBcNs9oI8,Positive,Positive,0.6666666865348816,0.3467315843955081
A_current_audited,fused,20260927,3,-iRBcNs9oI8$_$8,-iRBcNs9oI8,Positive,Positive,1.0,0.2270299309112156
A_current_audited,fused,20260927,3,-iRBcNs9oI8$_$9,-iRBcNs9oI8,Positive,Neutral,1.3333333730697632,0.12296903729084091
A_current_audited,fused,20260927,1,-lzEya4AM_4$_$5,-lzEya4AM_4,Negative,Negative,-0.6666666865348816,-0.4176413035384343
A_current_audited,fused,20260927,1,-lzEya4AM_4$_$6,-lzEya4AM_4,Negative,Positive,-0.3333333432674408,-0.28888564253458415
A_current_audited,fused,20260927,3,-mJ2ud6oKI8$_$1,-mJ2ud6oKI8,Neutral,Neutral,0.0,-8.712623214088248
A_current_audited,fused,20260927,3,-mJ2ud6oKI8$_$2,-mJ2ud6oKI8,Neutral,Neutral,0.0,-8.697347822187107
A_current_audited,fused,20260927,3,-mJ2ud6oKI8$_$6,-mJ2ud6oKI8,Positive,Neutral,0.3333333432674408,0.1669568475031293
A_current_audited,fused,20260927,3,-mJ2ud6oKI8$_$8,-mJ2ud6oKI8,Negative,Neutral,-0.3333333432674408,-0.32295137477317515
A_current_audited,fused,20260927,3,-mJ2ud6oKI8$_$9,-mJ2ud6oKI8,Neutral,Negative,0.0,0.3867135797559046
A_current_audited,fused,20260927,2,-mqbVkbCndg$_$0,-mqbVkbCndg,Neutral,Positive,0.0,1.0198307982033916
A_current_audited,fused,20260927,0,-qDkUB0GgYY$_$6,-qDkUB0GgYY,Positive,Positive,1.3333333730697632,1.069195005400791
A_current_audited,fused,20260927,2,-ri04Z7vwnc$_$0,-ri04Z7vwnc,Neutral,Positive,0.0,-0.20785319881769138
A_current_audited,fused,20260927,2,-ri04Z7vwnc$_$2,-ri04Z7vwnc,Negative,Positive,-0.3333333432674408,0.9003084484247437
A_current_audited,fused,20260927,2,-ri04Z7vwnc$_$5,-ri04Z7vwnc,Positive,Positive,0.3333333432674408,0.9138205928859034
A_current_audited,fused,20260927,4,-s9qJ7ATP7w$_$0,-s9qJ7ATP7w,Negative,Positive,-0.3333333432674408,0.3690688721874995
A_current_audited,fused,20260927,4,-s9qJ7ATP7w$_$1,-s9qJ7ATP7w,Positive,Positive,0.6666666865348816,0.6044942305138252
A_current_audited,fused,20260927,4,-s9qJ7ATP7w$_$4,-s9qJ7ATP7w,Neutral,Positive,0.0,0.61511472905925
A_current_audited,fused,20260927,4,-s9qJ7ATP7w$_$5,-s9qJ7ATP7w,Negative,Negative,-2.0,0.3747423410592514
A_current_audited,fused,20260927,4,-s9qJ7ATP7w$_$6,-s9qJ7ATP7w,Neutral,Neutral,0.0,0.47655608936901717
A_current_audited,fused,20260927,4,-s9qJ7ATP7w$_$7,-s9qJ7ATP7w,Positive,Positive,1.0,0.7288700485928905
A_current_audited,fused,20260927,4,-s9qJ7ATP7w$_$8,-s9qJ7ATP7w,Positive,Neutral,1.3333333730697632,0.22947525032372407
A_current_audited,fused,20260927,4,-t217m2on-s$_$2,-t217m2on-s,Positive,Positive,0.6666666865348816,0.13592437403673036
A_current_audited,fused,20260927,4,-t217m2on-s$_$7,-t217m2on-s,Negative,Positive,-0.6666666865348816,0.16162463449898415
A_current_audited,fused,20260927,2,-tANM6ETl_M$_$3,-tANM6ETl_M,Positive,Positive,0.3333333432674408,0.34070070140345926
A_current_audited,fused,20260927,3,-tPCytz4rww$_$10,-tPCytz4rww,Neutral,Positive,0.0,-0.2897461789354101
A_current_audited,fused,20260927,3,-tPCytz4rww$_$11,-tPCytz4rww,Neutral,Positive,0.0,0.3403487839755688
A_current_audited,fused,20260927,3,-tPCytz4rww$_$12,-tPCytz4rww,Neutral,Positive,0.0,0.3948598171161638
A_current_audited,fused,20260927,3,-tPCytz4rww$_$16,-tPCytz4rww,Neutral,Positive,0.0,0.11431270255315001
A_current_audited,fused,20260927,3,-tPCytz4rww$_$18,-tPCytz4rww,Neutral,Positive,0.0,-0.05279478315647401
A_current_audited,fused,20260927,2,-uywlfIYOS8$_$4,-uywlfIYOS8,Positive,Positive,0.3333333432674408,0.6688765027774723
A_current_audited,fused,20260927,1,-vxjVxOeScU$_$4,-vxjVxOeScU,Positive,Positive,1.0,0.8046145014691566
A_current_audited,fused,20260927,3,-wMB_hJL-3o$_$7,-wMB_hJL-3o,Positive,Positive,0.3333333432674408,0.5111572419369288
A_current_audited,fused,20260927,0,-wny0OAz3g8$_$0,-wny0OAz3g8,Positive,Negative,0.3333333432674408,0.30515507493809063
A_current_audited,fused,20260927,0,-wny0OAz3g8$_$1,-wny0OAz3g8,Positive,Positive,0.3333333432674408,0.5486651682597169
A_current_audited,fused,20260927,0,-wny0OAz3g8$_$2,-wny0OAz3g8,Negative,Negative,-0.3333333432674408,0.5655178704193677
A_current_audited,fused,20260927,0,-wny0OAz3g8$_$3,-wny0OAz3g8,Negative,Negative,-1.3333333730697632,0.8208097393597361
A_current_audited,fused,20260927,0,-wny0OAz3g8$_$5,-wny0OAz3g8,Positive,Positive,1.0,0.9462160248205457
A_current_audited,fused,20260927,0,-wny0OAz3g8$_$7,-wny0OAz3g8,Neutral,Positive,0.0,0.7356729286359955
A_current_audited,fused,20260927,0,-wny0OAz3g8$_$9,-wny0OAz3g8,Positive,Positive,0.6666666865348816,0.7722509241897912
A_current_audited,fused,20260927,2,-yRb-Jum7EQ$_$1,-yRb-Jum7EQ,Neutral,Negative,0.0,-0.2821606285806171
A_current_audited,fused,20260927,2,-yRb-Jum7EQ$_$5,-yRb-Jum7EQ,Negative,Negative,-0.6666666865348816,-0.7695255050687518
A_current_audited,fused,20260927,2,-yRb-Jum7EQ$_$6,-yRb-Jum7EQ,Neutral,Negative,0.0,-0.7396737878322664
A_current_audited,fused,20260928,0,-3g5yACwYnA$_$13,-3g5yACwYnA,Positive,Negative,0.6666666865348816,-0.25423386231633427
A_current_audited,fused,20260928,0,-3g5yACwYnA$_$2,-3g5yACwYnA,Neutral,Neutral,0.0,0.053977343911768755
A_current_audited,fused,20260928,0,-3g5yACwYnA$_$3,-3g5yACwYnA,Neutral,Neutral,0.0,0.3651419048057264
A_current_audited,fused,20260928,0,-3g5yACwYnA$_$9,-3g5yACwYnA,Positive,Positive,0.6666666865348816,0.4713964739635873
A_current_audited,fused,20260928,0,-3nNcZdcdvU$_$5,-3nNcZdcdvU,Neutral,Negative,0.0,-0.14842471942996402
A_current_audited,fused,20260928,4,-571d8cVauQ$_$0,-571d8cVauQ,Neutral,Positive,0.0,0.14926328441874312
A_current_audited,fused,20260928,4,-571d8cVauQ$_$5,-571d8cVauQ,Positive,Positive,0.3333333432674408,0.6327839361952635
A_current_audited,fused,20260928,2,-6rXp3zJ3kc$_$8,-6rXp3zJ3kc,Negative,Negative,-1.0,-0.0633416855084199
A_current_audited,fused,20260928,1,-9y-fZ3swSY$_$0,-9y-fZ3swSY,Positive,Positive,1.0,1.3211731638862414
A_current_audited,fused,20260928,1,-9y-fZ3swSY$_$4,-9y-fZ3swSY,Neutral,Positive,0.0,1.1369244537196868
A_current_audited,fused,20260928,1,-9y-fZ3swSY$_$8,-9y-fZ3swSY,Positive,Positive,1.6666666269302368,0.2729771946934438
A_current_audited,fused,20260928,1,-AUZQgSxyPQ$_$2,-AUZQgSxyPQ,Positive,Positive,0.6666666865348816,0.6076598822143703
A_current_audited,fused,20260928,4,-HeZS2-Prhc$_$2,-HeZS2-Prhc,Positive,Positive,0.6666666865348816,-0.4542469297239008
A_current_audited,fused,20260928,4,-HwX2H8Z4hY$_$2,-HwX2H8Z4hY,Neutral,Neutral,0.0,-0.0988678684457982
A_current_audited,fused,20260928,4,-HwX2H8Z4hY$_$5,-HwX2H8Z4hY,Negative,Positive,-1.0,-0.08225935137881552
A_current_audited,fused,20260928,4,-HwX2H8Z4hY$_$6,-HwX2H8Z4hY,Neutral,Neutral,0.0,-0.23283746778611525
A_current_audited,fused,20260928,4,-HwX2H8Z4hY$_$9,-HwX2H8Z4hY,Negative,Neutral,-0.3333333432674408,0.08900438114788256
A_current_audited,fused,20260928,3,-I_e4mIh0yE$_$1,-I_e4mIh0yE,Negative,Neutral,-0.6666666865348816,-0.33868699822580195
A_current_audited,fused,20260928,3,-I_e4mIh0yE$_$3,-I_e4mIh0yE,Positive,Positive,0.6666666865348816,0.27815080965171257
A_current_audited,fused,20260928,2,-MeTTeMJBNc$_$0,-MeTTeMJBNc,Positive,Positive,0.3333333432674408,0.2714830532295123
A_current_audited,fused,20260928,2,-MeTTeMJBNc$_$13,-MeTTeMJBNc,Positive,Positive,0.3333333432674408,1.0194682051055746
A_current_audited,fused,20260928,2,-MeTTeMJBNc$_$7,-MeTTeMJBNc,Positive,Positive,1.3333333730697632,0.5734910483755864
A_current_audited,fused,20260928,4,-NFrJFQijFE$_$1,-NFrJFQijFE,Positive,Neutral,0.3333333432674408,-0.16253351393429905
A_current_audited,fused,20260928,4,-NFrJFQijFE$_$2,-NFrJFQijFE,Neutral,Neutral,0.0,0.002024566242162018
A_current_audited,fused,20260928,1,-RfYyzHpjk4$_$11,-RfYyzHpjk4,Positive,Positive,2.0,0.7724232267530933
A_current_audited,fused,20260928,1,-RfYyzHpjk4$_$2,-RfYyzHpjk4,Positive,Positive,0.3333333432674408,0.4155896503393988
A_current_audited,fused,20260928,1,-RfYyzHpjk4$_$8,-RfYyzHpjk4,Positive,Positive,0.3333333432674408,0.38101646478393814
A_current_audited,fused,20260928,0,-THoVjtIkeU$_$12,-THoVjtIkeU,Positive,Positive,2.0,0.3481391010294055
A_current_audited,fused,20260928,0,-THoVjtIkeU$_$2,-THoVjtIkeU,Positive,Positive,1.3333333730697632,0.7752357813800448
A_current_audited,fused,20260928,0,-THoVjtIkeU$_$6,-THoVjtIkeU,Positive,Positive,2.6666667461395264,0.291902076338159
A_current_audited,fused,20260928,1,-UUCSKoHeMA$_$0,-UUCSKoHeMA,Neutral,Neutral,0.0,0.3852223608859675
A_current_audited,fused,20260928,2,-UacrmKiTn4$_$10,-UacrmKiTn4,Negative,Positive,-0.6666666865348816,0.2874985759058031
A_current_audited,fused,20260928,2,-UacrmKiTn4$_$4,-UacrmKiTn4,Negative,Positive,-1.3333333730697632,0.7710385337388177
A_current_audited,fused,20260928,0,-UuX1xuaiiE$_$0,-UuX1xuaiiE,Positive,Positive,2.6666667461395264,1.0241247282890467
A_current_audited,fused,20260928,0,-UuX1xuaiiE$_$1,-UuX1xuaiiE,Positive,Positive,1.6666666269302368,0.32700480429239925
A_current_audited,fused,20260928,0,-UuX1xuaiiE$_$3,-UuX1xuaiiE,Positive,Positive,0.3333333432674408,0.15528547315301539
A_current_audited,fused,20260928,0,-UuX1xuaiiE$_$6,-UuX1xuaiiE,Negative,Neutral,-0.3333333432674408,-0.48386410273075386
A_current_audited,fused,20260928,3,-a55Q6RWvTA$_$3,-a55Q6RWvTA,Positive,Positive,0.6666666865348816,0.5134271043340525
A_current_audited,fused,20260928,3,-aNfi7CP8vM$_$7,-aNfi7CP8vM,Neutral,Positive,0.0,0.7144039688870765
A_current_audited,fused,20260928,1,-aqamKhZ1Ec$_$0,-aqamKhZ1Ec,Negative,Negative,-2.0,-0.2636648596413024
A_current_audited,fused,20260928,0,-dxfTGcXJoc$_$0,-dxfTGcXJoc,Positive,Positive,1.0,0.280798495820582
A_current_audited,fused,20260928,0,-dxfTGcXJoc$_$1,-dxfTGcXJoc,Positive,Neutral,1.6666666269302368,0.3527160406530254
A_current_audited,fused,20260928,0,-dxfTGcXJoc$_$2,-dxfTGcXJoc,Positive,Neutral,0.6666666865348816,0.2899945405829646
A_current_audited,fused,20260928,0,-dxfTGcXJoc$_$6,-dxfTGcXJoc,Positive,Positive,0.6666666865348816,0.4504400243198463
A_current_audited,fused,20260928,3,-egA8-b7-3M$_$1,-egA8-b7-3M,Positive,Positive,0.6666666865348816,0.4249525602195354
A_current_audited,fused,20260928,3,-egA8-b7-3M$_$13,-egA8-b7-3M,Positive,Positive,0.3333333432674408,0.12751242391982343
A_current_audited,fused,20260928,3,-egA8-b7-3M$_$16,-egA8-b7-3M,Positive,Positive,0.6666666865348816,0.6183112911963529
A_current_audited,fused,20260928,3,-egA8-b7-3M$_$17,-egA8-b7-3M,Positive,Positive,0.3333333432674408,1.1292549581872242
A_current_audited,fused,20260928,3,-egA8-b7-3M$_$18,-egA8-b7-3M,Positive,Positive,1.0,0.8890866727204321
A_current_audited,fused,20260928,3,-egA8-b7-3M$_$20,-egA8-b7-3M,Positive,Positive,0.3333333432674408,0.47013577100716464
A_current_audited,fused,20260928,3,-egA8-b7-3M$_$26,-egA8-b7-3M,Positive,Positive,1.6666666269302368,0.45840150044928574
A_current_audited,fused,20260928,3,-egA8-b7-3M$_$6,-egA8-b7-3M,Positive,Positive,0.6666666865348816,1.4905809302486044
A_current_audited,fused,20260928,3,-egA8-b7-3M$_$9,-egA8-b7-3M,Positive,Positive,0.3333333432674408,0.47363483353856684
A_current_audited,fused,20260928,3,-hnBHBN8p5A$_$6,-hnBHBN8p5A,Positive,Positive,1.0,0.9003230006960861
A_current_audited,fused,20260928,3,-hnBHBN8p5A$_$7,-hnBHBN8p5A,Positive,Positive,0.6666666865348816,-0.09591617626418586
A_current_audited,fused,20260928,4,-iRBcNs9oI8$_$3,-iRBcNs9oI8,Positive,Positive,0.6666666865348816,0.15648631064176596
A_current_audited,fused,20260928,4,-iRBcNs9oI8$_$6,-iRBcNs9oI8,Positive,Positive,0.3333333432674408,0.5922615450357718
A_current_audited,fused,20260928,4,-iRBcNs9oI8$_$7,-iRBcNs9oI8,Positive,Positive,0.6666666865348816,0.40038261514942186
A_current_audited,fused,20260928,4,-iRBcNs9oI8$_$8,-iRBcNs9oI8,Positive,Positive,1.0,0.523800484381111
A_current_audited,fused,20260928,4,-iRBcNs9oI8$_$9,-iRBcNs9oI8,Positive,Neutral,1.3333333730697632,0.0007465706379986559
A_current_audited,fused,20260928,4,-lzEya4AM_4$_$5,-lzEya4AM_4,Negative,Negative,-0.6666666865348816,-0.40349597798207604
A_current_audited,fused,20260928,4,-lzEya4AM_4$_$6,-lzEya4AM_4,Negative,Neutral,-0.3333333432674408,-0.47730708825746515
A_current_audited,fused,20260928,3,-mJ2ud6oKI8$_$1,-mJ2ud6oKI8,Neutral,Neutral,0.0,-4.374819640374468
A_current_audited,fused,20260928,3,-mJ2ud6oKI8$_$2,-mJ2ud6oKI8,Neutral,Neutral,0.0,-4.202427996396912
A_current_audited,fused,20260928,3,-mJ2ud6oKI8$_$6,-mJ2ud6oKI8,Positive,Neutral,0.3333333432674408,0.0029540985883091397
A_current_audited,fused,20260928,3,-mJ2ud6oKI8$_$8,-mJ2ud6oKI8,Negative,Neutral,-0.3333333432674408,-0.2967213823461703
A_current_audited,fused,20260928,3,-mJ2ud6oKI8$_$9,-mJ2ud6oKI8,Neutral,Negative,0.0,0.10547210505404411
A_current_audited,fused,20260928,0,-mqbVkbCndg$_$0,-mqbVkbCndg,Neutral,Positive,0.0,0.20872474892984044
A_current_audited,fused,20260928,4,-qDkUB0GgYY$_$6,-qDkUB0GgYY,Positive,Positive,1.3333333730697632,1.304820716244834
A_current_audited,fused,20260928,0,-ri04Z7vwnc$_$0,-ri04Z7vwnc,Neutral,Positive,0.0,-0.05913468036879341
A_current_audited,fused,20260928,0,-ri04Z7vwnc$_$2,-ri04Z7vwnc,Negative,Positive,-0.3333333432674408,0.7684936362123358
A_current_audited,fused,20260928,0,-ri04Z7vwnc$_$5,-ri04Z7vwnc,Positive,Neutral,0.3333333432674408,0.7834761518595789
A_current_audited,fused,20260928,1,-s9qJ7ATP7w$_$0,-s9qJ7ATP7w,Negative,Negative,-0.3333333432674408,0.1448409381523837
A_current_audited,fused,20260928,1,-s9qJ7ATP7w$_$1,-s9qJ7ATP7w,Positive,Positive,0.6666666865348816,0.6401948970146047
A_current_audited,fused,20260928,1,-s9qJ7ATP7w$_$4,-s9qJ7ATP7w,Neutral,Positive,0.0,0.8652641491774877
A_current_audited,fused,20260928,1,-s9qJ7ATP7w$_$5,-s9qJ7ATP7w,Negative,Negative,-2.0,0.3495258893112909
A_current_audited,fused,20260928,1,-s9qJ7ATP7w$_$6,-s9qJ7ATP7w,Neutral,Positive,0.0,0.949556574527036
A_current_audited,fused,20260928,1,-s9qJ7ATP7w$_$7,-s9qJ7ATP7w,Positive,Negative,1.0,0.7481405706841001
A_current_audited,fused,20260928,1,-s9qJ7ATP7w$_$8,-s9qJ7ATP7w,Positive,Negative,1.3333333730697632,-0.04916523636027714
A_current_audited,fused,20260928,2,-t217m2on-s$_$2,-t217m2on-s,Positive,Positive,0.6666666865348816,0.3060999178085737
A_current_audited,fused,20260928,2,-t217m2on-s$_$7,-t217m2on-s,Negative,Positive,-0.6666666865348816,0.3078136048889944
A_current_audited,fused,20260928,4,-tANM6ETl_M$_$3,-tANM6ETl_M,Positive,Neutral,0.3333333432674408,0.17545205312947115
A_current_audited,fused,20260928,2,-tPCytz4rww$_$10,-tPCytz4rww,Neutral,Negative,0.0,-0.343664172275184
A_current_audited,fused,20260928,2,-tPCytz4rww$_$11,-tPCytz4rww,Neutral,Positive,0.0,0.5018973432480878
A_current_audited,fused,20260928,2,-tPCytz4rww$_$12,-tPCytz4rww,Neutral,Positive,0.0,0.35451296416566885
A_current_audited,fused,20260928,2,-tPCytz4rww$_$16,-tPCytz4rww,Neutral,Positive,0.0,0.100759922600067
A_current_audited,fused,20260928,2,-tPCytz4rww$_$18,-tPCytz4rww,Neutral,Positive,0.0,-0.06621108944069842
A_current_audited,fused,20260928,2,-uywlfIYOS8$_$4,-uywlfIYOS8,Positive,Positive,0.3333333432674408,0.6995835943107944
A_current_audited,fused,20260928,2,-vxjVxOeScU$_$4,-vxjVxOeScU,Positive,Positive,1.0,0.918374350616035
A_current_audited,fused,20260928,4,-wMB_hJL-3o$_$7,-wMB_hJL-3o,Positive,Neutral,0.3333333432674408,0.5150237874667448
A_current_audited,fused,20260928,3,-wny0OAz3g8$_$0,-wny0OAz3g8,Positive,Negative,0.3333333432674408,0.4644392993313613
A_current_audited,fused,20260928,3,-wny0OAz3g8$_$1,-wny0OAz3g8,Positive,Positive,0.3333333432674408,0.7684457667514413
A_current_audited,fused,20260928,3,-wny0OAz3g8$_$2,-wny0OAz3g8,Negative,Positive,-0.3333333432674408,0.7056461216930938
A_current_audited,fused,20260928,3,-wny0OAz3g8$_$3,-wny0OAz3g8,Negative,Negative,-1.3333333730697632,0.546912799015434
A_current_audited,fused,20260928,3,-wny0OAz3g8$_$5,-wny0OAz3g8,Positive,Positive,1.0,0.7901473539531465
A_current_audited,fused,20260928,3,-wny0OAz3g8$_$7,-wny0OAz3g8,Neutral,Positive,0.0,0.7137762773490086
A_current_audited,fused,20260928,3,-wny0OAz3g8$_$9,-wny0OAz3g8,Positive,Positive,0.6666666865348816,0.9012326713799342
A_current_audited,fused,20260928,1,-yRb-Jum7EQ$_$1,-yRb-Jum7EQ,Neutral,Negative,0.0,0.03953727726637796
A_current_audited,fused,20260928,1,-yRb-Jum7EQ$_$5,-yRb-Jum7EQ,Negative,Negative,-0.6666666865348816,-0.310794942368408
A_current_audited,fused,20260928,1,-yRb-Jum7EQ$_$6,-yRb-Jum7EQ,Neutral,Negative,0.0,-0.18645358595720185
B_git_frozen,text,20260924,1,-3g5yACwYnA$_$13,-3g5yACwYnA,Positive,Positive,0.6666666865348816,0.15087950858729432
B_git_frozen,text,20260924,1,-3g5yACwYnA$_$2,-3g5yACwYnA,Neutral,Positive,0.0,0.36095804221083466
B_git_frozen,text,20260924,1,-3g5yACwYnA$_$3,-3g5yACwYnA,Neutral,Positive,0.0,-0.00813054448394096
B_git_frozen,text,20260924,1,-3g5yACwYnA$_$9,-3g5yACwYnA,Positive,Positive,0.6666666865348816,0.8546896405036807
B_git_frozen,text,20260924,0,-3nNcZdcdvU$_$5,-3nNcZdcdvU,Neutral,Negative,0.0,-0.5479237983847824
B_git_frozen,text,20260924,3,-571d8cVauQ$_$0,-571d8cVauQ,Neutral,Neutral,0.0,0.2145618292121585
B_git_frozen,text,20260924,3,-571d8cVauQ$_$5,-571d8cVauQ,Positive,Positive,0.3333333432674408,0.6144601533430245
B_git_frozen,text,20260924,0,-6rXp3zJ3kc$_$8,-6rXp3zJ3kc,Negative,Positive,-1.0,0.25682012827577194
B_git_frozen,text,20260924,0,-9y-fZ3swSY$_$0,-9y-fZ3swSY,Positive,Positive,1.0,0.2970032863240445
B_git_frozen,text,20260924,0,-9y-fZ3swSY$_$4,-9y-fZ3swSY,Neutral,Negative,0.0,-0.0529432245785339
B_git_frozen,text,20260924,0,-9y-fZ3swSY$_$8,-9y-fZ3swSY,Positive,Positive,1.6666666269302368,0.17118303941924357
B_git_frozen,text,20260924,0,-AUZQgSxyPQ$_$2,-AUZQgSxyPQ,Positive,Neutral,0.6666666865348816,0.5655952562252837
B_git_frozen,text,20260924,4,-HeZS2-Prhc$_$2,-HeZS2-Prhc,Positive,Positive,0.6666666865348816,0.10645406586052164
B_git_frozen,text,20260924,4,-HwX2H8Z4hY$_$2,-HwX2H8Z4hY,Neutral,Positive,0.0,0.6204971334697831
B_git_frozen,text,20260924,4,-HwX2H8Z4hY$_$5,-HwX2H8Z4hY,Negative,Positive,-1.0,0.48362975341341036
B_git_frozen,text,20260924,4,-HwX2H8Z4hY$_$6,-HwX2H8Z4hY,Neutral,Positive,0.0,0.4739111699045591
B_git_frozen,text,20260924,4,-HwX2H8Z4hY$_$9,-HwX2H8Z4hY,Negative,Negative,-0.3333333432674408,0.1059086356658071
B_git_frozen,text,20260924,1,-I_e4mIh0yE$_$1,-I_e4mIh0yE,Negative,Negative,-0.6666666865348816,-0.25744667383565994
B_git_frozen,text,20260924,1,-I_e4mIh0yE$_$3,-I_e4mIh0yE,Positive,Neutral,0.6666666865348816,0.3198011748857702
B_git_frozen,text,20260924,3,-MeTTeMJBNc$_$0,-MeTTeMJBNc,Positive,Positive,0.3333333432674408,0.35067427449060956
B_git_frozen,text,20260924,3,-MeTTeMJBNc$_$13,-MeTTeMJBNc,Positive,Positive,0.3333333432674408,0.47497751598443694
B_git_frozen,text,20260924,3,-MeTTeMJBNc$_$7,-MeTTeMJBNc,Positive,Positive,1.3333333730697632,0.5264877402066838
B_git_frozen,text,20260924,3,-NFrJFQijFE$_$1,-NFrJFQijFE,Positive,Neutral,0.3333333432674408,-0.5030867893790014
B_git_frozen,text,20260924,3,-NFrJFQijFE$_$2,-NFrJFQijFE,Neutral,Positive,0.0,0.3114295584764166
B_git_frozen,text,20260924,2,-RfYyzHpjk4$_$11,-RfYyzHpjk4,Positive,Positive,2.0,0.5891176042644023
B_git_frozen,text,20260924,2,-RfYyzHpjk4$_$2,-RfYyzHpjk4,Positive,Positive,0.3333333432674408,0.14710995676165978
B_git_frozen,text,20260924,2,-RfYyzHpjk4$_$8,-RfYyzHpjk4,Positive,Positive,0.3333333432674408,0.27060177364704857
B_git_frozen,text,20260924,0,-THoVjtIkeU$_$12,-THoVjtIkeU,Positive,Positive,2.0,0.16448409420481855
B_git_frozen,text,20260924,0,-THoVjtIkeU$_$2,-THoVjtIkeU,Positive,Positive,1.3333333730697632,0.561151459990973
B_git_frozen,text,20260924,0,-THoVjtIkeU$_$6,-THoVjtIkeU,Positive,Positive,2.6666667461395264,0.7666008498672463
B_git_frozen,text,20260924,4,-UUCSKoHeMA$_$0,-UUCSKoHeMA,Neutral,Positive,0.0,0.4048496868187382
B_git_frozen,text,20260924,0,-UacrmKiTn4$_$10,-UacrmKiTn4,Negative,Negative,-0.6666666865348816,-0.07688912057039038
B_git_frozen,text,20260924,0,-UacrmKiTn4$_$4,-UacrmKiTn4,Negative,Positive,-1.3333333730697632,0.09415150203015574
B_git_frozen,text,20260924,2,-UuX1xuaiiE$_$0,-UuX1xuaiiE,Positive,Positive,2.6666667461395264,0.9503474334559994
B_git_frozen,text,20260924,2,-UuX1xuaiiE$_$1,-UuX1xuaiiE,Positive,Positive,1.6666666269302368,0.527890752879111
B_git_frozen,text,20260924,2,-UuX1xuaiiE$_$3,-UuX1xuaiiE,Positive,Positive,0.3333333432674408,0.296248272360012
B_git_frozen,text,20260924,2,-UuX1xuaiiE$_$6,-UuX1xuaiiE,Negative,Neutral,-0.3333333432674408,0.013425962644448397
B_git_frozen,text,20260924,4,-a55Q6RWvTA$_$3,-a55Q6RWvTA,Positive,Positive,0.6666666865348816,0.558297310146193
B_git_frozen,text,20260924,0,-aNfi7CP8vM$_$7,-aNfi7CP8vM,Neutral,Positive,0.0,0.35212660247815664
B_git_frozen,text,20260924,3,-aqamKhZ1Ec$_$0,-aqamKhZ1Ec,Negative,Neutral,-2.0,-0.02503495204626821
B_git_frozen,text,20260924,4,-dxfTGcXJoc$_$0,-dxfTGcXJoc,Positive,Positive,1.0,0.32756852323574204
B_git_frozen,text,20260924,4,-dxfTGcXJoc$_$1,-dxfTGcXJoc,Positive,Positive,1.6666666269302368,0.6150970996571845
B_git_frozen,text,20260924,4,-dxfTGcXJoc$_$2,-dxfTGcXJoc,Positive,Positive,0.6666666865348816,0.887163149548309
B_git_frozen,text,20260924,4,-dxfTGcXJoc$_$6,-dxfTGcXJoc,Positive,Positive,0.6666666865348816,0.7920106410505549
B_git_frozen,text,20260924,4,-egA8-b7-3M$_$1,-egA8-b7-3M,Positive,Positive,0.6666666865348816,0.6825255429951146
B_git_frozen,text,20260924,4,-egA8-b7-3M$_$13,-egA8-b7-3M,Positive,Positive,0.3333333432674408,0.6376232226226238
B_git_frozen,text,20260924,4,-egA8-b7-3M$_$16,-egA8-b7-3M,Positive,Positive,0.6666666865348816,0.9955039129368115
B_git_frozen,text,20260924,4,-egA8-b7-3M$_$17,-egA8-b7-3M,Positive,Positive,0.3333333432674408,1.023444013842056
B_git_frozen,text,20260924,4,-egA8-b7-3M$_$18,-egA8-b7-3M,Positive,Positive,1.0,1.0493031251337746
B_git_frozen,text,20260924,4,-egA8-b7-3M$_$20,-egA8-b7-3M,Positive,Positive,0.3333333432674408,1.0770931828106012
B_git_frozen,text,20260924,4,-egA8-b7-3M$_$26,-egA8-b7-3M,Positive,Positive,1.6666666269302368,1.3145650571320318
B_git_frozen,text,20260924,4,-egA8-b7-3M$_$6,-egA8-b7-3M,Positive,Positive,0.6666666865348816,0.9491721645683671
B_git_frozen,text,20260924,4,-egA8-b7-3M$_$9,-egA8-b7-3M,Positive,Positive,0.3333333432674408,0.6626327370876792
B_git_frozen,text,20260924,3,-hnBHBN8p5A$_$6,-hnBHBN8p5A,Positive,Positive,1.0,0.6553233457297578
B_git_frozen,text,20260924,3,-hnBHBN8p5A$_$7,-hnBHBN8p5A,Positive,Neutral,0.6666666865348816,0.0647564307259838
B_git_frozen,text,20260924,1,-iRBcNs9oI8$_$3,-iRBcNs9oI8,Positive,Neutral,0.6666666865348816,0.15546327224161785
B_git_frozen,text,20260924,1,-iRBcNs9oI8$_$6,-iRBcNs9oI8,Positive,Neutral,0.3333333432674408,0.13575477129711377
B_git_frozen,text,20260924,1,-iRBcNs9oI8$_$7,-iRBcNs9oI8,Positive,Positive,0.6666666865348816,0.3053237120457963
B_git_frozen,text,20260924,1,-iRBcNs9oI8$_$8,-iRBcNs9oI8,Positive,Positive,1.0,0.6939227931401486
B_git_frozen,text,20260924,1,-iRBcNs9oI8$_$9,-iRBcNs9oI8,Positive,Neutral,1.3333333730697632,0.251161239211192
B_git_frozen,text,20260924,1,-lzEya4AM_4$_$5,-lzEya4AM_4,Negative,Neutral,-0.6666666865348816,0.20359614836779996
B_git_frozen,text,20260924,1,-lzEya4AM_4$_$6,-lzEya4AM_4,Negative,Negative,-0.3333333432674408,-0.4252805676139703
B_git_frozen,text,20260924,4,-mJ2ud6oKI8$_$1,-mJ2ud6oKI8,Neutral,Positive,0.0,0.7203194436613438
B_git_frozen,text,20260924,4,-mJ2ud6oKI8$_$2,-mJ2ud6oKI8,Neutral,Positive,0.0,0.7077881537143262
B_git_frozen,text,20260924,4,-mJ2ud6oKI8$_$6,-mJ2ud6oKI8,Positive,Positive,0.3333333432674408,0.3943432019180687
B_git_frozen,text,20260924,4,-mJ2ud6oKI8$_$8,-mJ2ud6oKI8,Negative,Positive,-0.3333333432674408,0.43242408012405587
B_git_frozen,text,20260924,4,-mJ2ud6oKI8$_$9,-mJ2ud6oKI8,Neutral,Positive,0.0,0.4066317707148283
B_git_frozen,text,20260924,2,-mqbVkbCndg$_$0,-mqbVkbCndg,Neutral,Positive,0.0,0.4005897980497563
B_git_frozen,text,20260924,1,-qDkUB0GgYY$_$6,-qDkUB0GgYY,Positive,Positive,1.3333333730697632,1.4551133979178141
B_git_frozen,text,20260924,1,-ri04Z7vwnc$_$0,-ri04Z7vwnc,Neutral,Positive,0.0,0.0025785497613079467
B_git_frozen,text,20260924,1,-ri04Z7vwnc$_$2,-ri04Z7vwnc,Negative,Positive,-0.3333333432674408,0.19832604936921738
B_git_frozen,text,20260924,1,-ri04Z7vwnc$_$5,-ri04Z7vwnc,Positive,Positive,0.3333333432674408,0.5665975151336904
B_git_frozen,text,20260924,1,-s9qJ7ATP7w$_$0,-s9qJ7ATP7w,Negative,Positive,-0.3333333432674408,-0.049362589254953626
B_git_frozen,text,20260924,1,-s9qJ7ATP7w$_$1,-s9qJ7ATP7w,Positive,Positive,0.6666666865348816,0.5828586172042414
B_git_frozen,text,20260924,1,-s9qJ7ATP7w$_$4,-s9qJ7ATP7w,Neutral,Positive,0.0,0.9232722824836188
B_git_frozen,text,20260924,1,-s9qJ7ATP7w$_$5,-s9qJ7ATP7w,Negative,Positive,-2.0,0.7201389089648642
B_git_frozen,text,20260924,1,-s9qJ7ATP7w$_$6,-s9qJ7ATP7w,Neutral,Positive,0.0,0.0688208201117021
B_git_frozen,text,20260924,1,-s9qJ7ATP7w$_$7,-s9qJ7ATP7w,Positive,Negative,1.0,-0.023115080474573557
B_git_frozen,text,20260924,1,-s9qJ7ATP7w$_$8,-s9qJ7ATP7w,Positive,Positive,1.3333333730697632,0.7574466575593841
B_git_frozen,text,20260924,3,-t217m2on-s$_$2,-t217m2on-s,Positive,Positive,0.6666666865348816,0.40299417899266954
B_git_frozen,text,20260924,3,-t217m2on-s$_$7,-t217m2on-s,Negative,Negative,-0.6666666865348816,-0.2133090111134241
B_git_frozen,text,20260924,0,-tANM6ETl_M$_$3,-tANM6ETl_M,Positive,Positive,0.3333333432674408,0.08977154914330804
B_git_frozen,text,20260924,4,-tPCytz4rww$_$10,-tPCytz4rww,Neutral,Positive,0.0,0.5316404524127704
B_git_frozen,text,20260924,4,-tPCytz4rww$_$11,-tPCytz4rww,Neutral,Positive,0.0,0.44937516408555234
B_git_frozen,text,20260924,4,-tPCytz4rww$_$12,-tPCytz4rww,Neutral,Positive,0.0,0.4016329079697286
B_git_frozen,text,20260924,4,-tPCytz4rww$_$16,-tPCytz4rww,Neutral,Positive,0.0,0.40680663721228294
B_git_frozen,text,20260924,4,-tPCytz4rww$_$18,-tPCytz4rww,Neutral,Positive,0.0,0.6389205701473744
B_git_frozen,text,20260924,0,-uywlfIYOS8$_$4,-uywlfIYOS8,Positive,Positive,0.3333333432674408,0.4036097169114188
B_git_frozen,text,20260924,3,-vxjVxOeScU$_$4,-vxjVxOeScU,Positive,Positive,1.0,0.8531379328185014
B_git_frozen,text,20260924,1,-wMB_hJL-3o$_$7,-wMB_hJL-3o,Positive,Positive,0.3333333432674408,0.7831116464963013
B_git_frozen,text,20260924,2,-wny0OAz3g8$_$0,-wny0OAz3g8,Positive,Neutral,0.3333333432674408,-0.2571753223042604
B_git_frozen,text,20260924,2,-wny0OAz3g8$_$1,-wny0OAz3g8,Positive,Neutral,0.3333333432674408,-0.012908055874329916
B_git_frozen,text,20260924,2,-wny0OAz3g8$_$2,-wny0OAz3g8,Negative,Positive,-0.3333333432674408,-0.04899786898354114
B_git_frozen,text,20260924,2,-wny0OAz3g8$_$3,-wny0OAz3g8,Negative,Neutral,-1.3333333730697632,-0.20916554004437377
B_git_frozen,text,20260924,2,-wny0OAz3g8$_$5,-wny0OAz3g8,Positive,Positive,1.0,0.10760716301396742
B_git_frozen,text,20260924,2,-wny0OAz3g8$_$7,-wny0OAz3g8,Neutral,Positive,0.0,0.19924246124578943
B_git_frozen,text,20260924,2,-wny0OAz3g8$_$9,-wny0OAz3g8,Positive,Positive,0.6666666865348816,0.7071147727045739
B_git_frozen,text,20260924,4,-yRb-Jum7EQ$_$1,-yRb-Jum7EQ,Neutral,Negative,0.0,-0.1632880833357797
B_git_frozen,text,20260924,4,-yRb-Jum7EQ$_$5,-yRb-Jum7EQ,Negative,Negative,-0.6666666865348816,0.2679684267282793
B_git_frozen,text,20260924,4,-yRb-Jum7EQ$_$6,-yRb-Jum7EQ,Neutral,Negative,0.0,-0.24764939598218072
B_git_frozen,text,20260925,4,-3g5yACwYnA$_$13,-3g5yACwYnA,Positive,Positive,0.6666666865348816,0.2318012524729336
B_git_frozen,text,20260925,4,-3g5yACwYnA$_$2,-3g5yACwYnA,Neutral,Positive,0.0,0.16086260560003646
B_git_frozen,text,20260925,4,-3g5yACwYnA$_$3,-3g5yACwYnA,Neutral,Positive,0.0,-0.05045007821612374
B_git_frozen,text,20260925,4,-3g5yACwYnA$_$9,-3g5yACwYnA,Positive,Positive,0.6666666865348816,0.9087070455164075
B_git_frozen,text,20260925,0,-3nNcZdcdvU$_$5,-3nNcZdcdvU,Neutral,Negative,0.0,-0.7178783364439193
B_git_frozen,text,20260925,3,-571d8cVauQ$_$0,-571d8cVauQ,Neutral,Neutral,0.0,0.29715168833383604
B_git_frozen,text,20260925,3,-571d8cVauQ$_$5,-571d8cVauQ,Positive,Positive,0.3333333432674408,0.6926087020730398
B_git_frozen,text,20260925,1,-6rXp3zJ3kc$_$8,-6rXp3zJ3kc,Negative,Positive,-1.0,0.43961917468762457
B_git_frozen,text,20260925,4,-9y-fZ3swSY$_$0,-9y-fZ3swSY,Positive,Positive,1.0,0.39280256420891346
B_git_frozen,text,20260925,4,-9y-fZ3swSY$_$4,-9y-fZ3swSY,Neutral,Neutral,0.0,0.5448148826844322
B_git_frozen,text,20260925,4,-9y-fZ3swSY$_$8,-9y-fZ3swSY,Positive,Positive,1.6666666269302368,0.06795641169385563
B_git_frozen,text,20260925,3,-AUZQgSxyPQ$_$2,-AUZQgSxyPQ,Positive,Positive,0.6666666865348816,0.7469438379006179
B_git_frozen,text,20260925,1,-HeZS2-Prhc$_$2,-HeZS2-Prhc,Positive,Positive,0.6666666865348816,0.23966981923132458
B_git_frozen,text,20260925,3,-HwX2H8Z4hY$_$2,-HwX2H8Z4hY,Neutral,Positive,0.0,0.8096399326119508
B_git_frozen,text,20260925,3,-HwX2H8Z4hY$_$5,-HwX2H8Z4hY,Negative,Neutral,-1.0,0.41775824635032277
B_git_frozen,text,20260925,3,-HwX2H8Z4hY$_$6,-HwX2H8Z4hY,Neutral,Positive,0.0,0.4601917264908196
B_git_frozen,text,20260925,3,-HwX2H8Z4hY$_$9,-HwX2H8Z4hY,Negative,Negative,-0.3333333432674408,0.018229864152455588
B_git_frozen,text,20260925,4,-I_e4mIh0yE$_$1,-I_e4mIh0yE,Negative,Negative,-0.6666666865348816,-0.26374622117404084
B_git_frozen,text,20260925,4,-I_e4mIh0yE$_$3,-I_e4mIh0yE,Positive,Positive,0.6666666865348816,0.37418445109365195
B_git_frozen,text,20260925,0,-MeTTeMJBNc$_$0,-MeTTeMJBNc,Positive,Positive,0.3333333432674408,0.35696928044428566
B_git_frozen,text,20260925,0,-MeTTeMJBNc$_$13,-MeTTeMJBNc,Positive,Positive,0.3333333432674408,0.6412374054823164
B_git_frozen,text,20260925,0,-MeTTeMJBNc$_$7,-MeTTeMJBNc,Positive,Positive,1.3333333730697632,0.4511662693988593
B_git_frozen,text,20260925,4,-NFrJFQijFE$_$1,-NFrJFQijFE,Positive,Neutral,0.3333333432674408,-0.023364126712833277
B_git_frozen,text,20260925,4,-NFrJFQijFE$_$2,-NFrJFQijFE,Neutral,Positive,0.0,0.2529939533139536
B_git_frozen,text,20260925,2,-RfYyzHpjk4$_$11,-RfYyzHpjk4,Positive,Positive,2.0,0.4834714826972194
B_git_frozen,text,20260925,2,-RfYyzHpjk4$_$2,-RfYyzHpjk4,Positive,Positive,0.3333333432674408,0.01789287840398629
B_git_frozen,text,20260925,2,-RfYyzHpjk4$_$8,-RfYyzHpjk4,Positive,Neutral,0.3333333432674408,0.14892403332810958
B_git_frozen,text,20260925,2,-THoVjtIkeU$_$12,-THoVjtIkeU,Positive,Negative,2.0,-0.12248944130032707
B_git_frozen,text,20260925,2,-THoVjtIkeU$_$2,-THoVjtIkeU,Positive,Positive,1.3333333730697632,0.364050910668365
B_git_frozen,text,20260925,2,-THoVjtIkeU$_$6,-THoVjtIkeU,Positive,Positive,2.6666667461395264,0.518819444430976
B_git_frozen,text,20260925,4,-UUCSKoHeMA$_$0,-UUCSKoHeMA,Neutral,Positive,0.0,0.45845341293811304
B_git_frozen,text,20260925,2,-UacrmKiTn4$_$10,-UacrmKiTn4,Negative,Negative,-0.6666666865348816,-0.19624897541202657
B_git_frozen,text,20260925,2,-UacrmKiTn4$_$4,-UacrmKiTn4,Negative,Neutral,-1.3333333730697632,-0.08191435278695713
B_git_frozen,text,20260925,0,-UuX1xuaiiE$_$0,-UuX1xuaiiE,Positive,Positive,2.6666667461395264,1.0437497018375166
B_git_frozen,text,20260925,0,-UuX1xuaiiE$_$1,-UuX1xuaiiE,Positive,Neutral,1.6666666269302368,0.3855171677061828
B_git_frozen,text,20260925,0,-UuX1xuaiiE$_$3,-UuX1xuaiiE,Positive,Positive,0.3333333432674408,0.3444921051326706
B_git_frozen,text,20260925,0,-UuX1xuaiiE$_$6,-UuX1xuaiiE,Negative,Neutral,-0.3333333432674408,0.06383598795298417
B_git_frozen,text,20260925,1,-a55Q6RWvTA$_$3,-a55Q6RWvTA,Positive,Positive,0.6666666865348816,0.6191194069821961
B_git_frozen,text,20260925,1,-aNfi7CP8vM$_$7,-aNfi7CP8vM,Neutral,Positive,0.0,0.3118003100404776
B_git_frozen,text,20260925,2,-aqamKhZ1Ec$_$0,-aqamKhZ1Ec,Negative,Negative,-2.0,0.08596436470204227
B_git_frozen,text,20260925,3,-dxfTGcXJoc$_$0,-dxfTGcXJoc,Positive,Positive,1.0,0.5413364736827039
B_git_frozen,text,20260925,3,-dxfTGcXJoc$_$1,-dxfTGcXJoc,Positive,Positive,1.6666666269302368,0.7787830777730818
B_git_frozen,text,20260925,3,-dxfTGcXJoc$_$2,-dxfTGcXJoc,Positive,Positive,0.6666666865348816,0.9720605532783202
B_git_frozen,text,20260925,3,-dxfTGcXJoc$_$6,-dxfTGcXJoc,Positive,Positive,0.6666666865348816,0.9122226172914274
B_git_frozen,text,20260925,2,-egA8-b7-3M$_$1,-egA8-b7-3M,Positive,Positive,0.6666666865348816,0.5954095144061806
B_git_frozen,text,20260925,2,-egA8-b7-3M$_$13,-egA8-b7-3M,Positive,Positive,0.3333333432674408,0.4885327140117174
B_git_frozen,text,20260925,2,-egA8-b7-3M$_$16,-egA8-b7-3M,Positive,Positive,0.6666666865348816,0.5130664877285003
B_git_frozen,text,20260925,2,-egA8-b7-3M$_$17,-egA8-b7-3M,Positive,Positive,0.3333333432674408,0.3808990581498667
B_git_frozen,text,20260925,2,-egA8-b7-3M$_$18,-egA8-b7-3M,Positive,Positive,1.0,0.5843666411668502
B_git_frozen,text,20260925,2,-egA8-b7-3M$_$20,-egA8-b7-3M,Positive,Positive,0.3333333432674408,0.5965965567197731
B_git_frozen,text,20260925,2,-egA8-b7-3M$_$26,-egA8-b7-3M,Positive,Positive,1.6666666269302368,0.9714625401966401
B_git_frozen,text,20260925,2,-egA8-b7-3M$_$6,-egA8-b7-3M,Positive,Positive,0.6666666865348816,0.7451227011707322
B_git_frozen,text,20260925,2,-egA8-b7-3M$_$9,-egA8-b7-3M,Positive,Positive,0.3333333432674408,0.5676767161827715
B_git_frozen,text,20260925,0,-hnBHBN8p5A$_$6,-hnBHBN8p5A,Positive,Positive,1.0,0.785274263628781
B_git_frozen,text,20260925,0,-hnBHBN8p5A$_$7,-hnBHBN8p5A,Positive,Positive,0.6666666865348816,0.11952222412337588
B_git_frozen,text,20260925,4,-iRBcNs9oI8$_$3,-iRBcNs9oI8,Positive,Positive,0.6666666865348816,0.2508773589506237
B_git_frozen,text,20260925,4,-iRBcNs9oI8$_$6,-iRBcNs9oI8,Positive,Neutral,0.3333333432674408,0.13789681694806483
B_git_frozen,text,20260925,4,-iRBcNs9oI8$_$7,-iRBcNs9oI8,Positive,Positive,0.6666666865348816,0.09169527503189834
B_git_frozen,text,20260925,4,-iRBcNs9oI8$_$8,-iRBcNs9oI8,Positive,Positive,1.0,0.563162151121118
B_git_frozen,text,20260925,4,-iRBcNs9oI8$_$9,-iRBcNs9oI8,Positive,Neutral,1.3333333730697632,-0.09690101626179953
B_git_frozen,text,20260925,0,-lzEya4AM_4$_$5,-lzEya4AM_4,Negative,Neutral,-0.6666666865348816,0.06961642310589494
B_git_frozen,text,20260925,0,-lzEya4AM_4$_$6,-lzEya4AM_4,Negative,Negative,-0.3333333432674408,-0.44891448332557593
B_git_frozen,text,20260925,0,-mJ2ud6oKI8$_$1,-mJ2ud6oKI8,Neutral,Positive,0.0,0.49146069771105916
B_git_frozen,text,20260925,0,-mJ2ud6oKI8$_$2,-mJ2ud6oKI8,Neutral,Positive,0.0,0.38774169726828567
B_git_frozen,text,20260925,0,-mJ2ud6oKI8$_$6,-mJ2ud6oKI8,Positive,Neutral,0.3333333432674408,0.2446428054465768
B_git_frozen,text,20260925,0,-mJ2ud6oKI8$_$8,-mJ2ud6oKI8,Negative,Positive,-0.3333333432674408,0.15185183737663727
B_git_frozen,text,20260925,0,-mJ2ud6oKI8$_$9,-mJ2ud6oKI8,Neutral,Positive,0.0,0.4569081357785024
B_git_frozen,text,20260925,3,-mqbVkbCndg$_$0,-mqbVkbCndg,Neutral,Positive,0.0,0.6488601582833333
B_git_frozen,text,20260925,1,-qDkUB0GgYY$_$6,-qDkUB0GgYY,Positive,Positive,1.3333333730697632,1.299887771270629
B_git_frozen,text,20260925,1,-ri04Z7vwnc$_$0,-ri04Z7vwnc,Neutral,Negative,0.0,-0.09506714738141575
B_git_frozen,text,20260925,1,-ri04Z7vwnc$_$2,-ri04Z7vwnc,Negative,Positive,-0.3333333432674408,0.44906444805367285
B_git_frozen,text,20260925,1,-ri04Z7vwnc$_$5,-ri04Z7vwnc,Positive,Positive,0.3333333432674408,0.7878076270259424
B_git_frozen,text,20260925,4,-s9qJ7ATP7w$_$0,-s9qJ7ATP7w,Negative,Positive,-0.3333333432674408,0.006016112816337238
B_git_frozen,text,20260925,4,-s9qJ7ATP7w$_$1,-s9qJ7ATP7w,Positive,Positive,0.6666666865348816,0.47681374188845477
B_git_frozen,text,20260925,4,-s9qJ7ATP7w$_$4,-s9qJ7ATP7w,Neutral,Positive,0.0,0.6688210816842888
B_git_frozen,text,20260925,4,-s9qJ7ATP7w$_$5,-s9qJ7ATP7w,Negative,Positive,-2.0,0.6765070492135
B_git_frozen,text,20260925,4,-s9qJ7ATP7w$_$6,-s9qJ7ATP7w,Neutral,Positive,0.0,0.0068721926932346356
B_git_frozen,text,20260925,4,-s9qJ7ATP7w$_$7,-s9qJ7ATP7w,Positive,Negative,1.0,0.0940566571185284
B_git_frozen,text,20260925,4,-s9qJ7ATP7w$_$8,-s9qJ7ATP7w,Positive,Positive,1.3333333730697632,0.7264832212813124
B_git_frozen,text,20260925,3,-t217m2on-s$_$2,-t217m2on-s,Positive,Positive,0.6666666865348816,0.33108541516581824
B_git_frozen,text,20260925,3,-t217m2on-s$_$7,-t217m2on-s,Negative,Negative,-0.6666666865348816,-0.2769901984482705
B_git_frozen,text,20260925,4,-tANM6ETl_M$_$3,-tANM6ETl_M,Positive,Positive,0.3333333432674408,-0.04042739367945808
B_git_frozen,text,20260925,3,-tPCytz4rww$_$10,-tPCytz4rww,Neutral,Positive,0.0,0.607177785281595
B_git_frozen,text,20260925,3,-tPCytz4rww$_$11,-tPCytz4rww,Neutral,Positive,0.0,0.32435610016803895
B_git_frozen,text,20260925,3,-tPCytz4rww$_$12,-tPCytz4rww,Neutral,Positive,0.0,0.6283303339640585
B_git_frozen,text,20260925,3,-tPCytz4rww$_$16,-tPCytz4rww,Neutral,Positive,0.0,0.45600241310487194
B_git_frozen,text,20260925,3,-tPCytz4rww$_$18,-tPCytz4rww,Neutral,Positive,0.0,0.6409165015645171
B_git_frozen,text,20260925,1,-uywlfIYOS8$_$4,-uywlfIYOS8,Positive,Positive,0.3333333432674408,0.6414712290131435
B_git_frozen,text,20260925,2,-vxjVxOeScU$_$4,-vxjVxOeScU,Positive,Positive,1.0,0.7733757667284429
B_git_frozen,text,20260925,2,-wMB_hJL-3o$_$7,-wMB_hJL-3o,Positive,Negative,0.3333333432674408,-0.03248718224159558
B_git_frozen,text,20260925,4,-wny0OAz3g8$_$0,-wny0OAz3g8,Positive,Neutral,0.3333333432674408,-0.30127258176664146
B_git_frozen,text,20260925,4,-wny0OAz3g8$_$1,-wny0OAz3g8,Positive,Positive,0.3333333432674408,0.1785299817953811
B_git_frozen,text,20260925,4,-wny0OAz3g8$_$2,-wny0OAz3g8,Negative,Positive,-0.3333333432674408,-0.001279379873644848
B_git_frozen,text,20260925,4,-wny0OAz3g8$_$3,-wny0OAz3g8,Negative,Negative,-1.3333333730697632,-0.3013494751949433
B_git_frozen,text,20260925,4,-wny0OAz3g8$_$5,-wny0OAz3g8,Positive,Positive,1.0,-0.04436492668640879
B_git_frozen,text,20260925,4,-wny0OAz3g8$_$7,-wny0OAz3g8,Neutral,Positive,0.0,-0.07105262779476212
B_git_frozen,text,20260925,4,-wny0OAz3g8$_$9,-wny0OAz3g8,Positive,Positive,0.6666666865348816,0.4629579766877501
B_git_frozen,text,20260925,2,-yRb-Jum7EQ$_$1,-yRb-Jum7EQ,Neutral,Negative,0.0,-0.19433828128733233
B_git_frozen,text,20260925,2,-yRb-Jum7EQ$_$5,-yRb-Jum7EQ,Negative,Negative,-0.6666666865348816,0.14744385360806583
B_git_frozen,text,20260925,2,-yRb-Jum7EQ$_$6,-yRb-Jum7EQ,Neutral,Negative,0.0,-0.47935255183968944
B_git_frozen,text,20260926,1,-3g5yACwYnA$_$13,-3g5yACwYnA,Positive,Positive,0.6666666865348816,-0.030123241712368687
B_git_frozen,text,20260926,1,-3g5yACwYnA$_$2,-3g5yACwYnA,Neutral,Positive,0.0,0.5703268925825972
B_git_frozen,text,20260926,1,-3g5yACwYnA$_$3,-3g5yACwYnA,Neutral,Positive,0.0,0.2621140877944186
B_git_frozen,text,20260926,1,-3g5yACwYnA$_$9,-3g5yACwYnA,Positive,Positive,0.6666666865348816,0.9173548482423934
B_git_frozen,text,20260926,3,-3nNcZdcdvU$_$5,-3nNcZdcdvU,Neutral,Negative,0.0,-0.5006333717165723
B_git_frozen,text,20260926,3,-571d8cVauQ$_$0,-571d8cVauQ,Neutral,Neutral,0.0,0.28583253236875905
B_git_frozen,text,20260926,3,-571d8cVauQ$_$5,-571d8cVauQ,Positive,Positive,0.3333333432674408,0.7538756913365198
B_git_frozen,text,20260926,4,-6rXp3zJ3kc$_$8,-6rXp3zJ3kc,Negative,Positive,-1.0,0.5341198796456816
B_git_frozen,text,20260926,0,-9y-fZ3swSY$_$0,-9y-fZ3swSY,Positive,Positive,1.0,0.3010818989329857
B_git_frozen,text,20260926,0,-9y-fZ3swSY$_$4,-9y-fZ3swSY,Neutral,Positive,0.0,0.9339915326550601
B_git_frozen,text,20260926,0,-9y-fZ3swSY$_$8,-9y-fZ3swSY,Positive,Positive,1.6666666269302368,0.1715775538461723
B_git_frozen,text,20260926,0,-AUZQgSxyPQ$_$2,-AUZQgSxyPQ,Positive,Neutral,0.6666666865348816,0.4062441175165903
B_git_frozen,text,20260926,4,-HeZS2-Prhc$_$2,-HeZS2-Prhc,Positive,Positive,0.6666666865348816,0.09624470183804201
B_git_frozen,text,20260926,0,-HwX2H8Z4hY$_$2,-HwX2H8Z4hY,Neutral,Positive,0.0,0.4656617537692233
B_git_frozen,text,20260926,0,-HwX2H8Z4hY$_$5,-HwX2H8Z4hY,Negative,Neutral,-1.0,0.1785819435961388
B_git_frozen,text,20260926,0,-HwX2H8Z4hY$_$6,-HwX2H8Z4hY,Neutral,Positive,0.0,0.34859932377701497
B_git_frozen,text,20260926,0,-HwX2H8Z4hY$_$9,-HwX2H8Z4hY,Negative,Negative,-0.3333333432674408,-0.19983429400570335
B_git_frozen,text,20260926,1,-I_e4mIh0yE$_$1,-I_e4mIh0yE,Negative,Negative,-0.6666666865348816,-0.16947297550476725
B_git_frozen,text,20260926,1,-I_e4mIh0yE$_$3,-I_e4mIh0yE,Positive,Positive,0.6666666865348816,0.28357265807807297
B_git_frozen,text,20260926,4,-MeTTeMJBNc$_$0,-MeTTeMJBNc,Positive,Positive,0.3333333432674408,0.3504679316541055
B_git_frozen,text,20260926,4,-MeTTeMJBNc$_$13,-MeTTeMJBNc,Positive,Positive,0.3333333432674408,0.5354808747912032
B_git_frozen,text,20260926,4,-MeTTeMJBNc$_$7,-MeTTeMJBNc,Positive,Positive,1.3333333730697632,0.6488782748688142
B_git_frozen,text,20260926,2,-NFrJFQijFE$_$1,-NFrJFQijFE,Positive,Neutral,0.3333333432674408,-0.46862710188488205
B_git_frozen,text,20260926,2,-NFrJFQijFE$_$2,-NFrJFQijFE,Neutral,Positive,0.0,0.2522001717741863
B_git_frozen,text,20260926,2,-RfYyzHpjk4$_$11,-RfYyzHpjk4,Positive,Positive,2.0,0.6784862536205299
B_git_frozen,text,20260926,2,-RfYyzHpjk4$_$2,-RfYyzHpjk4,Positive,Positive,0.3333333432674408,0.04973997782696829
B_git_frozen,text,20260926,2,-RfYyzHpjk4$_$8,-RfYyzHpjk4,Positive,Positive,0.3333333432674408,0.19400050386623563
B_git_frozen,text,20260926,3,-THoVjtIkeU$_$12,-THoVjtIkeU,Positive,Positive,2.0,-0.09189635686005931
B_git_frozen,text,20260926,3,-THoVjtIkeU$_$2,-THoVjtIkeU,Positive,Positive,1.3333333730697632,0.3903429661706365
B_git_frozen,text,20260926,3,-THoVjtIkeU$_$6,-THoVjtIkeU,Positive,Positive,2.6666667461395264,0.5827507593683934
B_git_frozen,text,20260926,2,-UUCSKoHeMA$_$0,-UUCSKoHeMA,Neutral,Positive,0.0,0.4588336361269385
B_git_frozen,text,20260926,4,-UacrmKiTn4$_$10,-UacrmKiTn4,Negative,Negative,-0.6666666865348816,0.06629176595360348
B_git_frozen,text,20260926,4,-UacrmKiTn4$_$4,-UacrmKiTn4,Negative,Positive,-1.3333333730697632,0.3574369469015393
B_git_frozen,text,20260926,4,-UuX1xuaiiE$_$0,-UuX1xuaiiE,Positive,Positive,2.6666667461395264,0.8761799089031646
B_git_frozen,text,20260926,4,-UuX1xuaiiE$_$1,-UuX1xuaiiE,Positive,Neutral,1.6666666269302368,0.38759989538715983
B_git_frozen,text,20260926,4,-UuX1xuaiiE$_$3,-UuX1xuaiiE,Positive,Positive,0.3333333432674408,0.5441668180575724
B_git_frozen,text,20260926,4,-UuX1xuaiiE$_$6,-UuX1xuaiiE,Negative,Positive,-0.3333333432674408,-0.018103947464486014
B_git_frozen,text,20260926,0,-a55Q6RWvTA$_$3,-a55Q6RWvTA,Positive,Positive,0.6666666865348816,0.346642531238321
B_git_frozen,text,20260926,4,-aNfi7CP8vM$_$7,-aNfi7CP8vM,Neutral,Positive,0.0,0.3562112196527214
B_git_frozen,text,20260926,1,-aqamKhZ1Ec$_$0,-aqamKhZ1Ec,Negative,Neutral,-2.0,-0.06268994941230915
B_git_frozen,text,20260926,0,-dxfTGcXJoc$_$0,-dxfTGcXJoc,Positive,Neutral,1.0,0.3377355729449958
B_git_frozen,text,20260926,0,-dxfTGcXJoc$_$1,-dxfTGcXJoc,Positive,Positive,1.6666666269302368,0.6555841211249747
B_git_frozen,text,20260926,0,-dxfTGcXJoc$_$2,-dxfTGcXJoc,Positive,Positive,0.6666666865348816,0.8771392849383703
B_git_frozen,text,20260926,0,-dxfTGcXJoc$_$6,-dxfTGcXJoc,Positive,Positive,0.6666666865348816,0.7969805305484621
B_git_frozen,text,20260926,0,-egA8-b7-3M$_$1,-egA8-b7-3M,Positive,Positive,0.6666666865348816,0.13598668551026016
B_git_frozen,text,20260926,0,-egA8-b7-3M$_$13,-egA8-b7-3M,Positive,Positive,0.3333333432674408,0.21928727327240602
B_git_frozen,text,20260926,0,-egA8-b7-3M$_$16,-egA8-b7-3M,Positive,Positive,0.6666666865348816,0.6957070290079097
B_git_frozen,text,20260926,0,-egA8-b7-3M$_$17,-egA8-b7-3M,Positive,Positive,0.3333333432674408,1.1030086671469177
B_git_frozen,text,20260926,0,-egA8-b7-3M$_$18,-egA8-b7-3M,Positive,Positive,1.0,0.7607008899441103
B_git_frozen,text,20260926,0,-egA8-b7-3M$_$20,-egA8-b7-3M,Positive,Positive,0.3333333432674408,0.7733027586269186
B_git_frozen,text,20260926,0,-egA8-b7-3M$_$26,-egA8-b7-3M,Positive,Positive,1.6666666269302368,1.0914111030690559
B_git_frozen,text,20260926,0,-egA8-b7-3M$_$6,-egA8-b7-3M,Positive,Positive,0.6666666865348816,0.7678807636843303
B_git_frozen,text,20260926,0,-egA8-b7-3M$_$9,-egA8-b7-3M,Positive,Positive,0.3333333432674408,0.45027057336003223
B_git_frozen,text,20260926,1,-hnBHBN8p5A$_$6,-hnBHBN8p5A,Positive,Positive,1.0,0.7352554381971231
B_git_frozen,text,20260926,1,-hnBHBN8p5A$_$7,-hnBHBN8p5A,Positive,Positive,0.6666666865348816,0.1917396224553365
B_git_frozen,text,20260926,2,-iRBcNs9oI8$_$3,-iRBcNs9oI8,Positive,Neutral,0.6666666865348816,0.34321083113876405
B_git_frozen,text,20260926,2,-iRBcNs9oI8$_$6,-iRBcNs9oI8,Positive,Neutral,0.3333333432674408,0.40871093337040504
B_git_frozen,text,20260926,2,-iRBcNs9oI8$_$7,-iRBcNs9oI8,Positive,Positive,0.6666666865348816,0.26055300480288135
B_git_frozen,text,20260926,2,-iRBcNs9oI8$_$8,-iRBcNs9oI8,Positive,Positive,1.0,0.5612746836547706
B_git_frozen,text,20260926,2,-iRBcNs9oI8$_$9,-iRBcNs9oI8,Positive,Neutral,1.3333333730697632,0.06831048500178202
B_git_frozen,text,20260926,0,-lzEya4AM_4$_$5,-lzEya4AM_4,Negative,Neutral,-0.6666666865348816,-0.03921776285490447
B_git_frozen,text,20260926,0,-lzEya4AM_4$_$6,-lzEya4AM_4,Negative,Negative,-0.3333333432674408,-0.4361007153787943
B_git_frozen,text,20260926,4,-mJ2ud6oKI8$_$1,-mJ2ud6oKI8,Neutral,Positive,0.0,0.5973503806193021
B_git_frozen,text,20260926,4,-mJ2ud6oKI8$_$2,-mJ2ud6oKI8,Neutral,Positive,0.0,0.5544927103733461
B_git_frozen,text,20260926,4,-mJ2ud6oKI8$_$6,-mJ2ud6oKI8,Positive,Positive,0.3333333432674408,0.2551087602775724
B_git_frozen,text,20260926,4,-mJ2ud6oKI8$_$8,-mJ2ud6oKI8,Negative,Positive,-0.3333333432674408,0.34721320197337147
B_git_frozen,text,20260926,4,-mJ2ud6oKI8$_$9,-mJ2ud6oKI8,Neutral,Positive,0.0,0.6467422393772247
B_git_frozen,text,20260926,1,-mqbVkbCndg$_$0,-mqbVkbCndg,Neutral,Positive,0.0,0.6684076739899272
B_git_frozen,text,20260926,2,-qDkUB0GgYY$_$6,-qDkUB0GgYY,Positive,Positive,1.3333333730697632,1.4844336737878385
B_git_frozen,text,20260926,1,-ri04Z7vwnc$_$0,-ri04Z7vwnc,Neutral,Positive,0.0,-0.13259971874897336
B_git_frozen,text,20260926,1,-ri04Z7vwnc$_$2,-ri04Z7vwnc,Negative,Positive,-0.3333333432674408,0.16394984968706044
B_git_frozen,text,20260926,1,-ri04Z7vwnc$_$5,-ri04Z7vwnc,Positive,Positive,0.3333333432674408,0.6043366482613339
B_git_frozen,text,20260926,0,-s9qJ7ATP7w$_$0,-s9qJ7ATP7w,Negative,Positive,-0.3333333432674408,0.1453130181566154
B_git_frozen,text,20260926,0,-s9qJ7ATP7w$_$1,-s9qJ7ATP7w,Positive,Positive,0.6666666865348816,1.064544953805987
B_git_frozen,text,20260926,0,-s9qJ7ATP7w$_$4,-s9qJ7ATP7w,Neutral,Positive,0.0,0.7311356772375444
B_git_frozen,text,20260926,0,-s9qJ7ATP7w$_$5,-s9qJ7ATP7w,Negative,Positive,-2.0,0.7872489618416154
B_git_frozen,text,20260926,0,-s9qJ7ATP7w$_$6,-s9qJ7ATP7w,Neutral,Positive,0.0,0.22826311097719665
B_git_frozen,text,20260926,0,-s9qJ7ATP7w$_$7,-s9qJ7ATP7w,Positive,Negative,1.0,-0.20264261899623365
B_git_frozen,text,20260926,0,-s9qJ7ATP7w$_$8,-s9qJ7ATP7w,Positive,Positive,1.3333333730697632,0.7064527676844985
B_git_frozen,text,20260926,4,-t217m2on-s$_$2,-t217m2on-s,Positive,Positive,0.6666666865348816,0.7155882093997832
B_git_frozen,text,20260926,4,-t217m2on-s$_$7,-t217m2on-s,Negative,Negative,-0.6666666865348816,-0.15173730039073519
B_git_frozen,text,20260926,1,-tANM6ETl_M$_$3,-tANM6ETl_M,Positive,Positive,0.3333333432674408,-0.16692423974003678
B_git_frozen,text,20260926,1,-tPCytz4rww$_$10,-tPCytz4rww,Neutral,Positive,0.0,0.425410882150813
B_git_frozen,text,20260926,1,-tPCytz4rww$_$11,-tPCytz4rww,Neutral,Positive,0.0,0.35105035149710645
B_git_frozen,text,20260926,1,-tPCytz4rww$_$12,-tPCytz4rww,Neutral,Positive,0.0,0.7191247289341959
B_git_frozen,text,20260926,1,-tPCytz4rww$_$16,-tPCytz4rww,Neutral,Positive,0.0,0.29366543045852644
B_git_frozen,text,20260926,1,-tPCytz4rww$_$18,-tPCytz4rww,Neutral,Positive,0.0,0.5019954757945809
B_git_frozen,text,20260926,0,-uywlfIYOS8$_$4,-uywlfIYOS8,Positive,Positive,0.3333333432674408,0.7365174673313855
B_git_frozen,text,20260926,0,-vxjVxOeScU$_$4,-vxjVxOeScU,Positive,Positive,1.0,0.9301905791130982
B_git_frozen,text,20260926,4,-wMB_hJL-3o$_$7,-wMB_hJL-3o,Positive,Positive,0.3333333432674408,0.6574837481439268
B_git_frozen,text,20260926,3,-wny0OAz3g8$_$0,-wny0OAz3g8,Positive,Neutral,0.3333333432674408,-0.24867668563931195
B_git_frozen,text,20260926,3,-wny0OAz3g8$_$1,-wny0OAz3g8,Positive,Negative,0.3333333432674408,-0.043718016138137916
B_git_frozen,text,20260926,3,-wny0OAz3g8$_$2,-wny0OAz3g8,Negative,Negative,-0.3333333432674408,-0.20827167561244536
B_git_frozen,text,20260926,3,-wny0OAz3g8$_$3,-wny0OAz3g8,Negative,Negative,-1.3333333730697632,-0.29266194187305555
B_git_frozen,text,20260926,3,-wny0OAz3g8$_$5,-wny0OAz3g8,Positive,Negative,1.0,-0.27358523376562166
B_git_frozen,text,20260926,3,-wny0OAz3g8$_$7,-wny0OAz3g8,Neutral,Negative,0.0,-0.16440579701869784
B_git_frozen,text,20260926,3,-wny0OAz3g8$_$9,-wny0OAz3g8,Positive,Positive,0.6666666865348816,0.2622283532191816
B_git_frozen,text,20260926,4,-yRb-Jum7EQ$_$1,-yRb-Jum7EQ,Neutral,Negative,0.0,-0.08648769734686018
B_git_frozen,text,20260926,4,-yRb-Jum7EQ$_$5,-yRb-Jum7EQ,Negative,Positive,-0.6666666865348816,0.3535263734992554
B_git_frozen,text,20260926,4,-yRb-Jum7EQ$_$6,-yRb-Jum7EQ,Neutral,Negative,0.0,-0.11853516183918089
B_git_frozen,text,20260927,0,-3g5yACwYnA$_$13,-3g5yACwYnA,Positive,Positive,0.6666666865348816,-0.08903587582892553
B_git_frozen,text,20260927,0,-3g5yACwYnA$_$2,-3g5yACwYnA,Neutral,Positive,0.0,0.3154562314248367
B_git_frozen,text,20260927,0,-3g5yACwYnA$_$3,-3g5yACwYnA,Neutral,Positive,0.0,0.17262179672507383
B_git_frozen,text,20260927,0,-3g5yACwYnA$_$9,-3g5yACwYnA,Positive,Positive,0.6666666865348816,0.8697994112439495
B_git_frozen,text,20260927,1,-3nNcZdcdvU$_$5,-3nNcZdcdvU,Neutral,Negative,0.0,-0.3896074987226785
B_git_frozen,text,20260927,0,-571d8cVauQ$_$0,-571d8cVauQ,Neutral,Neutral,0.0,0.3079719510298079
B_git_frozen,text,20260927,0,-571d8cVauQ$_$5,-571d8cVauQ,Positive,Positive,0.3333333432674408,0.7386912732570081
B_git_frozen,text,20260927,4,-6rXp3zJ3kc$_$8,-6rXp3zJ3kc,Negative,Positive,-1.0,0.24055855296776169
B_git_frozen,text,20260927,1,-9y-fZ3swSY$_$0,-9y-fZ3swSY,Positive,Positive,1.0,0.27075545566084414
B_git_frozen,text,20260927,1,-9y-fZ3swSY$_$4,-9y-fZ3swSY,Neutral,Neutral,0.0,0.2684842015733537
B_git_frozen,text,20260927,1,-9y-fZ3swSY$_$8,-9y-fZ3swSY,Positive,Neutral,1.6666666269302368,0.13171297526339174
B_git_frozen,text,20260927,3,-AUZQgSxyPQ$_$2,-AUZQgSxyPQ,Positive,Positive,0.6666666865348816,0.7209656617080398
B_git_frozen,text,20260927,4,-HeZS2-Prhc$_$2,-HeZS2-Prhc,Positive,Positive,0.6666666865348816,0.49347627081515466
B_git_frozen,text,20260927,0,-HwX2H8Z4hY$_$2,-HwX2H8Z4hY,Neutral,Neutral,0.0,0.7536908815087535
B_git_frozen,text,20260927,0,-HwX2H8Z4hY$_$5,-HwX2H8Z4hY,Negative,Neutral,-1.0,0.33374776594947464
B_git_frozen,text,20260927,0,-HwX2H8Z4hY$_$6,-HwX2H8Z4hY,Neutral,Neutral,0.0,0.1605073125052153
B_git_frozen,text,20260927,0,-HwX2H8Z4hY$_$9,-HwX2H8Z4hY,Negative,Negative,-0.3333333432674408,-0.056762113567369876
B_git_frozen,text,20260927,4,-I_e4mIh0yE$_$1,-I_e4mIh0yE,Negative,Neutral,-0.6666666865348816,-0.2688400437123431
B_git_frozen,text,20260927,4,-I_e4mIh0yE$_$3,-I_e4mIh0yE,Positive,Neutral,0.6666666865348816,0.2986804270077559
B_git_frozen,text,20260927,3,-MeTTeMJBNc$_$0,-MeTTeMJBNc,Positive,Positive,0.3333333432674408,0.41587793957257624
B_git_frozen,text,20260927,3,-MeTTeMJBNc$_$13,-MeTTeMJBNc,Positive,Positive,0.3333333432674408,0.5599628280402329
B_git_frozen,text,20260927,3,-MeTTeMJBNc$_$7,-MeTTeMJBNc,Positive,Positive,1.3333333730697632,0.5551262559486418
B_git_frozen,text,20260927,4,-NFrJFQijFE$_$1,-NFrJFQijFE,Positive,Neutral,0.3333333432674408,0.03539310058629047
B_git_frozen,text,20260927,4,-NFrJFQijFE$_$2,-NFrJFQijFE,Neutral,Positive,0.0,0.3729383210529582
B_git_frozen,text,20260927,3,-RfYyzHpjk4$_$11,-RfYyzHpjk4,Positive,Positive,2.0,0.6510420993873534
B_git_frozen,text,20260927,3,-RfYyzHpjk4$_$2,-RfYyzHpjk4,Positive,Positive,0.3333333432674408,0.1579339662866059
B_git_frozen,text,20260927,3,-RfYyzHpjk4$_$8,-RfYyzHpjk4,Positive,Positive,0.3333333432674408,0.2933312397600135
B_git_frozen,text,20260927,4,-THoVjtIkeU$_$12,-THoVjtIkeU,Positive,Neutral,2.0,0.3519945236741743
B_git_frozen,text,20260927,4,-THoVjtIkeU$_$2,-THoVjtIkeU,Positive,Positive,1.3333333730697632,0.6363186662050802
B_git_frozen,text,20260927,4,-THoVjtIkeU$_$6,-THoVjtIkeU,Positive,Positive,2.6666667461395264,0.7443978900461479
B_git_frozen,text,20260927,3,-UUCSKoHeMA$_$0,-UUCSKoHeMA,Neutral,Positive,0.0,0.5100911185062083
B_git_frozen,text,20260927,4,-UacrmKiTn4$_$10,-UacrmKiTn4,Negative,Neutral,-0.6666666865348816,0.01865673564016146
B_git_frozen,text,20260927,4,-UacrmKiTn4$_$4,-UacrmKiTn4,Negative,Neutral,-1.3333333730697632,0.20283030100119084
B_git_frozen,text,20260927,1,-UuX1xuaiiE$_$0,-UuX1xuaiiE,Positive,Positive,2.6666667461395264,1.010499027981965
B_git_frozen,text,20260927,1,-UuX1xuaiiE$_$1,-UuX1xuaiiE,Positive,Neutral,1.6666666269302368,0.42300021440672775
B_git_frozen,text,20260927,1,-UuX1xuaiiE$_$3,-UuX1xuaiiE,Positive,Positive,0.3333333432674408,0.3811294737340318
B_git_frozen,text,20260927,1,-UuX1xuaiiE$_$6,-UuX1xuaiiE,Negative,Neutral,-0.3333333432674408,0.1919698925410258
B_git_frozen,text,20260927,1,-a55Q6RWvTA$_$3,-a55Q6RWvTA,Positive,Positive,0.6666666865348816,0.536716654718848
B_git_frozen,text,20260927,2,-aNfi7CP8vM$_$7,-aNfi7CP8vM,Neutral,Positive,0.0,0.2902330538806768
B_git_frozen,text,20260927,1,-aqamKhZ1Ec$_$0,-aqamKhZ1Ec,Negative,Neutral,-2.0,0.012017535342047303
B_git_frozen,text,20260927,4,-dxfTGcXJoc$_$0,-dxfTGcXJoc,Positive,Positive,1.0,0.403295818033822
B_git_frozen,text,20260927,4,-dxfTGcXJoc$_$1,-dxfTGcXJoc,Positive,Positive,1.6666666269302368,0.5699277834637912
B_git_frozen,text,20260927,4,-dxfTGcXJoc$_$2,-dxfTGcXJoc,Positive,Positive,0.6666666865348816,0.8323214584185459
B_git_frozen,text,20260927,4,-dxfTGcXJoc$_$6,-dxfTGcXJoc,Positive,Positive,0.6666666865348816,0.5351828250440134
B_git_frozen,text,20260927,1,-egA8-b7-3M$_$1,-egA8-b7-3M,Positive,Positive,0.6666666865348816,0.6423258754766594
B_git_frozen,text,20260927,1,-egA8-b7-3M$_$13,-egA8-b7-3M,Positive,Positive,0.3333333432674408,0.2560270302140515
B_git_frozen,text,20260927,1,-egA8-b7-3M$_$16,-egA8-b7-3M,Positive,Positive,0.6666666865348816,0.5285161461545851
B_git_frozen,text,20260927,1,-egA8-b7-3M$_$17,-egA8-b7-3M,Positive,Positive,0.3333333432674408,0.5916686273954548
B_git_frozen,text,20260927,1,-egA8-b7-3M$_$18,-egA8-b7-3M,Positive,Positive,1.0,0.7913473529316546
B_git_frozen,text,20260927,1,-egA8-b7-3M$_$20,-egA8-b7-3M,Positive,Positive,0.3333333432674408,0.6434767355907174
B_git_frozen,text,20260927,1,-egA8-b7-3M$_$26,-egA8-b7-3M,Positive,Positive,1.6666666269302368,0.9884610050730003
B_git_frozen,text,20260927,1,-egA8-b7-3M$_$6,-egA8-b7-3M,Positive,Positive,0.6666666865348816,0.6780045698292925
B_git_frozen,text,20260927,1,-egA8-b7-3M$_$9,-egA8-b7-3M,Positive,Positive,0.3333333432674408,0.7085215437621141
B_git_frozen,text,20260927,0,-hnBHBN8p5A$_$6,-hnBHBN8p5A,Positive,Positive,1.0,0.6169749367681098
B_git_frozen,text,20260927,0,-hnBHBN8p5A$_$7,-hnBHBN8p5A,Positive,Neutral,0.6666666865348816,0.1640619899935048
B_git_frozen,text,20260927,3,-iRBcNs9oI8$_$3,-iRBcNs9oI8,Positive,Neutral,0.6666666865348816,0.4724146792862558
B_git_frozen,text,20260927,3,-iRBcNs9oI8$_$6,-iRBcNs9oI8,Positive,Neutral,0.3333333432674408,0.5658942272742975
B_git_frozen,text,20260927,3,-iRBcNs9oI8$_$7,-iRBcNs9oI8,Positive,Positive,0.6666666865348816,0.48585990153170966
B_git_frozen,text,20260927,3,-iRBcNs9oI8$_$8,-iRBcNs9oI8,Positive,Positive,1.0,0.6799781075484936
B_git_frozen,text,20260927,3,-iRBcNs9oI8$_$9,-iRBcNs9oI8,Positive,Positive,1.3333333730697632,0.44686628877669426
B_git_frozen,text,20260927,1,-lzEya4AM_4$_$5,-lzEya4AM_4,Negative,Neutral,-0.6666666865348816,0.020903906986323495
B_git_frozen,text,20260927,1,-lzEya4AM_4$_$6,-lzEya4AM_4,Negative,Negative,-0.3333333432674408,-0.3868730567521095
B_git_frozen,text,20260927,3,-mJ2ud6oKI8$_$1,-mJ2ud6oKI8,Neutral,Positive,0.0,0.53661830434961
B_git_frozen,text,20260927,3,-mJ2ud6oKI8$_$2,-mJ2ud6oKI8,Neutral,Positive,0.0,0.24640798511835751
B_git_frozen,text,20260927,3,-mJ2ud6oKI8$_$6,-mJ2ud6oKI8,Positive,Neutral,0.3333333432674408,0.1895340063841764
B_git_frozen,text,20260927,3,-mJ2ud6oKI8$_$8,-mJ2ud6oKI8,Negative,Positive,-0.3333333432674408,0.19745876108431143
B_git_frozen,text,20260927,3,-mJ2ud6oKI8$_$9,-mJ2ud6oKI8,Neutral,Positive,0.0,0.3507663094367045
B_git_frozen,text,20260927,2,-mqbVkbCndg$_$0,-mqbVkbCndg,Neutral,Positive,0.0,0.6483808862581488
B_git_frozen,text,20260927,0,-qDkUB0GgYY$_$6,-qDkUB0GgYY,Positive,Positive,1.3333333730697632,1.4263127954448174
B_git_frozen,text,20260927,2,-ri04Z7vwnc$_$0,-ri04Z7vwnc,Neutral,Positive,0.0,-0.17567416292281246
B_git_frozen,text,20260927,2,-ri04Z7vwnc$_$2,-ri04Z7vwnc,Negative,Positive,-0.3333333432674408,0.31485076000942896
B_git_frozen,text,20260927,2,-ri04Z7vwnc$_$5,-ri04Z7vwnc,Positive,Positive,0.3333333432674408,0.6833701818506854
B_git_frozen,text,20260927,4,-s9qJ7ATP7w$_$0,-s9qJ7ATP7w,Negative,Neutral,-0.3333333432674408,0.21362536594010295
B_git_frozen,text,20260927,4,-s9qJ7ATP7w$_$1,-s9qJ7ATP7w,Positive,Positive,0.6666666865348816,0.629279357887621
B_git_frozen,text,20260927,4,-s9qJ7ATP7w$_$4,-s9qJ7ATP7w,Neutral,Positive,0.0,0.8712688435677816
B_git_frozen,text,20260927,4,-s9qJ7ATP7w$_$5,-s9qJ7ATP7w,Negative,Positive,-2.0,0.3991925430355837
B_git_frozen,text,20260927,4,-s9qJ7ATP7w$_$6,-s9qJ7ATP7w,Neutral,Positive,0.0,0.27537708729648447
B_git_frozen,text,20260927,4,-s9qJ7ATP7w$_$7,-s9qJ7ATP7w,Positive,Negative,1.0,-0.01126504721515359
B_git_frozen,text,20260927,4,-s9qJ7ATP7w$_$8,-s9qJ7ATP7w,Positive,Positive,1.3333333730697632,0.45237770585062326
B_git_frozen,text,20260927,4,-t217m2on-s$_$2,-t217m2on-s,Positive,Positive,0.6666666865348816,0.20830716124793755
B_git_frozen,text,20260927,4,-t217m2on-s$_$7,-t217m2on-s,Negative,Negative,-0.6666666865348816,-0.34662048928771255
B_git_frozen,text,20260927,2,-tANM6ETl_M$_$3,-tANM6ETl_M,Positive,Positive,0.3333333432674408,-0.044287226877323116
B_git_frozen,text,20260927,3,-tPCytz4rww$_$10,-tPCytz4rww,Neutral,Positive,0.0,0.3937007184257788
B_git_frozen,text,20260927,3,-tPCytz4rww$_$11,-tPCytz4rww,Neutral,Positive,0.0,0.4028630605496961
B_git_frozen,text,20260927,3,-tPCytz4rww$_$12,-tPCytz4rww,Neutral,Positive,0.0,0.4985572399747313
B_git_frozen,text,20260927,3,-tPCytz4rww$_$16,-tPCytz4rww,Neutral,Positive,0.0,0.3283709834737973
B_git_frozen,text,20260927,3,-tPCytz4rww$_$18,-tPCytz4rww,Neutral,Positive,0.0,0.4710821300945969
B_git_frozen,text,20260927,2,-uywlfIYOS8$_$4,-uywlfIYOS8,Positive,Positive,0.3333333432674408,0.7575665045231657
B_git_frozen,text,20260927,1,-vxjVxOeScU$_$4,-vxjVxOeScU,Positive,Positive,1.0,0.5903585346943133
B_git_frozen,text,20260927,3,-wMB_hJL-3o$_$7,-wMB_hJL-3o,Positive,Positive,0.3333333432674408,0.4031942554850104
B_git_frozen,text,20260927,0,-wny0OAz3g8$_$0,-wny0OAz3g8,Positive,Neutral,0.3333333432674408,0.006389319504547408
B_git_frozen,text,20260927,0,-wny0OAz3g8$_$1,-wny0OAz3g8,Positive,Positive,0.3333333432674408,0.14043495479093385
B_git_frozen,text,20260927,0,-wny0OAz3g8$_$2,-wny0OAz3g8,Negative,Positive,-0.3333333432674408,0.17994704192038655
B_git_frozen,text,20260927,0,-wny0OAz3g8$_$3,-wny0OAz3g8,Negative,Neutral,-1.3333333730697632,-0.11860581430047468
B_git_frozen,text,20260927,0,-wny0OAz3g8$_$5,-wny0OAz3g8,Positive,Positive,1.0,0.07764246192622776
B_git_frozen,text,20260927,0,-wny0OAz3g8$_$7,-wny0OAz3g8,Neutral,Positive,0.0,0.23567327137144295
B_git_frozen,text,20260927,0,-wny0OAz3g8$_$9,-wny0OAz3g8,Positive,Positive,0.6666666865348816,0.606236833754274
B_git_frozen,text,20260927,2,-yRb-Jum7EQ$_$1,-yRb-Jum7EQ,Neutral,Negative,0.0,-0.07670616117145346
B_git_frozen,text,20260927,2,-yRb-Jum7EQ$_$5,-yRb-Jum7EQ,Negative,Negative,-0.6666666865348816,0.2235089367754094
B_git_frozen,text,20260927,2,-yRb-Jum7EQ$_$6,-yRb-Jum7EQ,Neutral,Negative,0.0,-0.26508170867080116
B_git_frozen,text,20260928,0,-3g5yACwYnA$_$13,-3g5yACwYnA,Positive,Positive,0.6666666865348816,-0.14032759283117824
B_git_frozen,text,20260928,0,-3g5yACwYnA$_$2,-3g5yACwYnA,Neutral,Positive,0.0,0.4548362338304217
B_git_frozen,text,20260928,0,-3g5yACwYnA$_$3,-3g5yACwYnA,Neutral,Positive,0.0,0.1006608617955812
B_git_frozen,text,20260928,0,-3g5yACwYnA$_$9,-3g5yACwYnA,Positive,Positive,0.6666666865348816,0.4536728064533194
B_git_frozen,text,20260928,0,-3nNcZdcdvU$_$5,-3nNcZdcdvU,Neutral,Negative,0.0,-0.4995896198305926
B_git_frozen,text,20260928,4,-571d8cVauQ$_$0,-571d8cVauQ,Neutral,Neutral,0.0,0.1164245766769526
B_git_frozen,text,20260928,4,-571d8cVauQ$_$5,-571d8cVauQ,Positive,Positive,0.3333333432674408,0.5949080637213615
B_git_frozen,text,20260928,2,-6rXp3zJ3kc$_$8,-6rXp3zJ3kc,Negative,Positive,-1.0,0.5747536282329646
B_git_frozen,text,20260928,1,-9y-fZ3swSY$_$0,-9y-fZ3swSY,Positive,Positive,1.0,0.40448105200796025
B_git_frozen,text,20260928,1,-9y-fZ3swSY$_$4,-9y-fZ3swSY,Neutral,Positive,0.0,1.0441081001525112
B_git_frozen,text,20260928,1,-9y-fZ3swSY$_$8,-9y-fZ3swSY,Positive,Positive,1.6666666269302368,0.1111745354969706
B_git_frozen,text,20260928,1,-AUZQgSxyPQ$_$2,-AUZQgSxyPQ,Positive,Positive,0.6666666865348816,0.5606520647106681
B_git_frozen,text,20260928,4,-HeZS2-Prhc$_$2,-HeZS2-Prhc,Positive,Positive,0.6666666865348816,0.14116094573571464
B_git_frozen,text,20260928,4,-HwX2H8Z4hY$_$2,-HwX2H8Z4hY,Neutral,Neutral,0.0,0.5575494292802764
B_git_frozen,text,20260928,4,-HwX2H8Z4hY$_$5,-HwX2H8Z4hY,Negative,Neutral,-1.0,0.2744734290266182
B_git_frozen,text,20260928,4,-HwX2H8Z4hY$_$6,-HwX2H8Z4hY,Neutral,Positive,0.0,0.3366538229248789
B_git_frozen,text,20260928,4,-HwX2H8Z4hY$_$9,-HwX2H8Z4hY,Negative,Negative,-0.3333333432674408,-0.07723436868893474
B_git_frozen,text,20260928,3,-I_e4mIh0yE$_$1,-I_e4mIh0yE,Negative,Neutral,-0.6666666865348816,-0.033515022370873115
B_git_frozen,text,20260928,3,-I_e4mIh0yE$_$3,-I_e4mIh0yE,Positive,Positive,0.6666666865348816,0.32115411390409815
B_git_frozen,text,20260928,2,-MeTTeMJBNc$_$0,-MeTTeMJBNc,Positive,Positive,0.3333333432674408,0.3091664904130725
B_git_frozen,text,20260928,2,-MeTTeMJBNc$_$13,-MeTTeMJBNc,Positive,Positive,0.3333333432674408,0.5398945157405326
B_git_frozen,text,20260928,2,-MeTTeMJBNc$_$7,-MeTTeMJBNc,Positive,Positive,1.3333333730697632,0.5525713091409629
B_git_frozen,text,20260928,4,-NFrJFQijFE$_$1,-NFrJFQijFE,Positive,Neutral,0.3333333432674408,-0.5243102451572201
B_git_frozen,text,20260928,4,-NFrJFQijFE$_$2,-NFrJFQijFE,Neutral,Positive,0.0,0.4479573376838737
B_git_frozen,text,20260928,1,-RfYyzHpjk4$_$11,-RfYyzHpjk4,Positive,Positive,2.0,0.9106857509350511
B_git_frozen,text,20260928,1,-RfYyzHpjk4$_$2,-RfYyzHpjk4,Positive,Positive,0.3333333432674408,0.04404941309836902
B_git_frozen,text,20260928,1,-RfYyzHpjk4$_$8,-RfYyzHpjk4,Positive,Positive,0.3333333432674408,0.2884023465352543
B_git_frozen,text,20260928,0,-THoVjtIkeU$_$12,-THoVjtIkeU,Positive,Neutral,2.0,-0.15560110419444656
B_git_frozen,text,20260928,0,-THoVjtIkeU$_$2,-THoVjtIkeU,Positive,Positive,1.3333333730697632,0.5184815687512797
B_git_frozen,text,20260928,0,-THoVjtIkeU$_$6,-THoVjtIkeU,Positive,Positive,2.6666667461395264,0.48384977003033064
B_git_frozen,text,20260928,1,-UUCSKoHeMA$_$0,-UUCSKoHeMA,Neutral,Positive,0.0,0.5552876609356863
B_git_frozen,text,20260928,2,-UacrmKiTn4$_$10,-UacrmKiTn4,Negative,Positive,-0.6666666865348816,0.09828417009868934
B_git_frozen,text,20260928,2,-UacrmKiTn4$_$4,-UacrmKiTn4,Negative,Neutral,-1.3333333730697632,0.27546354605543
B_git_frozen,text,20260928,0,-UuX1xuaiiE$_$0,-UuX1xuaiiE,Positive,Positive,2.6666667461395264,0.7513261679008085
B_git_frozen,text,20260928,0,-UuX1xuaiiE$_$1,-UuX1xuaiiE,Positive,Neutral,1.6666666269302368,0.06435190685306941
B_git_frozen,text,20260928,0,-UuX1xuaiiE$_$3,-UuX1xuaiiE,Positive,Positive,0.3333333432674408,0.4556940742910378
B_git_frozen,text,20260928,0,-UuX1xuaiiE$_$6,-UuX1xuaiiE,Negative,Neutral,-0.3333333432674408,0.1412582679231194
B_git_frozen,text,20260928,3,-a55Q6RWvTA$_$3,-a55Q6RWvTA,Positive,Positive,0.6666666865348816,0.6295320796725705
B_git_frozen,text,20260928,3,-aNfi7CP8vM$_$7,-aNfi7CP8vM,Neutral,Negative,0.0,0.1726461743481148
B_git_frozen,text,20260928,1,-aqamKhZ1Ec$_$0,-aqamKhZ1Ec,Negative,Positive,-2.0,0.2933450092212103
B_git_frozen,text,20260928,0,-dxfTGcXJoc$_$0,-dxfTGcXJoc,Positive,Positive,1.0,0.27644107840894283
B_git_frozen,text,20260928,0,-dxfTGcXJoc$_$1,-dxfTGcXJoc,Positive,Positive,1.6666666269302368,0.45968250785236997
B_git_frozen,text,20260928,0,-dxfTGcXJoc$_$2,-dxfTGcXJoc,Positive,Positive,0.6666666865348816,0.8032491174998906
B_git_frozen,text,20260928,0,-dxfTGcXJoc$_$6,-dxfTGcXJoc,Positive,Positive,0.6666666865348816,0.47664887555706026
B_git_frozen,text,20260928,3,-egA8-b7-3M$_$1,-egA8-b7-3M,Positive,Positive,0.6666666865348816,0.6405477389003356
B_git_frozen,text,20260928,3,-egA8-b7-3M$_$13,-egA8-b7-3M,Positive,Positive,0.3333333432674408,0.5760301099629396
B_git_frozen,text,20260928,3,-egA8-b7-3M$_$16,-egA8-b7-3M,Positive,Positive,0.6666666865348816,0.6788474582965851
B_git_frozen,text,20260928,3,-egA8-b7-3M$_$17,-egA8-b7-3M,Positive,Positive,0.3333333432674408,0.7647178039582989
B_git_frozen,text,20260928,3,-egA8-b7-3M$_$18,-egA8-b7-3M,Positive,Positive,1.0,0.9572878620775808
B_git_frozen,text,20260928,3,-egA8-b7-3M$_$20,-egA8-b7-3M,Positive,Positive,0.3333333432674408,0.8749845116064233
B_git_frozen,text,20260928,3,-egA8-b7-3M$_$26,-egA8-b7-3M,Positive,Positive,1.6666666269302368,1.0679862236520143
B_git_frozen,text,20260928,3,-egA8-b7-3M$_$6,-egA8-b7-3M,Positive,Positive,0.6666666865348816,0.703304553821422
B_git_frozen,text,20260928,3,-egA8-b7-3M$_$9,-egA8-b7-3M,Positive,Positive,0.3333333432674408,0.6989381399809019
B_git_frozen,text,20260928,3,-hnBHBN8p5A$_$6,-hnBHBN8p5A,Positive,Positive,1.0,0.5494493152601753
B_git_frozen,text,20260928,3,-hnBHBN8p5A$_$7,-hnBHBN8p5A,Positive,Positive,0.6666666865348816,0.05034062388840477
B_git_frozen,text,20260928,4,-iRBcNs9oI8$_$3,-iRBcNs9oI8,Positive,Positive,0.6666666865348816,0.4350179561782798
B_git_frozen,text,20260928,4,-iRBcNs9oI8$_$6,-iRBcNs9oI8,Positive,Positive,0.3333333432674408,0.24793288818503512
B_git_frozen,text,20260928,4,-iRBcNs9oI8$_$7,-iRBcNs9oI8,Positive,Positive,0.6666666865348816,0.27465464328743944
B_git_frozen,text,20260928,4,-iRBcNs9oI8$_$8,-iRBcNs9oI8,Positive,Positive,1.0,0.631315820216867
B_git_frozen,text,20260928,4,-iRBcNs9oI8$_$9,-iRBcNs9oI8,Positive,Neutral,1.3333333730697632,0.12093305545453908
B_git_frozen,text,20260928,4,-lzEya4AM_4$_$5,-lzEya4AM_4,Negative,Neutral,-0.6666666865348816,0.06394926109692456
B_git_frozen,text,20260928,4,-lzEya4AM_4$_$6,-lzEya4AM_4,Negative,Negative,-0.3333333432674408,-0.37910295736962135
B_git_frozen,text,20260928,3,-mJ2ud6oKI8$_$1,-mJ2ud6oKI8,Neutral,Positive,0.0,0.48256731090396643
B_git_frozen,text,20260928,3,-mJ2ud6oKI8$_$2,-mJ2ud6oKI8,Neutral,Positive,0.0,0.28678168285481237
B_git_frozen,text,20260928,3,-mJ2ud6oKI8$_$6,-mJ2ud6oKI8,Positive,Positive,0.3333333432674408,0.3262825960201948
B_git_frozen,text,20260928,3,-mJ2ud6oKI8$_$8,-mJ2ud6oKI8,Negative,Positive,-0.3333333432674408,0.31453860569094233
B_git_frozen,text,20260928,3,-mJ2ud6oKI8$_$9,-mJ2ud6oKI8,Neutral,Positive,0.0,0.3366530573582006
B_git_frozen,text,20260928,0,-mqbVkbCndg$_$0,-mqbVkbCndg,Neutral,Positive,0.0,0.22841111509205506
B_git_frozen,text,20260928,4,-qDkUB0GgYY$_$6,-qDkUB0GgYY,Positive,Positive,1.3333333730697632,1.4735388025570348
B_git_frozen,text,20260928,0,-ri04Z7vwnc$_$0,-ri04Z7vwnc,Neutral,Negative,0.0,0.15788148378751743
B_git_frozen,text,20260928,0,-ri04Z7vwnc$_$2,-ri04Z7vwnc,Negative,Positive,-0.3333333432674408,0.3676785769192258
B_git_frozen,text,20260928,0,-ri04Z7vwnc$_$5,-ri04Z7vwnc,Positive,Positive,0.3333333432674408,0.7430324244814471
B_git_frozen,text,20260928,1,-s9qJ7ATP7w$_$0,-s9qJ7ATP7w,Negative,Positive,-0.3333333432674408,0.0076454915245065536
B_git_frozen,text,20260928,1,-s9qJ7ATP7w$_$1,-s9qJ7ATP7w,Positive,Positive,0.6666666865348816,0.8623471788256868
B_git_frozen,text,20260928,1,-s9qJ7ATP7w$_$4,-s9qJ7ATP7w,Neutral,Positive,0.0,0.770144349256375
B_git_frozen,text,20260928,1,-s9qJ7ATP7w$_$5,-s9qJ7ATP7w,Negative,Positive,-2.0,0.8927936622952262
B_git_frozen,text,20260928,1,-s9qJ7ATP7w$_$6,-s9qJ7ATP7w,Neutral,Positive,0.0,0.18510226959253723
B_git_frozen,text,20260928,1,-s9qJ7ATP7w$_$7,-s9qJ7ATP7w,Positive,Positive,1.0,0.1256236355103721
B_git_frozen,text,20260928,1,-s9qJ7ATP7w$_$8,-s9qJ7ATP7w,Positive,Positive,1.3333333730697632,0.7492684818437466
B_git_frozen,text,20260928,2,-t217m2on-s$_$2,-t217m2on-s,Positive,Positive,0.6666666865348816,0.5179651518440204
B_git_frozen,text,20260928,2,-t217m2on-s$_$7,-t217m2on-s,Negative,Negative,-0.6666666865348816,-0.2187311010630026
B_git_frozen,text,20260928,4,-tANM6ETl_M$_$3,-tANM6ETl_M,Positive,Positive,0.3333333432674408,-0.10599523541188266
B_git_frozen,text,20260928,2,-tPCytz4rww$_$10,-tPCytz4rww,Neutral,Positive,0.0,0.5046786191549341
B_git_frozen,text,20260928,2,-tPCytz4rww$_$11,-tPCytz4rww,Neutral,Positive,0.0,0.5373133380005827
B_git_frozen,text,20260928,2,-tPCytz4rww$_$12,-tPCytz4rww,Neutral,Positive,0.0,0.8021065024421319
B_git_frozen,text,20260928,2,-tPCytz4rww$_$16,-tPCytz4rww,Neutral,Positive,0.0,0.2749677584643423
B_git_frozen,text,20260928,2,-tPCytz4rww$_$18,-tPCytz4rww,Neutral,Positive,0.0,0.5152789851029992
B_git_frozen,text,20260928,2,-uywlfIYOS8$_$4,-uywlfIYOS8,Positive,Positive,0.3333333432674408,0.5861821735962744
B_git_frozen,text,20260928,2,-vxjVxOeScU$_$4,-vxjVxOeScU,Positive,Positive,1.0,0.9103845908568591
B_git_frozen,text,20260928,4,-wMB_hJL-3o$_$7,-wMB_hJL-3o,Positive,Positive,0.3333333432674408,0.6074760992074506
B_git_frozen,text,20260928,3,-wny0OAz3g8$_$0,-wny0OAz3g8,Positive,Neutral,0.3333333432674408,-0.06772544175451345
B_git_frozen,text,20260928,3,-wny0OAz3g8$_$1,-wny0OAz3g8,Positive,Neutral,0.3333333432674408,0.12616978816989793
B_git_frozen,text,20260928,3,-wny0OAz3g8$_$2,-wny0OAz3g8,Negative,Negative,-0.3333333432674408,0.13819155969130603
B_git_frozen,text,20260928,3,-wny0OAz3g8$_$3,-wny0OAz3g8,Negative,Neutral,-1.3333333730697632,-0.13799154022178006
B_git_frozen,text,20260928,3,-wny0OAz3g8$_$5,-wny0OAz3g8,Positive,Positive,1.0,-0.024175650779009183
B_git_frozen,text,20260928,3,-wny0OAz3g8$_$7,-wny0OAz3g8,Neutral,Positive,0.0,0.16176125225232757
B_git_frozen,text,20260928,3,-wny0OAz3g8$_$9,-wny0OAz3g8,Positive,Positive,0.6666666865348816,0.6758519289572069
B_git_frozen,text,20260928,1,-yRb-Jum7EQ$_$1,-yRb-Jum7EQ,Neutral,Negative,0.0,0.14139549129759343
B_git_frozen,text,20260928,1,-yRb-Jum7EQ$_$5,-yRb-Jum7EQ,Negative,Negative,-0.6666666865348816,0.39417162486891816
B_git_frozen,text,20260928,1,-yRb-Jum7EQ$_$6,-yRb-Jum7EQ,Neutral,Negative,0.0,0.16441989835731274
B_git_frozen,audio,20260924,1,-3g5yACwYnA$_$13,-3g5yACwYnA,Positive,Neutral,0.6666666865348816,-0.164189510726506
B_git_frozen,audio,20260924,1,-3g5yACwYnA$_$2,-3g5yACwYnA,Neutral,Negative,0.0,-0.03199887981382915
B_git_frozen,audio,20260924,1,-3g5yACwYnA$_$3,-3g5yACwYnA,Neutral,Negative,0.0,-0.16398691921210584
B_git_frozen,audio,20260924,1,-3g5yACwYnA$_$9,-3g5yACwYnA,Positive,Neutral,0.6666666865348816,-0.3176039802135815
B_git_frozen,audio,20260924,0,-3nNcZdcdvU$_$5,-3nNcZdcdvU,Neutral,Positive,0.0,0.20198601046135733
B_git_frozen,audio,20260924,3,-571d8cVauQ$_$0,-571d8cVauQ,Neutral,Negative,0.0,-0.03692944433003581
B_git_frozen,audio,20260924,3,-571d8cVauQ$_$5,-571d8cVauQ,Positive,Neutral,0.3333333432674408,0.2022623035031927
B_git_frozen,audio,20260924,0,-6rXp3zJ3kc$_$8,-6rXp3zJ3kc,Negative,Neutral,-1.0,0.0028345427669689283
B_git_frozen,audio,20260924,0,-9y-fZ3swSY$_$0,-9y-fZ3swSY,Positive,Positive,1.0,0.6461410070832478
B_git_frozen,audio,20260924,0,-9y-fZ3swSY$_$4,-9y-fZ3swSY,Neutral,Positive,0.0,0.9736250154192849
B_git_frozen,audio,20260924,0,-9y-fZ3swSY$_$8,-9y-fZ3swSY,Positive,Positive,1.6666666269302368,0.2887943528847481
B_git_frozen,audio,20260924,0,-AUZQgSxyPQ$_$2,-AUZQgSxyPQ,Positive,Positive,0.6666666865348816,0.5600124256745488
B_git_frozen,audio,20260924,4,-HeZS2-Prhc$_$2,-HeZS2-Prhc,Positive,Positive,0.6666666865348816,0.43149862821346396
B_git_frozen,audio,20260924,4,-HwX2H8Z4hY$_$2,-HwX2H8Z4hY,Neutral,Neutral,0.0,0.5092167664185705
B_git_frozen,audio,20260924,4,-HwX2H8Z4hY$_$5,-HwX2H8Z4hY,Negative,Neutral,-1.0,-0.02055495923073014
B_git_frozen,audio,20260924,4,-HwX2H8Z4hY$_$6,-HwX2H8Z4hY,Neutral,Positive,0.0,0.32105871394799324
B_git_frozen,audio,20260924,4,-HwX2H8Z4hY$_$9,-HwX2H8Z4hY,Negative,Positive,-0.3333333432674408,0.07204131121569574
B_git_frozen,audio,20260924,1,-I_e4mIh0yE$_$1,-I_e4mIh0yE,Negative,Negative,-0.6666666865348816,-0.35703473547065
B_git_frozen,audio,20260924,1,-I_e4mIh0yE$_$3,-I_e4mIh0yE,Positive,Neutral,0.6666666865348816,-0.00020346762255091244
B_git_frozen,audio,20260924,3,-MeTTeMJBNc$_$0,-MeTTeMJBNc,Positive,Positive,0.3333333432674408,0.5659674719327875
B_git_frozen,audio,20260924,3,-MeTTeMJBNc$_$13,-MeTTeMJBNc,Positive,Positive,0.3333333432674408,0.5358728296349603
B_git_frozen,audio,20260924,3,-MeTTeMJBNc$_$7,-MeTTeMJBNc,Positive,Positive,1.3333333730697632,0.5958508375490703
B_git_frozen,audio,20260924,3,-NFrJFQijFE$_$1,-NFrJFQijFE,Positive,Positive,0.3333333432674408,0.2912990719954022
B_git_frozen,audio,20260924,3,-NFrJFQijFE$_$2,-NFrJFQijFE,Neutral,Negative,0.0,0.42635001289298347
B_git_frozen,audio,20260924,2,-RfYyzHpjk4$_$11,-RfYyzHpjk4,Positive,Neutral,2.0,0.28189221571648077
B_git_frozen,audio,20260924,2,-RfYyzHpjk4$_$2,-RfYyzHpjk4,Positive,Positive,0.3333333432674408,0.6189425524083485
B_git_frozen,audio,20260924,2,-RfYyzHpjk4$_$8,-RfYyzHpjk4,Positive,Positive,0.3333333432674408,0.17961738190105656
B_git_frozen,audio,20260924,0,-THoVjtIkeU$_$12,-THoVjtIkeU,Positive,Negative,2.0,0.07804191642884509
B_git_frozen,audio,20260924,0,-THoVjtIkeU$_$2,-THoVjtIkeU,Positive,Positive,1.3333333730697632,0.39874849668324225
B_git_frozen,audio,20260924,0,-THoVjtIkeU$_$6,-THoVjtIkeU,Positive,Negative,2.6666667461395264,0.3440622084939844
B_git_frozen,audio,20260924,4,-UUCSKoHeMA$_$0,-UUCSKoHeMA,Neutral,Positive,0.0,0.6708221421605463
B_git_frozen,audio,20260924,0,-UacrmKiTn4$_$10,-UacrmKiTn4,Negative,Positive,-0.6666666865348816,0.6302920402493679
B_git_frozen,audio,20260924,0,-UacrmKiTn4$_$4,-UacrmKiTn4,Negative,Positive,-1.3333333730697632,0.37236021388646
B_git_frozen,audio,20260924,2,-UuX1xuaiiE$_$0,-UuX1xuaiiE,Positive,Neutral,2.6666667461395264,0.0811285725402344
B_git_frozen,audio,20260924,2,-UuX1xuaiiE$_$1,-UuX1xuaiiE,Positive,Neutral,1.6666666269302368,0.09292386116420193
B_git_frozen,audio,20260924,2,-UuX1xuaiiE$_$3,-UuX1xuaiiE,Positive,Negative,0.3333333432674408,0.17009902487741788
B_git_frozen,audio,20260924,2,-UuX1xuaiiE$_$6,-UuX1xuaiiE,Negative,Negative,-0.3333333432674408,0.25279027997215653
B_git_frozen,audio,20260924,4,-a55Q6RWvTA$_$3,-a55Q6RWvTA,Positive,Positive,0.6666666865348816,0.27838056852626275
B_git_frozen,audio,20260924,0,-aNfi7CP8vM$_$7,-aNfi7CP8vM,Neutral,Positive,0.0,0.7191685552324965
B_git_frozen,audio,20260924,3,-aqamKhZ1Ec$_$0,-aqamKhZ1Ec,Negative,Positive,-2.0,0.6201599757448049
B_git_frozen,audio,20260924,4,-dxfTGcXJoc$_$0,-dxfTGcXJoc,Positive,Positive,1.0,0.16927167973722881
B_git_frozen,audio,20260924,4,-dxfTGcXJoc$_$1,-dxfTGcXJoc,Positive,Positive,1.6666666269302368,0.14451027389190066
B_git_frozen,audio,20260924,4,-dxfTGcXJoc$_$2,-dxfTGcXJoc,Positive,Positive,0.6666666865348816,0.14279235000400387
B_git_frozen,audio,20260924,4,-dxfTGcXJoc$_$6,-dxfTGcXJoc,Positive,Negative,0.6666666865348816,-0.022774813353879153
B_git_frozen,audio,20260924,4,-egA8-b7-3M$_$1,-egA8-b7-3M,Positive,Positive,0.6666666865348816,0.28042332760766203
B_git_frozen,audio,20260924,4,-egA8-b7-3M$_$13,-egA8-b7-3M,Positive,Positive,0.3333333432674408,0.7693131673879088
B_git_frozen,audio,20260924,4,-egA8-b7-3M$_$16,-egA8-b7-3M,Positive,Positive,0.6666666865348816,0.2903699974193755
B_git_frozen,audio,20260924,4,-egA8-b7-3M$_$17,-egA8-b7-3M,Positive,Positive,0.3333333432674408,0.5297476613671118
B_git_frozen,audio,20260924,4,-egA8-b7-3M$_$18,-egA8-b7-3M,Positive,Positive,1.0,0.4705090649747004
B_git_frozen,audio,20260924,4,-egA8-b7-3M$_$20,-egA8-b7-3M,Positive,Positive,0.3333333432674408,0.5978798238581872
B_git_frozen,audio,20260924,4,-egA8-b7-3M$_$26,-egA8-b7-3M,Positive,Positive,1.6666666269302368,0.5386640555324061
B_git_frozen,audio,20260924,4,-egA8-b7-3M$_$6,-egA8-b7-3M,Positive,Positive,0.6666666865348816,0.1173660209524316
B_git_frozen,audio,20260924,4,-egA8-b7-3M$_$9,-egA8-b7-3M,Positive,Neutral,0.3333333432674408,0.3403646388292997
B_git_frozen,audio,20260924,3,-hnBHBN8p5A$_$6,-hnBHBN8p5A,Positive,Positive,1.0,0.6543657601981723
B_git_frozen,audio,20260924,3,-hnBHBN8p5A$_$7,-hnBHBN8p5A,Positive,Positive,0.6666666865348816,0.6218198174111074
B_git_frozen,audio,20260924,1,-iRBcNs9oI8$_$3,-iRBcNs9oI8,Positive,Positive,0.6666666865348816,0.7394354675169714
B_git_frozen,audio,20260924,1,-iRBcNs9oI8$_$6,-iRBcNs9oI8,Positive,Positive,0.3333333432674408,0.5482899906913117
B_git_frozen,audio,20260924,1,-iRBcNs9oI8$_$7,-iRBcNs9oI8,Positive,Positive,0.6666666865348816,0.650721690001069
B_git_frozen,audio,20260924,1,-iRBcNs9oI8$_$8,-iRBcNs9oI8,Positive,Positive,1.0,0.8711518181006068
B_git_frozen,audio,20260924,1,-iRBcNs9oI8$_$9,-iRBcNs9oI8,Positive,Positive,1.3333333730697632,0.7816620070450677
B_git_frozen,audio,20260924,1,-lzEya4AM_4$_$5,-lzEya4AM_4,Negative,Positive,-0.6666666865348816,0.6473384548849939
B_git_frozen,audio,20260924,1,-lzEya4AM_4$_$6,-lzEya4AM_4,Negative,Neutral,-0.3333333432674408,0.37656178285341174
B_git_frozen,audio,20260924,4,-mJ2ud6oKI8$_$1,-mJ2ud6oKI8,Neutral,Negative,0.0,-2.972202376486374
B_git_frozen,audio,20260924,4,-mJ2ud6oKI8$_$2,-mJ2ud6oKI8,Neutral,Negative,0.0,-2.972202376486374
B_git_frozen,audio,20260924,4,-mJ2ud6oKI8$_$6,-mJ2ud6oKI8,Positive,Positive,0.3333333432674408,-0.3011730116719839
B_git_frozen,audio,20260924,4,-mJ2ud6oKI8$_$8,-mJ2ud6oKI8,Negative,Positive,-0.3333333432674408,0.26355194465550136
B_git_frozen,audio,20260924,4,-mJ2ud6oKI8$_$9,-mJ2ud6oKI8,Neutral,Positive,0.0,0.5491863804564205
B_git_frozen,audio,20260924,2,-mqbVkbCndg$_$0,-mqbVkbCndg,Neutral,Neutral,0.0,0.28768822409267725
B_git_frozen,audio,20260924,1,-qDkUB0GgYY$_$6,-qDkUB0GgYY,Positive,Positive,1.3333333730697632,0.5821550417249921
B_git_frozen,audio,20260924,1,-ri04Z7vwnc$_$0,-ri04Z7vwnc,Neutral,Negative,0.0,0.024142362837149378
B_git_frozen,audio,20260924,1,-ri04Z7vwnc$_$2,-ri04Z7vwnc,Negative,Negative,-0.3333333432674408,0.46725961727366205
B_git_frozen,audio,20260924,1,-ri04Z7vwnc$_$5,-ri04Z7vwnc,Positive,Negative,0.3333333432674408,0.15684450067034844
B_git_frozen,audio,20260924,1,-s9qJ7ATP7w$_$0,-s9qJ7ATP7w,Negative,Neutral,-0.3333333432674408,0.2703487527872238
B_git_frozen,audio,20260924,1,-s9qJ7ATP7w$_$1,-s9qJ7ATP7w,Positive,Neutral,0.6666666865348816,0.34987190371610993
B_git_frozen,audio,20260924,1,-s9qJ7ATP7w$_$4,-s9qJ7ATP7w,Neutral,Negative,0.0,0.6216584029606174
B_git_frozen,audio,20260924,1,-s9qJ7ATP7w$_$5,-s9qJ7ATP7w,Negative,Positive,-2.0,0.5711013807088647
B_git_frozen,audio,20260924,1,-s9qJ7ATP7w$_$6,-s9qJ7ATP7w,Neutral,Negative,0.0,-0.04875249912444074
B_git_frozen,audio,20260924,1,-s9qJ7ATP7w$_$7,-s9qJ7ATP7w,Positive,Neutral,1.0,0.5614060455493002
B_git_frozen,audio,20260924,1,-s9qJ7ATP7w$_$8,-s9qJ7ATP7w,Positive,Neutral,1.3333333730697632,0.0994502700383309
B_git_frozen,audio,20260924,3,-t217m2on-s$_$2,-t217m2on-s,Positive,Positive,0.6666666865348816,0.3657840267437627
B_git_frozen,audio,20260924,3,-t217m2on-s$_$7,-t217m2on-s,Negative,Positive,-0.6666666865348816,0.4566972439314624
B_git_frozen,audio,20260924,0,-tANM6ETl_M$_$3,-tANM6ETl_M,Positive,Negative,0.3333333432674408,0.4365851562768013
B_git_frozen,audio,20260924,4,-tPCytz4rww$_$10,-tPCytz4rww,Neutral,Positive,0.0,0.3193018079340581
B_git_frozen,audio,20260924,4,-tPCytz4rww$_$11,-tPCytz4rww,Neutral,Positive,0.0,0.13366919664360846
B_git_frozen,audio,20260924,4,-tPCytz4rww$_$12,-tPCytz4rww,Neutral,Positive,0.0,0.0852322250421616
B_git_frozen,audio,20260924,4,-tPCytz4rww$_$16,-tPCytz4rww,Neutral,Positive,0.0,0.29714411938922664
B_git_frozen,audio,20260924,4,-tPCytz4rww$_$18,-tPCytz4rww,Neutral,Neutral,0.0,-0.17231375149652267
B_git_frozen,audio,20260924,0,-uywlfIYOS8$_$4,-uywlfIYOS8,Positive,Positive,0.3333333432674408,0.4449468299283689
B_git_frozen,audio,20260924,3,-vxjVxOeScU$_$4,-vxjVxOeScU,Positive,Positive,1.0,0.6260734152676408
B_git_frozen,audio,20260924,1,-wMB_hJL-3o$_$7,-wMB_hJL-3o,Positive,Neutral,0.3333333432674408,0.15762833268770174
B_git_frozen,audio,20260924,2,-wny0OAz3g8$_$0,-wny0OAz3g8,Positive,Positive,0.3333333432674408,0.6555535039648606
B_git_frozen,audio,20260924,2,-wny0OAz3g8$_$1,-wny0OAz3g8,Positive,Positive,0.3333333432674408,0.5668021929971188
B_git_frozen,audio,20260924,2,-wny0OAz3g8$_$2,-wny0OAz3g8,Negative,Positive,-0.3333333432674408,0.6453908327956355
B_git_frozen,audio,20260924,2,-wny0OAz3g8$_$3,-wny0OAz3g8,Negative,Positive,-1.3333333730697632,0.5288236773320381
B_git_frozen,audio,20260924,2,-wny0OAz3g8$_$5,-wny0OAz3g8,Positive,Positive,1.0,0.7183077383926428
B_git_frozen,audio,20260924,2,-wny0OAz3g8$_$7,-wny0OAz3g8,Neutral,Positive,0.0,0.82689036553936
B_git_frozen,audio,20260924,2,-wny0OAz3g8$_$9,-wny0OAz3g8,Positive,Positive,0.6666666865348816,0.5761671456411721
B_git_frozen,audio,20260924,4,-yRb-Jum7EQ$_$1,-yRb-Jum7EQ,Neutral,Positive,0.0,0.3638340719512915
B_git_frozen,audio,20260924,4,-yRb-Jum7EQ$_$5,-yRb-Jum7EQ,Negative,Positive,-0.6666666865348816,0.27713639463400724
B_git_frozen,audio,20260924,4,-yRb-Jum7EQ$_$6,-yRb-Jum7EQ,Neutral,Positive,0.0,0.3524772636594192
B_git_frozen,audio,20260925,4,-3g5yACwYnA$_$13,-3g5yACwYnA,Positive,Neutral,0.6666666865348816,-0.3764599718263658
B_git_frozen,audio,20260925,4,-3g5yACwYnA$_$2,-3g5yACwYnA,Neutral,Neutral,0.0,-0.14290260924500459
B_git_frozen,audio,20260925,4,-3g5yACwYnA$_$3,-3g5yACwYnA,Neutral,Negative,0.0,-0.3603222669904437
B_git_frozen,audio,20260925,4,-3g5yACwYnA$_$9,-3g5yACwYnA,Positive,Negative,0.6666666865348816,-0.491588817190441
B_git_frozen,audio,20260925,0,-3nNcZdcdvU$_$5,-3nNcZdcdvU,Neutral,Positive,0.0,0.17880838797420945
B_git_frozen,audio,20260925,3,-571d8cVauQ$_$0,-571d8cVauQ,Neutral,Negative,0.0,-0.06375394402850104
B_git_frozen,audio,20260925,3,-571d8cVauQ$_$5,-571d8cVauQ,Positive,Positive,0.3333333432674408,0.17947572655972632
B_git_frozen,audio,20260925,1,-6rXp3zJ3kc$_$8,-6rXp3zJ3kc,Negative,Neutral,-1.0,0.024811010811512102
B_git_frozen,audio,20260925,4,-9y-fZ3swSY$_$0,-9y-fZ3swSY,Positive,Positive,1.0,0.7007157768336425
B_git_frozen,audio,20260925,4,-9y-fZ3swSY$_$4,-9y-fZ3swSY,Neutral,Positive,0.0,1.0672048662620481
B_git_frozen,audio,20260925,4,-9y-fZ3swSY$_$8,-9y-fZ3swSY,Positive,Positive,1.6666666269302368,0.5990933059965092
B_git_frozen,audio,20260925,3,-AUZQgSxyPQ$_$2,-AUZQgSxyPQ,Positive,Positive,0.6666666865348816,0.5466050858642997
B_git_frozen,audio,20260925,1,-HeZS2-Prhc$_$2,-HeZS2-Prhc,Positive,Positive,0.6666666865348816,0.40782322247374586
B_git_frozen,audio,20260925,3,-HwX2H8Z4hY$_$2,-HwX2H8Z4hY,Neutral,Neutral,0.0,0.13511414250799827
B_git_frozen,audio,20260925,3,-HwX2H8Z4hY$_$5,-HwX2H8Z4hY,Negative,Negative,-1.0,0.07720877484882649
B_git_frozen,audio,20260925,3,-HwX2H8Z4hY$_$6,-HwX2H8Z4hY,Neutral,Negative,0.0,0.12674468967737182
B_git_frozen,audio,20260925,3,-HwX2H8Z4hY$_$9,-HwX2H8Z4hY,Negative,Positive,-0.3333333432674408,0.058779562760576054
B_git_frozen,audio,20260925,4,-I_e4mIh0yE$_$1,-I_e4mIh0yE,Negative,Negative,-0.6666666865348816,-0.24299148579101437
B_git_frozen,audio,20260925,4,-I_e4mIh0yE$_$3,-I_e4mIh0yE,Positive,Negative,0.6666666865348816,0.2257734219279152
B_git_frozen,audio,20260925,0,-MeTTeMJBNc$_$0,-MeTTeMJBNc,Positive,Positive,0.3333333432674408,0.3641699039429933
B_git_frozen,audio,20260925,0,-MeTTeMJBNc$_$13,-MeTTeMJBNc,Positive,Positive,0.3333333432674408,0.4315333349659805
B_git_frozen,audio,20260925,0,-MeTTeMJBNc$_$7,-MeTTeMJBNc,Positive,Positive,1.3333333730697632,0.4589159814258815
B_git_frozen,audio,20260925,4,-NFrJFQijFE$_$1,-NFrJFQijFE,Positive,Positive,0.3333333432674408,0.26741485479496574
B_git_frozen,audio,20260925,4,-NFrJFQijFE$_$2,-NFrJFQijFE,Neutral,Positive,0.0,0.6336893483188077
B_git_frozen,audio,20260925,2,-RfYyzHpjk4$_$11,-RfYyzHpjk4,Positive,Neutral,2.0,0.5420864084843251
B_git_frozen,audio,20260925,2,-RfYyzHpjk4$_$2,-RfYyzHpjk4,Positive,Neutral,0.3333333432674408,0.47484812411989874
B_git_frozen,audio,20260925,2,-RfYyzHpjk4$_$8,-RfYyzHpjk4,Positive,Negative,0.3333333432674408,0.22903571016326274
B_git_frozen,audio,20260925,2,-THoVjtIkeU$_$12,-THoVjtIkeU,Positive,Negative,2.0,0.1802076600405514
B_git_frozen,audio,20260925,2,-THoVjtIkeU$_$2,-THoVjtIkeU,Positive,Positive,1.3333333730697632,0.37084390288075575
B_git_frozen,audio,20260925,2,-THoVjtIkeU$_$6,-THoVjtIkeU,Positive,Positive,2.6666667461395264,0.3312076386004407
B_git_frozen,audio,20260925,4,-UUCSKoHeMA$_$0,-UUCSKoHeMA,Neutral,Neutral,0.0,0.17278429195034667
B_git_frozen,audio,20260925,2,-UacrmKiTn4$_$10,-UacrmKiTn4,Negative,Positive,-0.6666666865348816,0.44595868770946384
B_git_frozen,audio,20260925,2,-UacrmKiTn4$_$4,-UacrmKiTn4,Negative,Positive,-1.3333333730697632,0.2691211126115594
B_git_frozen,audio,20260925,0,-UuX1xuaiiE$_$0,-UuX1xuaiiE,Positive,Neutral,2.6666667461395264,0.09416396951305303
B_git_frozen,audio,20260925,0,-UuX1xuaiiE$_$1,-UuX1xuaiiE,Positive,Neutral,1.6666666269302368,0.03983184884777852
B_git_frozen,audio,20260925,0,-UuX1xuaiiE$_$3,-UuX1xuaiiE,Positive,Negative,0.3333333432674408,0.08126567677645424
B_git_frozen,audio,20260925,0,-UuX1xuaiiE$_$6,-UuX1xuaiiE,Negative,Negative,-0.3333333432674408,0.1774620430519233
B_git_frozen,audio,20260925,1,-a55Q6RWvTA$_$3,-a55Q6RWvTA,Positive,Neutral,0.6666666865348816,0.33906571254318907
B_git_frozen,audio,20260925,1,-aNfi7CP8vM$_$7,-aNfi7CP8vM,Neutral,Positive,0.0,0.616002419049674
B_git_frozen,audio,20260925,2,-aqamKhZ1Ec$_$0,-aqamKhZ1Ec,Negative,Positive,-2.0,0.565451927931484
B_git_frozen,audio,20260925,3,-dxfTGcXJoc$_$0,-dxfTGcXJoc,Positive,Negative,1.0,0.16204243475337307
B_git_frozen,audio,20260925,3,-dxfTGcXJoc$_$1,-dxfTGcXJoc,Positive,Negative,1.6666666269302368,0.19962010777507627
B_git_frozen,audio,20260925,3,-dxfTGcXJoc$_$2,-dxfTGcXJoc,Positive,Negative,0.6666666865348816,0.1579048993733815
B_git_frozen,audio,20260925,3,-dxfTGcXJoc$_$6,-dxfTGcXJoc,Positive,Negative,0.6666666865348816,0.08788665215620534
B_git_frozen,audio,20260925,2,-egA8-b7-3M$_$1,-egA8-b7-3M,Positive,Positive,0.6666666865348816,0.496162610059934
B_git_frozen,audio,20260925,2,-egA8-b7-3M$_$13,-egA8-b7-3M,Positive,Positive,0.3333333432674408,0.7061483809854197
B_git_frozen,audio,20260925,2,-egA8-b7-3M$_$16,-egA8-b7-3M,Positive,Positive,0.6666666865348816,0.370870520832759
B_git_frozen,audio,20260925,2,-egA8-b7-3M$_$17,-egA8-b7-3M,Positive,Positive,0.3333333432674408,0.510685458594865
B_git_frozen,audio,20260925,2,-egA8-b7-3M$_$18,-egA8-b7-3M,Positive,Positive,1.0,0.5664894271347407
B_git_frozen,audio,20260925,2,-egA8-b7-3M$_$20,-egA8-b7-3M,Positive,Positive,0.3333333432674408,0.6499147182823417
B_git_frozen,audio,20260925,2,-egA8-b7-3M$_$26,-egA8-b7-3M,Positive,Positive,1.6666666269302368,0.49109373809656687
B_git_frozen,audio,20260925,2,-egA8-b7-3M$_$6,-egA8-b7-3M,Positive,Positive,0.6666666865348816,0.40735309600576736
B_git_frozen,audio,20260925,2,-egA8-b7-3M$_$9,-egA8-b7-3M,Positive,Positive,0.3333333432674408,0.48008309341761646
B_git_frozen,audio,20260925,0,-hnBHBN8p5A$_$6,-hnBHBN8p5A,Positive,Positive,1.0,0.39432857659150106
B_git_frozen,audio,20260925,0,-hnBHBN8p5A$_$7,-hnBHBN8p5A,Positive,Positive,0.6666666865348816,0.37540028723936064
B_git_frozen,audio,20260925,4,-iRBcNs9oI8$_$3,-iRBcNs9oI8,Positive,Positive,0.6666666865348816,0.6051592716546665
B_git_frozen,audio,20260925,4,-iRBcNs9oI8$_$6,-iRBcNs9oI8,Positive,Positive,0.3333333432674408,0.4350419092948043
B_git_frozen,audio,20260925,4,-iRBcNs9oI8$_$7,-iRBcNs9oI8,Positive,Positive,0.6666666865348816,0.37279493189149243
B_git_frozen,audio,20260925,4,-iRBcNs9oI8$_$8,-iRBcNs9oI8,Positive,Positive,1.0,0.7924938812770868
B_git_frozen,audio,20260925,4,-iRBcNs9oI8$_$9,-iRBcNs9oI8,Positive,Positive,1.3333333730697632,0.6409269993285001
B_git_frozen,audio,20260925,0,-lzEya4AM_4$_$5,-lzEya4AM_4,Negative,Neutral,-0.6666666865348816,0.5999704447377823
B_git_frozen,audio,20260925,0,-lzEya4AM_4$_$6,-lzEya4AM_4,Negative,Neutral,-0.3333333432674408,0.38039817915979307
B_git_frozen,audio,20260925,0,-mJ2ud6oKI8$_$1,-mJ2ud6oKI8,Neutral,Positive,0.0,-1.4788082699884406
B_git_frozen,audio,20260925,0,-mJ2ud6oKI8$_$2,-mJ2ud6oKI8,Neutral,Positive,0.0,-1.4788082699884406
B_git_frozen,audio,20260925,0,-mJ2ud6oKI8$_$6,-mJ2ud6oKI8,Positive,Positive,0.3333333432674408,0.013604545226197251
B_git_frozen,audio,20260925,0,-mJ2ud6oKI8$_$8,-mJ2ud6oKI8,Negative,Neutral,-0.3333333432674408,0.05048603970512805
B_git_frozen,audio,20260925,0,-mJ2ud6oKI8$_$9,-mJ2ud6oKI8,Neutral,Neutral,0.0,0.5169959897511482
B_git_frozen,audio,20260925,3,-mqbVkbCndg$_$0,-mqbVkbCndg,Neutral,Negative,0.0,0.31995029428065447
B_git_frozen,audio,20260925,1,-qDkUB0GgYY$_$6,-qDkUB0GgYY,Positive,Positive,1.3333333730697632,0.5893837008953304
B_git_frozen,audio,20260925,1,-ri04Z7vwnc$_$0,-ri04Z7vwnc,Neutral,Negative,0.0,0.033890831921788156
B_git_frozen,audio,20260925,1,-ri04Z7vwnc$_$2,-ri04Z7vwnc,Negative,Neutral,-0.3333333432674408,0.29532938004179266
B_git_frozen,audio,20260925,1,-ri04Z7vwnc$_$5,-ri04Z7vwnc,Positive,Negative,0.3333333432674408,0.18495824334240693
B_git_frozen,audio,20260925,4,-s9qJ7ATP7w$_$0,-s9qJ7ATP7w,Negative,Negative,-0.3333333432674408,0.28976632730939644
B_git_frozen,audio,20260925,4,-s9qJ7ATP7w$_$1,-s9qJ7ATP7w,Positive,Neutral,0.6666666865348816,0.47215003848425785
B_git_frozen,audio,20260925,4,-s9qJ7ATP7w$_$4,-s9qJ7ATP7w,Neutral,Negative,0.0,0.7781525648032823
B_git_frozen,audio,20260925,4,-s9qJ7ATP7w$_$5,-s9qJ7ATP7w,Negative,Positive,-2.0,0.4947848497535384
B_git_frozen,audio,20260925,4,-s9qJ7ATP7w$_$6,-s9qJ7ATP7w,Neutral,Negative,0.0,0.01854273060309586
B_git_frozen,audio,20260925,4,-s9qJ7ATP7w$_$7,-s9qJ7ATP7w,Positive,Positive,1.0,0.7069100252314678
B_git_frozen,audio,20260925,4,-s9qJ7ATP7w$_$8,-s9qJ7ATP7w,Positive,Positive,1.3333333730697632,0.2491646153145995
B_git_frozen,audio,20260925,3,-t217m2on-s$_$2,-t217m2on-s,Positive,Positive,0.6666666865348816,0.3602314253333437
B_git_frozen,audio,20260925,3,-t217m2on-s$_$7,-t217m2on-s,Negative,Neutral,-0.6666666865348816,0.4388370591710721
B_git_frozen,audio,20260925,4,-tANM6ETl_M$_$3,-tANM6ETl_M,Positive,Positive,0.3333333432674408,0.5379475255709726
B_git_frozen,audio,20260925,3,-tPCytz4rww$_$10,-tPCytz4rww,Neutral,Negative,0.0,0.2775857185886661
B_git_frozen,audio,20260925,3,-tPCytz4rww$_$11,-tPCytz4rww,Neutral,Negative,0.0,0.13004418006483992
B_git_frozen,audio,20260925,3,-tPCytz4rww$_$12,-tPCytz4rww,Neutral,Negative,0.0,0.13202897381262474
B_git_frozen,audio,20260925,3,-tPCytz4rww$_$16,-tPCytz4rww,Neutral,Neutral,0.0,0.27774550906568435
B_git_frozen,audio,20260925,3,-tPCytz4rww$_$18,-tPCytz4rww,Neutral,Neutral,0.0,0.13136404961888626
B_git_frozen,audio,20260925,1,-uywlfIYOS8$_$4,-uywlfIYOS8,Positive,Positive,0.3333333432674408,0.5545232503562733
B_git_frozen,audio,20260925,2,-vxjVxOeScU$_$4,-vxjVxOeScU,Positive,Positive,1.0,0.68386219619896
B_git_frozen,audio,20260925,2,-wMB_hJL-3o$_$7,-wMB_hJL-3o,Positive,Negative,0.3333333432674408,-0.06526118031941386
B_git_frozen,audio,20260925,4,-wny0OAz3g8$_$0,-wny0OAz3g8,Positive,Positive,0.3333333432674408,0.8711565452242565
B_git_frozen,audio,20260925,4,-wny0OAz3g8$_$1,-wny0OAz3g8,Positive,Positive,0.3333333432674408,0.7792661475446572
B_git_frozen,audio,20260925,4,-wny0OAz3g8$_$2,-wny0OAz3g8,Negative,Positive,-0.3333333432674408,0.751530751113919
B_git_frozen,audio,20260925,4,-wny0OAz3g8$_$3,-wny0OAz3g8,Negative,Positive,-1.3333333730697632,0.5999022786068188
B_git_frozen,audio,20260925,4,-wny0OAz3g8$_$5,-wny0OAz3g8,Positive,Positive,1.0,0.9692037606478386
B_git_frozen,audio,20260925,4,-wny0OAz3g8$_$7,-wny0OAz3g8,Neutral,Positive,0.0,1.1008862180835526
B_git_frozen,audio,20260925,4,-wny0OAz3g8$_$9,-wny0OAz3g8,Positive,Positive,0.6666666865348816,0.7103962874083205
B_git_frozen,audio,20260925,2,-yRb-Jum7EQ$_$1,-yRb-Jum7EQ,Neutral,Positive,0.0,0.1835222260148392
B_git_frozen,audio,20260925,2,-yRb-Jum7EQ$_$5,-yRb-Jum7EQ,Negative,Positive,-0.6666666865348816,0.0845487756478791
B_git_frozen,audio,20260925,2,-yRb-Jum7EQ$_$6,-yRb-Jum7EQ,Neutral,Positive,0.0,0.21402092978513626
B_git_frozen,audio,20260926,1,-3g5yACwYnA$_$13,-3g5yACwYnA,Positive,Neutral,0.6666666865348816,0.28766327352472143
B_git_frozen,audio,20260926,1,-3g5yACwYnA$_$2,-3g5yACwYnA,Neutral,Neutral,0.0,0.39185014785166095
B_git_frozen,audio,20260926,1,-3g5yACwYnA$_$3,-3g5yACwYnA,Neutral,Neutral,0.0,0.251774494769605
B_git_frozen,audio,20260926,1,-3g5yACwYnA$_$9,-3g5yACwYnA,Positive,Neutral,0.6666666865348816,0.03654867414639479
B_git_frozen,audio,20260926,3,-3nNcZdcdvU$_$5,-3nNcZdcdvU,Neutral,Positive,0.0,0.32360859275324816
B_git_frozen,audio,20260926,3,-571d8cVauQ$_$0,-571d8cVauQ,Neutral,Negative,0.0,0.15008930260278713
B_git_frozen,audio,20260926,3,-571d8cVauQ$_$5,-571d8cVauQ,Positive,Negative,0.3333333432674408,0.06686902998817607
B_git_frozen,audio,20260926,4,-6rXp3zJ3kc$_$8,-6rXp3zJ3kc,Negative,Neutral,-1.0,0.1284406810486307
B_git_frozen,audio,20260926,0,-9y-fZ3swSY$_$0,-9y-fZ3swSY,Positive,Neutral,1.0,0.3279987937946028
B_git_frozen,audio,20260926,0,-9y-fZ3swSY$_$4,-9y-fZ3swSY,Neutral,Positive,0.0,0.8228221019458881
B_git_frozen,audio,20260926,0,-9y-fZ3swSY$_$8,-9y-fZ3swSY,Positive,Neutral,1.6666666269302368,0.4231172647446113
B_git_frozen,audio,20260926,0,-AUZQgSxyPQ$_$2,-AUZQgSxyPQ,Positive,Positive,0.6666666865348816,0.47112537662555404
B_git_frozen,audio,20260926,4,-HeZS2-Prhc$_$2,-HeZS2-Prhc,Positive,Positive,0.6666666865348816,0.5305677086335739
B_git_frozen,audio,20260926,0,-HwX2H8Z4hY$_$2,-HwX2H8Z4hY,Neutral,Negative,0.0,-0.09520597919266183
B_git_frozen,audio,20260926,0,-HwX2H8Z4hY$_$5,-HwX2H8Z4hY,Negative,Negative,-1.0,0.023549417713973786
B_git_frozen,audio,20260926,0,-HwX2H8Z4hY$_$6,-HwX2H8Z4hY,Neutral,Neutral,0.0,0.39700822413758896
B_git_frozen,audio,20260926,0,-HwX2H8Z4hY$_$9,-HwX2H8Z4hY,Negative,Positive,-0.3333333432674408,0.2091383955536725
B_git_frozen,audio,20260926,1,-I_e4mIh0yE$_$1,-I_e4mIh0yE,Negative,Positive,-0.6666666865348816,0.2771088604984597
B_git_frozen,audio,20260926,1,-I_e4mIh0yE$_$3,-I_e4mIh0yE,Positive,Positive,0.6666666865348816,0.2411089600253572
B_git_frozen,audio,20260926,4,-MeTTeMJBNc$_$0,-MeTTeMJBNc,Positive,Positive,0.3333333432674408,0.5678090072772828
B_git_frozen,audio,20260926,4,-MeTTeMJBNc$_$13,-MeTTeMJBNc,Positive,Positive,0.3333333432674408,0.37817132536753356
B_git_frozen,audio,20260926,4,-MeTTeMJBNc$_$7,-MeTTeMJBNc,Positive,Positive,1.3333333730697632,0.5002649174671018
B_git_frozen,audio,20260926,2,-NFrJFQijFE$_$1,-NFrJFQijFE,Positive,Positive,0.3333333432674408,0.2724109241569578
B_git_frozen,audio,20260926,2,-NFrJFQijFE$_$2,-NFrJFQijFE,Neutral,Negative,0.0,0.5785727511466566
B_git_frozen,audio,20260926,2,-RfYyzHpjk4$_$11,-RfYyzHpjk4,Positive,Neutral,2.0,0.43195856299449953
B_git_frozen,audio,20260926,2,-RfYyzHpjk4$_$2,-RfYyzHpjk4,Positive,Neutral,0.3333333432674408,0.5738755157076928
B_git_frozen,audio,20260926,2,-RfYyzHpjk4$_$8,-RfYyzHpjk4,Positive,Negative,0.3333333432674408,0.2346843229224831
B_git_frozen,audio,20260926,3,-THoVjtIkeU$_$12,-THoVjtIkeU,Positive,Positive,2.0,0.12202475482641587
B_git_frozen,audio,20260926,3,-THoVjtIkeU$_$2,-THoVjtIkeU,Positive,Positive,1.3333333730697632,0.37060442189394993
B_git_frozen,audio,20260926,3,-THoVjtIkeU$_$6,-THoVjtIkeU,Positive,Positive,2.6666667461395264,0.3143873861014251
B_git_frozen,audio,20260926,2,-UUCSKoHeMA$_$0,-UUCSKoHeMA,Neutral,Neutral,0.0,0.3873535930759836
B_git_frozen,audio,20260926,4,-UacrmKiTn4$_$10,-UacrmKiTn4,Negative,Positive,-0.6666666865348816,0.40569497774042007
B_git_frozen,audio,20260926,4,-UacrmKiTn4$_$4,-UacrmKiTn4,Negative,Positive,-1.3333333730697632,0.22912091737564394
B_git_frozen,audio,20260926,4,-UuX1xuaiiE$_$0,-UuX1xuaiiE,Positive,Neutral,2.6666667461395264,0.15227275029247567
B_git_frozen,audio,20260926,4,-UuX1xuaiiE$_$1,-UuX1xuaiiE,Positive,Neutral,1.6666666269302368,0.15900290091913766
B_git_frozen,audio,20260926,4,-UuX1xuaiiE$_$3,-UuX1xuaiiE,Positive,Negative,0.3333333432674408,0.15697808790267198
B_git_frozen,audio,20260926,4,-UuX1xuaiiE$_$6,-UuX1xuaiiE,Negative,Positive,-0.3333333432674408,0.307865475216187
B_git_frozen,audio,20260926,0,-a55Q6RWvTA$_$3,-a55Q6RWvTA,Positive,Negative,0.6666666865348816,0.2168721746807793
B_git_frozen,audio,20260926,4,-aNfi7CP8vM$_$7,-aNfi7CP8vM,Neutral,Positive,0.0,0.47002942258070024
B_git_frozen,audio,20260926,1,-aqamKhZ1Ec$_$0,-aqamKhZ1Ec,Negative,Positive,-2.0,0.7917991124435877
B_git_frozen,audio,20260926,0,-dxfTGcXJoc$_$0,-dxfTGcXJoc,Positive,Positive,1.0,0.26674711240855603
B_git_frozen,audio,20260926,0,-dxfTGcXJoc$_$1,-dxfTGcXJoc,Positive,Positive,1.6666666269302368,0.3810029756748968
B_git_frozen,audio,20260926,0,-dxfTGcXJoc$_$2,-dxfTGcXJoc,Positive,Positive,0.6666666865348816,0.312574746313756
B_git_frozen,audio,20260926,0,-dxfTGcXJoc$_$6,-dxfTGcXJoc,Positive,Positive,0.6666666865348816,0.3023482926929387
B_git_frozen,audio,20260926,0,-egA8-b7-3M$_$1,-egA8-b7-3M,Positive,Positive,0.6666666865348816,0.27529232419133964
B_git_frozen,audio,20260926,0,-egA8-b7-3M$_$13,-egA8-b7-3M,Positive,Positive,0.3333333432674408,0.6838075562728606
B_git_frozen,audio,20260926,0,-egA8-b7-3M$_$16,-egA8-b7-3M,Positive,Neutral,0.6666666865348816,0.19711748535384846
B_git_frozen,audio,20260926,0,-egA8-b7-3M$_$17,-egA8-b7-3M,Positive,Positive,0.3333333432674408,0.47296353839491245
B_git_frozen,audio,20260926,0,-egA8-b7-3M$_$18,-egA8-b7-3M,Positive,Positive,1.0,0.39297994769151573
B_git_frozen,audio,20260926,0,-egA8-b7-3M$_$20,-egA8-b7-3M,Positive,Positive,0.3333333432674408,0.5342871450202921
B_git_frozen,audio,20260926,0,-egA8-b7-3M$_$26,-egA8-b7-3M,Positive,Neutral,1.6666666269302368,0.46833788807782795
B_git_frozen,audio,20260926,0,-egA8-b7-3M$_$6,-egA8-b7-3M,Positive,Positive,0.6666666865348816,0.16905252925185185
B_git_frozen,audio,20260926,0,-egA8-b7-3M$_$9,-egA8-b7-3M,Positive,Neutral,0.3333333432674408,0.2563159252576831
B_git_frozen,audio,20260926,1,-hnBHBN8p5A$_$6,-hnBHBN8p5A,Positive,Positive,1.0,0.6989764712767503
B_git_frozen,audio,20260926,1,-hnBHBN8p5A$_$7,-hnBHBN8p5A,Positive,Positive,0.6666666865348816,0.5661050749621275
B_git_frozen,audio,20260926,2,-iRBcNs9oI8$_$3,-iRBcNs9oI8,Positive,Positive,0.6666666865348816,0.6463084901475045
B_git_frozen,audio,20260926,2,-iRBcNs9oI8$_$6,-iRBcNs9oI8,Positive,Negative,0.3333333432674408,0.23655702836546805
B_git_frozen,audio,20260926,2,-iRBcNs9oI8$_$7,-iRBcNs9oI8,Positive,Positive,0.6666666865348816,0.3741285105623894
B_git_frozen,audio,20260926,2,-iRBcNs9oI8$_$8,-iRBcNs9oI8,Positive,Positive,1.0,0.8115165289049522
B_git_frozen,audio,20260926,2,-iRBcNs9oI8$_$9,-iRBcNs9oI8,Positive,Positive,1.3333333730697632,0.4796151923846081
B_git_frozen,audio,20260926,0,-lzEya4AM_4$_$5,-lzEya4AM_4,Negative,Positive,-0.6666666865348816,0.5934813639623399
B_git_frozen,audio,20260926,0,-lzEya4AM_4$_$6,-lzEya4AM_4,Negative,Neutral,-0.3333333432674408,0.20099989811963165
B_git_frozen,audio,20260926,4,-mJ2ud6oKI8$_$1,-mJ2ud6oKI8,Neutral,Positive,0.0,-1.4691777162834234
B_git_frozen,audio,20260926,4,-mJ2ud6oKI8$_$2,-mJ2ud6oKI8,Neutral,Positive,0.0,-1.4691777162834234
B_git_frozen,audio,20260926,4,-mJ2ud6oKI8$_$6,-mJ2ud6oKI8,Positive,Positive,0.3333333432674408,0.0602259137664195
B_git_frozen,audio,20260926,4,-mJ2ud6oKI8$_$8,-mJ2ud6oKI8,Negative,Neutral,-0.3333333432674408,0.11632966190619848
B_git_frozen,audio,20260926,4,-mJ2ud6oKI8$_$9,-mJ2ud6oKI8,Neutral,Positive,0.0,0.4431356170106947
B_git_frozen,audio,20260926,1,-mqbVkbCndg$_$0,-mqbVkbCndg,Neutral,Positive,0.0,0.2964409377538166
B_git_frozen,audio,20260926,2,-qDkUB0GgYY$_$6,-qDkUB0GgYY,Positive,Positive,1.3333333730697632,0.5440476130301546
B_git_frozen,audio,20260926,1,-ri04Z7vwnc$_$0,-ri04Z7vwnc,Neutral,Negative,0.0,-0.36801150579975556
B_git_frozen,audio,20260926,1,-ri04Z7vwnc$_$2,-ri04Z7vwnc,Negative,Negative,-0.3333333432674408,-0.19483158781001902
B_git_frozen,audio,20260926,1,-ri04Z7vwnc$_$5,-ri04Z7vwnc,Positive,Negative,0.3333333432674408,0.24347853695680083
B_git_frozen,audio,20260926,0,-s9qJ7ATP7w$_$0,-s9qJ7ATP7w,Negative,Negative,-0.3333333432674408,0.09184683298299062
B_git_frozen,audio,20260926,0,-s9qJ7ATP7w$_$1,-s9qJ7ATP7w,Positive,Neutral,0.6666666865348816,0.25329277450899174
B_git_frozen,audio,20260926,0,-s9qJ7ATP7w$_$4,-s9qJ7ATP7w,Neutral,Negative,0.0,0.30632659861224953
B_git_frozen,audio,20260926,0,-s9qJ7ATP7w$_$5,-s9qJ7ATP7w,Negative,Neutral,-2.0,0.3530747081792528
B_git_frozen,audio,20260926,0,-s9qJ7ATP7w$_$6,-s9qJ7ATP7w,Neutral,Negative,0.0,-0.19440973026756686
B_git_frozen,audio,20260926,0,-s9qJ7ATP7w$_$7,-s9qJ7ATP7w,Positive,Positive,1.0,0.3604028351926328
B_git_frozen,audio,20260926,0,-s9qJ7ATP7w$_$8,-s9qJ7ATP7w,Positive,Negative,1.3333333730697632,0.037440062694353515
B_git_frozen,audio,20260926,4,-t217m2on-s$_$2,-t217m2on-s,Positive,Positive,0.6666666865348816,0.45311432469349255
B_git_frozen,audio,20260926,4,-t217m2on-s$_$7,-t217m2on-s,Negative,Positive,-0.6666666865348816,0.4640195381440221
B_git_frozen,audio,20260926,1,-tANM6ETl_M$_$3,-tANM6ETl_M,Positive,Negative,0.3333333432674408,0.2362375492579145
B_git_frozen,audio,20260926,1,-tPCytz4rww$_$10,-tPCytz4rww,Neutral,Positive,0.0,0.1530593257707062
B_git_frozen,audio,20260926,1,-tPCytz4rww$_$11,-tPCytz4rww,Neutral,Negative,0.0,0.12046111066035609
B_git_frozen,audio,20260926,1,-tPCytz4rww$_$12,-tPCytz4rww,Neutral,Negative,0.0,0.051626197872435886
B_git_frozen,audio,20260926,1,-tPCytz4rww$_$16,-tPCytz4rww,Neutral,Negative,0.0,0.3673298572440192
B_git_frozen,audio,20260926,1,-tPCytz4rww$_$18,-tPCytz4rww,Neutral,Negative,0.0,0.040402023836749734
B_git_frozen,audio,20260926,0,-uywlfIYOS8$_$4,-uywlfIYOS8,Positive,Positive,0.3333333432674408,0.4280226764194822
B_git_frozen,audio,20260926,0,-vxjVxOeScU$_$4,-vxjVxOeScU,Positive,Positive,1.0,0.39861194893135155
B_git_frozen,audio,20260926,4,-wMB_hJL-3o$_$7,-wMB_hJL-3o,Positive,Neutral,0.3333333432674408,0.5940896396503412
B_git_frozen,audio,20260926,3,-wny0OAz3g8$_$0,-wny0OAz3g8,Positive,Positive,0.3333333432674408,0.45559650471546453
B_git_frozen,audio,20260926,3,-wny0OAz3g8$_$1,-wny0OAz3g8,Positive,Positive,0.3333333432674408,0.5232288675689731
B_git_frozen,audio,20260926,3,-wny0OAz3g8$_$2,-wny0OAz3g8,Negative,Positive,-0.3333333432674408,0.49253326484939997
B_git_frozen,audio,20260926,3,-wny0OAz3g8$_$3,-wny0OAz3g8,Negative,Positive,-1.3333333730697632,0.5065094783294596
B_git_frozen,audio,20260926,3,-wny0OAz3g8$_$5,-wny0OAz3g8,Positive,Positive,1.0,0.7394888735683156
B_git_frozen,audio,20260926,3,-wny0OAz3g8$_$7,-wny0OAz3g8,Neutral,Positive,0.0,0.6473379488590937
B_git_frozen,audio,20260926,3,-wny0OAz3g8$_$9,-wny0OAz3g8,Positive,Positive,0.6666666865348816,0.538143471829774
B_git_frozen,audio,20260926,4,-yRb-Jum7EQ$_$1,-yRb-Jum7EQ,Neutral,Positive,0.0,0.676232025167453
B_git_frozen,audio,20260926,4,-yRb-Jum7EQ$_$5,-yRb-Jum7EQ,Negative,Positive,-0.6666666865348816,0.5895553703550409
B_git_frozen,audio,20260926,4,-yRb-Jum7EQ$_$6,-yRb-Jum7EQ,Neutral,Positive,0.0,0.6652026577877084
B_git_frozen,audio,20260927,0,-3g5yACwYnA$_$13,-3g5yACwYnA,Positive,Negative,0.6666666865348816,-0.349395204963909
B_git_frozen,audio,20260927,0,-3g5yACwYnA$_$2,-3g5yACwYnA,Neutral,Neutral,0.0,0.011089241753717727
B_git_frozen,audio,20260927,0,-3g5yACwYnA$_$3,-3g5yACwYnA,Neutral,Negative,0.0,-0.19982934891594922
B_git_frozen,audio,20260927,0,-3g5yACwYnA$_$9,-3g5yACwYnA,Positive,Negative,0.6666666865348816,-0.2731280688091005
B_git_frozen,audio,20260927,1,-3nNcZdcdvU$_$5,-3nNcZdcdvU,Neutral,Negative,0.0,0.1343153439628105
B_git_frozen,audio,20260927,0,-571d8cVauQ$_$0,-571d8cVauQ,Neutral,Negative,0.0,-0.4495376693151942
B_git_frozen,audio,20260927,0,-571d8cVauQ$_$5,-571d8cVauQ,Positive,Negative,0.3333333432674408,-0.22897173851514058
B_git_frozen,audio,20260927,4,-6rXp3zJ3kc$_$8,-6rXp3zJ3kc,Negative,Negative,-1.0,-0.04481522460101994
B_git_frozen,audio,20260927,1,-9y-fZ3swSY$_$0,-9y-fZ3swSY,Positive,Positive,1.0,0.4259394885631653
B_git_frozen,audio,20260927,1,-9y-fZ3swSY$_$4,-9y-fZ3swSY,Neutral,Positive,0.0,0.6826567281829661
B_git_frozen,audio,20260927,1,-9y-fZ3swSY$_$8,-9y-fZ3swSY,Positive,Neutral,1.6666666269302368,0.3090589750266183
B_git_frozen,audio,20260927,3,-AUZQgSxyPQ$_$2,-AUZQgSxyPQ,Positive,Positive,0.6666666865348816,0.5602349551982027
B_git_frozen,audio,20260927,4,-HeZS2-Prhc$_$2,-HeZS2-Prhc,Positive,Positive,0.6666666865348816,0.4149937688459237
B_git_frozen,audio,20260927,0,-HwX2H8Z4hY$_$2,-HwX2H8Z4hY,Neutral,Neutral,0.0,0.05713302225995909
B_git_frozen,audio,20260927,0,-HwX2H8Z4hY$_$5,-HwX2H8Z4hY,Negative,Neutral,-1.0,0.27046188034692936
B_git_frozen,audio,20260927,0,-HwX2H8Z4hY$_$6,-HwX2H8Z4hY,Neutral,Neutral,0.0,0.2716076254777722
B_git_frozen,audio,20260927,0,-HwX2H8Z4hY$_$9,-HwX2H8Z4hY,Negative,Positive,-0.3333333432674408,0.0232424885071546
B_git_frozen,audio,20260927,4,-I_e4mIh0yE$_$1,-I_e4mIh0yE,Negative,Positive,-0.6666666865348816,-0.3924196409399207
B_git_frozen,audio,20260927,4,-I_e4mIh0yE$_$3,-I_e4mIh0yE,Positive,Positive,0.6666666865348816,0.033517957141636856
B_git_frozen,audio,20260927,3,-MeTTeMJBNc$_$0,-MeTTeMJBNc,Positive,Negative,0.3333333432674408,0.5332228096428795
B_git_frozen,audio,20260927,3,-MeTTeMJBNc$_$13,-MeTTeMJBNc,Positive,Negative,0.3333333432674408,0.4885866710854733
B_git_frozen,audio,20260927,3,-MeTTeMJBNc$_$7,-MeTTeMJBNc,Positive,Negative,1.3333333730697632,0.38457286618296116
B_git_frozen,audio,20260927,4,-NFrJFQijFE$_$1,-NFrJFQijFE,Positive,Positive,0.3333333432674408,0.6749785101278787
B_git_frozen,audio,20260927,4,-NFrJFQijFE$_$2,-NFrJFQijFE,Neutral,Neutral,0.0,0.2772689732379857
B_git_frozen,audio,20260927,3,-RfYyzHpjk4$_$11,-RfYyzHpjk4,Positive,Neutral,2.0,0.41552800455196753
B_git_frozen,audio,20260927,3,-RfYyzHpjk4$_$2,-RfYyzHpjk4,Positive,Neutral,0.3333333432674408,0.6740044156047743
B_git_frozen,audio,20260927,3,-RfYyzHpjk4$_$8,-RfYyzHpjk4,Positive,Negative,0.3333333432674408,0.14807393700855845
B_git_frozen,audio,20260927,4,-THoVjtIkeU$_$12,-THoVjtIkeU,Positive,Negative,2.0,0.06967781354901548
B_git_frozen,audio,20260927,4,-THoVjtIkeU$_$2,-THoVjtIkeU,Positive,Positive,1.3333333730697632,0.3611032089303737
B_git_frozen,audio,20260927,4,-THoVjtIkeU$_$6,-THoVjtIkeU,Positive,Neutral,2.6666667461395264,0.1605227655725947
B_git_frozen,audio,20260927,3,-UUCSKoHeMA$_$0,-UUCSKoHeMA,Neutral,Neutral,0.0,0.35005436024026354
B_git_frozen,audio,20260927,4,-UacrmKiTn4$_$10,-UacrmKiTn4,Negative,Positive,-0.6666666865348816,0.6703807115020204
B_git_frozen,audio,20260927,4,-UacrmKiTn4$_$4,-UacrmKiTn4,Negative,Positive,-1.3333333730697632,0.36955973592848124
B_git_frozen,audio,20260927,1,-UuX1xuaiiE$_$0,-UuX1xuaiiE,Positive,Neutral,2.6666667461395264,0.16924613811318484
B_git_frozen,audio,20260927,1,-UuX1xuaiiE$_$1,-UuX1xuaiiE,Positive,Neutral,1.6666666269302368,0.0818095172275834
B_git_frozen,audio,20260927,1,-UuX1xuaiiE$_$3,-UuX1xuaiiE,Positive,Negative,0.3333333432674408,-0.04032988488316874
B_git_frozen,audio,20260927,1,-UuX1xuaiiE$_$6,-UuX1xuaiiE,Negative,Negative,-0.3333333432674408,0.13446403515752328
B_git_frozen,audio,20260927,1,-a55Q6RWvTA$_$3,-a55Q6RWvTA,Positive,Neutral,0.6666666865348816,0.15204634855244603
B_git_frozen,audio,20260927,2,-aNfi7CP8vM$_$7,-aNfi7CP8vM,Neutral,Positive,0.0,0.5877747852884313
B_git_frozen,audio,20260927,1,-aqamKhZ1Ec$_$0,-aqamKhZ1Ec,Negative,Positive,-2.0,0.3766059084841816
B_git_frozen,audio,20260927,4,-dxfTGcXJoc$_$0,-dxfTGcXJoc,Positive,Positive,1.0,0.05816579901170016
B_git_frozen,audio,20260927,4,-dxfTGcXJoc$_$1,-dxfTGcXJoc,Positive,Positive,1.6666666269302368,0.09908124435628146
B_git_frozen,audio,20260927,4,-dxfTGcXJoc$_$2,-dxfTGcXJoc,Positive,Negative,0.6666666865348816,0.07365848706548966
B_git_frozen,audio,20260927,4,-dxfTGcXJoc$_$6,-dxfTGcXJoc,Positive,Negative,0.6666666865348816,-0.07951327631992638
B_git_frozen,audio,20260927,1,-egA8-b7-3M$_$1,-egA8-b7-3M,Positive,Positive,0.6666666865348816,0.12008366980067642
B_git_frozen,audio,20260927,1,-egA8-b7-3M$_$13,-egA8-b7-3M,Positive,Positive,0.3333333432674408,0.6586474256477146
B_git_frozen,audio,20260927,1,-egA8-b7-3M$_$16,-egA8-b7-3M,Positive,Negative,0.6666666865348816,0.04935726297979473
B_git_frozen,audio,20260927,1,-egA8-b7-3M$_$17,-egA8-b7-3M,Positive,Positive,0.3333333432674408,0.31928373821657685
B_git_frozen,audio,20260927,1,-egA8-b7-3M$_$18,-egA8-b7-3M,Positive,Positive,1.0,0.4143087325590409
B_git_frozen,audio,20260927,1,-egA8-b7-3M$_$20,-egA8-b7-3M,Positive,Positive,0.3333333432674408,0.5501357355859127
B_git_frozen,audio,20260927,1,-egA8-b7-3M$_$26,-egA8-b7-3M,Positive,Positive,1.6666666269302368,0.3016254168424252
B_git_frozen,audio,20260927,1,-egA8-b7-3M$_$6,-egA8-b7-3M,Positive,Negative,0.6666666865348816,0.026389462842114908
B_git_frozen,audio,20260927,1,-egA8-b7-3M$_$9,-egA8-b7-3M,Positive,Positive,0.3333333432674408,0.1695210295797021
B_git_frozen,audio,20260927,0,-hnBHBN8p5A$_$6,-hnBHBN8p5A,Positive,Positive,1.0,0.6532507380762616
B_git_frozen,audio,20260927,0,-hnBHBN8p5A$_$7,-hnBHBN8p5A,Positive,Positive,0.6666666865348816,0.3989897302652302
B_git_frozen,audio,20260927,3,-iRBcNs9oI8$_$3,-iRBcNs9oI8,Positive,Positive,0.6666666865348816,0.6032265944972468
B_git_frozen,audio,20260927,3,-iRBcNs9oI8$_$6,-iRBcNs9oI8,Positive,Negative,0.3333333432674408,0.2793151177531261
B_git_frozen,audio,20260927,3,-iRBcNs9oI8$_$7,-iRBcNs9oI8,Positive,Positive,0.6666666865348816,0.5816336723465227
B_git_frozen,audio,20260927,3,-iRBcNs9oI8$_$8,-iRBcNs9oI8,Positive,Positive,1.0,0.8372435699899412
B_git_frozen,audio,20260927,3,-iRBcNs9oI8$_$9,-iRBcNs9oI8,Positive,Negative,1.3333333730697632,0.35701585620498333
B_git_frozen,audio,20260927,1,-lzEya4AM_4$_$5,-lzEya4AM_4,Negative,Positive,-0.6666666865348816,0.7015920073495108
B_git_frozen,audio,20260927,1,-lzEya4AM_4$_$6,-lzEya4AM_4,Negative,Positive,-0.3333333432674408,0.3146843501963361
B_git_frozen,audio,20260927,3,-mJ2ud6oKI8$_$1,-mJ2ud6oKI8,Neutral,Positive,0.0,-1.2388161155130264
B_git_frozen,audio,20260927,3,-mJ2ud6oKI8$_$2,-mJ2ud6oKI8,Neutral,Positive,0.0,-1.2388161155130264
B_git_frozen,audio,20260927,3,-mJ2ud6oKI8$_$6,-mJ2ud6oKI8,Positive,Neutral,0.3333333432674408,-0.10968773951514704
B_git_frozen,audio,20260927,3,-mJ2ud6oKI8$_$8,-mJ2ud6oKI8,Negative,Neutral,-0.3333333432674408,0.029406421363223356
B_git_frozen,audio,20260927,3,-mJ2ud6oKI8$_$9,-mJ2ud6oKI8,Neutral,Positive,0.0,0.5002866821276489
B_git_frozen,audio,20260927,2,-mqbVkbCndg$_$0,-mqbVkbCndg,Neutral,Neutral,0.0,0.41909411416253567
B_git_frozen,audio,20260927,0,-qDkUB0GgYY$_$6,-qDkUB0GgYY,Positive,Positive,1.3333333730697632,0.5138101958637047
B_git_frozen,audio,20260927,2,-ri04Z7vwnc$_$0,-ri04Z7vwnc,Neutral,Negative,0.0,-0.13729696418186682
B_git_frozen,audio,20260927,2,-ri04Z7vwnc$_$2,-ri04Z7vwnc,Negative,Negative,-0.3333333432674408,0.18066496922738945
B_git_frozen,audio,20260927,2,-ri04Z7vwnc$_$5,-ri04Z7vwnc,Positive,Negative,0.3333333432674408,0.19451278411145495
B_git_frozen,audio,20260927,4,-s9qJ7ATP7w$_$0,-s9qJ7ATP7w,Negative,Negative,-0.3333333432674408,-0.2929506532694322
B_git_frozen,audio,20260927,4,-s9qJ7ATP7w$_$1,-s9qJ7ATP7w,Positive,Neutral,0.6666666865348816,0.006513228147121741
B_git_frozen,audio,20260927,4,-s9qJ7ATP7w$_$4,-s9qJ7ATP7w,Neutral,Negative,0.0,-0.05200000776802971
B_git_frozen,audio,20260927,4,-s9qJ7ATP7w$_$5,-s9qJ7ATP7w,Negative,Neutral,-2.0,0.0819365802684916
B_git_frozen,audio,20260927,4,-s9qJ7ATP7w$_$6,-s9qJ7ATP7w,Neutral,Negative,0.0,0.014456329828230696
B_git_frozen,audio,20260927,4,-s9qJ7ATP7w$_$7,-s9qJ7ATP7w,Positive,Negative,1.0,-0.26520136011496626
B_git_frozen,audio,20260927,4,-s9qJ7ATP7w$_$8,-s9qJ7ATP7w,Positive,Negative,1.3333333730697632,-0.12550762970657203
B_git_frozen,audio,20260927,4,-t217m2on-s$_$2,-t217m2on-s,Positive,Neutral,0.6666666865348816,0.37272357638864695
B_git_frozen,audio,20260927,4,-t217m2on-s$_$7,-t217m2on-s,Negative,Neutral,-0.6666666865348816,0.3198595647339718
B_git_frozen,audio,20260927,2,-tANM6ETl_M$_$3,-tANM6ETl_M,Positive,Positive,0.3333333432674408,0.4621894431843602
B_git_frozen,audio,20260927,3,-tPCytz4rww$_$10,-tPCytz4rww,Neutral,Positive,0.0,0.5906549188161769
B_git_frozen,audio,20260927,3,-tPCytz4rww$_$11,-tPCytz4rww,Neutral,Positive,0.0,0.35500596182682737
B_git_frozen,audio,20260927,3,-tPCytz4rww$_$12,-tPCytz4rww,Neutral,Positive,0.0,0.27808965636018573
B_git_frozen,audio,20260927,3,-tPCytz4rww$_$16,-tPCytz4rww,Neutral,Positive,0.0,0.364591333787294
B_git_frozen,audio,20260927,3,-tPCytz4rww$_$18,-tPCytz4rww,Neutral,Neutral,0.0,0.23389671444873122
B_git_frozen,audio,20260927,2,-uywlfIYOS8$_$4,-uywlfIYOS8,Positive,Positive,0.3333333432674408,0.5956121783986077
B_git_frozen,audio,20260927,1,-vxjVxOeScU$_$4,-vxjVxOeScU,Positive,Positive,1.0,0.5044949705787936
B_git_frozen,audio,20260927,3,-wMB_hJL-3o$_$7,-wMB_hJL-3o,Positive,Neutral,0.3333333432674408,0.0005327534314057969
B_git_frozen,audio,20260927,0,-wny0OAz3g8$_$0,-wny0OAz3g8,Positive,Positive,0.3333333432674408,0.8481375227289789
B_git_frozen,audio,20260927,0,-wny0OAz3g8$_$1,-wny0OAz3g8,Positive,Positive,0.3333333432674408,0.7484131513094621
B_git_frozen,audio,20260927,0,-wny0OAz3g8$_$2,-wny0OAz3g8,Negative,Positive,-0.3333333432674408,0.8028119868835352
B_git_frozen,audio,20260927,0,-wny0OAz3g8$_$3,-wny0OAz3g8,Negative,Positive,-1.3333333730697632,0.6797794714615653
B_git_frozen,audio,20260927,0,-wny0OAz3g8$_$5,-wny0OAz3g8,Positive,Positive,1.0,0.8376650244031822
B_git_frozen,audio,20260927,0,-wny0OAz3g8$_$7,-wny0OAz3g8,Neutral,Positive,0.0,0.9929573128579869
B_git_frozen,audio,20260927,0,-wny0OAz3g8$_$9,-wny0OAz3g8,Positive,Positive,0.6666666865348816,0.6519781702223313
B_git_frozen,audio,20260927,2,-yRb-Jum7EQ$_$1,-yRb-Jum7EQ,Neutral,Positive,0.0,0.2713362204637951
B_git_frozen,audio,20260927,2,-yRb-Jum7EQ$_$5,-yRb-Jum7EQ,Negative,Positive,-0.6666666865348816,0.20801472756156775
B_git_frozen,audio,20260927,2,-yRb-Jum7EQ$_$6,-yRb-Jum7EQ,Neutral,Positive,0.0,0.4181960909624366
B_git_frozen,audio,20260928,0,-3g5yACwYnA$_$13,-3g5yACwYnA,Positive,Negative,0.6666666865348816,-0.04157721656776417
B_git_frozen,audio,20260928,0,-3g5yACwYnA$_$2,-3g5yACwYnA,Neutral,Neutral,0.0,0.18406586161193664
B_git_frozen,audio,20260928,0,-3g5yACwYnA$_$3,-3g5yACwYnA,Neutral,Neutral,0.0,0.10858577239822212
B_git_frozen,audio,20260928,0,-3g5yACwYnA$_$9,-3g5yACwYnA,Positive,Neutral,0.6666666865348816,0.16063775453119422
B_git_frozen,audio,20260928,0,-3nNcZdcdvU$_$5,-3nNcZdcdvU,Neutral,Positive,0.0,0.20700545944092613
B_git_frozen,audio,20260928,4,-571d8cVauQ$_$0,-571d8cVauQ,Neutral,Negative,0.0,-0.2267310865659839
B_git_frozen,audio,20260928,4,-571d8cVauQ$_$5,-571d8cVauQ,Positive,Neutral,0.3333333432674408,0.02422623886825115
B_git_frozen,audio,20260928,2,-6rXp3zJ3kc$_$8,-6rXp3zJ3kc,Negative,Neutral,-1.0,0.1828077225432428
B_git_frozen,audio,20260928,1,-9y-fZ3swSY$_$0,-9y-fZ3swSY,Positive,Positive,1.0,0.37183348504930097
B_git_frozen,audio,20260928,1,-9y-fZ3swSY$_$4,-9y-fZ3swSY,Neutral,Positive,0.0,0.7208622521991208
B_git_frozen,audio,20260928,1,-9y-fZ3swSY$_$8,-9y-fZ3swSY,Positive,Positive,1.6666666269302368,0.3947168558060806
B_git_frozen,audio,20260928,1,-AUZQgSxyPQ$_$2,-AUZQgSxyPQ,Positive,Positive,0.6666666865348816,0.7147756299266768
B_git_frozen,audio,20260928,4,-HeZS2-Prhc$_$2,-HeZS2-Prhc,Positive,Neutral,0.6666666865348816,0.3577008934486875
B_git_frozen,audio,20260928,4,-HwX2H8Z4hY$_$2,-HwX2H8Z4hY,Neutral,Neutral,0.0,0.10725500883569927
B_git_frozen,audio,20260928,4,-HwX2H8Z4hY$_$5,-HwX2H8Z4hY,Negative,Negative,-1.0,0.1626466657064295
B_git_frozen,audio,20260928,4,-HwX2H8Z4hY$_$6,-HwX2H8Z4hY,Neutral,Neutral,0.0,0.29230132676483417
B_git_frozen,audio,20260928,4,-HwX2H8Z4hY$_$9,-HwX2H8Z4hY,Negative,Positive,-0.3333333432674408,0.0937284539909426
B_git_frozen,audio,20260928,3,-I_e4mIh0yE$_$1,-I_e4mIh0yE,Negative,Positive,-0.6666666865348816,0.44516926936553947
B_git_frozen,audio,20260928,3,-I_e4mIh0yE$_$3,-I_e4mIh0yE,Positive,Positive,0.6666666865348816,0.3255988984555275
B_git_frozen,audio,20260928,2,-MeTTeMJBNc$_$0,-MeTTeMJBNc,Positive,Positive,0.3333333432674408,0.5764781518394072
B_git_frozen,audio,20260928,2,-MeTTeMJBNc$_$13,-MeTTeMJBNc,Positive,Positive,0.3333333432674408,0.40411479805030087
B_git_frozen,audio,20260928,2,-MeTTeMJBNc$_$7,-MeTTeMJBNc,Positive,Positive,1.3333333730697632,0.5667987702053174
B_git_frozen,audio,20260928,4,-NFrJFQijFE$_$1,-NFrJFQijFE,Positive,Negative,0.3333333432674408,0.3155096005371797
B_git_frozen,audio,20260928,4,-NFrJFQijFE$_$2,-NFrJFQijFE,Neutral,Neutral,0.0,0.5631518337438417
B_git_frozen,audio,20260928,1,-RfYyzHpjk4$_$11,-RfYyzHpjk4,Positive,Positive,2.0,0.5415084319735594
B_git_frozen,audio,20260928,1,-RfYyzHpjk4$_$2,-RfYyzHpjk4,Positive,Positive,0.3333333432674408,0.6478365526119134
B_git_frozen,audio,20260928,1,-RfYyzHpjk4$_$8,-RfYyzHpjk4,Positive,Positive,0.3333333432674408,0.3699901062681559
B_git_frozen,audio,20260928,0,-THoVjtIkeU$_$12,-THoVjtIkeU,Positive,Negative,2.0,0.04722676286790464
B_git_frozen,audio,20260928,0,-THoVjtIkeU$_$2,-THoVjtIkeU,Positive,Positive,1.3333333730697632,0.3909874741215109
B_git_frozen,audio,20260928,0,-THoVjtIkeU$_$6,-THoVjtIkeU,Positive,Neutral,2.6666667461395264,0.21415654993623784
B_git_frozen,audio,20260928,1,-UUCSKoHeMA$_$0,-UUCSKoHeMA,Neutral,Positive,0.0,0.43547970817046827
B_git_frozen,audio,20260928,2,-UacrmKiTn4$_$10,-UacrmKiTn4,Negative,Positive,-0.6666666865348816,0.5604766371820061
B_git_frozen,audio,20260928,2,-UacrmKiTn4$_$4,-UacrmKiTn4,Negative,Positive,-1.3333333730697632,0.36269638300641294
B_git_frozen,audio,20260928,0,-UuX1xuaiiE$_$0,-UuX1xuaiiE,Positive,Positive,2.6666667461395264,0.2726348453808497
B_git_frozen,audio,20260928,0,-UuX1xuaiiE$_$1,-UuX1xuaiiE,Positive,Neutral,1.6666666269302368,0.07901151485958355
B_git_frozen,audio,20260928,0,-UuX1xuaiiE$_$3,-UuX1xuaiiE,Positive,Negative,0.3333333432674408,-0.0020122749086153024
B_git_frozen,audio,20260928,0,-UuX1xuaiiE$_$6,-UuX1xuaiiE,Negative,Negative,-0.3333333432674408,0.0091771064407557
B_git_frozen,audio,20260928,3,-a55Q6RWvTA$_$3,-a55Q6RWvTA,Positive,Neutral,0.6666666865348816,0.3212799843809576
B_git_frozen,audio,20260928,3,-aNfi7CP8vM$_$7,-aNfi7CP8vM,Neutral,Positive,0.0,0.6278373683766303
B_git_frozen,audio,20260928,1,-aqamKhZ1Ec$_$0,-aqamKhZ1Ec,Negative,Positive,-2.0,0.8075999831407685
B_git_frozen,audio,20260928,0,-dxfTGcXJoc$_$0,-dxfTGcXJoc,Positive,Negative,1.0,0.0662068616022343
B_git_frozen,audio,20260928,0,-dxfTGcXJoc$_$1,-dxfTGcXJoc,Positive,Negative,1.6666666269302368,0.055488972864555036
B_git_frozen,audio,20260928,0,-dxfTGcXJoc$_$2,-dxfTGcXJoc,Positive,Negative,0.6666666865348816,-0.004170619293123873
B_git_frozen,audio,20260928,0,-dxfTGcXJoc$_$6,-dxfTGcXJoc,Positive,Negative,0.6666666865348816,-0.04459788723512739
B_git_frozen,audio,20260928,3,-egA8-b7-3M$_$1,-egA8-b7-3M,Positive,Positive,0.6666666865348816,0.3572437912894523
B_git_frozen,audio,20260928,3,-egA8-b7-3M$_$13,-egA8-b7-3M,Positive,Positive,0.3333333432674408,0.8586459521601768
B_git_frozen,audio,20260928,3,-egA8-b7-3M$_$16,-egA8-b7-3M,Positive,Positive,0.6666666865348816,0.3847791205464256
B_git_frozen,audio,20260928,3,-egA8-b7-3M$_$17,-egA8-b7-3M,Positive,Positive,0.3333333432674408,0.5102072891567022
B_git_frozen,audio,20260928,3,-egA8-b7-3M$_$18,-egA8-b7-3M,Positive,Positive,1.0,0.5555198802004352
B_git_frozen,audio,20260928,3,-egA8-b7-3M$_$20,-egA8-b7-3M,Positive,Positive,0.3333333432674408,0.6590089427262971
B_git_frozen,audio,20260928,3,-egA8-b7-3M$_$26,-egA8-b7-3M,Positive,Positive,1.6666666269302368,0.5060923094259082
B_git_frozen,audio,20260928,3,-egA8-b7-3M$_$6,-egA8-b7-3M,Positive,Positive,0.6666666865348816,0.28316192750934593
B_git_frozen,audio,20260928,3,-egA8-b7-3M$_$9,-egA8-b7-3M,Positive,Positive,0.3333333432674408,0.36322501283011616
B_git_frozen,audio,20260928,3,-hnBHBN8p5A$_$6,-hnBHBN8p5A,Positive,Positive,1.0,0.6427287727928035
B_git_frozen,audio,20260928,3,-hnBHBN8p5A$_$7,-hnBHBN8p5A,Positive,Positive,0.6666666865348816,0.39412835055659456
B_git_frozen,audio,20260928,4,-iRBcNs9oI8$_$3,-iRBcNs9oI8,Positive,Positive,0.6666666865348816,0.6620076162438718
B_git_frozen,audio,20260928,4,-iRBcNs9oI8$_$6,-iRBcNs9oI8,Positive,Positive,0.3333333432674408,0.36095884705396714
B_git_frozen,audio,20260928,4,-iRBcNs9oI8$_$7,-iRBcNs9oI8,Positive,Positive,0.6666666865348816,0.3178051691735479
B_git_frozen,audio,20260928,4,-iRBcNs9oI8$_$8,-iRBcNs9oI8,Positive,Positive,1.0,0.7552847391754867
B_git_frozen,audio,20260928,4,-iRBcNs9oI8$_$9,-iRBcNs9oI8,Positive,Positive,1.3333333730697632,0.6063696269178387
B_git_frozen,audio,20260928,4,-lzEya4AM_4$_$5,-lzEya4AM_4,Negative,Positive,-0.6666666865348816,0.5619477886220678
B_git_frozen,audio,20260928,4,-lzEya4AM_4$_$6,-lzEya4AM_4,Negative,Positive,-0.3333333432674408,0.33284469290867147
B_git_frozen,audio,20260928,3,-mJ2ud6oKI8$_$1,-mJ2ud6oKI8,Neutral,Positive,0.0,-1.2632209720784837
B_git_frozen,audio,20260928,3,-mJ2ud6oKI8$_$2,-mJ2ud6oKI8,Neutral,Positive,0.0,-1.2632209720784837
B_git_frozen,audio,20260928,3,-mJ2ud6oKI8$_$6,-mJ2ud6oKI8,Positive,Positive,0.3333333432674408,-0.09359614940827338
B_git_frozen,audio,20260928,3,-mJ2ud6oKI8$_$8,-mJ2ud6oKI8,Negative,Neutral,-0.3333333432674408,0.0949356201315312
B_git_frozen,audio,20260928,3,-mJ2ud6oKI8$_$9,-mJ2ud6oKI8,Neutral,Positive,0.0,0.4378658585802505
B_git_frozen,audio,20260928,0,-mqbVkbCndg$_$0,-mqbVkbCndg,Neutral,Neutral,0.0,-0.0698626246984819
B_git_frozen,audio,20260928,4,-qDkUB0GgYY$_$6,-qDkUB0GgYY,Positive,Positive,1.3333333730697632,0.5159010641816322
B_git_frozen,audio,20260928,0,-ri04Z7vwnc$_$0,-ri04Z7vwnc,Neutral,Negative,0.0,-0.0821178432821921
B_git_frozen,audio,20260928,0,-ri04Z7vwnc$_$2,-ri04Z7vwnc,Negative,Positive,-0.3333333432674408,0.18563007217985392
B_git_frozen,audio,20260928,0,-ri04Z7vwnc$_$5,-ri04Z7vwnc,Positive,Negative,0.3333333432674408,-0.0012957519803820927
B_git_frozen,audio,20260928,1,-s9qJ7ATP7w$_$0,-s9qJ7ATP7w,Negative,Negative,-0.3333333432674408,0.07860116879552087
B_git_frozen,audio,20260928,1,-s9qJ7ATP7w$_$1,-s9qJ7ATP7w,Positive,Neutral,0.6666666865348816,0.3362381290220348
B_git_frozen,audio,20260928,1,-s9qJ7ATP7w$_$4,-s9qJ7ATP7w,Neutral,Negative,0.0,0.4682266194198598
B_git_frozen,audio,20260928,1,-s9qJ7ATP7w$_$5,-s9qJ7ATP7w,Negative,Neutral,-2.0,0.46556258455301236
B_git_frozen,audio,20260928,1,-s9qJ7ATP7w$_$6,-s9qJ7ATP7w,Neutral,Negative,0.0,-0.04635752345750238
B_git_frozen,audio,20260928,1,-s9qJ7ATP7w$_$7,-s9qJ7ATP7w,Positive,Negative,1.0,0.3300619335240094
B_git_frozen,audio,20260928,1,-s9qJ7ATP7w$_$8,-s9qJ7ATP7w,Positive,Negative,1.3333333730697632,-0.014202759285268873
B_git_frozen,audio,20260928,2,-t217m2on-s$_$2,-t217m2on-s,Positive,Neutral,0.6666666865348816,0.3994824104446504
B_git_frozen,audio,20260928,2,-t217m2on-s$_$7,-t217m2on-s,Negative,Neutral,-0.6666666865348816,0.43145007437478006
B_git_frozen,audio,20260928,4,-tANM6ETl_M$_$3,-tANM6ETl_M,Positive,Negative,0.3333333432674408,0.45277325891535447
B_git_frozen,audio,20260928,2,-tPCytz4rww$_$10,-tPCytz4rww,Neutral,Neutral,0.0,0.39682107683158574
B_git_frozen,audio,20260928,2,-tPCytz4rww$_$11,-tPCytz4rww,Neutral,Neutral,0.0,0.30381048508069164
B_git_frozen,audio,20260928,2,-tPCytz4rww$_$12,-tPCytz4rww,Neutral,Neutral,0.0,0.27762517592552094
B_git_frozen,audio,20260928,2,-tPCytz4rww$_$16,-tPCytz4rww,Neutral,Neutral,0.0,0.39656467243915056
B_git_frozen,audio,20260928,2,-tPCytz4rww$_$18,-tPCytz4rww,Neutral,Neutral,0.0,0.34271230516173634
B_git_frozen,audio,20260928,2,-uywlfIYOS8$_$4,-uywlfIYOS8,Positive,Positive,0.3333333432674408,0.6001582734748252
B_git_frozen,audio,20260928,2,-vxjVxOeScU$_$4,-vxjVxOeScU,Positive,Positive,1.0,0.5465701156773156
B_git_frozen,audio,20260928,4,-wMB_hJL-3o$_$7,-wMB_hJL-3o,Positive,Neutral,0.3333333432674408,0.35834207559946785
B_git_frozen,audio,20260928,3,-wny0OAz3g8$_$0,-wny0OAz3g8,Positive,Positive,0.3333333432674408,0.6344030274041328
B_git_frozen,audio,20260928,3,-wny0OAz3g8$_$1,-wny0OAz3g8,Positive,Positive,0.3333333432674408,0.5882464675739265
B_git_frozen,audio,20260928,3,-wny0OAz3g8$_$2,-wny0OAz3g8,Negative,Positive,-0.3333333432674408,0.6017155267035799
B_git_frozen,audio,20260928,3,-wny0OAz3g8$_$3,-wny0OAz3g8,Negative,Positive,-1.3333333730697632,0.453693453906521
B_git_frozen,audio,20260928,3,-wny0OAz3g8$_$5,-wny0OAz3g8,Positive,Positive,1.0,0.6895593075848314
B_git_frozen,audio,20260928,3,-wny0OAz3g8$_$7,-wny0OAz3g8,Neutral,Positive,0.0,0.8915801394918833
B_git_frozen,audio,20260928,3,-wny0OAz3g8$_$9,-wny0OAz3g8,Positive,Positive,0.6666666865348816,0.5248860212627717
B_git_frozen,audio,20260928,1,-yRb-Jum7EQ$_$1,-yRb-Jum7EQ,Neutral,Positive,0.0,0.35508752056214904
B_git_frozen,audio,20260928,1,-yRb-Jum7EQ$_$5,-yRb-Jum7EQ,Negative,Negative,-0.6666666865348816,0.2580141517699134
B_git_frozen,audio,20260928,1,-yRb-Jum7EQ$_$6,-yRb-Jum7EQ,Neutral,Positive,0.0,0.3654170688401922
B_git_frozen,vision,20260924,1,-3g5yACwYnA$_$13,-3g5yACwYnA,Positive,Positive,0.6666666865348816,0.20823839181418774
B_git_frozen,vision,20260924,1,-3g5yACwYnA$_$2,-3g5yACwYnA,Neutral,Negative,0.0,0.14090388163141654
B_git_frozen,vision,20260924,1,-3g5yACwYnA$_$3,-3g5yACwYnA,Neutral,Positive,0.0,0.16114447965061884
B_git_frozen,vision,20260924,1,-3g5yACwYnA$_$9,-3g5yACwYnA,Positive,Positive,0.6666666865348816,0.16581974131723806
B_git_frozen,vision,20260924,0,-3nNcZdcdvU$_$5,-3nNcZdcdvU,Neutral,Negative,0.0,0.16945784609489087
B_git_frozen,vision,20260924,3,-571d8cVauQ$_$0,-571d8cVauQ,Neutral,Positive,0.0,0.65604197109717
B_git_frozen,vision,20260924,3,-571d8cVauQ$_$5,-571d8cVauQ,Positive,Positive,0.3333333432674408,0.4764195123056707
B_git_frozen,vision,20260924,0,-6rXp3zJ3kc$_$8,-6rXp3zJ3kc,Negative,Negative,-1.0,0.2303773666761885
B_git_frozen,vision,20260924,0,-9y-fZ3swSY$_$0,-9y-fZ3swSY,Positive,Negative,1.0,0.06556474393317807
B_git_frozen,vision,20260924,0,-9y-fZ3swSY$_$4,-9y-fZ3swSY,Neutral,Negative,0.0,-0.05908383349786889
B_git_frozen,vision,20260924,0,-9y-fZ3swSY$_$8,-9y-fZ3swSY,Positive,Neutral,1.6666666269302368,0.22166061803651974
B_git_frozen,vision,20260924,0,-AUZQgSxyPQ$_$2,-AUZQgSxyPQ,Positive,Positive,0.6666666865348816,-0.10732839192415128
B_git_frozen,vision,20260924,4,-HeZS2-Prhc$_$2,-HeZS2-Prhc,Positive,Positive,0.6666666865348816,0.3975227471619626
B_git_frozen,vision,20260924,4,-HwX2H8Z4hY$_$2,-HwX2H8Z4hY,Neutral,Neutral,0.0,2.2736285388330706
B_git_frozen,vision,20260924,4,-HwX2H8Z4hY$_$5,-HwX2H8Z4hY,Negative,Positive,-1.0,2.168461768217272
B_git_frozen,vision,20260924,4,-HwX2H8Z4hY$_$6,-HwX2H8Z4hY,Neutral,Positive,0.0,2.2114097359107268
B_git_frozen,vision,20260924,4,-HwX2H8Z4hY$_$9,-HwX2H8Z4hY,Negative,Positive,-0.3333333432674408,0.4908194281457623
B_git_frozen,vision,20260924,1,-I_e4mIh0yE$_$1,-I_e4mIh0yE,Negative,Positive,-0.6666666865348816,0.6957552288085009
B_git_frozen,vision,20260924,1,-I_e4mIh0yE$_$3,-I_e4mIh0yE,Positive,Positive,0.6666666865348816,0.3543139026638418
B_git_frozen,vision,20260924,3,-MeTTeMJBNc$_$0,-MeTTeMJBNc,Positive,Negative,0.3333333432674408,0.0025832543662182017
B_git_frozen,vision,20260924,3,-MeTTeMJBNc$_$13,-MeTTeMJBNc,Positive,Neutral,0.3333333432674408,-0.11204050357702533
B_git_frozen,vision,20260924,3,-MeTTeMJBNc$_$7,-MeTTeMJBNc,Positive,Negative,1.3333333730697632,-0.005328131517186363
B_git_frozen,vision,20260924,3,-NFrJFQijFE$_$1,-NFrJFQijFE,Positive,Neutral,0.3333333432674408,-0.041892452409683145
B_git_frozen,vision,20260924,3,-NFrJFQijFE$_$2,-NFrJFQijFE,Neutral,Negative,0.0,0.5981038333344916
B_git_frozen,vision,20260924,2,-RfYyzHpjk4$_$11,-RfYyzHpjk4,Positive,Negative,2.0,0.2479874742039223
B_git_frozen,vision,20260924,2,-RfYyzHpjk4$_$2,-RfYyzHpjk4,Positive,Negative,0.3333333432674408,0.2328810360538846
B_git_frozen,vision,20260924,2,-RfYyzHpjk4$_$8,-RfYyzHpjk4,Positive,Negative,0.3333333432674408,0.1304640560760658
B_git_frozen,vision,20260924,0,-THoVjtIkeU$_$12,-THoVjtIkeU,Positive,Negative,2.0,0.07390237609712014
B_git_frozen,vision,20260924,0,-THoVjtIkeU$_$2,-THoVjtIkeU,Positive,Neutral,1.3333333730697632,0.00635861575190938
B_git_frozen,vision,20260924,0,-THoVjtIkeU$_$6,-THoVjtIkeU,Positive,Neutral,2.6666667461395264,0.17863502769496414
B_git_frozen,vision,20260924,4,-UUCSKoHeMA$_$0,-UUCSKoHeMA,Neutral,Positive,0.0,0.489407774157708
B_git_frozen,vision,20260924,0,-UacrmKiTn4$_$10,-UacrmKiTn4,Negative,Positive,-0.6666666865348816,0.4218118211087718
B_git_frozen,vision,20260924,0,-UacrmKiTn4$_$4,-UacrmKiTn4,Negative,Positive,-1.3333333730697632,0.36909245349127806
B_git_frozen,vision,20260924,2,-UuX1xuaiiE$_$0,-UuX1xuaiiE,Positive,Neutral,2.6666667461395264,-0.3222256025859738
B_git_frozen,vision,20260924,2,-UuX1xuaiiE$_$1,-UuX1xuaiiE,Positive,Positive,1.6666666269302368,0.20821084330868886
B_git_frozen,vision,20260924,2,-UuX1xuaiiE$_$3,-UuX1xuaiiE,Positive,Positive,0.3333333432674408,0.69250024423558
B_git_frozen,vision,20260924,2,-UuX1xuaiiE$_$6,-UuX1xuaiiE,Negative,Negative,-0.3333333432674408,0.2585364741457171
B_git_frozen,vision,20260924,4,-a55Q6RWvTA$_$3,-a55Q6RWvTA,Positive,Negative,0.6666666865348816,-0.5670723574759682
B_git_frozen,vision,20260924,0,-aNfi7CP8vM$_$7,-aNfi7CP8vM,Neutral,Neutral,0.0,0.27517839479539774
B_git_frozen,vision,20260924,3,-aqamKhZ1Ec$_$0,-aqamKhZ1Ec,Negative,Positive,-2.0,0.26320447174329764
B_git_frozen,vision,20260924,4,-dxfTGcXJoc$_$0,-dxfTGcXJoc,Positive,Positive,1.0,0.20921245811987257
B_git_frozen,vision,20260924,4,-dxfTGcXJoc$_$1,-dxfTGcXJoc,Positive,Positive,1.6666666269302368,0.12423927497257647
B_git_frozen,vision,20260924,4,-dxfTGcXJoc$_$2,-dxfTGcXJoc,Positive,Positive,0.6666666865348816,0.1764261270860016
B_git_frozen,vision,20260924,4,-dxfTGcXJoc$_$6,-dxfTGcXJoc,Positive,Positive,0.6666666865348816,0.21176404740751156
B_git_frozen,vision,20260924,4,-egA8-b7-3M$_$1,-egA8-b7-3M,Positive,Positive,0.6666666865348816,0.8450681327714762
B_git_frozen,vision,20260924,4,-egA8-b7-3M$_$13,-egA8-b7-3M,Positive,Positive,0.3333333432674408,1.1402723759614841
B_git_frozen,vision,20260924,4,-egA8-b7-3M$_$16,-egA8-b7-3M,Positive,Positive,0.6666666865348816,0.6759293130901596
B_git_frozen,vision,20260924,4,-egA8-b7-3M$_$17,-egA8-b7-3M,Positive,Positive,0.3333333432674408,1.0832962051172084
B_git_frozen,vision,20260924,4,-egA8-b7-3M$_$18,-egA8-b7-3M,Positive,Positive,1.0,0.8136074789875835
B_git_frozen,vision,20260924,4,-egA8-b7-3M$_$20,-egA8-b7-3M,Positive,Positive,0.3333333432674408,0.8119700459414363
B_git_frozen,vision,20260924,4,-egA8-b7-3M$_$26,-egA8-b7-3M,Positive,Positive,1.6666666269302368,1.1580468068966874
B_git_frozen,vision,20260924,4,-egA8-b7-3M$_$6,-egA8-b7-3M,Positive,Positive,0.6666666865348816,0.825066680524968
B_git_frozen,vision,20260924,4,-egA8-b7-3M$_$9,-egA8-b7-3M,Positive,Positive,0.3333333432674408,0.9182803195505005
B_git_frozen,vision,20260924,3,-hnBHBN8p5A$_$6,-hnBHBN8p5A,Positive,Neutral,1.0,-0.025014463230004114
B_git_frozen,vision,20260924,3,-hnBHBN8p5A$_$7,-hnBHBN8p5A,Positive,Negative,0.6666666865348816,0.8829878112046243
B_git_frozen,vision,20260924,1,-iRBcNs9oI8$_$3,-iRBcNs9oI8,Positive,Neutral,0.6666666865348816,0.08867505327040243
B_git_frozen,vision,20260924,1,-iRBcNs9oI8$_$6,-iRBcNs9oI8,Positive,Neutral,0.3333333432674408,-0.15180528159013218
B_git_frozen,vision,20260924,1,-iRBcNs9oI8$_$7,-iRBcNs9oI8,Positive,Positive,0.6666666865348816,0.234352961783498
B_git_frozen,vision,20260924,1,-iRBcNs9oI8$_$8,-iRBcNs9oI8,Positive,Neutral,1.0,-0.012306921036609353
B_git_frozen,vision,20260924,1,-iRBcNs9oI8$_$9,-iRBcNs9oI8,Positive,Positive,1.3333333730697632,0.773872272702374
B_git_frozen,vision,20260924,1,-lzEya4AM_4$_$5,-lzEya4AM_4,Negative,Positive,-0.6666666865348816,0.7053876272311901
B_git_frozen,vision,20260924,1,-lzEya4AM_4$_$6,-lzEya4AM_4,Negative,Positive,-0.3333333432674408,0.3084134462026721
B_git_frozen,vision,20260924,4,-mJ2ud6oKI8$_$1,-mJ2ud6oKI8,Neutral,Neutral,0.0,0.13505584605542373
B_git_frozen,vision,20260924,4,-mJ2ud6oKI8$_$2,-mJ2ud6oKI8,Neutral,Positive,0.0,1.8315677951004163
B_git_frozen,vision,20260924,4,-mJ2ud6oKI8$_$6,-mJ2ud6oKI8,Positive,Positive,0.3333333432674408,0.04376455047182376
B_git_frozen,vision,20260924,4,-mJ2ud6oKI8$_$8,-mJ2ud6oKI8,Negative,Positive,-0.3333333432674408,0.5118736631666676
B_git_frozen,vision,20260924,4,-mJ2ud6oKI8$_$9,-mJ2ud6oKI8,Neutral,Positive,0.0,0.5017490174709632
B_git_frozen,vision,20260924,2,-mqbVkbCndg$_$0,-mqbVkbCndg,Neutral,Negative,0.0,-0.4538320225288271
B_git_frozen,vision,20260924,1,-qDkUB0GgYY$_$6,-qDkUB0GgYY,Positive,Positive,1.3333333730697632,0.2010753656453034
B_git_frozen,vision,20260924,1,-ri04Z7vwnc$_$0,-ri04Z7vwnc,Neutral,Neutral,0.0,0.1522015559530927
B_git_frozen,vision,20260924,1,-ri04Z7vwnc$_$2,-ri04Z7vwnc,Negative,Positive,-0.3333333432674408,0.7394448851355581
B_git_frozen,vision,20260924,1,-ri04Z7vwnc$_$5,-ri04Z7vwnc,Positive,Positive,0.3333333432674408,0.6301171838545006
B_git_frozen,vision,20260924,1,-s9qJ7ATP7w$_$0,-s9qJ7ATP7w,Negative,Neutral,-0.3333333432674408,0.56492458778083
B_git_frozen,vision,20260924,1,-s9qJ7ATP7w$_$1,-s9qJ7ATP7w,Positive,Positive,0.6666666865348816,0.8977976900606606
B_git_frozen,vision,20260924,1,-s9qJ7ATP7w$_$4,-s9qJ7ATP7w,Neutral,Neutral,0.0,0.39602066657860824
B_git_frozen,vision,20260924,1,-s9qJ7ATP7w$_$5,-s9qJ7ATP7w,Negative,Neutral,-2.0,0.6407561300440593
B_git_frozen,vision,20260924,1,-s9qJ7ATP7w$_$6,-s9qJ7ATP7w,Neutral,Neutral,0.0,0.7452804769983852
B_git_frozen,vision,20260924,1,-s9qJ7ATP7w$_$7,-s9qJ7ATP7w,Positive,Negative,1.0,0.16744569717265403
B_git_frozen,vision,20260924,1,-s9qJ7ATP7w$_$8,-s9qJ7ATP7w,Positive,Negative,1.3333333730697632,0.45951096566431626
B_git_frozen,vision,20260924,3,-t217m2on-s$_$2,-t217m2on-s,Positive,Neutral,0.6666666865348816,0.26417200241144206
B_git_frozen,vision,20260924,3,-t217m2on-s$_$7,-t217m2on-s,Negative,Neutral,-0.6666666865348816,0.16378639478028295
B_git_frozen,vision,20260924,0,-tANM6ETl_M$_$3,-tANM6ETl_M,Positive,Positive,0.3333333432674408,0.17682841921132486
B_git_frozen,vision,20260924,4,-tPCytz4rww$_$10,-tPCytz4rww,Neutral,Positive,0.0,0.45924488778351236
B_git_frozen,vision,20260924,4,-tPCytz4rww$_$11,-tPCytz4rww,Neutral,Neutral,0.0,0.0625899371374607
B_git_frozen,vision,20260924,4,-tPCytz4rww$_$12,-tPCytz4rww,Neutral,Positive,0.0,0.3104475928304228
B_git_frozen,vision,20260924,4,-tPCytz4rww$_$16,-tPCytz4rww,Neutral,Positive,0.0,0.3818310107887538
B_git_frozen,vision,20260924,4,-tPCytz4rww$_$18,-tPCytz4rww,Neutral,Positive,0.0,0.6355477245947685
B_git_frozen,vision,20260924,0,-uywlfIYOS8$_$4,-uywlfIYOS8,Positive,Negative,0.3333333432674408,0.13018068068909075
B_git_frozen,vision,20260924,3,-vxjVxOeScU$_$4,-vxjVxOeScU,Positive,Negative,1.0,0.19884290561004475
B_git_frozen,vision,20260924,1,-wMB_hJL-3o$_$7,-wMB_hJL-3o,Positive,Negative,0.3333333432674408,0.003694467768395382
B_git_frozen,vision,20260924,2,-wny0OAz3g8$_$0,-wny0OAz3g8,Positive,Positive,0.3333333432674408,0.18468616919083147
B_git_frozen,vision,20260924,2,-wny0OAz3g8$_$1,-wny0OAz3g8,Positive,Positive,0.3333333432674408,0.3678424704134634
B_git_frozen,vision,20260924,2,-wny0OAz3g8$_$2,-wny0OAz3g8,Negative,Positive,-0.3333333432674408,0.2506807799925354
B_git_frozen,vision,20260924,2,-wny0OAz3g8$_$3,-wny0OAz3g8,Negative,Positive,-1.3333333730697632,0.5109712314345455
B_git_frozen,vision,20260924,2,-wny0OAz3g8$_$5,-wny0OAz3g8,Positive,Positive,1.0,0.42020311456207243
B_git_frozen,vision,20260924,2,-wny0OAz3g8$_$7,-wny0OAz3g8,Neutral,Positive,0.0,0.6619239340098488
B_git_frozen,vision,20260924,2,-wny0OAz3g8$_$9,-wny0OAz3g8,Positive,Positive,0.6666666865348816,0.7025230896471645
B_git_frozen,vision,20260924,4,-yRb-Jum7EQ$_$1,-yRb-Jum7EQ,Neutral,Neutral,0.0,0.5122011143335611
B_git_frozen,vision,20260924,4,-yRb-Jum7EQ$_$5,-yRb-Jum7EQ,Negative,Neutral,-0.6666666865348816,0.29904725371029456
B_git_frozen,vision,20260924,4,-yRb-Jum7EQ$_$6,-yRb-Jum7EQ,Neutral,Neutral,0.0,0.19616180941483205
B_git_frozen,vision,20260925,4,-3g5yACwYnA$_$13,-3g5yACwYnA,Positive,Positive,0.6666666865348816,0.2757535212447671
B_git_frozen,vision,20260925,4,-3g5yACwYnA$_$2,-3g5yACwYnA,Neutral,Positive,0.0,0.18341062493875113
B_git_frozen,vision,20260925,4,-3g5yACwYnA$_$3,-3g5yACwYnA,Neutral,Positive,0.0,0.21045968971695622
B_git_frozen,vision,20260925,4,-3g5yACwYnA$_$9,-3g5yACwYnA,Positive,Positive,0.6666666865348816,0.2348915199613448
B_git_frozen,vision,20260925,0,-3nNcZdcdvU$_$5,-3nNcZdcdvU,Neutral,Positive,0.0,0.2908044329014286
B_git_frozen,vision,20260925,3,-571d8cVauQ$_$0,-571d8cVauQ,Neutral,Positive,0.0,0.7081998207566425
B_git_frozen,vision,20260925,3,-571d8cVauQ$_$5,-571d8cVauQ,Positive,Positive,0.3333333432674408,0.5640334443242214
B_git_frozen,vision,20260925,1,-6rXp3zJ3kc$_$8,-6rXp3zJ3kc,Negative,Negative,-1.0,-0.041959855407263436
B_git_frozen,vision,20260925,4,-9y-fZ3swSY$_$0,-9y-fZ3swSY,Positive,Neutral,1.0,0.09873838751187769
B_git_frozen,vision,20260925,4,-9y-fZ3swSY$_$4,-9y-fZ3swSY,Neutral,Neutral,0.0,0.02357353960884495
B_git_frozen,vision,20260925,4,-9y-fZ3swSY$_$8,-9y-fZ3swSY,Positive,Neutral,1.6666666269302368,-0.1020847264994732
B_git_frozen,vision,20260925,3,-AUZQgSxyPQ$_$2,-AUZQgSxyPQ,Positive,Positive,0.6666666865348816,0.20912239218911444
B_git_frozen,vision,20260925,1,-HeZS2-Prhc$_$2,-HeZS2-Prhc,Positive,Negative,0.6666666865348816,-0.37701520102880565
B_git_frozen,vision,20260925,3,-HwX2H8Z4hY$_$2,-HwX2H8Z4hY,Neutral,Neutral,0.0,0.22964082964730598
B_git_frozen,vision,20260925,3,-HwX2H8Z4hY$_$5,-HwX2H8Z4hY,Negative,Neutral,-1.0,1.5005730301587812
B_git_frozen,vision,20260925,3,-HwX2H8Z4hY$_$6,-HwX2H8Z4hY,Neutral,Neutral,0.0,1.8477812514545466
B_git_frozen,vision,20260925,3,-HwX2H8Z4hY$_$9,-HwX2H8Z4hY,Negative,Negative,-0.3333333432674408,0.23511995397939964
B_git_frozen,vision,20260925,4,-I_e4mIh0yE$_$1,-I_e4mIh0yE,Negative,Positive,-0.6666666865348816,0.7714469357502209
B_git_frozen,vision,20260925,4,-I_e4mIh0yE$_$3,-I_e4mIh0yE,Positive,Positive,0.6666666865348816,0.39725893012131774
B_git_frozen,vision,20260925,0,-MeTTeMJBNc$_$0,-MeTTeMJBNc,Positive,Negative,0.3333333432674408,0.24628871470721347
B_git_frozen,vision,20260925,0,-MeTTeMJBNc$_$13,-MeTTeMJBNc,Positive,Negative,0.3333333432674408,-0.005289333813685737
B_git_frozen,vision,20260925,0,-MeTTeMJBNc$_$7,-MeTTeMJBNc,Positive,Negative,1.3333333730697632,-0.012688767741548201
B_git_frozen,vision,20260925,4,-NFrJFQijFE$_$1,-NFrJFQijFE,Positive,Neutral,0.3333333432674408,-0.013754184989507867
B_git_frozen,vision,20260925,4,-NFrJFQijFE$_$2,-NFrJFQijFE,Neutral,Negative,0.0,0.17201242788173293
B_git_frozen,vision,20260925,2,-RfYyzHpjk4$_$11,-RfYyzHpjk4,Positive,Negative,2.0,0.12467844643787596
B_git_frozen,vision,20260925,2,-RfYyzHpjk4$_$2,-RfYyzHpjk4,Positive,Negative,0.3333333432674408,0.18884359635777895
B_git_frozen,vision,20260925,2,-RfYyzHpjk4$_$8,-RfYyzHpjk4,Positive,Negative,0.3333333432674408,0.19279726924860136
B_git_frozen,vision,20260925,2,-THoVjtIkeU$_$12,-THoVjtIkeU,Positive,Negative,2.0,-0.20616932473378313
B_git_frozen,vision,20260925,2,-THoVjtIkeU$_$2,-THoVjtIkeU,Positive,Negative,1.3333333730697632,-0.41048676944984996
B_git_frozen,vision,20260925,2,-THoVjtIkeU$_$6,-THoVjtIkeU,Positive,Neutral,2.6666667461395264,-0.1551345177514603
B_git_frozen,vision,20260925,4,-UUCSKoHeMA$_$0,-UUCSKoHeMA,Neutral,Positive,0.0,0.415713095873962
B_git_frozen,vision,20260925,2,-UacrmKiTn4$_$10,-UacrmKiTn4,Negative,Positive,-0.6666666865348816,0.5513356255667758
B_git_frozen,vision,20260925,2,-UacrmKiTn4$_$4,-UacrmKiTn4,Negative,Positive,-1.3333333730697632,0.3401710916741348
B_git_frozen,vision,20260925,0,-UuX1xuaiiE$_$0,-UuX1xuaiiE,Positive,Negative,2.6666667461395264,-0.2773538531209159
B_git_frozen,vision,20260925,0,-UuX1xuaiiE$_$1,-UuX1xuaiiE,Positive,Positive,1.6666666269302368,0.38401514188779023
B_git_frozen,vision,20260925,0,-UuX1xuaiiE$_$3,-UuX1xuaiiE,Positive,Positive,0.3333333432674408,0.8001938676496344
B_git_frozen,vision,20260925,0,-UuX1xuaiiE$_$6,-UuX1xuaiiE,Negative,Neutral,-0.3333333432674408,0.32199544178243744
B_git_frozen,vision,20260925,1,-a55Q6RWvTA$_$3,-a55Q6RWvTA,Positive,Negative,0.6666666865348816,-0.28525964085350924
B_git_frozen,vision,20260925,1,-aNfi7CP8vM$_$7,-aNfi7CP8vM,Neutral,Neutral,0.0,0.25458984532643164
B_git_frozen,vision,20260925,2,-aqamKhZ1Ec$_$0,-aqamKhZ1Ec,Negative,Positive,-2.0,0.5171574772850078
B_git_frozen,vision,20260925,3,-dxfTGcXJoc$_$0,-dxfTGcXJoc,Positive,Positive,1.0,0.21569820497285802
B_git_frozen,vision,20260925,3,-dxfTGcXJoc$_$1,-dxfTGcXJoc,Positive,Positive,1.6666666269302368,0.14825824676210703
B_git_frozen,vision,20260925,3,-dxfTGcXJoc$_$2,-dxfTGcXJoc,Positive,Positive,0.6666666865348816,0.19011135817410513
B_git_frozen,vision,20260925,3,-dxfTGcXJoc$_$6,-dxfTGcXJoc,Positive,Positive,0.6666666865348816,0.3118799313708621
B_git_frozen,vision,20260925,2,-egA8-b7-3M$_$1,-egA8-b7-3M,Positive,Neutral,0.6666666865348816,0.11037468142157111
B_git_frozen,vision,20260925,2,-egA8-b7-3M$_$13,-egA8-b7-3M,Positive,Positive,0.3333333432674408,0.33768280215305346
B_git_frozen,vision,20260925,2,-egA8-b7-3M$_$16,-egA8-b7-3M,Positive,Neutral,0.6666666865348816,-0.0903161550720909
B_git_frozen,vision,20260925,2,-egA8-b7-3M$_$17,-egA8-b7-3M,Positive,Positive,0.3333333432674408,0.3953447580854732
B_git_frozen,vision,20260925,2,-egA8-b7-3M$_$18,-egA8-b7-3M,Positive,Positive,1.0,0.22587205423137957
B_git_frozen,vision,20260925,2,-egA8-b7-3M$_$20,-egA8-b7-3M,Positive,Positive,0.3333333432674408,0.2231077889390291
B_git_frozen,vision,20260925,2,-egA8-b7-3M$_$26,-egA8-b7-3M,Positive,Positive,1.6666666269302368,0.3916659922186746
B_git_frozen,vision,20260925,2,-egA8-b7-3M$_$6,-egA8-b7-3M,Positive,Neutral,0.6666666865348816,-0.0025864006253925598
B_git_frozen,vision,20260925,2,-egA8-b7-3M$_$9,-egA8-b7-3M,Positive,Neutral,0.3333333432674408,0.19795102081056598
B_git_frozen,vision,20260925,0,-hnBHBN8p5A$_$6,-hnBHBN8p5A,Positive,Neutral,1.0,0.34105739342343316
B_git_frozen,vision,20260925,0,-hnBHBN8p5A$_$7,-hnBHBN8p5A,Positive,Negative,0.6666666865348816,0.629860533417391
B_git_frozen,vision,20260925,4,-iRBcNs9oI8$_$3,-iRBcNs9oI8,Positive,Neutral,0.6666666865348816,-0.09064683891788705
B_git_frozen,vision,20260925,4,-iRBcNs9oI8$_$6,-iRBcNs9oI8,Positive,Neutral,0.3333333432674408,-0.3384830102518235
B_git_frozen,vision,20260925,4,-iRBcNs9oI8$_$7,-iRBcNs9oI8,Positive,Neutral,0.6666666865348816,-0.16285896101925035
B_git_frozen,vision,20260925,4,-iRBcNs9oI8$_$8,-iRBcNs9oI8,Positive,Neutral,1.0,-0.3282307191420769
B_git_frozen,vision,20260925,4,-iRBcNs9oI8$_$9,-iRBcNs9oI8,Positive,Positive,1.3333333730697632,0.3584100883240969
B_git_frozen,vision,20260925,0,-lzEya4AM_4$_$5,-lzEya4AM_4,Negative,Positive,-0.6666666865348816,0.6907409580262605
B_git_frozen,vision,20260925,0,-lzEya4AM_4$_$6,-lzEya4AM_4,Negative,Positive,-0.3333333432674408,0.5390246864167778
B_git_frozen,vision,20260925,0,-mJ2ud6oKI8$_$1,-mJ2ud6oKI8,Neutral,Neutral,0.0,0.12985714863945827
B_git_frozen,vision,20260925,0,-mJ2ud6oKI8$_$2,-mJ2ud6oKI8,Neutral,Neutral,0.0,0.8199659793229634
B_git_frozen,vision,20260925,0,-mJ2ud6oKI8$_$6,-mJ2ud6oKI8,Positive,Neutral,0.3333333432674408,0.22271048887069236
B_git_frozen,vision,20260925,0,-mJ2ud6oKI8$_$8,-mJ2ud6oKI8,Negative,Positive,-0.3333333432674408,0.494655717977884
B_git_frozen,vision,20260925,0,-mJ2ud6oKI8$_$9,-mJ2ud6oKI8,Neutral,Neutral,0.0,-0.00017444414150663556
B_git_frozen,vision,20260925,3,-mqbVkbCndg$_$0,-mqbVkbCndg,Neutral,Negative,0.0,-0.26330936503207997
B_git_frozen,vision,20260925,1,-qDkUB0GgYY$_$6,-qDkUB0GgYY,Positive,Negative,1.3333333730697632,-0.38713806914730936
B_git_frozen,vision,20260925,1,-ri04Z7vwnc$_$0,-ri04Z7vwnc,Neutral,Neutral,0.0,0.12894768188143138
B_git_frozen,vision,20260925,1,-ri04Z7vwnc$_$2,-ri04Z7vwnc,Negative,Positive,-0.3333333432674408,0.702951321267743
B_git_frozen,vision,20260925,1,-ri04Z7vwnc$_$5,-ri04Z7vwnc,Positive,Positive,0.3333333432674408,0.33057034758898435
B_git_frozen,vision,20260925,4,-s9qJ7ATP7w$_$0,-s9qJ7ATP7w,Negative,Neutral,-0.3333333432674408,0.6321283174327492
B_git_frozen,vision,20260925,4,-s9qJ7ATP7w$_$1,-s9qJ7ATP7w,Positive,Positive,0.6666666865348816,1.0603922003070736
B_git_frozen,vision,20260925,4,-s9qJ7ATP7w$_$4,-s9qJ7ATP7w,Neutral,Neutral,0.0,0.19218973264391093
B_git_frozen,vision,20260925,4,-s9qJ7ATP7w$_$5,-s9qJ7ATP7w,Negative,Neutral,-2.0,0.6708132198261656
B_git_frozen,vision,20260925,4,-s9qJ7ATP7w$_$6,-s9qJ7ATP7w,Neutral,Neutral,0.0,0.8829819759043176
B_git_frozen,vision,20260925,4,-s9qJ7ATP7w$_$7,-s9qJ7ATP7w,Positive,Negative,1.0,0.05776546738588878
B_git_frozen,vision,20260925,4,-s9qJ7ATP7w$_$8,-s9qJ7ATP7w,Positive,Negative,1.3333333730697632,0.4897605691168221
B_git_frozen,vision,20260925,3,-t217m2on-s$_$2,-t217m2on-s,Positive,Positive,0.6666666865348816,0.24610190823614903
B_git_frozen,vision,20260925,3,-t217m2on-s$_$7,-t217m2on-s,Negative,Positive,-0.6666666865348816,0.11358236039996433
B_git_frozen,vision,20260925,4,-tANM6ETl_M$_$3,-tANM6ETl_M,Positive,Neutral,0.3333333432674408,-0.04337421346669568
B_git_frozen,vision,20260925,3,-tPCytz4rww$_$10,-tPCytz4rww,Neutral,Positive,0.0,0.48589171452046814
B_git_frozen,vision,20260925,3,-tPCytz4rww$_$11,-tPCytz4rww,Neutral,Negative,0.0,0.15264322971015493
B_git_frozen,vision,20260925,3,-tPCytz4rww$_$12,-tPCytz4rww,Neutral,Positive,0.0,0.4026572444025151
B_git_frozen,vision,20260925,3,-tPCytz4rww$_$16,-tPCytz4rww,Neutral,Positive,0.0,0.2817239459479195
B_git_frozen,vision,20260925,3,-tPCytz4rww$_$18,-tPCytz4rww,Neutral,Positive,0.0,0.55937388275742
B_git_frozen,vision,20260925,1,-uywlfIYOS8$_$4,-uywlfIYOS8,Positive,Negative,0.3333333432674408,0.2835140344994046
B_git_frozen,vision,20260925,2,-vxjVxOeScU$_$4,-vxjVxOeScU,Positive,Positive,1.0,0.48266944855917926
B_git_frozen,vision,20260925,2,-wMB_hJL-3o$_$7,-wMB_hJL-3o,Positive,Negative,0.3333333432674408,0.01803621653781673
B_git_frozen,vision,20260925,4,-wny0OAz3g8$_$0,-wny0OAz3g8,Positive,Neutral,0.3333333432674408,0.23310061543283703
B_git_frozen,vision,20260925,4,-wny0OAz3g8$_$1,-wny0OAz3g8,Positive,Positive,0.3333333432674408,0.404007308942792
B_git_frozen,vision,20260925,4,-wny0OAz3g8$_$2,-wny0OAz3g8,Negative,Neutral,-0.3333333432674408,0.21946248068008023
B_git_frozen,vision,20260925,4,-wny0OAz3g8$_$3,-wny0OAz3g8,Negative,Positive,-1.3333333730697632,0.4362223251928793
B_git_frozen,vision,20260925,4,-wny0OAz3g8$_$5,-wny0OAz3g8,Positive,Positive,1.0,0.3084787890865455
B_git_frozen,vision,20260925,4,-wny0OAz3g8$_$7,-wny0OAz3g8,Neutral,Positive,0.0,0.5107086870401167
B_git_frozen,vision,20260925,4,-wny0OAz3g8$_$9,-wny0OAz3g8,Positive,Positive,0.6666666865348816,0.4634629050714657
B_git_frozen,vision,20260925,2,-yRb-Jum7EQ$_$1,-yRb-Jum7EQ,Neutral,Negative,0.0,-0.3455223867382283
B_git_frozen,vision,20260925,2,-yRb-Jum7EQ$_$5,-yRb-Jum7EQ,Negative,Negative,-0.6666666865348816,-0.39206045636874354
B_git_frozen,vision,20260925,2,-yRb-Jum7EQ$_$6,-yRb-Jum7EQ,Neutral,Neutral,0.0,-0.3241641325966832
B_git_frozen,vision,20260926,1,-3g5yACwYnA$_$13,-3g5yACwYnA,Positive,Positive,0.6666666865348816,0.43474541496277574
B_git_frozen,vision,20260926,1,-3g5yACwYnA$_$2,-3g5yACwYnA,Neutral,Positive,0.0,0.3781447224345051
B_git_frozen,vision,20260926,1,-3g5yACwYnA$_$3,-3g5yACwYnA,Neutral,Positive,0.0,0.3784482734318651
B_git_frozen,vision,20260926,1,-3g5yACwYnA$_$9,-3g5yACwYnA,Positive,Positive,0.6666666865348816,0.4053701039395263
B_git_frozen,vision,20260926,3,-3nNcZdcdvU$_$5,-3nNcZdcdvU,Neutral,Positive,0.0,0.4244191949240193
B_git_frozen,vision,20260926,3,-571d8cVauQ$_$0,-571d8cVauQ,Neutral,Positive,0.0,0.5355871511777448
B_git_frozen,vision,20260926,3,-571d8cVauQ$_$5,-571d8cVauQ,Positive,Positive,0.3333333432674408,0.5332590399187584
B_git_frozen,vision,20260926,4,-6rXp3zJ3kc$_$8,-6rXp3zJ3kc,Negative,Positive,-1.0,0.3577375920073194
B_git_frozen,vision,20260926,0,-9y-fZ3swSY$_$0,-9y-fZ3swSY,Positive,Neutral,1.0,0.4431594637517057
B_git_frozen,vision,20260926,0,-9y-fZ3swSY$_$4,-9y-fZ3swSY,Neutral,Neutral,0.0,0.054731814127164685
B_git_frozen,vision,20260926,0,-9y-fZ3swSY$_$8,-9y-fZ3swSY,Positive,Positive,1.6666666269302368,0.5398934678005366
B_git_frozen,vision,20260926,0,-AUZQgSxyPQ$_$2,-AUZQgSxyPQ,Positive,Positive,0.6666666865348816,0.28381747022875825
B_git_frozen,vision,20260926,4,-HeZS2-Prhc$_$2,-HeZS2-Prhc,Positive,Positive,0.6666666865348816,0.5965411869604242
B_git_frozen,vision,20260926,0,-HwX2H8Z4hY$_$2,-HwX2H8Z4hY,Neutral,Neutral,0.0,0.23278480719569217
B_git_frozen,vision,20260926,0,-HwX2H8Z4hY$_$5,-HwX2H8Z4hY,Negative,Negative,-1.0,1.0507164397476445
B_git_frozen,vision,20260926,0,-HwX2H8Z4hY$_$6,-HwX2H8Z4hY,Neutral,Negative,0.0,1.7376460014486987
B_git_frozen,vision,20260926,0,-HwX2H8Z4hY$_$9,-HwX2H8Z4hY,Negative,Neutral,-0.3333333432674408,0.02475463233939801
B_git_frozen,vision,20260926,1,-I_e4mIh0yE$_$1,-I_e4mIh0yE,Negative,Positive,-0.6666666865348816,0.9025747575324679
B_git_frozen,vision,20260926,1,-I_e4mIh0yE$_$3,-I_e4mIh0yE,Positive,Positive,0.6666666865348816,0.5370366306057862
B_git_frozen,vision,20260926,4,-MeTTeMJBNc$_$0,-MeTTeMJBNc,Positive,Neutral,0.3333333432674408,0.40029828649892774
B_git_frozen,vision,20260926,4,-MeTTeMJBNc$_$13,-MeTTeMJBNc,Positive,Neutral,0.3333333432674408,0.14107343198288752
B_git_frozen,vision,20260926,4,-MeTTeMJBNc$_$7,-MeTTeMJBNc,Positive,Neutral,1.3333333730697632,0.052433084233381555
B_git_frozen,vision,20260926,2,-NFrJFQijFE$_$1,-NFrJFQijFE,Positive,Neutral,0.3333333432674408,-0.0222389363255045
B_git_frozen,vision,20260926,2,-NFrJFQijFE$_$2,-NFrJFQijFE,Neutral,Negative,0.0,0.20974344356781244
B_git_frozen,vision,20260926,2,-RfYyzHpjk4$_$11,-RfYyzHpjk4,Positive,Negative,2.0,0.3599668213776705
B_git_frozen,vision,20260926,2,-RfYyzHpjk4$_$2,-RfYyzHpjk4,Positive,Negative,0.3333333432674408,0.36299759302890433
B_git_frozen,vision,20260926,2,-RfYyzHpjk4$_$8,-RfYyzHpjk4,Positive,Negative,0.3333333432674408,0.2523014105557589
B_git_frozen,vision,20260926,3,-THoVjtIkeU$_$12,-THoVjtIkeU,Positive,Positive,2.0,0.18860183190262353
B_git_frozen,vision,20260926,3,-THoVjtIkeU$_$2,-THoVjtIkeU,Positive,Neutral,1.3333333730697632,0.0838829582355475
B_git_frozen,vision,20260926,3,-THoVjtIkeU$_$6,-THoVjtIkeU,Positive,Positive,2.6666667461395264,0.2409258853177334
B_git_frozen,vision,20260926,2,-UUCSKoHeMA$_$0,-UUCSKoHeMA,Neutral,Positive,0.0,0.33720014254845104
B_git_frozen,vision,20260926,4,-UacrmKiTn4$_$10,-UacrmKiTn4,Negative,Negative,-0.6666666865348816,0.25748586420076497
B_git_frozen,vision,20260926,4,-UacrmKiTn4$_$4,-UacrmKiTn4,Negative,Neutral,-1.3333333730697632,0.20351602676911806
B_git_frozen,vision,20260926,4,-UuX1xuaiiE$_$0,-UuX1xuaiiE,Positive,Negative,2.6666667461395264,-0.4290078866631818
B_git_frozen,vision,20260926,4,-UuX1xuaiiE$_$1,-UuX1xuaiiE,Positive,Positive,1.6666666269302368,0.5139766454733837
B_git_frozen,vision,20260926,4,-UuX1xuaiiE$_$3,-UuX1xuaiiE,Positive,Positive,0.3333333432674408,0.822424360133699
B_git_frozen,vision,20260926,4,-UuX1xuaiiE$_$6,-UuX1xuaiiE,Negative,Positive,-0.3333333432674408,0.5971820708114546
B_git_frozen,vision,20260926,0,-a55Q6RWvTA$_$3,-a55Q6RWvTA,Positive,Negative,0.6666666865348816,-0.12341156706090117
B_git_frozen,vision,20260926,4,-aNfi7CP8vM$_$7,-aNfi7CP8vM,Neutral,Neutral,0.0,0.5251206934578991
B_git_frozen,vision,20260926,1,-aqamKhZ1Ec$_$0,-aqamKhZ1Ec,Negative,Positive,-2.0,0.4293188954306957
B_git_frozen,vision,20260926,0,-dxfTGcXJoc$_$0,-dxfTGcXJoc,Positive,Positive,1.0,0.046863518051683706
B_git_frozen,vision,20260926,0,-dxfTGcXJoc$_$1,-dxfTGcXJoc,Positive,Neutral,1.6666666269302368,0.01592252067331945
B_git_frozen,vision,20260926,0,-dxfTGcXJoc$_$2,-dxfTGcXJoc,Positive,Positive,0.6666666865348816,0.06872104231520804
B_git_frozen,vision,20260926,0,-dxfTGcXJoc$_$6,-dxfTGcXJoc,Positive,Positive,0.6666666865348816,0.10875084955719702
B_git_frozen,vision,20260926,0,-egA8-b7-3M$_$1,-egA8-b7-3M,Positive,Positive,0.6666666865348816,0.7556789571829152
B_git_frozen,vision,20260926,0,-egA8-b7-3M$_$13,-egA8-b7-3M,Positive,Positive,0.3333333432674408,0.9091819322538435
B_git_frozen,vision,20260926,0,-egA8-b7-3M$_$16,-egA8-b7-3M,Positive,Positive,0.6666666865348816,0.7246768493915936
B_git_frozen,vision,20260926,0,-egA8-b7-3M$_$17,-egA8-b7-3M,Positive,Positive,0.3333333432674408,0.8372707167081102
B_git_frozen,vision,20260926,0,-egA8-b7-3M$_$18,-egA8-b7-3M,Positive,Positive,1.0,0.631522272297954
B_git_frozen,vision,20260926,0,-egA8-b7-3M$_$20,-egA8-b7-3M,Positive,Positive,0.3333333432674408,0.6064790619448399
B_git_frozen,vision,20260926,0,-egA8-b7-3M$_$26,-egA8-b7-3M,Positive,Positive,1.6666666269302368,0.913558609168655
B_git_frozen,vision,20260926,0,-egA8-b7-3M$_$6,-egA8-b7-3M,Positive,Positive,0.6666666865348816,0.872724484431529
B_git_frozen,vision,20260926,0,-egA8-b7-3M$_$9,-egA8-b7-3M,Positive,Positive,0.3333333432674408,0.6910229046310624
B_git_frozen,vision,20260926,1,-hnBHBN8p5A$_$6,-hnBHBN8p5A,Positive,Neutral,1.0,0.2792183611853132
B_git_frozen,vision,20260926,1,-hnBHBN8p5A$_$7,-hnBHBN8p5A,Positive,Neutral,0.6666666865348816,0.9698689380266843
B_git_frozen,vision,20260926,2,-iRBcNs9oI8$_$3,-iRBcNs9oI8,Positive,Neutral,0.6666666865348816,-0.04644637090854231
B_git_frozen,vision,20260926,2,-iRBcNs9oI8$_$6,-iRBcNs9oI8,Positive,Neutral,0.3333333432674408,-0.26853493122771993
B_git_frozen,vision,20260926,2,-iRBcNs9oI8$_$7,-iRBcNs9oI8,Positive,Positive,0.6666666865348816,0.22402835801513177
B_git_frozen,vision,20260926,2,-iRBcNs9oI8$_$8,-iRBcNs9oI8,Positive,Neutral,1.0,0.04831695430733832
B_git_frozen,vision,20260926,2,-iRBcNs9oI8$_$9,-iRBcNs9oI8,Positive,Neutral,1.3333333730697632,0.5920350556575339
B_git_frozen,vision,20260926,0,-lzEya4AM_4$_$5,-lzEya4AM_4,Negative,Positive,-0.6666666865348816,0.6485152326593848
B_git_frozen,vision,20260926,0,-lzEya4AM_4$_$6,-lzEya4AM_4,Negative,Positive,-0.3333333432674408,0.36894855400045473
B_git_frozen,vision,20260926,4,-mJ2ud6oKI8$_$1,-mJ2ud6oKI8,Neutral,Neutral,0.0,0.1306609847101594
B_git_frozen,vision,20260926,4,-mJ2ud6oKI8$_$2,-mJ2ud6oKI8,Neutral,Positive,0.0,1.3307719095993193
B_git_frozen,vision,20260926,4,-mJ2ud6oKI8$_$6,-mJ2ud6oKI8,Positive,Neutral,0.3333333432674408,0.1375430713734443
B_git_frozen,vision,20260926,4,-mJ2ud6oKI8$_$8,-mJ2ud6oKI8,Negative,Positive,-0.3333333432674408,0.4642669850782873
B_git_frozen,vision,20260926,4,-mJ2ud6oKI8$_$9,-mJ2ud6oKI8,Neutral,Neutral,0.0,0.03688645996242812
B_git_frozen,vision,20260926,1,-mqbVkbCndg$_$0,-mqbVkbCndg,Neutral,Negative,0.0,-0.4342514121444188
B_git_frozen,vision,20260926,2,-qDkUB0GgYY$_$6,-qDkUB0GgYY,Positive,Negative,1.3333333730697632,0.047599850811902183
B_git_frozen,vision,20260926,1,-ri04Z7vwnc$_$0,-ri04Z7vwnc,Neutral,Neutral,0.0,0.14044060971691813
B_git_frozen,vision,20260926,1,-ri04Z7vwnc$_$2,-ri04Z7vwnc,Negative,Positive,-0.3333333432674408,0.8241424679357854
B_git_frozen,vision,20260926,1,-ri04Z7vwnc$_$5,-ri04Z7vwnc,Positive,Positive,0.3333333432674408,0.6762531422742362
B_git_frozen,vision,20260926,0,-s9qJ7ATP7w$_$0,-s9qJ7ATP7w,Negative,Neutral,-0.3333333432674408,0.4325868627980412
B_git_frozen,vision,20260926,0,-s9qJ7ATP7w$_$1,-s9qJ7ATP7w,Positive,Positive,0.6666666865348816,0.8378586168026796
B_git_frozen,vision,20260926,0,-s9qJ7ATP7w$_$4,-s9qJ7ATP7w,Neutral,Positive,0.0,0.564026155645799
B_git_frozen,vision,20260926,0,-s9qJ7ATP7w$_$5,-s9qJ7ATP7w,Negative,Positive,-2.0,0.6163221524240399
B_git_frozen,vision,20260926,0,-s9qJ7ATP7w$_$6,-s9qJ7ATP7w,Neutral,Neutral,0.0,0.5146175100516885
B_git_frozen,vision,20260926,0,-s9qJ7ATP7w$_$7,-s9qJ7ATP7w,Positive,Negative,1.0,0.3843358978557491
B_git_frozen,vision,20260926,0,-s9qJ7ATP7w$_$8,-s9qJ7ATP7w,Positive,Negative,1.3333333730697632,0.5132037347883379
B_git_frozen,vision,20260926,4,-t217m2on-s$_$2,-t217m2on-s,Positive,Neutral,0.6666666865348816,0.26218568702949
B_git_frozen,vision,20260926,4,-t217m2on-s$_$7,-t217m2on-s,Negative,Neutral,-0.6666666865348816,0.06396626329474792
B_git_frozen,vision,20260926,1,-tANM6ETl_M$_$3,-tANM6ETl_M,Positive,Positive,0.3333333432674408,0.2638407122143221
B_git_frozen,vision,20260926,1,-tPCytz4rww$_$10,-tPCytz4rww,Neutral,Positive,0.0,0.47039791086380567
B_git_frozen,vision,20260926,1,-tPCytz4rww$_$11,-tPCytz4rww,Neutral,Negative,0.0,0.2838246358761538
B_git_frozen,vision,20260926,1,-tPCytz4rww$_$12,-tPCytz4rww,Neutral,Positive,0.0,0.48752065370383535
B_git_frozen,vision,20260926,1,-tPCytz4rww$_$16,-tPCytz4rww,Neutral,Positive,0.0,0.22414098600058915
B_git_frozen,vision,20260926,1,-tPCytz4rww$_$18,-tPCytz4rww,Neutral,Positive,0.0,0.6205768509319857
B_git_frozen,vision,20260926,0,-uywlfIYOS8$_$4,-uywlfIYOS8,Positive,Positive,0.3333333432674408,0.12784792092712982
B_git_frozen,vision,20260926,0,-vxjVxOeScU$_$4,-vxjVxOeScU,Positive,Positive,1.0,0.3338543396798922
B_git_frozen,vision,20260926,4,-wMB_hJL-3o$_$7,-wMB_hJL-3o,Positive,Positive,0.3333333432674408,0.19566203682104938
B_git_frozen,vision,20260926,3,-wny0OAz3g8$_$0,-wny0OAz3g8,Positive,Positive,0.3333333432674408,0.7338055170859294
B_git_frozen,vision,20260926,3,-wny0OAz3g8$_$1,-wny0OAz3g8,Positive,Positive,0.3333333432674408,0.8829288258747281
B_git_frozen,vision,20260926,3,-wny0OAz3g8$_$2,-wny0OAz3g8,Negative,Positive,-0.3333333432674408,0.7604344335078533
B_git_frozen,vision,20260926,3,-wny0OAz3g8$_$3,-wny0OAz3g8,Negative,Positive,-1.3333333730697632,0.9216127697544427
B_git_frozen,vision,20260926,3,-wny0OAz3g8$_$5,-wny0OAz3g8,Positive,Positive,1.0,0.7466195171384595
B_git_frozen,vision,20260926,3,-wny0OAz3g8$_$7,-wny0OAz3g8,Neutral,Positive,0.0,0.964321332035784
B_git_frozen,vision,20260926,3,-wny0OAz3g8$_$9,-wny0OAz3g8,Positive,Positive,0.6666666865348816,0.8435008903718122
B_git_frozen,vision,20260926,4,-yRb-Jum7EQ$_$1,-yRb-Jum7EQ,Neutral,Positive,0.0,0.24860739718135233
B_git_frozen,vision,20260926,4,-yRb-Jum7EQ$_$5,-yRb-Jum7EQ,Negative,Positive,-0.6666666865348816,0.42545731749078597
B_git_frozen,vision,20260926,4,-yRb-Jum7EQ$_$6,-yRb-Jum7EQ,Neutral,Neutral,0.0,0.2561555678128247
B_git_frozen,vision,20260927,0,-3g5yACwYnA$_$13,-3g5yACwYnA,Positive,Negative,0.6666666865348816,0.33491987681610996
B_git_frozen,vision,20260927,0,-3g5yACwYnA$_$2,-3g5yACwYnA,Neutral,Negative,0.0,0.15214749719467885
B_git_frozen,vision,20260927,0,-3g5yACwYnA$_$3,-3g5yACwYnA,Neutral,Negative,0.0,0.20406987456567421
B_git_frozen,vision,20260927,0,-3g5yACwYnA$_$9,-3g5yACwYnA,Positive,Negative,0.6666666865348816,0.2931700757621211
B_git_frozen,vision,20260927,1,-3nNcZdcdvU$_$5,-3nNcZdcdvU,Neutral,Positive,0.0,0.2995789903215042
B_git_frozen,vision,20260927,0,-571d8cVauQ$_$0,-571d8cVauQ,Neutral,Neutral,0.0,0.7011214882809266
B_git_frozen,vision,20260927,0,-571d8cVauQ$_$5,-571d8cVauQ,Positive,Positive,0.3333333432674408,0.5342193251935251
B_git_frozen,vision,20260927,4,-6rXp3zJ3kc$_$8,-6rXp3zJ3kc,Negative,Positive,-1.0,0.37884895947320907
B_git_frozen,vision,20260927,1,-9y-fZ3swSY$_$0,-9y-fZ3swSY,Positive,Neutral,1.0,0.2859848260569344
B_git_frozen,vision,20260927,1,-9y-fZ3swSY$_$4,-9y-fZ3swSY,Neutral,Negative,0.0,0.043307042761820125
B_git_frozen,vision,20260927,1,-9y-fZ3swSY$_$8,-9y-fZ3swSY,Positive,Neutral,1.6666666269302368,0.38633970294758657
B_git_frozen,vision,20260927,3,-AUZQgSxyPQ$_$2,-AUZQgSxyPQ,Positive,Positive,0.6666666865348816,0.11437499875950383
B_git_frozen,vision,20260927,4,-HeZS2-Prhc$_$2,-HeZS2-Prhc,Positive,Positive,0.6666666865348816,0.5113679832824839
B_git_frozen,vision,20260927,0,-HwX2H8Z4hY$_$2,-HwX2H8Z4hY,Neutral,Neutral,0.0,0.6253693630542208
B_git_frozen,vision,20260927,0,-HwX2H8Z4hY$_$5,-HwX2H8Z4hY,Negative,Neutral,-1.0,1.6191994765276803
B_git_frozen,vision,20260927,0,-HwX2H8Z4hY$_$6,-HwX2H8Z4hY,Neutral,Neutral,0.0,2.326185375761824
B_git_frozen,vision,20260927,0,-HwX2H8Z4hY$_$9,-HwX2H8Z4hY,Negative,Neutral,-0.3333333432674408,0.18519281494069983
B_git_frozen,vision,20260927,4,-I_e4mIh0yE$_$1,-I_e4mIh0yE,Negative,Positive,-0.6666666865348816,0.6159577474969522
B_git_frozen,vision,20260927,4,-I_e4mIh0yE$_$3,-I_e4mIh0yE,Positive,Positive,0.6666666865348816,0.2491791463131784
B_git_frozen,vision,20260927,3,-MeTTeMJBNc$_$0,-MeTTeMJBNc,Positive,Negative,0.3333333432674408,0.1219925144697517
B_git_frozen,vision,20260927,3,-MeTTeMJBNc$_$13,-MeTTeMJBNc,Positive,Negative,0.3333333432674408,-0.09136150070644788
B_git_frozen,vision,20260927,3,-MeTTeMJBNc$_$7,-MeTTeMJBNc,Positive,Negative,1.3333333730697632,-0.12775356661953002
B_git_frozen,vision,20260927,4,-NFrJFQijFE$_$1,-NFrJFQijFE,Positive,Neutral,0.3333333432674408,-0.015580981018501971
B_git_frozen,vision,20260927,4,-NFrJFQijFE$_$2,-NFrJFQijFE,Neutral,Negative,0.0,0.22886827430265758
B_git_frozen,vision,20260927,3,-RfYyzHpjk4$_$11,-RfYyzHpjk4,Positive,Negative,2.0,0.31373369863478817
B_git_frozen,vision,20260927,3,-RfYyzHpjk4$_$2,-RfYyzHpjk4,Positive,Negative,0.3333333432674408,0.2821228889015765
B_git_frozen,vision,20260927,3,-RfYyzHpjk4$_$8,-RfYyzHpjk4,Positive,Negative,0.3333333432674408,0.045269911413572506
B_git_frozen,vision,20260927,4,-THoVjtIkeU$_$12,-THoVjtIkeU,Positive,Negative,2.0,0.2680887880960025
B_git_frozen,vision,20260927,4,-THoVjtIkeU$_$2,-THoVjtIkeU,Positive,Neutral,1.3333333730697632,0.21008905106374653
B_git_frozen,vision,20260927,4,-THoVjtIkeU$_$6,-THoVjtIkeU,Positive,Neutral,2.6666667461395264,0.28141598648274474
B_git_frozen,vision,20260927,3,-UUCSKoHeMA$_$0,-UUCSKoHeMA,Neutral,Positive,0.0,0.18664677042919964
B_git_frozen,vision,20260927,4,-UacrmKiTn4$_$10,-UacrmKiTn4,Negative,Negative,-0.6666666865348816,0.20646734771079803
B_git_frozen,vision,20260927,4,-UacrmKiTn4$_$4,-UacrmKiTn4,Negative,Neutral,-1.3333333730697632,0.22306509858204232
B_git_frozen,vision,20260927,1,-UuX1xuaiiE$_$0,-UuX1xuaiiE,Positive,Negative,2.6666667461395264,-0.14513724595034927
B_git_frozen,vision,20260927,1,-UuX1xuaiiE$_$1,-UuX1xuaiiE,Positive,Negative,1.6666666269302368,0.042432139101408556
B_git_frozen,vision,20260927,1,-UuX1xuaiiE$_$3,-UuX1xuaiiE,Positive,Positive,0.3333333432674408,0.43164500008135154
B_git_frozen,vision,20260927,1,-UuX1xuaiiE$_$6,-UuX1xuaiiE,Negative,Negative,-0.3333333432674408,0.26950705124569274
B_git_frozen,vision,20260927,1,-a55Q6RWvTA$_$3,-a55Q6RWvTA,Positive,Negative,0.6666666865348816,-0.5087990556533815
B_git_frozen,vision,20260927,2,-aNfi7CP8vM$_$7,-aNfi7CP8vM,Neutral,Neutral,0.0,0.1827039040171471
B_git_frozen,vision,20260927,1,-aqamKhZ1Ec$_$0,-aqamKhZ1Ec,Negative,Positive,-2.0,0.22688110701609368
B_git_frozen,vision,20260927,4,-dxfTGcXJoc$_$0,-dxfTGcXJoc,Positive,Positive,1.0,0.5958348860095808
B_git_frozen,vision,20260927,4,-dxfTGcXJoc$_$1,-dxfTGcXJoc,Positive,Positive,1.6666666269302368,0.534188011736583
B_git_frozen,vision,20260927,4,-dxfTGcXJoc$_$2,-dxfTGcXJoc,Positive,Positive,0.6666666865348816,0.5432530135469578
B_git_frozen,vision,20260927,4,-dxfTGcXJoc$_$6,-dxfTGcXJoc,Positive,Positive,0.6666666865348816,0.5923194177232838
B_git_frozen,vision,20260927,1,-egA8-b7-3M$_$1,-egA8-b7-3M,Positive,Positive,0.6666666865348816,0.5467428583065387
B_git_frozen,vision,20260927,1,-egA8-b7-3M$_$13,-egA8-b7-3M,Positive,Positive,0.3333333432674408,0.7192369087762527
B_git_frozen,vision,20260927,1,-egA8-b7-3M$_$16,-egA8-b7-3M,Positive,Positive,0.6666666865348816,0.5137671023386817
B_git_frozen,vision,20260927,1,-egA8-b7-3M$_$17,-egA8-b7-3M,Positive,Positive,0.3333333432674408,0.9809948509482687
B_git_frozen,vision,20260927,1,-egA8-b7-3M$_$18,-egA8-b7-3M,Positive,Positive,1.0,0.7285274569052225
B_git_frozen,vision,20260927,1,-egA8-b7-3M$_$20,-egA8-b7-3M,Positive,Positive,0.3333333432674408,0.722326817834889
B_git_frozen,vision,20260927,1,-egA8-b7-3M$_$26,-egA8-b7-3M,Positive,Positive,1.6666666269302368,0.9420954750757009
B_git_frozen,vision,20260927,1,-egA8-b7-3M$_$6,-egA8-b7-3M,Positive,Positive,0.6666666865348816,0.6613870079215804
B_git_frozen,vision,20260927,1,-egA8-b7-3M$_$9,-egA8-b7-3M,Positive,Positive,0.3333333432674408,0.6811669802356423
B_git_frozen,vision,20260927,0,-hnBHBN8p5A$_$6,-hnBHBN8p5A,Positive,Neutral,1.0,1.6155066794209016
B_git_frozen,vision,20260927,0,-hnBHBN8p5A$_$7,-hnBHBN8p5A,Positive,Positive,0.6666666865348816,1.2767432781046644
B_git_frozen,vision,20260927,3,-iRBcNs9oI8$_$3,-iRBcNs9oI8,Positive,Neutral,0.6666666865348816,-0.06240902925019487
B_git_frozen,vision,20260927,3,-iRBcNs9oI8$_$6,-iRBcNs9oI8,Positive,Neutral,0.3333333432674408,-0.3230284827637687
B_git_frozen,vision,20260927,3,-iRBcNs9oI8$_$7,-iRBcNs9oI8,Positive,Positive,0.6666666865348816,0.13671209815442012
B_git_frozen,vision,20260927,3,-iRBcNs9oI8$_$8,-iRBcNs9oI8,Positive,Neutral,1.0,-0.033248895789752375
B_git_frozen,vision,20260927,3,-iRBcNs9oI8$_$9,-iRBcNs9oI8,Positive,Neutral,1.3333333730697632,0.6545281332726778
B_git_frozen,vision,20260927,1,-lzEya4AM_4$_$5,-lzEya4AM_4,Negative,Positive,-0.6666666865348816,0.6891234999197653
B_git_frozen,vision,20260927,1,-lzEya4AM_4$_$6,-lzEya4AM_4,Negative,Positive,-0.3333333432674408,0.5933242546452246
B_git_frozen,vision,20260927,3,-mJ2ud6oKI8$_$1,-mJ2ud6oKI8,Neutral,Neutral,0.0,0.1411376573945956
B_git_frozen,vision,20260927,3,-mJ2ud6oKI8$_$2,-mJ2ud6oKI8,Neutral,Neutral,0.0,1.2371351753682682
B_git_frozen,vision,20260927,3,-mJ2ud6oKI8$_$6,-mJ2ud6oKI8,Positive,Negative,0.3333333432674408,-0.013145503782090007
B_git_frozen,vision,20260927,3,-mJ2ud6oKI8$_$8,-mJ2ud6oKI8,Negative,Positive,-0.3333333432674408,0.2717175133805302
B_git_frozen,vision,20260927,3,-mJ2ud6oKI8$_$9,-mJ2ud6oKI8,Neutral,Negative,0.0,-0.016533907446128926
B_git_frozen,vision,20260927,2,-mqbVkbCndg$_$0,-mqbVkbCndg,Neutral,Negative,0.0,-0.4436805203197204
B_git_frozen,vision,20260927,0,-qDkUB0GgYY$_$6,-qDkUB0GgYY,Positive,Negative,1.3333333730697632,0.13397836676496114
B_git_frozen,vision,20260927,2,-ri04Z7vwnc$_$0,-ri04Z7vwnc,Neutral,Neutral,0.0,0.1438193047845846
B_git_frozen,vision,20260927,2,-ri04Z7vwnc$_$2,-ri04Z7vwnc,Negative,Positive,-0.3333333432674408,0.7339864891429733
B_git_frozen,vision,20260927,2,-ri04Z7vwnc$_$5,-ri04Z7vwnc,Positive,Positive,0.3333333432674408,0.4102242214254108
B_git_frozen,vision,20260927,4,-s9qJ7ATP7w$_$0,-s9qJ7ATP7w,Negative,Neutral,-0.3333333432674408,0.6092146464388624
B_git_frozen,vision,20260927,4,-s9qJ7ATP7w$_$1,-s9qJ7ATP7w,Positive,Positive,0.6666666865348816,0.613068520686811
B_git_frozen,vision,20260927,4,-s9qJ7ATP7w$_$4,-s9qJ7ATP7w,Neutral,Neutral,0.0,0.41059007140063175
B_git_frozen,vision,20260927,4,-s9qJ7ATP7w$_$5,-s9qJ7ATP7w,Negative,Positive,-2.0,0.7141465000409639
B_git_frozen,vision,20260927,4,-s9qJ7ATP7w$_$6,-s9qJ7ATP7w,Neutral,Neutral,0.0,0.7101846237586467
B_git_frozen,vision,20260927,4,-s9qJ7ATP7w$_$7,-s9qJ7ATP7w,Positive,Negative,1.0,0.4251043129879803
B_git_frozen,vision,20260927,4,-s9qJ7ATP7w$_$8,-s9qJ7ATP7w,Positive,Positive,1.3333333730697632,0.40751214949602765
B_git_frozen,vision,20260927,4,-t217m2on-s$_$2,-t217m2on-s,Positive,Positive,0.6666666865348816,0.3735902425087485
B_git_frozen,vision,20260927,4,-t217m2on-s$_$7,-t217m2on-s,Negative,Positive,-0.6666666865348816,0.2903311268412746
B_git_frozen,vision,20260927,2,-tANM6ETl_M$_$3,-tANM6ETl_M,Positive,Positive,0.3333333432674408,0.11246119649625241
B_git_frozen,vision,20260927,3,-tPCytz4rww$_$10,-tPCytz4rww,Neutral,Positive,0.0,0.24711748571472875
B_git_frozen,vision,20260927,3,-tPCytz4rww$_$11,-tPCytz4rww,Neutral,Negative,0.0,-0.1860253831622578
B_git_frozen,vision,20260927,3,-tPCytz4rww$_$12,-tPCytz4rww,Neutral,Positive,0.0,0.24829162835033086
B_git_frozen,vision,20260927,3,-tPCytz4rww$_$16,-tPCytz4rww,Neutral,Positive,0.0,0.10449712225339092
B_git_frozen,vision,20260927,3,-tPCytz4rww$_$18,-tPCytz4rww,Neutral,Positive,0.0,0.49558962400620676
B_git_frozen,vision,20260927,2,-uywlfIYOS8$_$4,-uywlfIYOS8,Positive,Positive,0.3333333432674408,0.34711068550358276
B_git_frozen,vision,20260927,1,-vxjVxOeScU$_$4,-vxjVxOeScU,Positive,Positive,1.0,0.27793458012009004
B_git_frozen,vision,20260927,3,-wMB_hJL-3o$_$7,-wMB_hJL-3o,Positive,Negative,0.3333333432674408,-0.19313738345902298
B_git_frozen,vision,20260927,0,-wny0OAz3g8$_$0,-wny0OAz3g8,Positive,Neutral,0.3333333432674408,0.2828250456428404
B_git_frozen,vision,20260927,0,-wny0OAz3g8$_$1,-wny0OAz3g8,Positive,Neutral,0.3333333432674408,0.46397577482349084
B_git_frozen,vision,20260927,0,-wny0OAz3g8$_$2,-wny0OAz3g8,Negative,Neutral,-0.3333333432674408,0.769267596213254
B_git_frozen,vision,20260927,0,-wny0OAz3g8$_$3,-wny0OAz3g8,Negative,Neutral,-1.3333333730697632,0.767055154141436
B_git_frozen,vision,20260927,0,-wny0OAz3g8$_$5,-wny0OAz3g8,Positive,Neutral,1.0,0.5935161336623983
B_git_frozen,vision,20260927,0,-wny0OAz3g8$_$7,-wny0OAz3g8,Neutral,Positive,0.0,0.8195601904623577
B_git_frozen,vision,20260927,0,-wny0OAz3g8$_$9,-wny0OAz3g8,Positive,Positive,0.6666666865348816,0.7167938085455772
B_git_frozen,vision,20260927,2,-yRb-Jum7EQ$_$1,-yRb-Jum7EQ,Neutral,Negative,0.0,0.057866123346277554
B_git_frozen,vision,20260927,2,-yRb-Jum7EQ$_$5,-yRb-Jum7EQ,Negative,Positive,-0.6666666865348816,0.012961351635228213
B_git_frozen,vision,20260927,2,-yRb-Jum7EQ$_$6,-yRb-Jum7EQ,Neutral,Negative,0.0,-0.052457630375022546
B_git_frozen,vision,20260928,0,-3g5yACwYnA$_$13,-3g5yACwYnA,Positive,Negative,0.6666666865348816,0.07593096467040358
B_git_frozen,vision,20260928,0,-3g5yACwYnA$_$2,-3g5yACwYnA,Neutral,Negative,0.0,-0.005063053882540386
B_git_frozen,vision,20260928,0,-3g5yACwYnA$_$3,-3g5yACwYnA,Neutral,Negative,0.0,0.01886651320499677
B_git_frozen,vision,20260928,0,-3g5yACwYnA$_$9,-3g5yACwYnA,Positive,Negative,0.6666666865348816,0.062052756332297565
B_git_frozen,vision,20260928,0,-3nNcZdcdvU$_$5,-3nNcZdcdvU,Neutral,Positive,0.0,0.2810876765986364
B_git_frozen,vision,20260928,4,-571d8cVauQ$_$0,-571d8cVauQ,Neutral,Neutral,0.0,0.5284663784878109
B_git_frozen,vision,20260928,4,-571d8cVauQ$_$5,-571d8cVauQ,Positive,Positive,0.3333333432674408,0.5528179553229939
B_git_frozen,vision,20260928,2,-6rXp3zJ3kc$_$8,-6rXp3zJ3kc,Negative,Negative,-1.0,0.41203953028386375
B_git_frozen,vision,20260928,1,-9y-fZ3swSY$_$0,-9y-fZ3swSY,Positive,Neutral,1.0,0.42460667796570134
B_git_frozen,vision,20260928,1,-9y-fZ3swSY$_$4,-9y-fZ3swSY,Neutral,Negative,0.0,0.13558978976028463
B_git_frozen,vision,20260928,1,-9y-fZ3swSY$_$8,-9y-fZ3swSY,Positive,Neutral,1.6666666269302368,0.3864087677643332
B_git_frozen,vision,20260928,1,-AUZQgSxyPQ$_$2,-AUZQgSxyPQ,Positive,Positive,0.6666666865348816,0.45476256292416906
B_git_frozen,vision,20260928,4,-HeZS2-Prhc$_$2,-HeZS2-Prhc,Positive,Negative,0.6666666865348816,-0.4037704462207763
B_git_frozen,vision,20260928,4,-HwX2H8Z4hY$_$2,-HwX2H8Z4hY,Neutral,Neutral,0.0,-0.9636295892254053
B_git_frozen,vision,20260928,4,-HwX2H8Z4hY$_$5,-HwX2H8Z4hY,Negative,Positive,-1.0,1.1314719117864516
B_git_frozen,vision,20260928,4,-HwX2H8Z4hY$_$6,-HwX2H8Z4hY,Neutral,Neutral,0.0,1.3254887332989318
B_git_frozen,vision,20260928,4,-HwX2H8Z4hY$_$9,-HwX2H8Z4hY,Negative,Neutral,-0.3333333432674408,0.09474821449220738
B_git_frozen,vision,20260928,3,-I_e4mIh0yE$_$1,-I_e4mIh0yE,Negative,Positive,-0.6666666865348816,0.5196210879733791
B_git_frozen,vision,20260928,3,-I_e4mIh0yE$_$3,-I_e4mIh0yE,Positive,Neutral,0.6666666865348816,0.02867769328848624
B_git_frozen,vision,20260928,2,-MeTTeMJBNc$_$0,-MeTTeMJBNc,Positive,Negative,0.3333333432674408,0.13879826173595577
B_git_frozen,vision,20260928,2,-MeTTeMJBNc$_$13,-MeTTeMJBNc,Positive,Negative,0.3333333432674408,0.011906321406983389
B_git_frozen,vision,20260928,2,-MeTTeMJBNc$_$7,-MeTTeMJBNc,Positive,Negative,1.3333333730697632,-0.0744643684226085
B_git_frozen,vision,20260928,4,-NFrJFQijFE$_$1,-NFrJFQijFE,Positive,Neutral,0.3333333432674408,-0.018684015117152286
B_git_frozen,vision,20260928,4,-NFrJFQijFE$_$2,-NFrJFQijFE,Neutral,Negative,0.0,0.7261455218424353
B_git_frozen,vision,20260928,1,-RfYyzHpjk4$_$11,-RfYyzHpjk4,Positive,Negative,2.0,0.3379954312545495
B_git_frozen,vision,20260928,1,-RfYyzHpjk4$_$2,-RfYyzHpjk4,Positive,Positive,0.3333333432674408,0.3902018485729098
B_git_frozen,vision,20260928,1,-RfYyzHpjk4$_$8,-RfYyzHpjk4,Positive,Negative,0.3333333432674408,0.3351285722035129
B_git_frozen,vision,20260928,0,-THoVjtIkeU$_$12,-THoVjtIkeU,Positive,Negative,2.0,0.3722465179340543
B_git_frozen,vision,20260928,0,-THoVjtIkeU$_$2,-THoVjtIkeU,Positive,Negative,1.3333333730697632,0.34997192449891146
B_git_frozen,vision,20260928,0,-THoVjtIkeU$_$6,-THoVjtIkeU,Positive,Positive,2.6666667461395264,0.36279322453467644
B_git_frozen,vision,20260928,1,-UUCSKoHeMA$_$0,-UUCSKoHeMA,Neutral,Positive,0.0,0.43342281520004744
B_git_frozen,vision,20260928,2,-UacrmKiTn4$_$10,-UacrmKiTn4,Negative,Negative,-0.6666666865348816,0.17636125733401403
B_git_frozen,vision,20260928,2,-UacrmKiTn4$_$4,-UacrmKiTn4,Negative,Neutral,-1.3333333730697632,0.14327882217818805
B_git_frozen,vision,20260928,0,-UuX1xuaiiE$_$0,-UuX1xuaiiE,Positive,Negative,2.6666667461395264,-0.24939872021068885
B_git_frozen,vision,20260928,0,-UuX1xuaiiE$_$1,-UuX1xuaiiE,Positive,Positive,1.6666666269302368,0.3739608542534496
B_git_frozen,vision,20260928,0,-UuX1xuaiiE$_$3,-UuX1xuaiiE,Positive,Positive,0.3333333432674408,0.6521480251523665
B_git_frozen,vision,20260928,0,-UuX1xuaiiE$_$6,-UuX1xuaiiE,Negative,Negative,-0.3333333432674408,0.08661182590744088
B_git_frozen,vision,20260928,3,-a55Q6RWvTA$_$3,-a55Q6RWvTA,Positive,Negative,0.6666666865348816,-0.6803020285693837
B_git_frozen,vision,20260928,3,-aNfi7CP8vM$_$7,-aNfi7CP8vM,Neutral,Neutral,0.0,0.27625873903443854
B_git_frozen,vision,20260928,1,-aqamKhZ1Ec$_$0,-aqamKhZ1Ec,Negative,Positive,-2.0,0.2988248171270903
B_git_frozen,vision,20260928,0,-dxfTGcXJoc$_$0,-dxfTGcXJoc,Positive,Positive,1.0,0.36519136687388043
B_git_frozen,vision,20260928,0,-dxfTGcXJoc$_$1,-dxfTGcXJoc,Positive,Neutral,1.6666666269302368,0.22429243495561327
B_git_frozen,vision,20260928,0,-dxfTGcXJoc$_$2,-dxfTGcXJoc,Positive,Positive,0.6666666865348816,0.2073939987444682
B_git_frozen,vision,20260928,0,-dxfTGcXJoc$_$6,-dxfTGcXJoc,Positive,Positive,0.6666666865348816,0.309546832954069
B_git_frozen,vision,20260928,3,-egA8-b7-3M$_$1,-egA8-b7-3M,Positive,Positive,0.6666666865348816,0.5950775260061746
B_git_frozen,vision,20260928,3,-egA8-b7-3M$_$13,-egA8-b7-3M,Positive,Positive,0.3333333432674408,0.8766855501689133
B_git_frozen,vision,20260928,3,-egA8-b7-3M$_$16,-egA8-b7-3M,Positive,Positive,0.6666666865348816,0.6331900301189135
B_git_frozen,vision,20260928,3,-egA8-b7-3M$_$17,-egA8-b7-3M,Positive,Positive,0.3333333432674408,0.9807720735106611
B_git_frozen,vision,20260928,3,-egA8-b7-3M$_$18,-egA8-b7-3M,Positive,Positive,1.0,0.7280135387062137
B_git_frozen,vision,20260928,3,-egA8-b7-3M$_$20,-egA8-b7-3M,Positive,Positive,0.3333333432674408,0.7617620948432458
B_git_frozen,vision,20260928,3,-egA8-b7-3M$_$26,-egA8-b7-3M,Positive,Positive,1.6666666269302368,1.0503032884245183
B_git_frozen,vision,20260928,3,-egA8-b7-3M$_$6,-egA8-b7-3M,Positive,Positive,0.6666666865348816,0.7936662551940357
B_git_frozen,vision,20260928,3,-egA8-b7-3M$_$9,-egA8-b7-3M,Positive,Positive,0.3333333432674408,0.7331106270545489
B_git_frozen,vision,20260928,3,-hnBHBN8p5A$_$6,-hnBHBN8p5A,Positive,Neutral,1.0,0.051374616503507664
B_git_frozen,vision,20260928,3,-hnBHBN8p5A$_$7,-hnBHBN8p5A,Positive,Positive,0.6666666865348816,1.3298919082753629
B_git_frozen,vision,20260928,4,-iRBcNs9oI8$_$3,-iRBcNs9oI8,Positive,Neutral,0.6666666865348816,0.16139879978446503
B_git_frozen,vision,20260928,4,-iRBcNs9oI8$_$6,-iRBcNs9oI8,Positive,Neutral,0.3333333432674408,-0.2698979187628281
B_git_frozen,vision,20260928,4,-iRBcNs9oI8$_$7,-iRBcNs9oI8,Positive,Positive,0.6666666865348816,0.43575866278157105
B_git_frozen,vision,20260928,4,-iRBcNs9oI8$_$8,-iRBcNs9oI8,Positive,Neutral,1.0,0.25214980432503187
B_git_frozen,vision,20260928,4,-iRBcNs9oI8$_$9,-iRBcNs9oI8,Positive,Positive,1.3333333730697632,0.7985389495934963
B_git_frozen,vision,20260928,4,-lzEya4AM_4$_$5,-lzEya4AM_4,Negative,Positive,-0.6666666865348816,0.62062654301871
B_git_frozen,vision,20260928,4,-lzEya4AM_4$_$6,-lzEya4AM_4,Negative,Positive,-0.3333333432674408,0.41811062922474956
B_git_frozen,vision,20260928,3,-mJ2ud6oKI8$_$1,-mJ2ud6oKI8,Neutral,Neutral,0.0,0.11353864909022024
B_git_frozen,vision,20260928,3,-mJ2ud6oKI8$_$2,-mJ2ud6oKI8,Neutral,Neutral,0.0,0.45267405882581807
B_git_frozen,vision,20260928,3,-mJ2ud6oKI8$_$6,-mJ2ud6oKI8,Positive,Positive,0.3333333432674408,0.10483075679965814
B_git_frozen,vision,20260928,3,-mJ2ud6oKI8$_$8,-mJ2ud6oKI8,Negative,Positive,-0.3333333432674408,0.32282107001981303
B_git_frozen,vision,20260928,3,-mJ2ud6oKI8$_$9,-mJ2ud6oKI8,Neutral,Negative,0.0,0.05071375296282482
B_git_frozen,vision,20260928,0,-mqbVkbCndg$_$0,-mqbVkbCndg,Neutral,Negative,0.0,-0.46003395233908007
B_git_frozen,vision,20260928,4,-qDkUB0GgYY$_$6,-qDkUB0GgYY,Positive,Negative,1.3333333730697632,-0.3855962548285681
B_git_frozen,vision,20260928,0,-ri04Z7vwnc$_$0,-ri04Z7vwnc,Neutral,Neutral,0.0,0.14873205307002413
B_git_frozen,vision,20260928,0,-ri04Z7vwnc$_$2,-ri04Z7vwnc,Negative,Positive,-0.3333333432674408,0.5146633034125193
B_git_frozen,vision,20260928,0,-ri04Z7vwnc$_$5,-ri04Z7vwnc,Positive,Positive,0.3333333432674408,0.13435404481915464
B_git_frozen,vision,20260928,1,-s9qJ7ATP7w$_$0,-s9qJ7ATP7w,Negative,Negative,-0.3333333432674408,0.5983543006864863
B_git_frozen,vision,20260928,1,-s9qJ7ATP7w$_$1,-s9qJ7ATP7w,Positive,Positive,0.6666666865348816,1.067129163129457
B_git_frozen,vision,20260928,1,-s9qJ7ATP7w$_$4,-s9qJ7ATP7w,Neutral,Neutral,0.0,0.5307807250802768
B_git_frozen,vision,20260928,1,-s9qJ7ATP7w$_$5,-s9qJ7ATP7w,Negative,Positive,-2.0,0.8047128720694805
B_git_frozen,vision,20260928,1,-s9qJ7ATP7w$_$6,-s9qJ7ATP7w,Neutral,Neutral,0.0,0.8503049805680056
B_git_frozen,vision,20260928,1,-s9qJ7ATP7w$_$7,-s9qJ7ATP7w,Positive,Negative,1.0,0.3524752513167932
B_git_frozen,vision,20260928,1,-s9qJ7ATP7w$_$8,-s9qJ7ATP7w,Positive,Negative,1.3333333730697632,0.41515055868988937
B_git_frozen,vision,20260928,2,-t217m2on-s$_$2,-t217m2on-s,Positive,Positive,0.6666666865348816,0.28406221824923017
B_git_frozen,vision,20260928,2,-t217m2on-s$_$7,-t217m2on-s,Negative,Negative,-0.6666666865348816,0.17409920705175988
B_git_frozen,vision,20260928,4,-tANM6ETl_M$_$3,-tANM6ETl_M,Positive,Positive,0.3333333432674408,0.394266805913525
B_git_frozen,vision,20260928,2,-tPCytz4rww$_$10,-tPCytz4rww,Neutral,Positive,0.0,0.5941322030044444
B_git_frozen,vision,20260928,2,-tPCytz4rww$_$11,-tPCytz4rww,Neutral,Negative,0.0,0.12895498947716016
B_git_frozen,vision,20260928,2,-tPCytz4rww$_$12,-tPCytz4rww,Neutral,Neutral,0.0,0.3757877793625224
B_git_frozen,vision,20260928,2,-tPCytz4rww$_$16,-tPCytz4rww,Neutral,Positive,0.0,0.33107133089091173
B_git_frozen,vision,20260928,2,-tPCytz4rww$_$18,-tPCytz4rww,Neutral,Positive,0.0,0.5686488089242474
B_git_frozen,vision,20260928,2,-uywlfIYOS8$_$4,-uywlfIYOS8,Positive,Negative,0.3333333432674408,0.31056194273764276
B_git_frozen,vision,20260928,2,-vxjVxOeScU$_$4,-vxjVxOeScU,Positive,Negative,1.0,0.24495579874694465
B_git_frozen,vision,20260928,4,-wMB_hJL-3o$_$7,-wMB_hJL-3o,Positive,Negative,0.3333333432674408,-0.05462933149610388
B_git_frozen,vision,20260928,3,-wny0OAz3g8$_$0,-wny0OAz3g8,Positive,Positive,0.3333333432674408,0.505346627242125
B_git_frozen,vision,20260928,3,-wny0OAz3g8$_$1,-wny0OAz3g8,Positive,Positive,0.3333333432674408,0.6586231710756187
B_git_frozen,vision,20260928,3,-wny0OAz3g8$_$2,-wny0OAz3g8,Negative,Positive,-0.3333333432674408,0.6490019518066028
B_git_frozen,vision,20260928,3,-wny0OAz3g8$_$3,-wny0OAz3g8,Negative,Positive,-1.3333333730697632,0.8411671884679558
B_git_frozen,vision,20260928,3,-wny0OAz3g8$_$5,-wny0OAz3g8,Positive,Positive,1.0,0.735056914645861
B_git_frozen,vision,20260928,3,-wny0OAz3g8$_$7,-wny0OAz3g8,Neutral,Positive,0.0,0.9984619238392012
B_git_frozen,vision,20260928,3,-wny0OAz3g8$_$9,-wny0OAz3g8,Positive,Positive,0.6666666865348816,0.912563109807287
B_git_frozen,vision,20260928,1,-yRb-Jum7EQ$_$1,-yRb-Jum7EQ,Neutral,Neutral,0.0,0.1646568571143321
B_git_frozen,vision,20260928,1,-yRb-Jum7EQ$_$5,-yRb-Jum7EQ,Negative,Neutral,-0.6666666865348816,0.02633123251532321
B_git_frozen,vision,20260928,1,-yRb-Jum7EQ$_$6,-yRb-Jum7EQ,Neutral,Neutral,0.0,0.09621913781797625
B_git_frozen,fused,20260924,1,-3g5yACwYnA$_$13,-3g5yACwYnA,Positive,Positive,0.6666666865348816,0.009934269231171022
B_git_frozen,fused,20260924,1,-3g5yACwYnA$_$2,-3g5yACwYnA,Neutral,Positive,0.0,0.1679242110757545
B_git_frozen,fused,20260924,1,-3g5yACwYnA$_$3,-3g5yACwYnA,Neutral,Positive,0.0,-0.16275855032712666
B_git_frozen,fused,20260924,1,-3g5yACwYnA$_$9,-3g5yACwYnA,Positive,Positive,0.6666666865348816,0.6661188134879188
B_git_frozen,fused,20260924,0,-3nNcZdcdvU$_$5,-3nNcZdcdvU,Neutral,Negative,0.0,-0.5652696225218766
B_git_frozen,fused,20260924,3,-571d8cVauQ$_$0,-571d8cVauQ,Neutral,Neutral,0.0,0.2365833310070269
B_git_frozen,fused,20260924,3,-571d8cVauQ$_$5,-571d8cVauQ,Positive,Positive,0.3333333432674408,0.5966370126753642
B_git_frozen,fused,20260924,0,-6rXp3zJ3kc$_$8,-6rXp3zJ3kc,Negative,Positive,-1.0,0.1695337512761979
B_git_frozen,fused,20260924,0,-9y-fZ3swSY$_$0,-9y-fZ3swSY,Positive,Positive,1.0,0.3262176338634268
B_git_frozen,fused,20260924,0,-9y-fZ3swSY$_$4,-9y-fZ3swSY,Neutral,Positive,0.0,0.1277077128470995
B_git_frozen,fused,20260924,0,-9y-fZ3swSY$_$8,-9y-fZ3swSY,Positive,Neutral,1.6666666269302368,0.2285404459903391
B_git_frozen,fused,20260924,0,-AUZQgSxyPQ$_$2,-AUZQgSxyPQ,Positive,Neutral,0.6666666865348816,0.4848693535990394
B_git_frozen,fused,20260924,4,-HeZS2-Prhc$_$2,-HeZS2-Prhc,Positive,Positive,0.6666666865348816,0.02210994025372176
B_git_frozen,fused,20260924,4,-HwX2H8Z4hY$_$2,-HwX2H8Z4hY,Neutral,Positive,0.0,0.9876126788174617
B_git_frozen,fused,20260924,4,-HwX2H8Z4hY$_$5,-HwX2H8Z4hY,Negative,Positive,-1.0,0.7988082278210672
B_git_frozen,fused,20260924,4,-HwX2H8Z4hY$_$6,-HwX2H8Z4hY,Neutral,Positive,0.0,0.7310805497214935
B_git_frozen,fused,20260924,4,-HwX2H8Z4hY$_$9,-HwX2H8Z4hY,Negative,Positive,-0.3333333432674408,0.2678847146249011
B_git_frozen,fused,20260924,1,-I_e4mIh0yE$_$1,-I_e4mIh0yE,Negative,Negative,-0.6666666865348816,-0.2443769702462299
B_git_frozen,fused,20260924,1,-I_e4mIh0yE$_$3,-I_e4mIh0yE,Positive,Neutral,0.6666666865348816,0.28947948862407574
B_git_frozen,fused,20260924,3,-MeTTeMJBNc$_$0,-MeTTeMJBNc,Positive,Positive,0.3333333432674408,0.29962471087098297
B_git_frozen,fused,20260924,3,-MeTTeMJBNc$_$13,-MeTTeMJBNc,Positive,Positive,0.3333333432674408,0.3449664683308097
B_git_frozen,fused,20260924,3,-MeTTeMJBNc$_$7,-MeTTeMJBNc,Positive,Positive,1.3333333730697632,0.5002136326227964
B_git_frozen,fused,20260924,3,-NFrJFQijFE$_$1,-NFrJFQijFE,Positive,Neutral,0.3333333432674408,-0.5548146421120985
B_git_frozen,fused,20260924,3,-NFrJFQijFE$_$2,-NFrJFQijFE,Neutral,Positive,0.0,0.4728534079563761
B_git_frozen,fused,20260924,2,-RfYyzHpjk4$_$11,-RfYyzHpjk4,Positive,Positive,2.0,0.5891690921761612
B_git_frozen,fused,20260924,2,-RfYyzHpjk4$_$2,-RfYyzHpjk4,Positive,Positive,0.3333333432674408,0.22631418804053846
B_git_frozen,fused,20260924,2,-RfYyzHpjk4$_$8,-RfYyzHpjk4,Positive,Positive,0.3333333432674408,0.23411095442499003
B_git_frozen,fused,20260924,0,-THoVjtIkeU$_$12,-THoVjtIkeU,Positive,Positive,2.0,0.09662158672091917
B_git_frozen,fused,20260924,0,-THoVjtIkeU$_$2,-THoVjtIkeU,Positive,Positive,1.3333333730697632,0.5000078956824314
B_git_frozen,fused,20260924,0,-THoVjtIkeU$_$6,-THoVjtIkeU,Positive,Positive,2.6666667461395264,0.6799788880377271
B_git_frozen,fused,20260924,4,-UUCSKoHeMA$_$0,-UUCSKoHeMA,Neutral,Positive,0.0,0.3678393335561138
B_git_frozen,fused,20260924,0,-UacrmKiTn4$_$10,-UacrmKiTn4,Negative,Positive,-0.6666666865348816,-0.023963585873689297
B_git_frozen,fused,20260924,0,-UacrmKiTn4$_$4,-UacrmKiTn4,Negative,Positive,-1.3333333730697632,0.12279527581022393
B_git_frozen,fused,20260924,2,-UuX1xuaiiE$_$0,-UuX1xuaiiE,Positive,Positive,2.6666667461395264,0.7255198446085647
B_git_frozen,fused,20260924,2,-UuX1xuaiiE$_$1,-UuX1xuaiiE,Positive,Neutral,1.6666666269302368,0.4108070448195658
B_git_frozen,fused,20260924,2,-UuX1xuaiiE$_$3,-UuX1xuaiiE,Positive,Positive,0.3333333432674408,0.19991426693975217
B_git_frozen,fused,20260924,2,-UuX1xuaiiE$_$6,-UuX1xuaiiE,Negative,Neutral,-0.3333333432674408,0.005521362390589757
B_git_frozen,fused,20260924,4,-a55Q6RWvTA$_$3,-a55Q6RWvTA,Positive,Positive,0.6666666865348816,0.2968660637537931
B_git_frozen,fused,20260924,0,-aNfi7CP8vM$_$7,-aNfi7CP8vM,Neutral,Positive,0.0,0.3630038901707599
B_git_frozen,fused,20260924,3,-aqamKhZ1Ec$_$0,-aqamKhZ1Ec,Negative,Neutral,-2.0,0.011453129145118535
B_git_frozen,fused,20260924,4,-dxfTGcXJoc$_$0,-dxfTGcXJoc,Positive,Positive,1.0,0.30189562725007857
B_git_frozen,fused,20260924,4,-dxfTGcXJoc$_$1,-dxfTGcXJoc,Positive,Positive,1.6666666269302368,0.5176924050674208
B_git_frozen,fused,20260924,4,-dxfTGcXJoc$_$2,-dxfTGcXJoc,Positive,Positive,0.6666666865348816,0.789347903059658
B_git_frozen,fused,20260924,4,-dxfTGcXJoc$_$6,-dxfTGcXJoc,Positive,Positive,0.6666666865348816,0.6984419092408596
B_git_frozen,fused,20260924,4,-egA8-b7-3M$_$1,-egA8-b7-3M,Positive,Positive,0.6666666865348816,0.6911680585784968
B_git_frozen,fused,20260924,4,-egA8-b7-3M$_$13,-egA8-b7-3M,Positive,Positive,0.3333333432674408,0.7863557540115909
B_git_frozen,fused,20260924,4,-egA8-b7-3M$_$16,-egA8-b7-3M,Positive,Positive,0.6666666865348816,0.9407055784890213
B_git_frozen,fused,20260924,4,-egA8-b7-3M$_$17,-egA8-b7-3M,Positive,Positive,0.3333333432674408,1.1017704825454429
B_git_frozen,fused,20260924,4,-egA8-b7-3M$_$18,-egA8-b7-3M,Positive,Positive,1.0,1.0244824763689633
B_git_frozen,fused,20260924,4,-egA8-b7-3M$_$20,-egA8-b7-3M,Positive,Positive,0.3333333432674408,1.0633471095037739
B_git_frozen,fused,20260924,4,-egA8-b7-3M$_$26,-egA8-b7-3M,Positive,Positive,1.6666666269302368,1.4028258241112244
B_git_frozen,fused,20260924,4,-egA8-b7-3M$_$6,-egA8-b7-3M,Positive,Positive,0.6666666865348816,0.9245120125730483
B_git_frozen,fused,20260924,4,-egA8-b7-3M$_$9,-egA8-b7-3M,Positive,Positive,0.3333333432674408,0.6796322639702022
B_git_frozen,fused,20260924,3,-hnBHBN8p5A$_$6,-hnBHBN8p5A,Positive,Positive,1.0,0.7092581483096436
B_git_frozen,fused,20260924,3,-hnBHBN8p5A$_$7,-hnBHBN8p5A,Positive,Positive,0.6666666865348816,0.29837411372543
B_git_frozen,fused,20260924,1,-iRBcNs9oI8$_$3,-iRBcNs9oI8,Positive,Neutral,0.6666666865348816,0.2419455453456566
B_git_frozen,fused,20260924,1,-iRBcNs9oI8$_$6,-iRBcNs9oI8,Positive,Neutral,0.3333333432674408,0.18140438400973477
B_git_frozen,fused,20260924,1,-iRBcNs9oI8$_$7,-iRBcNs9oI8,Positive,Positive,0.6666666865348816,0.39605568176861067
B_git_frozen,fused,20260924,1,-iRBcNs9oI8$_$8,-iRBcNs9oI8,Positive,Positive,1.0,0.7525413273671487
B_git_frozen,fused,20260924,1,-iRBcNs9oI8$_$9,-iRBcNs9oI8,Positive,Neutral,1.3333333730697632,0.39726756183398104
B_git_frozen,fused,20260924,1,-lzEya4AM_4$_$5,-lzEya4AM_4,Negative,Neutral,-0.6666666865348816,0.3655513985380292
B_git_frozen,fused,20260924,1,-lzEya4AM_4$_$6,-lzEya4AM_4,Negative,Neutral,-0.3333333432674408,-0.3202231861053915
B_git_frozen,fused,20260924,4,-mJ2ud6oKI8$_$1,-mJ2ud6oKI8,Neutral,Positive,0.0,0.6297190997747143
B_git_frozen,fused,20260924,4,-mJ2ud6oKI8$_$2,-mJ2ud6oKI8,Neutral,Positive,0.0,0.8807833344310688
B_git_frozen,fused,20260924,4,-mJ2ud6oKI8$_$6,-mJ2ud6oKI8,Positive,Positive,0.3333333432674408,0.29288894264777854
B_git_frozen,fused,20260924,4,-mJ2ud6oKI8$_$8,-mJ2ud6oKI8,Negative,Positive,-0.3333333432674408,0.3997135000519019
B_git_frozen,fused,20260924,4,-mJ2ud6oKI8$_$9,-mJ2ud6oKI8,Neutral,Positive,0.0,0.49341496764377957
B_git_frozen,fused,20260924,2,-mqbVkbCndg$_$0,-mqbVkbCndg,Neutral,Positive,0.0,0.24439891483217419
B_git_frozen,fused,20260924,1,-qDkUB0GgYY$_$6,-qDkUB0GgYY,Positive,Positive,1.3333333730697632,1.3113682851124713
B_git_frozen,fused,20260924,1,-ri04Z7vwnc$_$0,-ri04Z7vwnc,Neutral,Neutral,0.0,0.18573877762102647
B_git_frozen,fused,20260924,1,-ri04Z7vwnc$_$2,-ri04Z7vwnc,Negative,Positive,-0.3333333432674408,0.299477265549395
B_git_frozen,fused,20260924,1,-ri04Z7vwnc$_$5,-ri04Z7vwnc,Positive,Positive,0.3333333432674408,0.5144995837679002
B_git_frozen,fused,20260924,1,-s9qJ7ATP7w$_$0,-s9qJ7ATP7w,Negative,Neutral,-0.3333333432674408,0.07477073080127022
B_git_frozen,fused,20260924,1,-s9qJ7ATP7w$_$1,-s9qJ7ATP7w,Positive,Positive,0.6666666865348816,0.6658713303208561
B_git_frozen,fused,20260924,1,-s9qJ7ATP7w$_$4,-s9qJ7ATP7w,Neutral,Neutral,0.0,1.0330826932932655
B_git_frozen,fused,20260924,1,-s9qJ7ATP7w$_$5,-s9qJ7ATP7w,Negative,Positive,-2.0,0.765717460951556
B_git_frozen,fused,20260924,1,-s9qJ7ATP7w$_$6,-s9qJ7ATP7w,Neutral,Neutral,0.0,0.1113039377047848
B_git_frozen,fused,20260924,1,-s9qJ7ATP7w$_$7,-s9qJ7ATP7w,Positive,Neutral,1.0,0.12394066503309839
B_git_frozen,fused,20260924,1,-s9qJ7ATP7w$_$8,-s9qJ7ATP7w,Positive,Neutral,1.3333333730697632,0.7157467773924819
B_git_frozen,fused,20260924,3,-t217m2on-s$_$2,-t217m2on-s,Positive,Positive,0.6666666865348816,0.39367079747245964
B_git_frozen,fused,20260924,3,-t217m2on-s$_$7,-t217m2on-s,Negative,Negative,-0.6666666865348816,-0.19485768659717712
B_git_frozen,fused,20260924,0,-tANM6ETl_M$_$3,-tANM6ETl_M,Positive,Positive,0.3333333432674408,0.07556563887917914
B_git_frozen,fused,20260924,4,-tPCytz4rww$_$10,-tPCytz4rww,Neutral,Positive,0.0,0.44176868119772683
B_git_frozen,fused,20260924,4,-tPCytz4rww$_$11,-tPCytz4rww,Neutral,Positive,0.0,0.2653502999001436
B_git_frozen,fused,20260924,4,-tPCytz4rww$_$12,-tPCytz4rww,Neutral,Positive,0.0,0.3203105133680529
B_git_frozen,fused,20260924,4,-tPCytz4rww$_$16,-tPCytz4rww,Neutral,Positive,0.0,0.36003946535247955
B_git_frozen,fused,20260924,4,-tPCytz4rww$_$18,-tPCytz4rww,Neutral,Positive,0.0,0.5881876401715488
B_git_frozen,fused,20260924,0,-uywlfIYOS8$_$4,-uywlfIYOS8,Positive,Positive,0.3333333432674408,0.4303414150247576
B_git_frozen,fused,20260924,3,-vxjVxOeScU$_$4,-vxjVxOeScU,Positive,Positive,1.0,0.8275278980906822
B_git_frozen,fused,20260924,1,-wMB_hJL-3o$_$7,-wMB_hJL-3o,Positive,Positive,0.3333333432674408,0.6944235916671575
B_git_frozen,fused,20260924,2,-wny0OAz3g8$_$0,-wny0OAz3g8,Positive,Neutral,0.3333333432674408,-0.25940891016601725
B_git_frozen,fused,20260924,2,-wny0OAz3g8$_$1,-wny0OAz3g8,Positive,Positive,0.3333333432674408,0.021509838134905868
B_git_frozen,fused,20260924,2,-wny0OAz3g8$_$2,-wny0OAz3g8,Negative,Positive,-0.3333333432674408,-0.027898850362166494
B_git_frozen,fused,20260924,2,-wny0OAz3g8$_$3,-wny0OAz3g8,Negative,Neutral,-1.3333333730697632,-0.15849642919697343
B_git_frozen,fused,20260924,2,-wny0OAz3g8$_$5,-wny0OAz3g8,Positive,Positive,1.0,0.15287182830642132
B_git_frozen,fused,20260924,2,-wny0OAz3g8$_$7,-wny0OAz3g8,Neutral,Positive,0.0,0.2860603990071498
B_git_frozen,fused,20260924,2,-wny0OAz3g8$_$9,-wny0OAz3g8,Positive,Positive,0.6666666865348816,0.7453731018345787
B_git_frozen,fused,20260924,4,-yRb-Jum7EQ$_$1,-yRb-Jum7EQ,Neutral,Negative,0.0,-0.06286885192403274
B_git_frozen,fused,20260924,4,-yRb-Jum7EQ$_$5,-yRb-Jum7EQ,Negative,Negative,-0.6666666865348816,0.19973472938898984
B_git_frozen,fused,20260924,4,-yRb-Jum7EQ$_$6,-yRb-Jum7EQ,Neutral,Negative,0.0,-0.2631228932827402
B_git_frozen,fused,20260925,4,-3g5yACwYnA$_$13,-3g5yACwYnA,Positive,Positive,0.6666666865348816,0.024309376333343125
B_git_frozen,fused,20260925,4,-3g5yACwYnA$_$2,-3g5yACwYnA,Neutral,Positive,0.0,-0.009542743044081203
B_git_frozen,fused,20260925,4,-3g5yACwYnA$_$3,-3g5yACwYnA,Neutral,Positive,0.0,-0.19401134237467993
B_git_frozen,fused,20260925,4,-3g5yACwYnA$_$9,-3g5yACwYnA,Positive,Positive,0.6666666865348816,0.675357750843623
B_git_frozen,fused,20260925,0,-3nNcZdcdvU$_$5,-3nNcZdcdvU,Neutral,Negative,0.0,-0.6933332118982433
B_git_frozen,fused,20260925,3,-571d8cVauQ$_$0,-571d8cVauQ,Neutral,Neutral,0.0,0.28936609029572435
B_git_frozen,fused,20260925,3,-571d8cVauQ$_$5,-571d8cVauQ,Positive,Positive,0.3333333432674408,0.6884050684243221
B_git_frozen,fused,20260925,1,-6rXp3zJ3kc$_$8,-6rXp3zJ3kc,Negative,Positive,-1.0,0.33732315284726433
B_git_frozen,fused,20260925,4,-9y-fZ3swSY$_$0,-9y-fZ3swSY,Positive,Positive,1.0,0.48091089144907095
B_git_frozen,fused,20260925,4,-9y-fZ3swSY$_$4,-9y-fZ3swSY,Neutral,Negative,0.0,0.5997959312385299
B_git_frozen,fused,20260925,4,-9y-fZ3swSY$_$8,-9y-fZ3swSY,Positive,Positive,1.6666666269302368,0.09043629076524778
B_git_frozen,fused,20260925,3,-AUZQgSxyPQ$_$2,-AUZQgSxyPQ,Positive,Positive,0.6666666865348816,0.6464049045842823
B_git_frozen,fused,20260925,1,-HeZS2-Prhc$_$2,-HeZS2-Prhc,Positive,Positive,0.6666666865348816,0.20106882418579564
B_git_frozen,fused,20260925,3,-HwX2H8Z4hY$_$2,-HwX2H8Z4hY,Neutral,Neutral,0.0,0.8354810945584661
B_git_frozen,fused,20260925,3,-HwX2H8Z4hY$_$5,-HwX2H8Z4hY,Negative,Neutral,-1.0,0.5756184518600909
B_git_frozen,fused,20260925,3,-HwX2H8Z4hY$_$6,-HwX2H8Z4hY,Neutral,Positive,0.0,0.5687433254619964
B_git_frozen,fused,20260925,3,-HwX2H8Z4hY$_$9,-HwX2H8Z4hY,Negative,Positive,-0.3333333432674408,0.08486205960875176
B_git_frozen,fused,20260925,4,-I_e4mIh0yE$_$1,-I_e4mIh0yE,Negative,Negative,-0.6666666865348816,-0.29305631567163576
B_git_frozen,fused,20260925,4,-I_e4mIh0yE$_$3,-I_e4mIh0yE,Positive,Positive,0.6666666865348816,0.3313018387053345
B_git_frozen,fused,20260925,0,-MeTTeMJBNc$_$0,-MeTTeMJBNc,Positive,Positive,0.3333333432674408,0.3729103244844239
B_git_frozen,fused,20260925,0,-MeTTeMJBNc$_$13,-MeTTeMJBNc,Positive,Positive,0.3333333432674408,0.5670416395912414
B_git_frozen,fused,20260925,0,-MeTTeMJBNc$_$7,-MeTTeMJBNc,Positive,Positive,1.3333333730697632,0.3789029299475636
B_git_frozen,fused,20260925,4,-NFrJFQijFE$_$1,-NFrJFQijFE,Positive,Neutral,0.3333333432674408,-0.13568069178756292
B_git_frozen,fused,20260925,4,-NFrJFQijFE$_$2,-NFrJFQijFE,Neutral,Positive,0.0,0.43005649387768513
B_git_frozen,fused,20260925,2,-RfYyzHpjk4$_$11,-RfYyzHpjk4,Positive,Positive,2.0,0.5086415213865876
B_git_frozen,fused,20260925,2,-RfYyzHpjk4$_$2,-RfYyzHpjk4,Positive,Positive,0.3333333432674408,0.08676340360856222
B_git_frozen,fused,20260925,2,-RfYyzHpjk4$_$8,-RfYyzHpjk4,Positive,Positive,0.3333333432674408,0.20132005581123308
B_git_frozen,fused,20260925,2,-THoVjtIkeU$_$12,-THoVjtIkeU,Positive,Negative,2.0,-0.1966747132987356
B_git_frozen,fused,20260925,2,-THoVjtIkeU$_$2,-THoVjtIkeU,Positive,Positive,1.3333333730697632,0.25021303566440956
B_git_frozen,fused,20260925,2,-THoVjtIkeU$_$6,-THoVjtIkeU,Positive,Positive,2.6666667461395264,0.3711119665925209
B_git_frozen,fused,20260925,4,-UUCSKoHeMA$_$0,-UUCSKoHeMA,Neutral,Positive,0.0,0.4438453599294684
B_git_frozen,fused,20260925,2,-UacrmKiTn4$_$10,-UacrmKiTn4,Negative,Negative,-0.6666666865348816,-0.10853305425664672
B_git_frozen,fused,20260925,2,-UacrmKiTn4$_$4,-UacrmKiTn4,Negative,Neutral,-1.3333333730697632,-0.03299858078186402
B_git_frozen,fused,20260925,0,-UuX1xuaiiE$_$0,-UuX1xuaiiE,Positive,Positive,2.6666667461395264,0.789048053340914
B_git_frozen,fused,20260925,0,-UuX1xuaiiE$_$1,-UuX1xuaiiE,Positive,Neutral,1.6666666269302368,0.27662682500793734
B_git_frozen,fused,20260925,0,-UuX1xuaiiE$_$3,-UuX1xuaiiE,Positive,Positive,0.3333333432674408,0.2473320986405294
B_git_frozen,fused,20260925,0,-UuX1xuaiiE$_$6,-UuX1xuaiiE,Negative,Neutral,-0.3333333432674408,0.06753609997455945
B_git_frozen,fused,20260925,1,-a55Q6RWvTA$_$3,-a55Q6RWvTA,Positive,Positive,0.6666666865348816,0.4684580699675731
B_git_frozen,fused,20260925,1,-aNfi7CP8vM$_$7,-aNfi7CP8vM,Neutral,Positive,0.0,0.2735553575415392
B_git_frozen,fused,20260925,2,-aqamKhZ1Ec$_$0,-aqamKhZ1Ec,Negative,Positive,-2.0,0.11587670675616832
B_git_frozen,fused,20260925,3,-dxfTGcXJoc$_$0,-dxfTGcXJoc,Positive,Positive,1.0,0.4715566514528696
B_git_frozen,fused,20260925,3,-dxfTGcXJoc$_$1,-dxfTGcXJoc,Positive,Positive,1.6666666269302368,0.6743373879847827
B_git_frozen,fused,20260925,3,-dxfTGcXJoc$_$2,-dxfTGcXJoc,Positive,Positive,0.6666666865348816,0.8879013215697449
B_git_frozen,fused,20260925,3,-dxfTGcXJoc$_$6,-dxfTGcXJoc,Positive,Positive,0.6666666865348816,0.8198723582364487
B_git_frozen,fused,20260925,2,-egA8-b7-3M$_$1,-egA8-b7-3M,Positive,Positive,0.6666666865348816,0.5635236778514734
B_git_frozen,fused,20260925,2,-egA8-b7-3M$_$13,-egA8-b7-3M,Positive,Positive,0.3333333432674408,0.5345426488494165
B_git_frozen,fused,20260925,2,-egA8-b7-3M$_$16,-egA8-b7-3M,Positive,Positive,0.6666666865348816,0.4520366906990433
B_git_frozen,fused,20260925,2,-egA8-b7-3M$_$17,-egA8-b7-3M,Positive,Positive,0.3333333432674408,0.3708771002905228
B_git_frozen,fused,20260925,2,-egA8-b7-3M$_$18,-egA8-b7-3M,Positive,Positive,1.0,0.5677341039465946
B_git_frozen,fused,20260925,2,-egA8-b7-3M$_$20,-egA8-b7-3M,Positive,Positive,0.3333333432674408,0.5609178002552291
B_git_frozen,fused,20260925,2,-egA8-b7-3M$_$26,-egA8-b7-3M,Positive,Positive,1.6666666269302368,0.9379250543772395
B_git_frozen,fused,20260925,2,-egA8-b7-3M$_$6,-egA8-b7-3M,Positive,Positive,0.6666666865348816,0.7049705929304722
B_git_frozen,fused,20260925,2,-egA8-b7-3M$_$9,-egA8-b7-3M,Positive,Positive,0.3333333432674408,0.5332228793468257
B_git_frozen,fused,20260925,0,-hnBHBN8p5A$_$6,-hnBHBN8p5A,Positive,Neutral,1.0,0.7008019932804046
B_git_frozen,fused,20260925,0,-hnBHBN8p5A$_$7,-hnBHBN8p5A,Positive,Positive,0.6666666865348816,0.3031802245027884
B_git_frozen,fused,20260925,4,-iRBcNs9oI8$_$3,-iRBcNs9oI8,Positive,Positive,0.6666666865348816,0.275880054502691
B_git_frozen,fused,20260925,4,-iRBcNs9oI8$_$6,-iRBcNs9oI8,Positive,Neutral,0.3333333432674408,0.12564300951045992
B_git_frozen,fused,20260925,4,-iRBcNs9oI8$_$7,-iRBcNs9oI8,Positive,Positive,0.6666666865348816,0.10216627423453156
B_git_frozen,fused,20260925,4,-iRBcNs9oI8$_$8,-iRBcNs9oI8,Positive,Positive,1.0,0.5653736984399305
B_git_frozen,fused,20260925,4,-iRBcNs9oI8$_$9,-iRBcNs9oI8,Positive,Neutral,1.3333333730697632,-0.040058117108728974
B_git_frozen,fused,20260925,0,-lzEya4AM_4$_$5,-lzEya4AM_4,Negative,Neutral,-0.6666666865348816,0.26846537419969224
B_git_frozen,fused,20260925,0,-lzEya4AM_4$_$6,-lzEya4AM_4,Negative,Negative,-0.3333333432674408,-0.24904802555402428
B_git_frozen,fused,20260925,0,-mJ2ud6oKI8$_$1,-mJ2ud6oKI8,Neutral,Positive,0.0,0.26168687458045464
B_git_frozen,fused,20260925,0,-mJ2ud6oKI8$_$2,-mJ2ud6oKI8,Neutral,Positive,0.0,-0.11751687067299355
B_git_frozen,fused,20260925,0,-mJ2ud6oKI8$_$6,-mJ2ud6oKI8,Positive,Positive,0.3333333432674408,0.07069749312347878
B_git_frozen,fused,20260925,0,-mJ2ud6oKI8$_$8,-mJ2ud6oKI8,Negative,Positive,-0.3333333432674408,0.04811714490841523
B_git_frozen,fused,20260925,0,-mJ2ud6oKI8$_$9,-mJ2ud6oKI8,Neutral,Positive,0.0,0.4463961888944224
B_git_frozen,fused,20260925,3,-mqbVkbCndg$_$0,-mqbVkbCndg,Neutral,Positive,0.0,0.4849817522119879
B_git_frozen,fused,20260925,1,-qDkUB0GgYY$_$6,-qDkUB0GgYY,Positive,Positive,1.3333333730697632,1.2652463004031254
B_git_frozen,fused,20260925,1,-ri04Z7vwnc$_$0,-ri04Z7vwnc,Neutral,Positive,0.0,0.13782936565280107
B_git_frozen,fused,20260925,1,-ri04Z7vwnc$_$2,-ri04Z7vwnc,Negative,Positive,-0.3333333432674408,0.5357682037103577
B_git_frozen,fused,20260925,1,-ri04Z7vwnc$_$5,-ri04Z7vwnc,Positive,Positive,0.3333333432674408,0.6951092337506775
B_git_frozen,fused,20260925,4,-s9qJ7ATP7w$_$0,-s9qJ7ATP7w,Negative,Neutral,-0.3333333432674408,0.1164557586790074
B_git_frozen,fused,20260925,4,-s9qJ7ATP7w$_$1,-s9qJ7ATP7w,Positive,Positive,0.6666666865348816,0.6098873118129575
B_git_frozen,fused,20260925,4,-s9qJ7ATP7w$_$4,-s9qJ7ATP7w,Neutral,Positive,0.0,0.8332159262302037
B_git_frozen,fused,20260925,4,-s9qJ7ATP7w$_$5,-s9qJ7ATP7w,Negative,Positive,-2.0,0.7594306318233726
B_git_frozen,fused,20260925,4,-s9qJ7ATP7w$_$6,-s9qJ7ATP7w,Neutral,Positive,0.0,0.0807673710450531
B_git_frozen,fused,20260925,4,-s9qJ7ATP7w$_$7,-s9qJ7ATP7w,Positive,Negative,1.0,0.25902598239233054
B_git_frozen,fused,20260925,4,-s9qJ7ATP7w$_$8,-s9qJ7ATP7w,Positive,Positive,1.3333333730697632,0.7350819086977287
B_git_frozen,fused,20260925,3,-t217m2on-s$_$2,-t217m2on-s,Positive,Positive,0.6666666865348816,0.2850693258084055
B_git_frozen,fused,20260925,3,-t217m2on-s$_$7,-t217m2on-s,Negative,Negative,-0.6666666865348816,-0.3004289149220825
B_git_frozen,fused,20260925,4,-tANM6ETl_M$_$3,-tANM6ETl_M,Positive,Positive,0.3333333432674408,-0.07690917035873196
B_git_frozen,fused,20260925,3,-tPCytz4rww$_$10,-tPCytz4rww,Neutral,Positive,0.0,0.5555542471777524
B_git_frozen,fused,20260925,3,-tPCytz4rww$_$11,-tPCytz4rww,Neutral,Positive,0.0,0.22866203352490694
B_git_frozen,fused,20260925,3,-tPCytz4rww$_$12,-tPCytz4rww,Neutral,Positive,0.0,0.5255221206603011
B_git_frozen,fused,20260925,3,-tPCytz4rww$_$16,-tPCytz4rww,Neutral,Positive,0.0,0.41436456922109793
B_git_frozen,fused,20260925,3,-tPCytz4rww$_$18,-tPCytz4rww,Neutral,Positive,0.0,0.5817336824583231
B_git_frozen,fused,20260925,1,-uywlfIYOS8$_$4,-uywlfIYOS8,Positive,Positive,0.3333333432674408,0.7118968221137167
B_git_frozen,fused,20260925,2,-vxjVxOeScU$_$4,-vxjVxOeScU,Positive,Positive,1.0,0.8190886275116271
B_git_frozen,fused,20260925,2,-wMB_hJL-3o$_$7,-wMB_hJL-3o,Positive,Negative,0.3333333432674408,-0.05355117881595317
B_git_frozen,fused,20260925,4,-wny0OAz3g8$_$0,-wny0OAz3g8,Positive,Negative,0.3333333432674408,-0.3075413234625716
B_git_frozen,fused,20260925,4,-wny0OAz3g8$_$1,-wny0OAz3g8,Positive,Positive,0.3333333432674408,0.20544335139175618
B_git_frozen,fused,20260925,4,-wny0OAz3g8$_$2,-wny0OAz3g8,Negative,Positive,-0.3333333432674408,0.01573918346853198
B_git_frozen,fused,20260925,4,-wny0OAz3g8$_$3,-wny0OAz3g8,Negative,Negative,-1.3333333730697632,-0.22686819890485005
B_git_frozen,fused,20260925,4,-wny0OAz3g8$_$5,-wny0OAz3g8,Positive,Positive,1.0,-0.014518164044585058
B_git_frozen,fused,20260925,4,-wny0OAz3g8$_$7,-wny0OAz3g8,Neutral,Positive,0.0,0.022534244311360807
B_git_frozen,fused,20260925,4,-wny0OAz3g8$_$9,-wny0OAz3g8,Positive,Positive,0.6666666865348816,0.4986400937056556
B_git_frozen,fused,20260925,2,-yRb-Jum7EQ$_$1,-yRb-Jum7EQ,Neutral,Negative,0.0,-0.20915858117394487
B_git_frozen,fused,20260925,2,-yRb-Jum7EQ$_$5,-yRb-Jum7EQ,Negative,Negative,-0.6666666865348816,0.025947378181855274
B_git_frozen,fused,20260925,2,-yRb-Jum7EQ$_$6,-yRb-Jum7EQ,Neutral,Negative,0.0,-0.5036449132833047
B_git_frozen,fused,20260926,1,-3g5yACwYnA$_$13,-3g5yACwYnA,Positive,Positive,0.6666666865348816,-0.05529256367305141
B_git_frozen,fused,20260926,1,-3g5yACwYnA$_$2,-3g5yACwYnA,Neutral,Positive,0.0,0.46276808403127684
B_git_frozen,fused,20260926,1,-3g5yACwYnA$_$3,-3g5yACwYnA,Neutral,Positive,0.0,0.2132069711024387
B_git_frozen,fused,20260926,1,-3g5yACwYnA$_$9,-3g5yACwYnA,Positive,Positive,0.6666666865348816,0.8317528087558962
B_git_frozen,fused,20260926,3,-3nNcZdcdvU$_$5,-3nNcZdcdvU,Neutral,Negative,0.0,-0.503802332632
B_git_frozen,fused,20260926,3,-571d8cVauQ$_$0,-571d8cVauQ,Neutral,Neutral,0.0,0.35459010159526516
B_git_frozen,fused,20260926,3,-571d8cVauQ$_$5,-571d8cVauQ,Positive,Positive,0.3333333432674408,0.7741961758783933
B_git_frozen,fused,20260926,4,-6rXp3zJ3kc$_$8,-6rXp3zJ3kc,Negative,Positive,-1.0,0.43135526349803
B_git_frozen,fused,20260926,0,-9y-fZ3swSY$_$0,-9y-fZ3swSY,Positive,Positive,1.0,0.37011791346985323
B_git_frozen,fused,20260926,0,-9y-fZ3swSY$_$4,-9y-fZ3swSY,Neutral,Positive,0.0,1.0335309566110706
B_git_frozen,fused,20260926,0,-9y-fZ3swSY$_$8,-9y-fZ3swSY,Positive,Positive,1.6666666269302368,0.2645808106569644
B_git_frozen,fused,20260926,0,-AUZQgSxyPQ$_$2,-AUZQgSxyPQ,Positive,Neutral,0.6666666865348816,0.4086968068980434
B_git_frozen,fused,20260926,4,-HeZS2-Prhc$_$2,-HeZS2-Prhc,Positive,Positive,0.6666666865348816,0.1803955250661125
B_git_frozen,fused,20260926,0,-HwX2H8Z4hY$_$2,-HwX2H8Z4hY,Neutral,Positive,0.0,0.4431716633550916
B_git_frozen,fused,20260926,0,-HwX2H8Z4hY$_$5,-HwX2H8Z4hY,Negative,Neutral,-1.0,0.3664086080611384
B_git_frozen,fused,20260926,0,-HwX2H8Z4hY$_$6,-HwX2H8Z4hY,Neutral,Positive,0.0,0.5394296699726894
B_git_frozen,fused,20260926,0,-HwX2H8Z4hY$_$9,-HwX2H8Z4hY,Negative,Negative,-0.3333333432674408,-0.11494773278731574
B_git_frozen,fused,20260926,1,-I_e4mIh0yE$_$1,-I_e4mIh0yE,Negative,Negative,-0.6666666865348816,-0.08959916348160818
B_git_frozen,fused,20260926,1,-I_e4mIh0yE$_$3,-I_e4mIh0yE,Positive,Positive,0.6666666865348816,0.28144429197069665
B_git_frozen,fused,20260926,4,-MeTTeMJBNc$_$0,-MeTTeMJBNc,Positive,Positive,0.3333333432674408,0.3588328375566932
B_git_frozen,fused,20260926,4,-MeTTeMJBNc$_$13,-MeTTeMJBNc,Positive,Positive,0.3333333432674408,0.46177666854742827
B_git_frozen,fused,20260926,4,-MeTTeMJBNc$_$7,-MeTTeMJBNc,Positive,Positive,1.3333333730697632,0.5600645966676676
B_git_frozen,fused,20260926,2,-NFrJFQijFE$_$1,-NFrJFQijFE,Positive,Neutral,0.3333333432674408,-0.5199254946234471
B_git_frozen,fused,20260926,2,-NFrJFQijFE$_$2,-NFrJFQijFE,Neutral,Positive,0.0,0.41452303867103124
B_git_frozen,fused,20260926,2,-RfYyzHpjk4$_$11,-RfYyzHpjk4,Positive,Positive,2.0,0.740487507463688
B_git_frozen,fused,20260926,2,-RfYyzHpjk4$_$2,-RfYyzHpjk4,Positive,Positive,0.3333333432674408,0.21300575633891694
B_git_frozen,fused,20260926,2,-RfYyzHpjk4$_$8,-RfYyzHpjk4,Positive,Positive,0.3333333432674408,0.2542133617323803
B_git_frozen,fused,20260926,3,-THoVjtIkeU$_$12,-THoVjtIkeU,Positive,Positive,2.0,-0.12232562976149802
B_git_frozen,fused,20260926,3,-THoVjtIkeU$_$2,-THoVjtIkeU,Positive,Positive,1.3333333730697632,0.3260722894886844
B_git_frozen,fused,20260926,3,-THoVjtIkeU$_$6,-THoVjtIkeU,Positive,Positive,2.6666667461395264,0.4543633643376507
B_git_frozen,fused,20260926,2,-UUCSKoHeMA$_$0,-UUCSKoHeMA,Neutral,Positive,0.0,0.3981772628747503
B_git_frozen,fused,20260926,4,-UacrmKiTn4$_$10,-UacrmKiTn4,Negative,Negative,-0.6666666865348816,0.021014484597659866
B_git_frozen,fused,20260926,4,-UacrmKiTn4$_$4,-UacrmKiTn4,Negative,Positive,-1.3333333730697632,0.3392913167065593
B_git_frozen,fused,20260926,4,-UuX1xuaiiE$_$0,-UuX1xuaiiE,Positive,Positive,2.6666667461395264,0.643957307860451
B_git_frozen,fused,20260926,4,-UuX1xuaiiE$_$1,-UuX1xuaiiE,Positive,Neutral,1.6666666269302368,0.2744167960801245
B_git_frozen,fused,20260926,4,-UuX1xuaiiE$_$3,-UuX1xuaiiE,Positive,Positive,0.3333333432674408,0.5172905462822552
B_git_frozen,fused,20260926,4,-UuX1xuaiiE$_$6,-UuX1xuaiiE,Negative,Positive,-0.3333333432674408,0.04417088483873183
B_git_frozen,fused,20260926,0,-a55Q6RWvTA$_$3,-a55Q6RWvTA,Positive,Negative,0.6666666865348816,0.19475765021372904
B_git_frozen,fused,20260926,4,-aNfi7CP8vM$_$7,-aNfi7CP8vM,Neutral,Positive,0.0,0.3533336242304532
B_git_frozen,fused,20260926,1,-aqamKhZ1Ec$_$0,-aqamKhZ1Ec,Negative,Neutral,-2.0,-0.012851588820693594
B_git_frozen,fused,20260926,0,-dxfTGcXJoc$_$0,-dxfTGcXJoc,Positive,Neutral,1.0,0.3274689368847449
B_git_frozen,fused,20260926,0,-dxfTGcXJoc$_$1,-dxfTGcXJoc,Positive,Neutral,1.6666666269302368,0.5996255006385803
B_git_frozen,fused,20260926,0,-dxfTGcXJoc$_$2,-dxfTGcXJoc,Positive,Positive,0.6666666865348816,0.8201211814486038
B_git_frozen,fused,20260926,0,-dxfTGcXJoc$_$6,-dxfTGcXJoc,Positive,Positive,0.6666666865348816,0.7315627534892839
B_git_frozen,fused,20260926,0,-egA8-b7-3M$_$1,-egA8-b7-3M,Positive,Positive,0.6666666865348816,0.22255705466441988
B_git_frozen,fused,20260926,0,-egA8-b7-3M$_$13,-egA8-b7-3M,Positive,Positive,0.3333333432674408,0.4089869932983553
B_git_frozen,fused,20260926,0,-egA8-b7-3M$_$16,-egA8-b7-3M,Positive,Positive,0.6666666865348816,0.7044100119655526
B_git_frozen,fused,20260926,0,-egA8-b7-3M$_$17,-egA8-b7-3M,Positive,Positive,0.3333333432674408,1.17210574877981
B_git_frozen,fused,20260926,0,-egA8-b7-3M$_$18,-egA8-b7-3M,Positive,Positive,1.0,0.775322822044856
B_git_frozen,fused,20260926,0,-egA8-b7-3M$_$20,-egA8-b7-3M,Positive,Positive,0.3333333432674408,0.7919584096055883
B_git_frozen,fused,20260926,0,-egA8-b7-3M$_$26,-egA8-b7-3M,Positive,Positive,1.6666666269302368,1.167253320542921
B_git_frozen,fused,20260926,0,-egA8-b7-3M$_$6,-egA8-b7-3M,Positive,Positive,0.6666666865348816,0.7884104297381197
B_git_frozen,fused,20260926,0,-egA8-b7-3M$_$9,-egA8-b7-3M,Positive,Positive,0.3333333432674408,0.4529389450662634
B_git_frozen,fused,20260926,1,-hnBHBN8p5A$_$6,-hnBHBN8p5A,Positive,Positive,1.0,0.7457814686075214
B_git_frozen,fused,20260926,1,-hnBHBN8p5A$_$7,-hnBHBN8p5A,Positive,Positive,0.6666666865348816,0.37318926013569187
B_git_frozen,fused,20260926,2,-iRBcNs9oI8$_$3,-iRBcNs9oI8,Positive,Neutral,0.6666666865348816,0.40716538578848255
B_git_frozen,fused,20260926,2,-iRBcNs9oI8$_$6,-iRBcNs9oI8,Positive,Neutral,0.3333333432674408,0.36785912667193604
B_git_frozen,fused,20260926,2,-iRBcNs9oI8$_$7,-iRBcNs9oI8,Positive,Positive,0.6666666865348816,0.365736718848441
B_git_frozen,fused,20260926,2,-iRBcNs9oI8$_$8,-iRBcNs9oI8,Positive,Positive,1.0,0.660488579769383
B_git_frozen,fused,20260926,2,-iRBcNs9oI8$_$9,-iRBcNs9oI8,Positive,Neutral,1.3333333730697632,0.14919399094500108
B_git_frozen,fused,20260926,0,-lzEya4AM_4$_$5,-lzEya4AM_4,Negative,Neutral,-0.6666666865348816,0.08747098589598098
B_git_frozen,fused,20260926,0,-lzEya4AM_4$_$6,-lzEya4AM_4,Negative,Negative,-0.3333333432674408,-0.3692068499646253
B_git_frozen,fused,20260926,4,-mJ2ud6oKI8$_$1,-mJ2ud6oKI8,Neutral,Positive,0.0,0.14743011914651147
B_git_frozen,fused,20260926,4,-mJ2ud6oKI8$_$2,-mJ2ud6oKI8,Neutral,Positive,0.0,0.04078174000292267
B_git_frozen,fused,20260926,4,-mJ2ud6oKI8$_$6,-mJ2ud6oKI8,Positive,Positive,0.3333333432674408,0.09993318039338689
B_git_frozen,fused,20260926,4,-mJ2ud6oKI8$_$8,-mJ2ud6oKI8,Negative,Positive,-0.3333333432674408,0.23545505762759494
B_git_frozen,fused,20260926,4,-mJ2ud6oKI8$_$9,-mJ2ud6oKI8,Neutral,Positive,0.0,0.5301910158585333
B_git_frozen,fused,20260926,1,-mqbVkbCndg$_$0,-mqbVkbCndg,Neutral,Positive,0.0,0.5086895125777244
B_git_frozen,fused,20260926,2,-qDkUB0GgYY$_$6,-qDkUB0GgYY,Positive,Positive,1.3333333730697632,1.4069021304282012
B_git_frozen,fused,20260926,1,-ri04Z7vwnc$_$0,-ri04Z7vwnc,Neutral,Positive,0.0,-0.024749645991156255
B_git_frozen,fused,20260926,1,-ri04Z7vwnc$_$2,-ri04Z7vwnc,Negative,Positive,-0.3333333432674408,0.22580094609320572
B_git_frozen,fused,20260926,1,-ri04Z7vwnc$_$5,-ri04Z7vwnc,Positive,Positive,0.3333333432674408,0.5986988248185957
B_git_frozen,fused,20260926,0,-s9qJ7ATP7w$_$0,-s9qJ7ATP7w,Negative,Positive,-0.3333333432674408,0.21186501708738498
B_git_frozen,fused,20260926,0,-s9qJ7ATP7w$_$1,-s9qJ7ATP7w,Positive,Positive,0.6666666865348816,1.1102891562499928
B_git_frozen,fused,20260926,0,-s9qJ7ATP7w$_$4,-s9qJ7ATP7w,Neutral,Positive,0.0,0.7950918245321252
B_git_frozen,fused,20260926,0,-s9qJ7ATP7w$_$5,-s9qJ7ATP7w,Negative,Positive,-2.0,0.7950641103996107
B_git_frozen,fused,20260926,0,-s9qJ7ATP7w$_$6,-s9qJ7ATP7w,Neutral,Positive,0.0,0.25962851042835333
B_git_frozen,fused,20260926,0,-s9qJ7ATP7w$_$7,-s9qJ7ATP7w,Positive,Negative,1.0,-0.05707735699687033
B_git_frozen,fused,20260926,0,-s9qJ7ATP7w$_$8,-s9qJ7ATP7w,Positive,Positive,1.3333333730697632,0.6556544089236835
B_git_frozen,fused,20260926,4,-t217m2on-s$_$2,-t217m2on-s,Positive,Positive,0.6666666865348816,0.7049957967238627
B_git_frozen,fused,20260926,4,-t217m2on-s$_$7,-t217m2on-s,Negative,Negative,-0.6666666865348816,-0.1465804547607169
B_git_frozen,fused,20260926,1,-tANM6ETl_M$_$3,-tANM6ETl_M,Positive,Negative,0.3333333432674408,-0.2196524902708904
B_git_frozen,fused,20260926,1,-tPCytz4rww$_$10,-tPCytz4rww,Neutral,Positive,0.0,0.3699150619307506
B_git_frozen,fused,20260926,1,-tPCytz4rww$_$11,-tPCytz4rww,Neutral,Positive,0.0,0.26968924037239106
B_git_frozen,fused,20260926,1,-tPCytz4rww$_$12,-tPCytz4rww,Neutral,Positive,0.0,0.622022167185398
B_git_frozen,fused,20260926,1,-tPCytz4rww$_$16,-tPCytz4rww,Neutral,Positive,0.0,0.2477296509271353
B_git_frozen,fused,20260926,1,-tPCytz4rww$_$18,-tPCytz4rww,Neutral,Positive,0.0,0.4237760610353686
B_git_frozen,fused,20260926,0,-uywlfIYOS8$_$4,-uywlfIYOS8,Positive,Positive,0.3333333432674408,0.7437621873264795
B_git_frozen,fused,20260926,0,-vxjVxOeScU$_$4,-vxjVxOeScU,Positive,Positive,1.0,0.962451529430111
B_git_frozen,fused,20260926,4,-wMB_hJL-3o$_$7,-wMB_hJL-3o,Positive,Positive,0.3333333432674408,0.6461113003342536
B_git_frozen,fused,20260926,3,-wny0OAz3g8$_$0,-wny0OAz3g8,Positive,Negative,0.3333333432674408,-0.26060881874644926
B_git_frozen,fused,20260926,3,-wny0OAz3g8$_$1,-wny0OAz3g8,Positive,Positive,0.3333333432674408,0.014173740371462906
B_git_frozen,fused,20260926,3,-wny0OAz3g8$_$2,-wny0OAz3g8,Negative,Negative,-0.3333333432674408,-0.1493074486412928
B_git_frozen,fused,20260926,3,-wny0OAz3g8$_$3,-wny0OAz3g8,Negative,Negative,-1.3333333730697632,-0.22816310381084048
B_git_frozen,fused,20260926,3,-wny0OAz3g8$_$5,-wny0OAz3g8,Positive,Positive,1.0,-0.1803200537619562
B_git_frozen,fused,20260926,3,-wny0OAz3g8$_$7,-wny0OAz3g8,Neutral,Positive,0.0,-0.09505949532027297
B_git_frozen,fused,20260926,3,-wny0OAz3g8$_$9,-wny0OAz3g8,Positive,Positive,0.6666666865348816,0.375283746325091
B_git_frozen,fused,20260926,4,-yRb-Jum7EQ$_$1,-yRb-Jum7EQ,Neutral,Negative,0.0,0.02315738482921087
B_git_frozen,fused,20260926,4,-yRb-Jum7EQ$_$5,-yRb-Jum7EQ,Negative,Positive,-0.6666666865348816,0.43181841441522617
B_git_frozen,fused,20260926,4,-yRb-Jum7EQ$_$6,-yRb-Jum7EQ,Neutral,Negative,0.0,-0.08493269975708756
B_git_frozen,fused,20260927,0,-3g5yACwYnA$_$13,-3g5yACwYnA,Positive,Positive,0.6666666865348816,-0.1797789441022805
B_git_frozen,fused,20260927,0,-3g5yACwYnA$_$2,-3g5yACwYnA,Neutral,Positive,0.0,0.15986067719683372
B_git_frozen,fused,20260927,0,-3g5yACwYnA$_$3,-3g5yACwYnA,Neutral,Positive,0.0,0.06365662862722682
B_git_frozen,fused,20260927,0,-3g5yACwYnA$_$9,-3g5yACwYnA,Positive,Positive,0.6666666865348816,0.7654854062809375
B_git_frozen,fused,20260927,1,-3nNcZdcdvU$_$5,-3nNcZdcdvU,Neutral,Negative,0.0,-0.4165778142068902
B_git_frozen,fused,20260927,0,-571d8cVauQ$_$0,-571d8cVauQ,Neutral,Neutral,0.0,0.3020340686812607
B_git_frozen,fused,20260927,0,-571d8cVauQ$_$5,-571d8cVauQ,Positive,Positive,0.3333333432674408,0.7259689150316143
B_git_frozen,fused,20260927,4,-6rXp3zJ3kc$_$8,-6rXp3zJ3kc,Negative,Positive,-1.0,0.20766121556725395
B_git_frozen,fused,20260927,1,-9y-fZ3swSY$_$0,-9y-fZ3swSY,Positive,Positive,1.0,0.27766811072177605
B_git_frozen,fused,20260927,1,-9y-fZ3swSY$_$4,-9y-fZ3swSY,Neutral,Positive,0.0,0.38579661432918944
B_git_frozen,fused,20260927,1,-9y-fZ3swSY$_$8,-9y-fZ3swSY,Positive,Neutral,1.6666666269302368,0.13650598916345916
B_git_frozen,fused,20260927,3,-AUZQgSxyPQ$_$2,-AUZQgSxyPQ,Positive,Positive,0.6666666865348816,0.7094773269075569
B_git_frozen,fused,20260927,4,-HeZS2-Prhc$_$2,-HeZS2-Prhc,Positive,Positive,0.6666666865348816,0.45070076309106705
B_git_frozen,fused,20260927,0,-HwX2H8Z4hY$_$2,-HwX2H8Z4hY,Neutral,Neutral,0.0,0.9328074394630888
B_git_frozen,fused,20260927,0,-HwX2H8Z4hY$_$5,-HwX2H8Z4hY,Negative,Neutral,-1.0,0.5796272152170958
B_git_frozen,fused,20260927,0,-HwX2H8Z4hY$_$6,-HwX2H8Z4hY,Neutral,Neutral,0.0,0.43008080009510413
B_git_frozen,fused,20260927,0,-HwX2H8Z4hY$_$9,-HwX2H8Z4hY,Negative,Neutral,-0.3333333432674408,0.07979532313752513
B_git_frozen,fused,20260927,4,-I_e4mIh0yE$_$1,-I_e4mIh0yE,Negative,Neutral,-0.6666666865348816,-0.2642345524691621
B_git_frozen,fused,20260927,4,-I_e4mIh0yE$_$3,-I_e4mIh0yE,Positive,Positive,0.6666666865348816,0.30594392006081156
B_git_frozen,fused,20260927,3,-MeTTeMJBNc$_$0,-MeTTeMJBNc,Positive,Positive,0.3333333432674408,0.4149666021349403
B_git_frozen,fused,20260927,3,-MeTTeMJBNc$_$13,-MeTTeMJBNc,Positive,Positive,0.3333333432674408,0.46140908074960296
B_git_frozen,fused,20260927,3,-MeTTeMJBNc$_$7,-MeTTeMJBNc,Positive,Positive,1.3333333730697632,0.4634682877464099
B_git_frozen,fused,20260927,4,-NFrJFQijFE$_$1,-NFrJFQijFE,Positive,Neutral,0.3333333432674408,-0.1325046018815843
B_git_frozen,fused,20260927,4,-NFrJFQijFE$_$2,-NFrJFQijFE,Neutral,Positive,0.0,0.45408063051929787
B_git_frozen,fused,20260927,3,-RfYyzHpjk4$_$11,-RfYyzHpjk4,Positive,Positive,2.0,0.6430345090770458
B_git_frozen,fused,20260927,3,-RfYyzHpjk4$_$2,-RfYyzHpjk4,Positive,Positive,0.3333333432674408,0.23177971330876945
B_git_frozen,fused,20260927,3,-RfYyzHpjk4$_$8,-RfYyzHpjk4,Positive,Positive,0.3333333432674408,0.20013697596481725
B_git_frozen,fused,20260927,4,-THoVjtIkeU$_$12,-THoVjtIkeU,Positive,Positive,2.0,0.3106770769216547
B_git_frozen,fused,20260927,4,-THoVjtIkeU$_$2,-THoVjtIkeU,Positive,Positive,1.3333333730697632,0.5421866618070295
B_git_frozen,fused,20260927,4,-THoVjtIkeU$_$6,-THoVjtIkeU,Positive,Positive,2.6666667461395264,0.6263760507576821
B_git_frozen,fused,20260927,3,-UUCSKoHeMA$_$0,-UUCSKoHeMA,Neutral,Positive,0.0,0.39357221107023166
B_git_frozen,fused,20260927,4,-UacrmKiTn4$_$10,-UacrmKiTn4,Negative,Neutral,-0.6666666865348816,0.020978926397329845
B_git_frozen,fused,20260927,4,-UacrmKiTn4$_$4,-UacrmKiTn4,Negative,Neutral,-1.3333333730697632,0.1762792103684971
B_git_frozen,fused,20260927,1,-UuX1xuaiiE$_$0,-UuX1xuaiiE,Positive,Positive,2.6666667461395264,0.8354246575035559
B_git_frozen,fused,20260927,1,-UuX1xuaiiE$_$1,-UuX1xuaiiE,Positive,Neutral,1.6666666269302368,0.3196076896654323
B_git_frozen,fused,20260927,1,-UuX1xuaiiE$_$3,-UuX1xuaiiE,Positive,Positive,0.3333333432674408,0.23181443697337265
B_git_frozen,fused,20260927,1,-UuX1xuaiiE$_$6,-UuX1xuaiiE,Negative,Neutral,-0.3333333432674408,0.18379365074068388
B_git_frozen,fused,20260927,1,-a55Q6RWvTA$_$3,-a55Q6RWvTA,Positive,Positive,0.6666666865348816,0.28377848786405935
B_git_frozen,fused,20260927,2,-aNfi7CP8vM$_$7,-aNfi7CP8vM,Neutral,Positive,0.0,0.3076723066373343
B_git_frozen,fused,20260927,1,-aqamKhZ1Ec$_$0,-aqamKhZ1Ec,Negative,Neutral,-2.0,-0.015029669394350409
B_git_frozen,fused,20260927,4,-dxfTGcXJoc$_$0,-dxfTGcXJoc,Positive,Positive,1.0,0.4636996194706119
B_git_frozen,fused,20260927,4,-dxfTGcXJoc$_$1,-dxfTGcXJoc,Positive,Positive,1.6666666269302368,0.6024765851663438
B_git_frozen,fused,20260927,4,-dxfTGcXJoc$_$2,-dxfTGcXJoc,Positive,Positive,0.6666666865348816,0.8588044227935594
B_git_frozen,fused,20260927,4,-dxfTGcXJoc$_$6,-dxfTGcXJoc,Positive,Positive,0.6666666865348816,0.5538787436048151
B_git_frozen,fused,20260927,1,-egA8-b7-3M$_$1,-egA8-b7-3M,Positive,Positive,0.6666666865348816,0.6111016405893821
B_git_frozen,fused,20260927,1,-egA8-b7-3M$_$13,-egA8-b7-3M,Positive,Positive,0.3333333432674408,0.3474879672249169
B_git_frozen,fused,20260927,1,-egA8-b7-3M$_$16,-egA8-b7-3M,Positive,Positive,0.6666666865348816,0.5594537553065946
B_git_frozen,fused,20260927,1,-egA8-b7-3M$_$17,-egA8-b7-3M,Positive,Positive,0.3333333432674408,0.6530014849468959
B_git_frozen,fused,20260927,1,-egA8-b7-3M$_$18,-egA8-b7-3M,Positive,Positive,1.0,0.8091757607534059
B_git_frozen,fused,20260927,1,-egA8-b7-3M$_$20,-egA8-b7-3M,Positive,Positive,0.3333333432674408,0.6852273324273632
B_git_frozen,fused,20260927,1,-egA8-b7-3M$_$26,-egA8-b7-3M,Positive,Positive,1.6666666269302368,0.9779434501493142
B_git_frozen,fused,20260927,1,-egA8-b7-3M$_$6,-egA8-b7-3M,Positive,Positive,0.6666666865348816,0.6968232565838276
B_git_frozen,fused,20260927,1,-egA8-b7-3M$_$9,-egA8-b7-3M,Positive,Positive,0.3333333432674408,0.633262406865889
B_git_frozen,fused,20260927,0,-hnBHBN8p5A$_$6,-hnBHBN8p5A,Positive,Positive,1.0,1.0325855194009308
B_git_frozen,fused,20260927,0,-hnBHBN8p5A$_$7,-hnBHBN8p5A,Positive,Positive,0.6666666865348816,0.4593636528032799
B_git_frozen,fused,20260927,3,-iRBcNs9oI8$_$3,-iRBcNs9oI8,Positive,Neutral,0.6666666865348816,0.41919584776747143
B_git_frozen,fused,20260927,3,-iRBcNs9oI8$_$6,-iRBcNs9oI8,Positive,Neutral,0.3333333432674408,0.4095648174335318
B_git_frozen,fused,20260927,3,-iRBcNs9oI8$_$7,-iRBcNs9oI8,Positive,Positive,0.6666666865348816,0.4440362188277441
B_git_frozen,fused,20260927,3,-iRBcNs9oI8$_$8,-iRBcNs9oI8,Positive,Positive,1.0,0.6945239848756338
B_git_frozen,fused,20260927,3,-iRBcNs9oI8$_$9,-iRBcNs9oI8,Positive,Positive,1.3333333730697632,0.37556473190453
B_git_frozen,fused,20260927,1,-lzEya4AM_4$_$5,-lzEya4AM_4,Negative,Neutral,-0.6666666865348816,0.1855787154383763
B_git_frozen,fused,20260927,1,-lzEya4AM_4$_$6,-lzEya4AM_4,Negative,Negative,-0.3333333432674408,-0.24220433144664533
B_git_frozen,fused,20260927,3,-mJ2ud6oKI8$_$1,-mJ2ud6oKI8,Neutral,Positive,0.0,0.2687149290914019
B_git_frozen,fused,20260927,3,-mJ2ud6oKI8$_$2,-mJ2ud6oKI8,Neutral,Negative,0.0,-0.06131955930914468
B_git_frozen,fused,20260927,3,-mJ2ud6oKI8$_$6,-mJ2ud6oKI8,Positive,Positive,0.3333333432674408,0.022806182148957577
B_git_frozen,fused,20260927,3,-mJ2ud6oKI8$_$8,-mJ2ud6oKI8,Negative,Negative,-0.3333333432674408,0.09007619461054259
B_git_frozen,fused,20260927,3,-mJ2ud6oKI8$_$9,-mJ2ud6oKI8,Neutral,Positive,0.0,0.34461909762800846
B_git_frozen,fused,20260927,2,-mqbVkbCndg$_$0,-mqbVkbCndg,Neutral,Positive,0.0,0.5397692837713959
B_git_frozen,fused,20260927,0,-qDkUB0GgYY$_$6,-qDkUB0GgYY,Positive,Positive,1.3333333730697632,1.380989913935093
B_git_frozen,fused,20260927,2,-ri04Z7vwnc$_$0,-ri04Z7vwnc,Neutral,Positive,0.0,0.12287845206210041
B_git_frozen,fused,20260927,2,-ri04Z7vwnc$_$2,-ri04Z7vwnc,Negative,Positive,-0.3333333432674408,0.41647396908168777
B_git_frozen,fused,20260927,2,-ri04Z7vwnc$_$5,-ri04Z7vwnc,Positive,Positive,0.3333333432674408,0.6044946915118232
B_git_frozen,fused,20260927,4,-s9qJ7ATP7w$_$0,-s9qJ7ATP7w,Negative,Neutral,-0.3333333432674408,0.20834897182067286
B_git_frozen,fused,20260927,4,-s9qJ7ATP7w$_$1,-s9qJ7ATP7w,Positive,Positive,0.6666666865348816,0.6690190321499726
B_git_frozen,fused,20260927,4,-s9qJ7ATP7w$_$4,-s9qJ7ATP7w,Neutral,Positive,0.0,0.9318894916887581
B_git_frozen,fused,20260927,4,-s9qJ7ATP7w$_$5,-s9qJ7ATP7w,Negative,Positive,-2.0,0.42518215043577884
B_git_frozen,fused,20260927,4,-s9qJ7ATP7w$_$6,-s9qJ7ATP7w,Neutral,Positive,0.0,0.3264817343122955
B_git_frozen,fused,20260927,4,-s9qJ7ATP7w$_$7,-s9qJ7ATP7w,Positive,Negative,1.0,-0.02636298545486221
B_git_frozen,fused,20260927,4,-s9qJ7ATP7w$_$8,-s9qJ7ATP7w,Positive,Positive,1.3333333730697632,0.3936739401887176
B_git_frozen,fused,20260927,4,-t217m2on-s$_$2,-t217m2on-s,Positive,Positive,0.6666666865348816,0.2451339899199289
B_git_frozen,fused,20260927,4,-t217m2on-s$_$7,-t217m2on-s,Negative,Negative,-0.6666666865348816,-0.3168021284601022
B_git_frozen,fused,20260927,2,-tANM6ETl_M$_$3,-tANM6ETl_M,Positive,Positive,0.3333333432674408,-0.109467949269691
B_git_frozen,fused,20260927,3,-tPCytz4rww$_$10,-tPCytz4rww,Neutral,Positive,0.0,0.35883995695106385
B_git_frozen,fused,20260927,3,-tPCytz4rww$_$11,-tPCytz4rww,Neutral,Positive,0.0,0.2939911976189285
B_git_frozen,fused,20260927,3,-tPCytz4rww$_$12,-tPCytz4rww,Neutral,Positive,0.0,0.4485114496295578
B_git_frozen,fused,20260927,3,-tPCytz4rww$_$16,-tPCytz4rww,Neutral,Positive,0.0,0.24766513989094252
B_git_frozen,fused,20260927,3,-tPCytz4rww$_$18,-tPCytz4rww,Neutral,Positive,0.0,0.39529583322819184
B_git_frozen,fused,20260927,2,-uywlfIYOS8$_$4,-uywlfIYOS8,Positive,Positive,0.3333333432674408,0.8262992654499255
B_git_frozen,fused,20260927,1,-vxjVxOeScU$_$4,-vxjVxOeScU,Positive,Positive,1.0,0.5591578891379541
B_git_frozen,fused,20260927,3,-wMB_hJL-3o$_$7,-wMB_hJL-3o,Positive,Positive,0.3333333432674408,0.28760304516134094
B_git_frozen,fused,20260927,0,-wny0OAz3g8$_$0,-wny0OAz3g8,Positive,Neutral,0.3333333432674408,-0.10567812312210245
B_git_frozen,fused,20260927,0,-wny0OAz3g8$_$1,-wny0OAz3g8,Positive,Positive,0.3333333432674408,0.13021994853905358
B_git_frozen,fused,20260927,0,-wny0OAz3g8$_$2,-wny0OAz3g8,Negative,Positive,-0.3333333432674408,0.20463756099349212
B_git_frozen,fused,20260927,0,-wny0OAz3g8$_$3,-wny0OAz3g8,Negative,Neutral,-1.3333333730697632,-0.07504358136056921
B_git_frozen,fused,20260927,0,-wny0OAz3g8$_$5,-wny0OAz3g8,Positive,Positive,1.0,0.09044180770612709
B_git_frozen,fused,20260927,0,-wny0OAz3g8$_$7,-wny0OAz3g8,Neutral,Positive,0.0,0.28696386026540766
B_git_frozen,fused,20260927,0,-wny0OAz3g8$_$9,-wny0OAz3g8,Positive,Positive,0.6666666865348816,0.6835125700615315
B_git_frozen,fused,20260927,2,-yRb-Jum7EQ$_$1,-yRb-Jum7EQ,Neutral,Negative,0.0,-0.08130792247893565
B_git_frozen,fused,20260927,2,-yRb-Jum7EQ$_$5,-yRb-Jum7EQ,Negative,Negative,-0.6666666865348816,0.19050244646594894
B_git_frozen,fused,20260927,2,-yRb-Jum7EQ$_$6,-yRb-Jum7EQ,Neutral,Negative,0.0,-0.3681283955525665
B_git_frozen,fused,20260928,0,-3g5yACwYnA$_$13,-3g5yACwYnA,Positive,Positive,0.6666666865348816,-0.14612780899991862
B_git_frozen,fused,20260928,0,-3g5yACwYnA$_$2,-3g5yACwYnA,Neutral,Positive,0.0,0.2627348585800612
B_git_frozen,fused,20260928,0,-3g5yACwYnA$_$3,-3g5yACwYnA,Neutral,Positive,0.0,-0.014424807200737577
B_git_frozen,fused,20260928,0,-3g5yACwYnA$_$9,-3g5yACwYnA,Positive,Positive,0.6666666865348816,0.42483557805973665
B_git_frozen,fused,20260928,0,-3nNcZdcdvU$_$5,-3nNcZdcdvU,Neutral,Negative,0.0,-0.49105734110759647
B_git_frozen,fused,20260928,4,-571d8cVauQ$_$0,-571d8cVauQ,Neutral,Neutral,0.0,0.126901134272794
B_git_frozen,fused,20260928,4,-571d8cVauQ$_$5,-571d8cVauQ,Positive,Positive,0.3333333432674408,0.6112750222159996
B_git_frozen,fused,20260928,2,-6rXp3zJ3kc$_$8,-6rXp3zJ3kc,Negative,Positive,-1.0,0.49927332127221546
B_git_frozen,fused,20260928,1,-9y-fZ3swSY$_$0,-9y-fZ3swSY,Positive,Positive,1.0,0.47594056125851136
B_git_frozen,fused,20260928,1,-9y-fZ3swSY$_$4,-9y-fZ3swSY,Neutral,Positive,0.0,1.1241691918136822
B_git_frozen,fused,20260928,1,-9y-fZ3swSY$_$8,-9y-fZ3swSY,Positive,Positive,1.6666666269302368,0.1345876259851997
B_git_frozen,fused,20260928,1,-AUZQgSxyPQ$_$2,-AUZQgSxyPQ,Positive,Positive,0.6666666865348816,0.6125824641644658
B_git_frozen,fused,20260928,4,-HeZS2-Prhc$_$2,-HeZS2-Prhc,Positive,Positive,0.6666666865348816,0.030045178848875365
B_git_frozen,fused,20260928,4,-HwX2H8Z4hY$_$2,-HwX2H8Z4hY,Neutral,Neutral,0.0,0.5590861030207739
B_git_frozen,fused,20260928,4,-HwX2H8Z4hY$_$5,-HwX2H8Z4hY,Negative,Neutral,-1.0,0.4015411139898981
B_git_frozen,fused,20260928,4,-HwX2H8Z4hY$_$6,-HwX2H8Z4hY,Neutral,Neutral,0.0,0.44037609970170444
B_git_frozen,fused,20260928,4,-HwX2H8Z4hY$_$9,-HwX2H8Z4hY,Negative,Negative,-0.3333333432674408,0.03084034919700801
B_git_frozen,fused,20260928,3,-I_e4mIh0yE$_$1,-I_e4mIh0yE,Negative,Neutral,-0.6666666865348816,0.040671946449099106
B_git_frozen,fused,20260928,3,-I_e4mIh0yE$_$3,-I_e4mIh0yE,Positive,Positive,0.6666666865348816,0.35302970572398645
B_git_frozen,fused,20260928,2,-MeTTeMJBNc$_$0,-MeTTeMJBNc,Positive,Positive,0.3333333432674408,0.26723820440078405
B_git_frozen,fused,20260928,2,-MeTTeMJBNc$_$13,-MeTTeMJBNc,Positive,Positive,0.3333333432674408,0.43419369287021636
B_git_frozen,fused,20260928,2,-MeTTeMJBNc$_$7,-MeTTeMJBNc,Positive,Positive,1.3333333730697632,0.47397148104444153
B_git_frozen,fused,20260928,4,-NFrJFQijFE$_$1,-NFrJFQijFE,Positive,Neutral,0.3333333432674408,-0.5195574578374971
B_git_frozen,fused,20260928,4,-NFrJFQijFE$_$2,-NFrJFQijFE,Neutral,Positive,0.0,0.6703869557554096
B_git_frozen,fused,20260928,1,-RfYyzHpjk4$_$11,-RfYyzHpjk4,Positive,Positive,2.0,0.904467240617672
B_git_frozen,fused,20260928,1,-RfYyzHpjk4$_$2,-RfYyzHpjk4,Positive,Positive,0.3333333432674408,0.1748870962474717
B_git_frozen,fused,20260928,1,-RfYyzHpjk4$_$8,-RfYyzHpjk4,Positive,Positive,0.3333333432674408,0.33619900105932476
B_git_frozen,fused,20260928,0,-THoVjtIkeU$_$12,-THoVjtIkeU,Positive,Negative,2.0,-0.15424901573782612
B_git_frozen,fused,20260928,0,-THoVjtIkeU$_$2,-THoVjtIkeU,Positive,Positive,1.3333333730697632,0.5077913787711377
B_git_frozen,fused,20260928,0,-THoVjtIkeU$_$6,-THoVjtIkeU,Positive,Positive,2.6666667461395264,0.4477528866450224
B_git_frozen,fused,20260928,1,-UUCSKoHeMA$_$0,-UUCSKoHeMA,Neutral,Positive,0.0,0.5339742722690038
B_git_frozen,fused,20260928,2,-UacrmKiTn4$_$10,-UacrmKiTn4,Negative,Positive,-0.6666666865348816,0.07407167193881947
B_git_frozen,fused,20260928,2,-UacrmKiTn4$_$4,-UacrmKiTn4,Negative,Positive,-1.3333333730697632,0.27998194748951755
B_git_frozen,fused,20260928,0,-UuX1xuaiiE$_$0,-UuX1xuaiiE,Positive,Positive,2.6666667461395264,0.6120082292252942
B_git_frozen,fused,20260928,0,-UuX1xuaiiE$_$1,-UuX1xuaiiE,Positive,Neutral,1.6666666269302368,0.06394492608121954
B_git_frozen,fused,20260928,0,-UuX1xuaiiE$_$3,-UuX1xuaiiE,Positive,Positive,0.3333333432674408,0.34239841517014885
B_git_frozen,fused,20260928,0,-UuX1xuaiiE$_$6,-UuX1xuaiiE,Negative,Neutral,-0.3333333432674408,0.07209582594681302
B_git_frozen,fused,20260928,3,-a55Q6RWvTA$_$3,-a55Q6RWvTA,Positive,Positive,0.6666666865348816,0.34990001410970817
B_git_frozen,fused,20260928,3,-aNfi7CP8vM$_$7,-aNfi7CP8vM,Neutral,Negative,0.0,0.18137547910272833
B_git_frozen,fused,20260928,1,-aqamKhZ1Ec$_$0,-aqamKhZ1Ec,Negative,Positive,-2.0,0.3638108645096462
B_git_frozen,fused,20260928,0,-dxfTGcXJoc$_$0,-dxfTGcXJoc,Positive,Positive,1.0,0.28228236741631063
B_git_frozen,fused,20260928,0,-dxfTGcXJoc$_$1,-dxfTGcXJoc,Positive,Positive,1.6666666269302368,0.4239667271202186
B_git_frozen,fused,20260928,0,-dxfTGcXJoc$_$2,-dxfTGcXJoc,Positive,Positive,0.6666666865348816,0.743477044445304
B_git_frozen,fused,20260928,0,-dxfTGcXJoc$_$6,-dxfTGcXJoc,Positive,Positive,0.6666666865348816,0.46361058701781854
B_git_frozen,fused,20260928,3,-egA8-b7-3M$_$1,-egA8-b7-3M,Positive,Positive,0.6666666865348816,0.645358445483214
B_git_frozen,fused,20260928,3,-egA8-b7-3M$_$13,-egA8-b7-3M,Positive,Positive,0.3333333432674408,0.6805675102497383
B_git_frozen,fused,20260928,3,-egA8-b7-3M$_$16,-egA8-b7-3M,Positive,Positive,0.6666666865348816,0.7350967898879848
B_git_frozen,fused,20260928,3,-egA8-b7-3M$_$17,-egA8-b7-3M,Positive,Positive,0.3333333432674408,0.8663065299206181
B_git_frozen,fused,20260928,3,-egA8-b7-3M$_$18,-egA8-b7-3M,Positive,Positive,1.0,0.9888071618414578
B_git_frozen,fused,20260928,3,-egA8-b7-3M$_$20,-egA8-b7-3M,Positive,Positive,0.3333333432674408,0.8859688531831438
B_git_frozen,fused,20260928,3,-egA8-b7-3M$_$26,-egA8-b7-3M,Positive,Positive,1.6666666269302368,1.12035760485947
B_git_frozen,fused,20260928,3,-egA8-b7-3M$_$6,-egA8-b7-3M,Positive,Positive,0.6666666865348816,0.7807224600515809
B_git_frozen,fused,20260928,3,-egA8-b7-3M$_$9,-egA8-b7-3M,Positive,Positive,0.3333333432674408,0.7327851826689812
B_git_frozen,fused,20260928,3,-hnBHBN8p5A$_$6,-hnBHBN8p5A,Positive,Neutral,1.0,0.5731728375100383
B_git_frozen,fused,20260928,3,-hnBHBN8p5A$_$7,-hnBHBN8p5A,Positive,Positive,0.6666666865348816,0.34418982957954436
B_git_frozen,fused,20260928,4,-iRBcNs9oI8$_$3,-iRBcNs9oI8,Positive,Positive,0.6666666865348816,0.5219605632626161
B_git_frozen,fused,20260928,4,-iRBcNs9oI8$_$6,-iRBcNs9oI8,Positive,Neutral,0.3333333432674408,0.2606964651008433
B_git_frozen,fused,20260928,4,-iRBcNs9oI8$_$7,-iRBcNs9oI8,Positive,Positive,0.6666666865348816,0.4817968420887423
B_git_frozen,fused,20260928,4,-iRBcNs9oI8$_$8,-iRBcNs9oI8,Positive,Positive,1.0,0.7734220657410881
B_git_frozen,fused,20260928,4,-iRBcNs9oI8$_$9,-iRBcNs9oI8,Positive,Neutral,1.3333333730697632,0.2878740648762354
B_git_frozen,fused,20260928,4,-lzEya4AM_4$_$5,-lzEya4AM_4,Negative,Neutral,-0.6666666865348816,0.27429482167718
B_git_frozen,fused,20260928,4,-lzEya4AM_4$_$6,-lzEya4AM_4,Negative,Negative,-0.3333333432674408,-0.22476127449728683
B_git_frozen,fused,20260928,3,-mJ2ud6oKI8$_$1,-mJ2ud6oKI8,Neutral,Positive,0.0,0.11868047725493341
B_git_frozen,fused,20260928,3,-mJ2ud6oKI8$_$2,-mJ2ud6oKI8,Neutral,Negative,0.0,-0.16759323240528023
B_git_frozen,fused,20260928,3,-mJ2ud6oKI8$_$6,-mJ2ud6oKI8,Positive,Positive,0.3333333432674408,0.11056909294846418
B_git_frozen,fused,20260928,3,-mJ2ud6oKI8$_$8,-mJ2ud6oKI8,Negative,Positive,-0.3333333432674408,0.1591907378585523
B_git_frozen,fused,20260928,3,-mJ2ud6oKI8$_$9,-mJ2ud6oKI8,Neutral,Positive,0.0,0.27881220229228554
B_git_frozen,fused,20260928,0,-mqbVkbCndg$_$0,-mqbVkbCndg,Neutral,Positive,0.0,0.0081048588081985
B_git_frozen,fused,20260928,4,-qDkUB0GgYY$_$6,-qDkUB0GgYY,Positive,Positive,1.3333333730697632,1.311078103754463
B_git_frozen,fused,20260928,0,-ri04Z7vwnc$_$0,-ri04Z7vwnc,Neutral,Positive,0.0,0.37170148143440185
B_git_frozen,fused,20260928,0,-ri04Z7vwnc$_$2,-ri04Z7vwnc,Negative,Positive,-0.3333333432674408,0.37601683950402387
B_git_frozen,fused,20260928,0,-ri04Z7vwnc$_$5,-ri04Z7vwnc,Positive,Positive,0.3333333432674408,0.5776758440571808
B_git_frozen,fused,20260928,1,-s9qJ7ATP7w$_$0,-s9qJ7ATP7w,Negative,Positive,-0.3333333432674408,0.08277461255222845
B_git_frozen,fused,20260928,1,-s9qJ7ATP7w$_$1,-s9qJ7ATP7w,Positive,Positive,0.6666666865348816,0.972266647233911
B_git_frozen,fused,20260928,1,-s9qJ7ATP7w$_$4,-s9qJ7ATP7w,Neutral,Positive,0.0,0.8782900050773268
B_git_frozen,fused,20260928,1,-s9qJ7ATP7w$_$5,-s9qJ7ATP7w,Negative,Positive,-2.0,0.9706373126155379
B_git_frozen,fused,20260928,1,-s9qJ7ATP7w$_$6,-s9qJ7ATP7w,Neutral,Positive,0.0,0.2168470213199205
B_git_frozen,fused,20260928,1,-s9qJ7ATP7w$_$7,-s9qJ7ATP7w,Positive,Negative,1.0,0.21757306626313863
B_git_frozen,fused,20260928,1,-s9qJ7ATP7w$_$8,-s9qJ7ATP7w,Positive,Positive,1.3333333730697632,0.6831082794997108
B_git_frozen,fused,20260928,2,-t217m2on-s$_$2,-t217m2on-s,Positive,Positive,0.6666666865348816,0.5302610249276434
B_git_frozen,fused,20260928,2,-t217m2on-s$_$7,-t217m2on-s,Negative,Negative,-0.6666666865348816,-0.17673540595000675
B_git_frozen,fused,20260928,4,-tANM6ETl_M$_$3,-tANM6ETl_M,Positive,Positive,0.3333333432674408,-0.08419756855131039
B_git_frozen,fused,20260928,2,-tPCytz4rww$_$10,-tPCytz4rww,Neutral,Positive,0.0,0.48977722379263083
B_git_frozen,fused,20260928,2,-tPCytz4rww$_$11,-tPCytz4rww,Neutral,Positive,0.0,0.4650821025968928
B_git_frozen,fused,20260928,2,-tPCytz4rww$_$12,-tPCytz4rww,Neutral,Positive,0.0,0.7198176179907722
B_git_frozen,fused,20260928,2,-tPCytz4rww$_$16,-tPCytz4rww,Neutral,Positive,0.0,0.25855152224189076
B_git_frozen,fused,20260928,2,-tPCytz4rww$_$18,-tPCytz4rww,Neutral,Positive,0.0,0.4786762195474686
B_git_frozen,fused,20260928,2,-uywlfIYOS8$_$4,-uywlfIYOS8,Positive,Positive,0.3333333432674408,0.6255671343554454
B_git_frozen,fused,20260928,2,-vxjVxOeScU$_$4,-vxjVxOeScU,Positive,Positive,1.0,0.8439908171925183
B_git_frozen,fused,20260928,4,-wMB_hJL-3o$_$7,-wMB_hJL-3o,Positive,Positive,0.3333333432674408,0.6029401098248974
B_git_frozen,fused,20260928,3,-wny0OAz3g8$_$0,-wny0OAz3g8,Positive,Neutral,0.3333333432674408,-0.06619158726015989
B_git_frozen,fused,20260928,3,-wny0OAz3g8$_$1,-wny0OAz3g8,Positive,Negative,0.3333333432674408,0.17055015576469953
B_git_frozen,fused,20260928,3,-wny0OAz3g8$_$2,-wny0OAz3g8,Negative,Negative,-0.3333333432674408,0.1972623275213226
B_git_frozen,fused,20260928,3,-wny0OAz3g8$_$3,-wny0OAz3g8,Negative,Neutral,-1.3333333730697632,-0.06275680859754695
B_git_frozen,fused,20260928,3,-wny0OAz3g8$_$5,-wny0OAz3g8,Positive,Positive,1.0,0.05760667670271408
B_git_frozen,fused,20260928,3,-wny0OAz3g8$_$7,-wny0OAz3g8,Neutral,Positive,0.0,0.2913793988222897
B_git_frozen,fused,20260928,3,-wny0OAz3g8$_$9,-wny0OAz3g8,Positive,Positive,0.6666666865348816,0.7574118803822935
B_git_frozen,fused,20260928,1,-yRb-Jum7EQ$_$1,-yRb-Jum7EQ,Neutral,Negative,0.0,0.12221973879798953
B_git_frozen,fused,20260928,1,-yRb-Jum7EQ$_$5,-yRb-Jum7EQ,Negative,Negative,-0.6666666865348816,0.30973254896777896
B_git_frozen,fused,20260928,1,-yRb-Jum7EQ$_$6,-yRb-Jum7EQ,Neutral,Negative,0.0,0.1193202822945405
C_hybrid_capacity,text,20260924,1,-3g5yACwYnA$_$13,-3g5yACwYnA,Positive,Positive,0.6666666865348816,0.15087950858729432
C_hybrid_capacity,text,20260924,1,-3g5yACwYnA$_$2,-3g5yACwYnA,Neutral,Positive,0.0,0.36095804221083466
C_hybrid_capacity,text,20260924,1,-3g5yACwYnA$_$3,-3g5yACwYnA,Neutral,Positive,0.0,-0.00813054448394096
C_hybrid_capacity,text,20260924,1,-3g5yACwYnA$_$9,-3g5yACwYnA,Positive,Positive,0.6666666865348816,0.8546896405036807
C_hybrid_capacity,text,20260924,0,-3nNcZdcdvU$_$5,-3nNcZdcdvU,Neutral,Negative,0.0,-0.5479237983847824
C_hybrid_capacity,text,20260924,3,-571d8cVauQ$_$0,-571d8cVauQ,Neutral,Neutral,0.0,0.2145618292121585
C_hybrid_capacity,text,20260924,3,-571d8cVauQ$_$5,-571d8cVauQ,Positive,Positive,0.3333333432674408,0.6144601533430245
C_hybrid_capacity,text,20260924,0,-6rXp3zJ3kc$_$8,-6rXp3zJ3kc,Negative,Positive,-1.0,0.25682012827577194
C_hybrid_capacity,text,20260924,0,-9y-fZ3swSY$_$0,-9y-fZ3swSY,Positive,Positive,1.0,0.2970032863240445
C_hybrid_capacity,text,20260924,0,-9y-fZ3swSY$_$4,-9y-fZ3swSY,Neutral,Negative,0.0,-0.0529432245785339
C_hybrid_capacity,text,20260924,0,-9y-fZ3swSY$_$8,-9y-fZ3swSY,Positive,Positive,1.6666666269302368,0.17118303941924357
C_hybrid_capacity,text,20260924,0,-AUZQgSxyPQ$_$2,-AUZQgSxyPQ,Positive,Neutral,0.6666666865348816,0.5655952562252837
C_hybrid_capacity,text,20260924,4,-HeZS2-Prhc$_$2,-HeZS2-Prhc,Positive,Positive,0.6666666865348816,0.10645406586052164
C_hybrid_capacity,text,20260924,4,-HwX2H8Z4hY$_$2,-HwX2H8Z4hY,Neutral,Positive,0.0,0.6204971334697831
C_hybrid_capacity,text,20260924,4,-HwX2H8Z4hY$_$5,-HwX2H8Z4hY,Negative,Positive,-1.0,0.48362975341341036
C_hybrid_capacity,text,20260924,4,-HwX2H8Z4hY$_$6,-HwX2H8Z4hY,Neutral,Positive,0.0,0.4739111699045591
C_hybrid_capacity,text,20260924,4,-HwX2H8Z4hY$_$9,-HwX2H8Z4hY,Negative,Negative,-0.3333333432674408,0.1059086356658071
C_hybrid_capacity,text,20260924,1,-I_e4mIh0yE$_$1,-I_e4mIh0yE,Negative,Negative,-0.6666666865348816,-0.25744667383565994
C_hybrid_capacity,text,20260924,1,-I_e4mIh0yE$_$3,-I_e4mIh0yE,Positive,Neutral,0.6666666865348816,0.3198011748857702
C_hybrid_capacity,text,20260924,3,-MeTTeMJBNc$_$0,-MeTTeMJBNc,Positive,Positive,0.3333333432674408,0.35067427449060956
C_hybrid_capacity,text,20260924,3,-MeTTeMJBNc$_$13,-MeTTeMJBNc,Positive,Positive,0.3333333432674408,0.47497751598443694
C_hybrid_capacity,text,20260924,3,-MeTTeMJBNc$_$7,-MeTTeMJBNc,Positive,Positive,1.3333333730697632,0.5264877402066838
C_hybrid_capacity,text,20260924,3,-NFrJFQijFE$_$1,-NFrJFQijFE,Positive,Neutral,0.3333333432674408,-0.5030867893790014
C_hybrid_capacity,text,20260924,3,-NFrJFQijFE$_$2,-NFrJFQijFE,Neutral,Positive,0.0,0.3114295584764166
C_hybrid_capacity,text,20260924,2,-RfYyzHpjk4$_$11,-RfYyzHpjk4,Positive,Positive,2.0,0.5891176042644023
C_hybrid_capacity,text,20260924,2,-RfYyzHpjk4$_$2,-RfYyzHpjk4,Positive,Positive,0.3333333432674408,0.14710995676165978
C_hybrid_capacity,text,20260924,2,-RfYyzHpjk4$_$8,-RfYyzHpjk4,Positive,Positive,0.3333333432674408,0.27060177364704857
C_hybrid_capacity,text,20260924,0,-THoVjtIkeU$_$12,-THoVjtIkeU,Positive,Positive,2.0,0.16448409420481855
C_hybrid_capacity,text,20260924,0,-THoVjtIkeU$_$2,-THoVjtIkeU,Positive,Positive,1.3333333730697632,0.561151459990973
C_hybrid_capacity,text,20260924,0,-THoVjtIkeU$_$6,-THoVjtIkeU,Positive,Positive,2.6666667461395264,0.7666008498672463
C_hybrid_capacity,text,20260924,4,-UUCSKoHeMA$_$0,-UUCSKoHeMA,Neutral,Positive,0.0,0.4048496868187382
C_hybrid_capacity,text,20260924,0,-UacrmKiTn4$_$10,-UacrmKiTn4,Negative,Negative,-0.6666666865348816,-0.07688912057039038
C_hybrid_capacity,text,20260924,0,-UacrmKiTn4$_$4,-UacrmKiTn4,Negative,Positive,-1.3333333730697632,0.09415150203015574
C_hybrid_capacity,text,20260924,2,-UuX1xuaiiE$_$0,-UuX1xuaiiE,Positive,Positive,2.6666667461395264,0.9503474334559994
C_hybrid_capacity,text,20260924,2,-UuX1xuaiiE$_$1,-UuX1xuaiiE,Positive,Positive,1.6666666269302368,0.527890752879111
C_hybrid_capacity,text,20260924,2,-UuX1xuaiiE$_$3,-UuX1xuaiiE,Positive,Positive,0.3333333432674408,0.296248272360012
C_hybrid_capacity,text,20260924,2,-UuX1xuaiiE$_$6,-UuX1xuaiiE,Negative,Neutral,-0.3333333432674408,0.013425962644448397
C_hybrid_capacity,text,20260924,4,-a55Q6RWvTA$_$3,-a55Q6RWvTA,Positive,Positive,0.6666666865348816,0.558297310146193
C_hybrid_capacity,text,20260924,0,-aNfi7CP8vM$_$7,-aNfi7CP8vM,Neutral,Positive,0.0,0.35212660247815664
C_hybrid_capacity,text,20260924,3,-aqamKhZ1Ec$_$0,-aqamKhZ1Ec,Negative,Neutral,-2.0,-0.02503495204626821
C_hybrid_capacity,text,20260924,4,-dxfTGcXJoc$_$0,-dxfTGcXJoc,Positive,Positive,1.0,0.32756852323574204
C_hybrid_capacity,text,20260924,4,-dxfTGcXJoc$_$1,-dxfTGcXJoc,Positive,Positive,1.6666666269302368,0.6150970996571845
C_hybrid_capacity,text,20260924,4,-dxfTGcXJoc$_$2,-dxfTGcXJoc,Positive,Positive,0.6666666865348816,0.887163149548309
C_hybrid_capacity,text,20260924,4,-dxfTGcXJoc$_$6,-dxfTGcXJoc,Positive,Positive,0.6666666865348816,0.7920106410505549
C_hybrid_capacity,text,20260924,4,-egA8-b7-3M$_$1,-egA8-b7-3M,Positive,Positive,0.6666666865348816,0.6825255429951146
C_hybrid_capacity,text,20260924,4,-egA8-b7-3M$_$13,-egA8-b7-3M,Positive,Positive,0.3333333432674408,0.6376232226226238
C_hybrid_capacity,text,20260924,4,-egA8-b7-3M$_$16,-egA8-b7-3M,Positive,Positive,0.6666666865348816,0.9955039129368115
C_hybrid_capacity,text,20260924,4,-egA8-b7-3M$_$17,-egA8-b7-3M,Positive,Positive,0.3333333432674408,1.023444013842056
C_hybrid_capacity,text,20260924,4,-egA8-b7-3M$_$18,-egA8-b7-3M,Positive,Positive,1.0,1.0493031251337746
C_hybrid_capacity,text,20260924,4,-egA8-b7-3M$_$20,-egA8-b7-3M,Positive,Positive,0.3333333432674408,1.0770931828106012
C_hybrid_capacity,text,20260924,4,-egA8-b7-3M$_$26,-egA8-b7-3M,Positive,Positive,1.6666666269302368,1.3145650571320318
C_hybrid_capacity,text,20260924,4,-egA8-b7-3M$_$6,-egA8-b7-3M,Positive,Positive,0.6666666865348816,0.9491721645683671
C_hybrid_capacity,text,20260924,4,-egA8-b7-3M$_$9,-egA8-b7-3M,Positive,Positive,0.3333333432674408,0.6626327370876792
C_hybrid_capacity,text,20260924,3,-hnBHBN8p5A$_$6,-hnBHBN8p5A,Positive,Positive,1.0,0.6553233457297578
C_hybrid_capacity,text,20260924,3,-hnBHBN8p5A$_$7,-hnBHBN8p5A,Positive,Neutral,0.6666666865348816,0.0647564307259838
C_hybrid_capacity,text,20260924,1,-iRBcNs9oI8$_$3,-iRBcNs9oI8,Positive,Neutral,0.6666666865348816,0.15546327224161785
C_hybrid_capacity,text,20260924,1,-iRBcNs9oI8$_$6,-iRBcNs9oI8,Positive,Neutral,0.3333333432674408,0.13575477129711377
C_hybrid_capacity,text,20260924,1,-iRBcNs9oI8$_$7,-iRBcNs9oI8,Positive,Positive,0.6666666865348816,0.3053237120457963
C_hybrid_capacity,text,20260924,1,-iRBcNs9oI8$_$8,-iRBcNs9oI8,Positive,Positive,1.0,0.6939227931401486
C_hybrid_capacity,text,20260924,1,-iRBcNs9oI8$_$9,-iRBcNs9oI8,Positive,Neutral,1.3333333730697632,0.251161239211192
C_hybrid_capacity,text,20260924,1,-lzEya4AM_4$_$5,-lzEya4AM_4,Negative,Neutral,-0.6666666865348816,0.20359614836779996
C_hybrid_capacity,text,20260924,1,-lzEya4AM_4$_$6,-lzEya4AM_4,Negative,Negative,-0.3333333432674408,-0.4252805676139703
C_hybrid_capacity,text,20260924,4,-mJ2ud6oKI8$_$1,-mJ2ud6oKI8,Neutral,Positive,0.0,0.7203194436613438
C_hybrid_capacity,text,20260924,4,-mJ2ud6oKI8$_$2,-mJ2ud6oKI8,Neutral,Positive,0.0,0.7077881537143262
C_hybrid_capacity,text,20260924,4,-mJ2ud6oKI8$_$6,-mJ2ud6oKI8,Positive,Positive,0.3333333432674408,0.3943432019180687
C_hybrid_capacity,text,20260924,4,-mJ2ud6oKI8$_$8,-mJ2ud6oKI8,Negative,Positive,-0.3333333432674408,0.43242408012405587
C_hybrid_capacity,text,20260924,4,-mJ2ud6oKI8$_$9,-mJ2ud6oKI8,Neutral,Positive,0.0,0.4066317707148283
C_hybrid_capacity,text,20260924,2,-mqbVkbCndg$_$0,-mqbVkbCndg,Neutral,Positive,0.0,0.4005897980497563
C_hybrid_capacity,text,20260924,1,-qDkUB0GgYY$_$6,-qDkUB0GgYY,Positive,Positive,1.3333333730697632,1.4551133979178141
C_hybrid_capacity,text,20260924,1,-ri04Z7vwnc$_$0,-ri04Z7vwnc,Neutral,Positive,0.0,0.0025785497613079467
C_hybrid_capacity,text,20260924,1,-ri04Z7vwnc$_$2,-ri04Z7vwnc,Negative,Positive,-0.3333333432674408,0.19832604936921738
C_hybrid_capacity,text,20260924,1,-ri04Z7vwnc$_$5,-ri04Z7vwnc,Positive,Positive,0.3333333432674408,0.5665975151336904
C_hybrid_capacity,text,20260924,1,-s9qJ7ATP7w$_$0,-s9qJ7ATP7w,Negative,Positive,-0.3333333432674408,-0.049362589254953626
C_hybrid_capacity,text,20260924,1,-s9qJ7ATP7w$_$1,-s9qJ7ATP7w,Positive,Positive,0.6666666865348816,0.5828586172042414
C_hybrid_capacity,text,20260924,1,-s9qJ7ATP7w$_$4,-s9qJ7ATP7w,Neutral,Positive,0.0,0.9232722824836188
C_hybrid_capacity,text,20260924,1,-s9qJ7ATP7w$_$5,-s9qJ7ATP7w,Negative,Positive,-2.0,0.7201389089648642
C_hybrid_capacity,text,20260924,1,-s9qJ7ATP7w$_$6,-s9qJ7ATP7w,Neutral,Positive,0.0,0.0688208201117021
C_hybrid_capacity,text,20260924,1,-s9qJ7ATP7w$_$7,-s9qJ7ATP7w,Positive,Negative,1.0,-0.023115080474573557
C_hybrid_capacity,text,20260924,1,-s9qJ7ATP7w$_$8,-s9qJ7ATP7w,Positive,Positive,1.3333333730697632,0.7574466575593841
C_hybrid_capacity,text,20260924,3,-t217m2on-s$_$2,-t217m2on-s,Positive,Positive,0.6666666865348816,0.40299417899266954
C_hybrid_capacity,text,20260924,3,-t217m2on-s$_$7,-t217m2on-s,Negative,Negative,-0.6666666865348816,-0.2133090111134241
C_hybrid_capacity,text,20260924,0,-tANM6ETl_M$_$3,-tANM6ETl_M,Positive,Positive,0.3333333432674408,0.08977154914330804
C_hybrid_capacity,text,20260924,4,-tPCytz4rww$_$10,-tPCytz4rww,Neutral,Positive,0.0,0.5316404524127704
C_hybrid_capacity,text,20260924,4,-tPCytz4rww$_$11,-tPCytz4rww,Neutral,Positive,0.0,0.44937516408555234
C_hybrid_capacity,text,20260924,4,-tPCytz4rww$_$12,-tPCytz4rww,Neutral,Positive,0.0,0.4016329079697286
C_hybrid_capacity,text,20260924,4,-tPCytz4rww$_$16,-tPCytz4rww,Neutral,Positive,0.0,0.40680663721228294
C_hybrid_capacity,text,20260924,4,-tPCytz4rww$_$18,-tPCytz4rww,Neutral,Positive,0.0,0.6389205701473744
C_hybrid_capacity,text,20260924,0,-uywlfIYOS8$_$4,-uywlfIYOS8,Positive,Positive,0.3333333432674408,0.4036097169114188
C_hybrid_capacity,text,20260924,3,-vxjVxOeScU$_$4,-vxjVxOeScU,Positive,Positive,1.0,0.8531379328185014
C_hybrid_capacity,text,20260924,1,-wMB_hJL-3o$_$7,-wMB_hJL-3o,Positive,Positive,0.3333333432674408,0.7831116464963013
C_hybrid_capacity,text,20260924,2,-wny0OAz3g8$_$0,-wny0OAz3g8,Positive,Neutral,0.3333333432674408,-0.2571753223042604
C_hybrid_capacity,text,20260924,2,-wny0OAz3g8$_$1,-wny0OAz3g8,Positive,Neutral,0.3333333432674408,-0.012908055874329916
C_hybrid_capacity,text,20260924,2,-wny0OAz3g8$_$2,-wny0OAz3g8,Negative,Positive,-0.3333333432674408,-0.04899786898354114
C_hybrid_capacity,text,20260924,2,-wny0OAz3g8$_$3,-wny0OAz3g8,Negative,Neutral,-1.3333333730697632,-0.20916554004437377
C_hybrid_capacity,text,20260924,2,-wny0OAz3g8$_$5,-wny0OAz3g8,Positive,Positive,1.0,0.10760716301396742
C_hybrid_capacity,text,20260924,2,-wny0OAz3g8$_$7,-wny0OAz3g8,Neutral,Positive,0.0,0.19924246124578943
C_hybrid_capacity,text,20260924,2,-wny0OAz3g8$_$9,-wny0OAz3g8,Positive,Positive,0.6666666865348816,0.7071147727045739
C_hybrid_capacity,text,20260924,4,-yRb-Jum7EQ$_$1,-yRb-Jum7EQ,Neutral,Negative,0.0,-0.1632880833357797
C_hybrid_capacity,text,20260924,4,-yRb-Jum7EQ$_$5,-yRb-Jum7EQ,Negative,Negative,-0.6666666865348816,0.2679684267282793
C_hybrid_capacity,text,20260924,4,-yRb-Jum7EQ$_$6,-yRb-Jum7EQ,Neutral,Negative,0.0,-0.24764939598218072
C_hybrid_capacity,text,20260925,4,-3g5yACwYnA$_$13,-3g5yACwYnA,Positive,Positive,0.6666666865348816,0.2318012524729336
C_hybrid_capacity,text,20260925,4,-3g5yACwYnA$_$2,-3g5yACwYnA,Neutral,Positive,0.0,0.16086260560003646
C_hybrid_capacity,text,20260925,4,-3g5yACwYnA$_$3,-3g5yACwYnA,Neutral,Positive,0.0,-0.05045007821612374
C_hybrid_capacity,text,20260925,4,-3g5yACwYnA$_$9,-3g5yACwYnA,Positive,Positive,0.6666666865348816,0.9087070455164075
C_hybrid_capacity,text,20260925,0,-3nNcZdcdvU$_$5,-3nNcZdcdvU,Neutral,Negative,0.0,-0.7178783364439193
C_hybrid_capacity,text,20260925,3,-571d8cVauQ$_$0,-571d8cVauQ,Neutral,Neutral,0.0,0.29715168833383604
C_hybrid_capacity,text,20260925,3,-571d8cVauQ$_$5,-571d8cVauQ,Positive,Positive,0.3333333432674408,0.6926087020730398
C_hybrid_capacity,text,20260925,1,-6rXp3zJ3kc$_$8,-6rXp3zJ3kc,Negative,Positive,-1.0,0.43961917468762457
C_hybrid_capacity,text,20260925,4,-9y-fZ3swSY$_$0,-9y-fZ3swSY,Positive,Positive,1.0,0.39280256420891346
C_hybrid_capacity,text,20260925,4,-9y-fZ3swSY$_$4,-9y-fZ3swSY,Neutral,Neutral,0.0,0.5448148826844322
C_hybrid_capacity,text,20260925,4,-9y-fZ3swSY$_$8,-9y-fZ3swSY,Positive,Positive,1.6666666269302368,0.06795641169385563
C_hybrid_capacity,text,20260925,3,-AUZQgSxyPQ$_$2,-AUZQgSxyPQ,Positive,Positive,0.6666666865348816,0.7469438379006179
C_hybrid_capacity,text,20260925,1,-HeZS2-Prhc$_$2,-HeZS2-Prhc,Positive,Positive,0.6666666865348816,0.23966981923132458
C_hybrid_capacity,text,20260925,3,-HwX2H8Z4hY$_$2,-HwX2H8Z4hY,Neutral,Positive,0.0,0.8096399326119508
C_hybrid_capacity,text,20260925,3,-HwX2H8Z4hY$_$5,-HwX2H8Z4hY,Negative,Neutral,-1.0,0.41775824635032277
C_hybrid_capacity,text,20260925,3,-HwX2H8Z4hY$_$6,-HwX2H8Z4hY,Neutral,Positive,0.0,0.4601917264908196
C_hybrid_capacity,text,20260925,3,-HwX2H8Z4hY$_$9,-HwX2H8Z4hY,Negative,Negative,-0.3333333432674408,0.018229864152455588
C_hybrid_capacity,text,20260925,4,-I_e4mIh0yE$_$1,-I_e4mIh0yE,Negative,Negative,-0.6666666865348816,-0.26374622117404084
C_hybrid_capacity,text,20260925,4,-I_e4mIh0yE$_$3,-I_e4mIh0yE,Positive,Positive,0.6666666865348816,0.37418445109365195
C_hybrid_capacity,text,20260925,0,-MeTTeMJBNc$_$0,-MeTTeMJBNc,Positive,Positive,0.3333333432674408,0.35696928044428566
C_hybrid_capacity,text,20260925,0,-MeTTeMJBNc$_$13,-MeTTeMJBNc,Positive,Positive,0.3333333432674408,0.6412374054823164
C_hybrid_capacity,text,20260925,0,-MeTTeMJBNc$_$7,-MeTTeMJBNc,Positive,Positive,1.3333333730697632,0.4511662693988593
C_hybrid_capacity,text,20260925,4,-NFrJFQijFE$_$1,-NFrJFQijFE,Positive,Neutral,0.3333333432674408,-0.023364126712833277
C_hybrid_capacity,text,20260925,4,-NFrJFQijFE$_$2,-NFrJFQijFE,Neutral,Positive,0.0,0.2529939533139536
C_hybrid_capacity,text,20260925,2,-RfYyzHpjk4$_$11,-RfYyzHpjk4,Positive,Positive,2.0,0.4834714826972194
C_hybrid_capacity,text,20260925,2,-RfYyzHpjk4$_$2,-RfYyzHpjk4,Positive,Positive,0.3333333432674408,0.01789287840398629
C_hybrid_capacity,text,20260925,2,-RfYyzHpjk4$_$8,-RfYyzHpjk4,Positive,Neutral,0.3333333432674408,0.14892403332810958
C_hybrid_capacity,text,20260925,2,-THoVjtIkeU$_$12,-THoVjtIkeU,Positive,Negative,2.0,-0.12248944130032707
C_hybrid_capacity,text,20260925,2,-THoVjtIkeU$_$2,-THoVjtIkeU,Positive,Positive,1.3333333730697632,0.364050910668365
C_hybrid_capacity,text,20260925,2,-THoVjtIkeU$_$6,-THoVjtIkeU,Positive,Positive,2.6666667461395264,0.518819444430976
C_hybrid_capacity,text,20260925,4,-UUCSKoHeMA$_$0,-UUCSKoHeMA,Neutral,Positive,0.0,0.45845341293811304
C_hybrid_capacity,text,20260925,2,-UacrmKiTn4$_$10,-UacrmKiTn4,Negative,Negative,-0.6666666865348816,-0.19624897541202657
C_hybrid_capacity,text,20260925,2,-UacrmKiTn4$_$4,-UacrmKiTn4,Negative,Neutral,-1.3333333730697632,-0.08191435278695713
C_hybrid_capacity,text,20260925,0,-UuX1xuaiiE$_$0,-UuX1xuaiiE,Positive,Positive,2.6666667461395264,1.0437497018375166
C_hybrid_capacity,text,20260925,0,-UuX1xuaiiE$_$1,-UuX1xuaiiE,Positive,Neutral,1.6666666269302368,0.3855171677061828
C_hybrid_capacity,text,20260925,0,-UuX1xuaiiE$_$3,-UuX1xuaiiE,Positive,Positive,0.3333333432674408,0.3444921051326706
C_hybrid_capacity,text,20260925,0,-UuX1xuaiiE$_$6,-UuX1xuaiiE,Negative,Neutral,-0.3333333432674408,0.06383598795298417
C_hybrid_capacity,text,20260925,1,-a55Q6RWvTA$_$3,-a55Q6RWvTA,Positive,Positive,0.6666666865348816,0.6191194069821961
C_hybrid_capacity,text,20260925,1,-aNfi7CP8vM$_$7,-aNfi7CP8vM,Neutral,Positive,0.0,0.3118003100404776
C_hybrid_capacity,text,20260925,2,-aqamKhZ1Ec$_$0,-aqamKhZ1Ec,Negative,Negative,-2.0,0.08596436470204227
C_hybrid_capacity,text,20260925,3,-dxfTGcXJoc$_$0,-dxfTGcXJoc,Positive,Positive,1.0,0.5413364736827039
C_hybrid_capacity,text,20260925,3,-dxfTGcXJoc$_$1,-dxfTGcXJoc,Positive,Positive,1.6666666269302368,0.7787830777730818
C_hybrid_capacity,text,20260925,3,-dxfTGcXJoc$_$2,-dxfTGcXJoc,Positive,Positive,0.6666666865348816,0.9720605532783202
C_hybrid_capacity,text,20260925,3,-dxfTGcXJoc$_$6,-dxfTGcXJoc,Positive,Positive,0.6666666865348816,0.9122226172914274
C_hybrid_capacity,text,20260925,2,-egA8-b7-3M$_$1,-egA8-b7-3M,Positive,Positive,0.6666666865348816,0.5954095144061806
C_hybrid_capacity,text,20260925,2,-egA8-b7-3M$_$13,-egA8-b7-3M,Positive,Positive,0.3333333432674408,0.4885327140117174
C_hybrid_capacity,text,20260925,2,-egA8-b7-3M$_$16,-egA8-b7-3M,Positive,Positive,0.6666666865348816,0.5130664877285003
C_hybrid_capacity,text,20260925,2,-egA8-b7-3M$_$17,-egA8-b7-3M,Positive,Positive,0.3333333432674408,0.3808990581498667
C_hybrid_capacity,text,20260925,2,-egA8-b7-3M$_$18,-egA8-b7-3M,Positive,Positive,1.0,0.5843666411668502
C_hybrid_capacity,text,20260925,2,-egA8-b7-3M$_$20,-egA8-b7-3M,Positive,Positive,0.3333333432674408,0.5965965567197731
C_hybrid_capacity,text,20260925,2,-egA8-b7-3M$_$26,-egA8-b7-3M,Positive,Positive,1.6666666269302368,0.9714625401966401
C_hybrid_capacity,text,20260925,2,-egA8-b7-3M$_$6,-egA8-b7-3M,Positive,Positive,0.6666666865348816,0.7451227011707322
C_hybrid_capacity,text,20260925,2,-egA8-b7-3M$_$9,-egA8-b7-3M,Positive,Positive,0.3333333432674408,0.5676767161827715
C_hybrid_capacity,text,20260925,0,-hnBHBN8p5A$_$6,-hnBHBN8p5A,Positive,Positive,1.0,0.785274263628781
C_hybrid_capacity,text,20260925,0,-hnBHBN8p5A$_$7,-hnBHBN8p5A,Positive,Positive,0.6666666865348816,0.11952222412337588
C_hybrid_capacity,text,20260925,4,-iRBcNs9oI8$_$3,-iRBcNs9oI8,Positive,Positive,0.6666666865348816,0.2508773589506237
C_hybrid_capacity,text,20260925,4,-iRBcNs9oI8$_$6,-iRBcNs9oI8,Positive,Neutral,0.3333333432674408,0.13789681694806483
C_hybrid_capacity,text,20260925,4,-iRBcNs9oI8$_$7,-iRBcNs9oI8,Positive,Positive,0.6666666865348816,0.09169527503189834
C_hybrid_capacity,text,20260925,4,-iRBcNs9oI8$_$8,-iRBcNs9oI8,Positive,Positive,1.0,0.563162151121118
C_hybrid_capacity,text,20260925,4,-iRBcNs9oI8$_$9,-iRBcNs9oI8,Positive,Neutral,1.3333333730697632,-0.09690101626179953
C_hybrid_capacity,text,20260925,0,-lzEya4AM_4$_$5,-lzEya4AM_4,Negative,Neutral,-0.6666666865348816,0.06961642310589494
C_hybrid_capacity,text,20260925,0,-lzEya4AM_4$_$6,-lzEya4AM_4,Negative,Negative,-0.3333333432674408,-0.44891448332557593
C_hybrid_capacity,text,20260925,0,-mJ2ud6oKI8$_$1,-mJ2ud6oKI8,Neutral,Positive,0.0,0.49146069771105916
C_hybrid_capacity,text,20260925,0,-mJ2ud6oKI8$_$2,-mJ2ud6oKI8,Neutral,Positive,0.0,0.38774169726828567
C_hybrid_capacity,text,20260925,0,-mJ2ud6oKI8$_$6,-mJ2ud6oKI8,Positive,Neutral,0.3333333432674408,0.2446428054465768
C_hybrid_capacity,text,20260925,0,-mJ2ud6oKI8$_$8,-mJ2ud6oKI8,Negative,Positive,-0.3333333432674408,0.15185183737663727
C_hybrid_capacity,text,20260925,0,-mJ2ud6oKI8$_$9,-mJ2ud6oKI8,Neutral,Positive,0.0,0.4569081357785024
C_hybrid_capacity,text,20260925,3,-mqbVkbCndg$_$0,-mqbVkbCndg,Neutral,Positive,0.0,0.6488601582833333
C_hybrid_capacity,text,20260925,1,-qDkUB0GgYY$_$6,-qDkUB0GgYY,Positive,Positive,1.3333333730697632,1.299887771270629
C_hybrid_capacity,text,20260925,1,-ri04Z7vwnc$_$0,-ri04Z7vwnc,Neutral,Negative,0.0,-0.09506714738141575
C_hybrid_capacity,text,20260925,1,-ri04Z7vwnc$_$2,-ri04Z7vwnc,Negative,Positive,-0.3333333432674408,0.44906444805367285
C_hybrid_capacity,text,20260925,1,-ri04Z7vwnc$_$5,-ri04Z7vwnc,Positive,Positive,0.3333333432674408,0.7878076270259424
C_hybrid_capacity,text,20260925,4,-s9qJ7ATP7w$_$0,-s9qJ7ATP7w,Negative,Positive,-0.3333333432674408,0.006016112816337238
C_hybrid_capacity,text,20260925,4,-s9qJ7ATP7w$_$1,-s9qJ7ATP7w,Positive,Positive,0.6666666865348816,0.47681374188845477
C_hybrid_capacity,text,20260925,4,-s9qJ7ATP7w$_$4,-s9qJ7ATP7w,Neutral,Positive,0.0,0.6688210816842888
C_hybrid_capacity,text,20260925,4,-s9qJ7ATP7w$_$5,-s9qJ7ATP7w,Negative,Positive,-2.0,0.6765070492135
C_hybrid_capacity,text,20260925,4,-s9qJ7ATP7w$_$6,-s9qJ7ATP7w,Neutral,Positive,0.0,0.0068721926932346356
C_hybrid_capacity,text,20260925,4,-s9qJ7ATP7w$_$7,-s9qJ7ATP7w,Positive,Negative,1.0,0.0940566571185284
C_hybrid_capacity,text,20260925,4,-s9qJ7ATP7w$_$8,-s9qJ7ATP7w,Positive,Positive,1.3333333730697632,0.7264832212813124
C_hybrid_capacity,text,20260925,3,-t217m2on-s$_$2,-t217m2on-s,Positive,Positive,0.6666666865348816,0.33108541516581824
C_hybrid_capacity,text,20260925,3,-t217m2on-s$_$7,-t217m2on-s,Negative,Negative,-0.6666666865348816,-0.2769901984482705
C_hybrid_capacity,text,20260925,4,-tANM6ETl_M$_$3,-tANM6ETl_M,Positive,Positive,0.3333333432674408,-0.04042739367945808
C_hybrid_capacity,text,20260925,3,-tPCytz4rww$_$10,-tPCytz4rww,Neutral,Positive,0.0,0.607177785281595
C_hybrid_capacity,text,20260925,3,-tPCytz4rww$_$11,-tPCytz4rww,Neutral,Positive,0.0,0.32435610016803895
C_hybrid_capacity,text,20260925,3,-tPCytz4rww$_$12,-tPCytz4rww,Neutral,Positive,0.0,0.6283303339640585
C_hybrid_capacity,text,20260925,3,-tPCytz4rww$_$16,-tPCytz4rww,Neutral,Positive,0.0,0.45600241310487194
C_hybrid_capacity,text,20260925,3,-tPCytz4rww$_$18,-tPCytz4rww,Neutral,Positive,0.0,0.6409165015645171
C_hybrid_capacity,text,20260925,1,-uywlfIYOS8$_$4,-uywlfIYOS8,Positive,Positive,0.3333333432674408,0.6414712290131435
C_hybrid_capacity,text,20260925,2,-vxjVxOeScU$_$4,-vxjVxOeScU,Positive,Positive,1.0,0.7733757667284429
C_hybrid_capacity,text,20260925,2,-wMB_hJL-3o$_$7,-wMB_hJL-3o,Positive,Negative,0.3333333432674408,-0.03248718224159558
C_hybrid_capacity,text,20260925,4,-wny0OAz3g8$_$0,-wny0OAz3g8,Positive,Neutral,0.3333333432674408,-0.30127258176664146
C_hybrid_capacity,text,20260925,4,-wny0OAz3g8$_$1,-wny0OAz3g8,Positive,Positive,0.3333333432674408,0.1785299817953811
C_hybrid_capacity,text,20260925,4,-wny0OAz3g8$_$2,-wny0OAz3g8,Negative,Positive,-0.3333333432674408,-0.001279379873644848
C_hybrid_capacity,text,20260925,4,-wny0OAz3g8$_$3,-wny0OAz3g8,Negative,Negative,-1.3333333730697632,-0.3013494751949433
C_hybrid_capacity,text,20260925,4,-wny0OAz3g8$_$5,-wny0OAz3g8,Positive,Positive,1.0,-0.04436492668640879
C_hybrid_capacity,text,20260925,4,-wny0OAz3g8$_$7,-wny0OAz3g8,Neutral,Positive,0.0,-0.07105262779476212
C_hybrid_capacity,text,20260925,4,-wny0OAz3g8$_$9,-wny0OAz3g8,Positive,Positive,0.6666666865348816,0.4629579766877501
C_hybrid_capacity,text,20260925,2,-yRb-Jum7EQ$_$1,-yRb-Jum7EQ,Neutral,Negative,0.0,-0.19433828128733233
C_hybrid_capacity,text,20260925,2,-yRb-Jum7EQ$_$5,-yRb-Jum7EQ,Negative,Negative,-0.6666666865348816,0.14744385360806583
C_hybrid_capacity,text,20260925,2,-yRb-Jum7EQ$_$6,-yRb-Jum7EQ,Neutral,Negative,0.0,-0.47935255183968944
C_hybrid_capacity,text,20260926,1,-3g5yACwYnA$_$13,-3g5yACwYnA,Positive,Positive,0.6666666865348816,-0.030123241712368687
C_hybrid_capacity,text,20260926,1,-3g5yACwYnA$_$2,-3g5yACwYnA,Neutral,Positive,0.0,0.5703268925825972
C_hybrid_capacity,text,20260926,1,-3g5yACwYnA$_$3,-3g5yACwYnA,Neutral,Positive,0.0,0.2621140877944186
C_hybrid_capacity,text,20260926,1,-3g5yACwYnA$_$9,-3g5yACwYnA,Positive,Positive,0.6666666865348816,0.9173548482423934
C_hybrid_capacity,text,20260926,3,-3nNcZdcdvU$_$5,-3nNcZdcdvU,Neutral,Negative,0.0,-0.5006333717165723
C_hybrid_capacity,text,20260926,3,-571d8cVauQ$_$0,-571d8cVauQ,Neutral,Neutral,0.0,0.28583253236875905
C_hybrid_capacity,text,20260926,3,-571d8cVauQ$_$5,-571d8cVauQ,Positive,Positive,0.3333333432674408,0.7538756913365198
C_hybrid_capacity,text,20260926,4,-6rXp3zJ3kc$_$8,-6rXp3zJ3kc,Negative,Positive,-1.0,0.5341198796456816
C_hybrid_capacity,text,20260926,0,-9y-fZ3swSY$_$0,-9y-fZ3swSY,Positive,Positive,1.0,0.3010818989329857
C_hybrid_capacity,text,20260926,0,-9y-fZ3swSY$_$4,-9y-fZ3swSY,Neutral,Positive,0.0,0.9339915326550601
C_hybrid_capacity,text,20260926,0,-9y-fZ3swSY$_$8,-9y-fZ3swSY,Positive,Positive,1.6666666269302368,0.1715775538461723
C_hybrid_capacity,text,20260926,0,-AUZQgSxyPQ$_$2,-AUZQgSxyPQ,Positive,Neutral,0.6666666865348816,0.4062441175165903
C_hybrid_capacity,text,20260926,4,-HeZS2-Prhc$_$2,-HeZS2-Prhc,Positive,Positive,0.6666666865348816,0.09624470183804201
C_hybrid_capacity,text,20260926,0,-HwX2H8Z4hY$_$2,-HwX2H8Z4hY,Neutral,Positive,0.0,0.4656617537692233
C_hybrid_capacity,text,20260926,0,-HwX2H8Z4hY$_$5,-HwX2H8Z4hY,Negative,Neutral,-1.0,0.1785819435961388
C_hybrid_capacity,text,20260926,0,-HwX2H8Z4hY$_$6,-HwX2H8Z4hY,Neutral,Positive,0.0,0.34859932377701497
C_hybrid_capacity,text,20260926,0,-HwX2H8Z4hY$_$9,-HwX2H8Z4hY,Negative,Negative,-0.3333333432674408,-0.19983429400570335
C_hybrid_capacity,text,20260926,1,-I_e4mIh0yE$_$1,-I_e4mIh0yE,Negative,Negative,-0.6666666865348816,-0.16947297550476725
C_hybrid_capacity,text,20260926,1,-I_e4mIh0yE$_$3,-I_e4mIh0yE,Positive,Positive,0.6666666865348816,0.28357265807807297
C_hybrid_capacity,text,20260926,4,-MeTTeMJBNc$_$0,-MeTTeMJBNc,Positive,Positive,0.3333333432674408,0.3504679316541055
C_hybrid_capacity,text,20260926,4,-MeTTeMJBNc$_$13,-MeTTeMJBNc,Positive,Positive,0.3333333432674408,0.5354808747912032
C_hybrid_capacity,text,20260926,4,-MeTTeMJBNc$_$7,-MeTTeMJBNc,Positive,Positive,1.3333333730697632,0.6488782748688142
C_hybrid_capacity,text,20260926,2,-NFrJFQijFE$_$1,-NFrJFQijFE,Positive,Neutral,0.3333333432674408,-0.46862710188488205
C_hybrid_capacity,text,20260926,2,-NFrJFQijFE$_$2,-NFrJFQijFE,Neutral,Positive,0.0,0.2522001717741863
C_hybrid_capacity,text,20260926,2,-RfYyzHpjk4$_$11,-RfYyzHpjk4,Positive,Positive,2.0,0.6784862536205299
C_hybrid_capacity,text,20260926,2,-RfYyzHpjk4$_$2,-RfYyzHpjk4,Positive,Positive,0.3333333432674408,0.04973997782696829
C_hybrid_capacity,text,20260926,2,-RfYyzHpjk4$_$8,-RfYyzHpjk4,Positive,Positive,0.3333333432674408,0.19400050386623563
C_hybrid_capacity,text,20260926,3,-THoVjtIkeU$_$12,-THoVjtIkeU,Positive,Positive,2.0,-0.09189635686005931
C_hybrid_capacity,text,20260926,3,-THoVjtIkeU$_$2,-THoVjtIkeU,Positive,Positive,1.3333333730697632,0.3903429661706365
C_hybrid_capacity,text,20260926,3,-THoVjtIkeU$_$6,-THoVjtIkeU,Positive,Positive,2.6666667461395264,0.5827507593683934
C_hybrid_capacity,text,20260926,2,-UUCSKoHeMA$_$0,-UUCSKoHeMA,Neutral,Positive,0.0,0.4588336361269385
C_hybrid_capacity,text,20260926,4,-UacrmKiTn4$_$10,-UacrmKiTn4,Negative,Negative,-0.6666666865348816,0.06629176595360348
C_hybrid_capacity,text,20260926,4,-UacrmKiTn4$_$4,-UacrmKiTn4,Negative,Positive,-1.3333333730697632,0.3574369469015393
C_hybrid_capacity,text,20260926,4,-UuX1xuaiiE$_$0,-UuX1xuaiiE,Positive,Positive,2.6666667461395264,0.8761799089031646
C_hybrid_capacity,text,20260926,4,-UuX1xuaiiE$_$1,-UuX1xuaiiE,Positive,Neutral,1.6666666269302368,0.38759989538715983
C_hybrid_capacity,text,20260926,4,-UuX1xuaiiE$_$3,-UuX1xuaiiE,Positive,Positive,0.3333333432674408,0.5441668180575724
C_hybrid_capacity,text,20260926,4,-UuX1xuaiiE$_$6,-UuX1xuaiiE,Negative,Positive,-0.3333333432674408,-0.018103947464486014
C_hybrid_capacity,text,20260926,0,-a55Q6RWvTA$_$3,-a55Q6RWvTA,Positive,Positive,0.6666666865348816,0.346642531238321
C_hybrid_capacity,text,20260926,4,-aNfi7CP8vM$_$7,-aNfi7CP8vM,Neutral,Positive,0.0,0.3562112196527214
C_hybrid_capacity,text,20260926,1,-aqamKhZ1Ec$_$0,-aqamKhZ1Ec,Negative,Neutral,-2.0,-0.06268994941230915
C_hybrid_capacity,text,20260926,0,-dxfTGcXJoc$_$0,-dxfTGcXJoc,Positive,Neutral,1.0,0.3377355729449958
C_hybrid_capacity,text,20260926,0,-dxfTGcXJoc$_$1,-dxfTGcXJoc,Positive,Positive,1.6666666269302368,0.6555841211249747
C_hybrid_capacity,text,20260926,0,-dxfTGcXJoc$_$2,-dxfTGcXJoc,Positive,Positive,0.6666666865348816,0.8771392849383703
C_hybrid_capacity,text,20260926,0,-dxfTGcXJoc$_$6,-dxfTGcXJoc,Positive,Positive,0.6666666865348816,0.7969805305484621
C_hybrid_capacity,text,20260926,0,-egA8-b7-3M$_$1,-egA8-b7-3M,Positive,Positive,0.6666666865348816,0.13598668551026016
C_hybrid_capacity,text,20260926,0,-egA8-b7-3M$_$13,-egA8-b7-3M,Positive,Positive,0.3333333432674408,0.21928727327240602
C_hybrid_capacity,text,20260926,0,-egA8-b7-3M$_$16,-egA8-b7-3M,Positive,Positive,0.6666666865348816,0.6957070290079097
C_hybrid_capacity,text,20260926,0,-egA8-b7-3M$_$17,-egA8-b7-3M,Positive,Positive,0.3333333432674408,1.1030086671469177
C_hybrid_capacity,text,20260926,0,-egA8-b7-3M$_$18,-egA8-b7-3M,Positive,Positive,1.0,0.7607008899441103
C_hybrid_capacity,text,20260926,0,-egA8-b7-3M$_$20,-egA8-b7-3M,Positive,Positive,0.3333333432674408,0.7733027586269186
C_hybrid_capacity,text,20260926,0,-egA8-b7-3M$_$26,-egA8-b7-3M,Positive,Positive,1.6666666269302368,1.0914111030690559
C_hybrid_capacity,text,20260926,0,-egA8-b7-3M$_$6,-egA8-b7-3M,Positive,Positive,0.6666666865348816,0.7678807636843303
C_hybrid_capacity,text,20260926,0,-egA8-b7-3M$_$9,-egA8-b7-3M,Positive,Positive,0.3333333432674408,0.45027057336003223
C_hybrid_capacity,text,20260926,1,-hnBHBN8p5A$_$6,-hnBHBN8p5A,Positive,Positive,1.0,0.7352554381971231
C_hybrid_capacity,text,20260926,1,-hnBHBN8p5A$_$7,-hnBHBN8p5A,Positive,Positive,0.6666666865348816,0.1917396224553365
C_hybrid_capacity,text,20260926,2,-iRBcNs9oI8$_$3,-iRBcNs9oI8,Positive,Neutral,0.6666666865348816,0.34321083113876405
C_hybrid_capacity,text,20260926,2,-iRBcNs9oI8$_$6,-iRBcNs9oI8,Positive,Neutral,0.3333333432674408,0.40871093337040504
C_hybrid_capacity,text,20260926,2,-iRBcNs9oI8$_$7,-iRBcNs9oI8,Positive,Positive,0.6666666865348816,0.26055300480288135
C_hybrid_capacity,text,20260926,2,-iRBcNs9oI8$_$8,-iRBcNs9oI8,Positive,Positive,1.0,0.5612746836547706
C_hybrid_capacity,text,20260926,2,-iRBcNs9oI8$_$9,-iRBcNs9oI8,Positive,Neutral,1.3333333730697632,0.06831048500178202
C_hybrid_capacity,text,20260926,0,-lzEya4AM_4$_$5,-lzEya4AM_4,Negative,Neutral,-0.6666666865348816,-0.03921776285490447
C_hybrid_capacity,text,20260926,0,-lzEya4AM_4$_$6,-lzEya4AM_4,Negative,Negative,-0.3333333432674408,-0.4361007153787943
C_hybrid_capacity,text,20260926,4,-mJ2ud6oKI8$_$1,-mJ2ud6oKI8,Neutral,Positive,0.0,0.5973503806193021
C_hybrid_capacity,text,20260926,4,-mJ2ud6oKI8$_$2,-mJ2ud6oKI8,Neutral,Positive,0.0,0.5544927103733461
C_hybrid_capacity,text,20260926,4,-mJ2ud6oKI8$_$6,-mJ2ud6oKI8,Positive,Positive,0.3333333432674408,0.2551087602775724
C_hybrid_capacity,text,20260926,4,-mJ2ud6oKI8$_$8,-mJ2ud6oKI8,Negative,Positive,-0.3333333432674408,0.34721320197337147
C_hybrid_capacity,text,20260926,4,-mJ2ud6oKI8$_$9,-mJ2ud6oKI8,Neutral,Positive,0.0,0.6467422393772247
C_hybrid_capacity,text,20260926,1,-mqbVkbCndg$_$0,-mqbVkbCndg,Neutral,Positive,0.0,0.6684076739899272
C_hybrid_capacity,text,20260926,2,-qDkUB0GgYY$_$6,-qDkUB0GgYY,Positive,Positive,1.3333333730697632,1.4844336737878385
C_hybrid_capacity,text,20260926,1,-ri04Z7vwnc$_$0,-ri04Z7vwnc,Neutral,Positive,0.0,-0.13259971874897336
C_hybrid_capacity,text,20260926,1,-ri04Z7vwnc$_$2,-ri04Z7vwnc,Negative,Positive,-0.3333333432674408,0.16394984968706044
C_hybrid_capacity,text,20260926,1,-ri04Z7vwnc$_$5,-ri04Z7vwnc,Positive,Positive,0.3333333432674408,0.6043366482613339
C_hybrid_capacity,text,20260926,0,-s9qJ7ATP7w$_$0,-s9qJ7ATP7w,Negative,Positive,-0.3333333432674408,0.1453130181566154
C_hybrid_capacity,text,20260926,0,-s9qJ7ATP7w$_$1,-s9qJ7ATP7w,Positive,Positive,0.6666666865348816,1.064544953805987
C_hybrid_capacity,text,20260926,0,-s9qJ7ATP7w$_$4,-s9qJ7ATP7w,Neutral,Positive,0.0,0.7311356772375444
C_hybrid_capacity,text,20260926,0,-s9qJ7ATP7w$_$5,-s9qJ7ATP7w,Negative,Positive,-2.0,0.7872489618416154
C_hybrid_capacity,text,20260926,0,-s9qJ7ATP7w$_$6,-s9qJ7ATP7w,Neutral,Positive,0.0,0.22826311097719665
C_hybrid_capacity,text,20260926,0,-s9qJ7ATP7w$_$7,-s9qJ7ATP7w,Positive,Negative,1.0,-0.20264261899623365
C_hybrid_capacity,text,20260926,0,-s9qJ7ATP7w$_$8,-s9qJ7ATP7w,Positive,Positive,1.3333333730697632,0.7064527676844985
C_hybrid_capacity,text,20260926,4,-t217m2on-s$_$2,-t217m2on-s,Positive,Positive,0.6666666865348816,0.7155882093997832
C_hybrid_capacity,text,20260926,4,-t217m2on-s$_$7,-t217m2on-s,Negative,Negative,-0.6666666865348816,-0.15173730039073519
C_hybrid_capacity,text,20260926,1,-tANM6ETl_M$_$3,-tANM6ETl_M,Positive,Positive,0.3333333432674408,-0.16692423974003678
C_hybrid_capacity,text,20260926,1,-tPCytz4rww$_$10,-tPCytz4rww,Neutral,Positive,0.0,0.425410882150813
C_hybrid_capacity,text,20260926,1,-tPCytz4rww$_$11,-tPCytz4rww,Neutral,Positive,0.0,0.35105035149710645
C_hybrid_capacity,text,20260926,1,-tPCytz4rww$_$12,-tPCytz4rww,Neutral,Positive,0.0,0.7191247289341959
C_hybrid_capacity,text,20260926,1,-tPCytz4rww$_$16,-tPCytz4rww,Neutral,Positive,0.0,0.29366543045852644
C_hybrid_capacity,text,20260926,1,-tPCytz4rww$_$18,-tPCytz4rww,Neutral,Positive,0.0,0.5019954757945809
C_hybrid_capacity,text,20260926,0,-uywlfIYOS8$_$4,-uywlfIYOS8,Positive,Positive,0.3333333432674408,0.7365174673313855
C_hybrid_capacity,text,20260926,0,-vxjVxOeScU$_$4,-vxjVxOeScU,Positive,Positive,1.0,0.9301905791130982
C_hybrid_capacity,text,20260926,4,-wMB_hJL-3o$_$7,-wMB_hJL-3o,Positive,Positive,0.3333333432674408,0.6574837481439268
C_hybrid_capacity,text,20260926,3,-wny0OAz3g8$_$0,-wny0OAz3g8,Positive,Neutral,0.3333333432674408,-0.24867668563931195
C_hybrid_capacity,text,20260926,3,-wny0OAz3g8$_$1,-wny0OAz3g8,Positive,Negative,0.3333333432674408,-0.043718016138137916
C_hybrid_capacity,text,20260926,3,-wny0OAz3g8$_$2,-wny0OAz3g8,Negative,Negative,-0.3333333432674408,-0.20827167561244536
C_hybrid_capacity,text,20260926,3,-wny0OAz3g8$_$3,-wny0OAz3g8,Negative,Negative,-1.3333333730697632,-0.29266194187305555
C_hybrid_capacity,text,20260926,3,-wny0OAz3g8$_$5,-wny0OAz3g8,Positive,Negative,1.0,-0.27358523376562166
C_hybrid_capacity,text,20260926,3,-wny0OAz3g8$_$7,-wny0OAz3g8,Neutral,Negative,0.0,-0.16440579701869784
C_hybrid_capacity,text,20260926,3,-wny0OAz3g8$_$9,-wny0OAz3g8,Positive,Positive,0.6666666865348816,0.2622283532191816
C_hybrid_capacity,text,20260926,4,-yRb-Jum7EQ$_$1,-yRb-Jum7EQ,Neutral,Negative,0.0,-0.08648769734686018
C_hybrid_capacity,text,20260926,4,-yRb-Jum7EQ$_$5,-yRb-Jum7EQ,Negative,Positive,-0.6666666865348816,0.3535263734992554
C_hybrid_capacity,text,20260926,4,-yRb-Jum7EQ$_$6,-yRb-Jum7EQ,Neutral,Negative,0.0,-0.11853516183918089
C_hybrid_capacity,text,20260927,0,-3g5yACwYnA$_$13,-3g5yACwYnA,Positive,Positive,0.6666666865348816,-0.08903587582892553
C_hybrid_capacity,text,20260927,0,-3g5yACwYnA$_$2,-3g5yACwYnA,Neutral,Positive,0.0,0.3154562314248367
C_hybrid_capacity,text,20260927,0,-3g5yACwYnA$_$3,-3g5yACwYnA,Neutral,Positive,0.0,0.17262179672507383
C_hybrid_capacity,text,20260927,0,-3g5yACwYnA$_$9,-3g5yACwYnA,Positive,Positive,0.6666666865348816,0.8697994112439495
C_hybrid_capacity,text,20260927,1,-3nNcZdcdvU$_$5,-3nNcZdcdvU,Neutral,Negative,0.0,-0.3896074987226785
C_hybrid_capacity,text,20260927,0,-571d8cVauQ$_$0,-571d8cVauQ,Neutral,Neutral,0.0,0.3079719510298079
C_hybrid_capacity,text,20260927,0,-571d8cVauQ$_$5,-571d8cVauQ,Positive,Positive,0.3333333432674408,0.7386912732570081
C_hybrid_capacity,text,20260927,4,-6rXp3zJ3kc$_$8,-6rXp3zJ3kc,Negative,Positive,-1.0,0.24055855296776169
C_hybrid_capacity,text,20260927,1,-9y-fZ3swSY$_$0,-9y-fZ3swSY,Positive,Positive,1.0,0.27075545566084414
C_hybrid_capacity,text,20260927,1,-9y-fZ3swSY$_$4,-9y-fZ3swSY,Neutral,Neutral,0.0,0.2684842015733537
C_hybrid_capacity,text,20260927,1,-9y-fZ3swSY$_$8,-9y-fZ3swSY,Positive,Neutral,1.6666666269302368,0.13171297526339174
C_hybrid_capacity,text,20260927,3,-AUZQgSxyPQ$_$2,-AUZQgSxyPQ,Positive,Positive,0.6666666865348816,0.7209656617080398
C_hybrid_capacity,text,20260927,4,-HeZS2-Prhc$_$2,-HeZS2-Prhc,Positive,Positive,0.6666666865348816,0.49347627081515466
C_hybrid_capacity,text,20260927,0,-HwX2H8Z4hY$_$2,-HwX2H8Z4hY,Neutral,Neutral,0.0,0.7536908815087535
C_hybrid_capacity,text,20260927,0,-HwX2H8Z4hY$_$5,-HwX2H8Z4hY,Negative,Neutral,-1.0,0.33374776594947464
C_hybrid_capacity,text,20260927,0,-HwX2H8Z4hY$_$6,-HwX2H8Z4hY,Neutral,Neutral,0.0,0.1605073125052153
C_hybrid_capacity,text,20260927,0,-HwX2H8Z4hY$_$9,-HwX2H8Z4hY,Negative,Negative,-0.3333333432674408,-0.056762113567369876
C_hybrid_capacity,text,20260927,4,-I_e4mIh0yE$_$1,-I_e4mIh0yE,Negative,Neutral,-0.6666666865348816,-0.2688400437123431
C_hybrid_capacity,text,20260927,4,-I_e4mIh0yE$_$3,-I_e4mIh0yE,Positive,Neutral,0.6666666865348816,0.2986804270077559
C_hybrid_capacity,text,20260927,3,-MeTTeMJBNc$_$0,-MeTTeMJBNc,Positive,Positive,0.3333333432674408,0.41587793957257624
C_hybrid_capacity,text,20260927,3,-MeTTeMJBNc$_$13,-MeTTeMJBNc,Positive,Positive,0.3333333432674408,0.5599628280402329
C_hybrid_capacity,text,20260927,3,-MeTTeMJBNc$_$7,-MeTTeMJBNc,Positive,Positive,1.3333333730697632,0.5551262559486418
C_hybrid_capacity,text,20260927,4,-NFrJFQijFE$_$1,-NFrJFQijFE,Positive,Neutral,0.3333333432674408,0.03539310058629047
C_hybrid_capacity,text,20260927,4,-NFrJFQijFE$_$2,-NFrJFQijFE,Neutral,Positive,0.0,0.3729383210529582
C_hybrid_capacity,text,20260927,3,-RfYyzHpjk4$_$11,-RfYyzHpjk4,Positive,Positive,2.0,0.6510420993873534
C_hybrid_capacity,text,20260927,3,-RfYyzHpjk4$_$2,-RfYyzHpjk4,Positive,Positive,0.3333333432674408,0.1579339662866059
C_hybrid_capacity,text,20260927,3,-RfYyzHpjk4$_$8,-RfYyzHpjk4,Positive,Positive,0.3333333432674408,0.2933312397600135
C_hybrid_capacity,text,20260927,4,-THoVjtIkeU$_$12,-THoVjtIkeU,Positive,Neutral,2.0,0.3519945236741743
C_hybrid_capacity,text,20260927,4,-THoVjtIkeU$_$2,-THoVjtIkeU,Positive,Positive,1.3333333730697632,0.6363186662050802
C_hybrid_capacity,text,20260927,4,-THoVjtIkeU$_$6,-THoVjtIkeU,Positive,Positive,2.6666667461395264,0.7443978900461479
C_hybrid_capacity,text,20260927,3,-UUCSKoHeMA$_$0,-UUCSKoHeMA,Neutral,Positive,0.0,0.5100911185062083
C_hybrid_capacity,text,20260927,4,-UacrmKiTn4$_$10,-UacrmKiTn4,Negative,Neutral,-0.6666666865348816,0.01865673564016146
C_hybrid_capacity,text,20260927,4,-UacrmKiTn4$_$4,-UacrmKiTn4,Negative,Neutral,-1.3333333730697632,0.20283030100119084
C_hybrid_capacity,text,20260927,1,-UuX1xuaiiE$_$0,-UuX1xuaiiE,Positive,Positive,2.6666667461395264,1.010499027981965
C_hybrid_capacity,text,20260927,1,-UuX1xuaiiE$_$1,-UuX1xuaiiE,Positive,Neutral,1.6666666269302368,0.42300021440672775
C_hybrid_capacity,text,20260927,1,-UuX1xuaiiE$_$3,-UuX1xuaiiE,Positive,Positive,0.3333333432674408,0.3811294737340318
C_hybrid_capacity,text,20260927,1,-UuX1xuaiiE$_$6,-UuX1xuaiiE,Negative,Neutral,-0.3333333432674408,0.1919698925410258
C_hybrid_capacity,text,20260927,1,-a55Q6RWvTA$_$3,-a55Q6RWvTA,Positive,Positive,0.6666666865348816,0.536716654718848
C_hybrid_capacity,text,20260927,2,-aNfi7CP8vM$_$7,-aNfi7CP8vM,Neutral,Positive,0.0,0.2902330538806768
C_hybrid_capacity,text,20260927,1,-aqamKhZ1Ec$_$0,-aqamKhZ1Ec,Negative,Neutral,-2.0,0.012017535342047303
C_hybrid_capacity,text,20260927,4,-dxfTGcXJoc$_$0,-dxfTGcXJoc,Positive,Positive,1.0,0.403295818033822
C_hybrid_capacity,text,20260927,4,-dxfTGcXJoc$_$1,-dxfTGcXJoc,Positive,Positive,1.6666666269302368,0.5699277834637912
C_hybrid_capacity,text,20260927,4,-dxfTGcXJoc$_$2,-dxfTGcXJoc,Positive,Positive,0.6666666865348816,0.8323214584185459
C_hybrid_capacity,text,20260927,4,-dxfTGcXJoc$_$6,-dxfTGcXJoc,Positive,Positive,0.6666666865348816,0.5351828250440134
C_hybrid_capacity,text,20260927,1,-egA8-b7-3M$_$1,-egA8-b7-3M,Positive,Positive,0.6666666865348816,0.6423258754766594
C_hybrid_capacity,text,20260927,1,-egA8-b7-3M$_$13,-egA8-b7-3M,Positive,Positive,0.3333333432674408,0.2560270302140515
C_hybrid_capacity,text,20260927,1,-egA8-b7-3M$_$16,-egA8-b7-3M,Positive,Positive,0.6666666865348816,0.5285161461545851
C_hybrid_capacity,text,20260927,1,-egA8-b7-3M$_$17,-egA8-b7-3M,Positive,Positive,0.3333333432674408,0.5916686273954548
C_hybrid_capacity,text,20260927,1,-egA8-b7-3M$_$18,-egA8-b7-3M,Positive,Positive,1.0,0.7913473529316546
C_hybrid_capacity,text,20260927,1,-egA8-b7-3M$_$20,-egA8-b7-3M,Positive,Positive,0.3333333432674408,0.6434767355907174
C_hybrid_capacity,text,20260927,1,-egA8-b7-3M$_$26,-egA8-b7-3M,Positive,Positive,1.6666666269302368,0.9884610050730003
C_hybrid_capacity,text,20260927,1,-egA8-b7-3M$_$6,-egA8-b7-3M,Positive,Positive,0.6666666865348816,0.6780045698292925
C_hybrid_capacity,text,20260927,1,-egA8-b7-3M$_$9,-egA8-b7-3M,Positive,Positive,0.3333333432674408,0.7085215437621141
C_hybrid_capacity,text,20260927,0,-hnBHBN8p5A$_$6,-hnBHBN8p5A,Positive,Positive,1.0,0.6169749367681098
C_hybrid_capacity,text,20260927,0,-hnBHBN8p5A$_$7,-hnBHBN8p5A,Positive,Neutral,0.6666666865348816,0.1640619899935048
C_hybrid_capacity,text,20260927,3,-iRBcNs9oI8$_$3,-iRBcNs9oI8,Positive,Neutral,0.6666666865348816,0.4724146792862558
C_hybrid_capacity,text,20260927,3,-iRBcNs9oI8$_$6,-iRBcNs9oI8,Positive,Neutral,0.3333333432674408,0.5658942272742975
C_hybrid_capacity,text,20260927,3,-iRBcNs9oI8$_$7,-iRBcNs9oI8,Positive,Positive,0.6666666865348816,0.48585990153170966
C_hybrid_capacity,text,20260927,3,-iRBcNs9oI8$_$8,-iRBcNs9oI8,Positive,Positive,1.0,0.6799781075484936
C_hybrid_capacity,text,20260927,3,-iRBcNs9oI8$_$9,-iRBcNs9oI8,Positive,Positive,1.3333333730697632,0.44686628877669426
C_hybrid_capacity,text,20260927,1,-lzEya4AM_4$_$5,-lzEya4AM_4,Negative,Neutral,-0.6666666865348816,0.020903906986323495
C_hybrid_capacity,text,20260927,1,-lzEya4AM_4$_$6,-lzEya4AM_4,Negative,Negative,-0.3333333432674408,-0.3868730567521095
C_hybrid_capacity,text,20260927,3,-mJ2ud6oKI8$_$1,-mJ2ud6oKI8,Neutral,Positive,0.0,0.53661830434961
C_hybrid_capacity,text,20260927,3,-mJ2ud6oKI8$_$2,-mJ2ud6oKI8,Neutral,Positive,0.0,0.24640798511835751
C_hybrid_capacity,text,20260927,3,-mJ2ud6oKI8$_$6,-mJ2ud6oKI8,Positive,Neutral,0.3333333432674408,0.1895340063841764
C_hybrid_capacity,text,20260927,3,-mJ2ud6oKI8$_$8,-mJ2ud6oKI8,Negative,Positive,-0.3333333432674408,0.19745876108431143
C_hybrid_capacity,text,20260927,3,-mJ2ud6oKI8$_$9,-mJ2ud6oKI8,Neutral,Positive,0.0,0.3507663094367045
C_hybrid_capacity,text,20260927,2,-mqbVkbCndg$_$0,-mqbVkbCndg,Neutral,Positive,0.0,0.6483808862581488
C_hybrid_capacity,text,20260927,0,-qDkUB0GgYY$_$6,-qDkUB0GgYY,Positive,Positive,1.3333333730697632,1.4263127954448174
C_hybrid_capacity,text,20260927,2,-ri04Z7vwnc$_$0,-ri04Z7vwnc,Neutral,Positive,0.0,-0.17567416292281246
C_hybrid_capacity,text,20260927,2,-ri04Z7vwnc$_$2,-ri04Z7vwnc,Negative,Positive,-0.3333333432674408,0.31485076000942896
C_hybrid_capacity,text,20260927,2,-ri04Z7vwnc$_$5,-ri04Z7vwnc,Positive,Positive,0.3333333432674408,0.6833701818506854
C_hybrid_capacity,text,20260927,4,-s9qJ7ATP7w$_$0,-s9qJ7ATP7w,Negative,Neutral,-0.3333333432674408,0.21362536594010295
C_hybrid_capacity,text,20260927,4,-s9qJ7ATP7w$_$1,-s9qJ7ATP7w,Positive,Positive,0.6666666865348816,0.629279357887621
C_hybrid_capacity,text,20260927,4,-s9qJ7ATP7w$_$4,-s9qJ7ATP7w,Neutral,Positive,0.0,0.8712688435677816
C_hybrid_capacity,text,20260927,4,-s9qJ7ATP7w$_$5,-s9qJ7ATP7w,Negative,Positive,-2.0,0.3991925430355837
C_hybrid_capacity,text,20260927,4,-s9qJ7ATP7w$_$6,-s9qJ7ATP7w,Neutral,Positive,0.0,0.27537708729648447
C_hybrid_capacity,text,20260927,4,-s9qJ7ATP7w$_$7,-s9qJ7ATP7w,Positive,Negative,1.0,-0.01126504721515359
C_hybrid_capacity,text,20260927,4,-s9qJ7ATP7w$_$8,-s9qJ7ATP7w,Positive,Positive,1.3333333730697632,0.45237770585062326
C_hybrid_capacity,text,20260927,4,-t217m2on-s$_$2,-t217m2on-s,Positive,Positive,0.6666666865348816,0.20830716124793755
C_hybrid_capacity,text,20260927,4,-t217m2on-s$_$7,-t217m2on-s,Negative,Negative,-0.6666666865348816,-0.34662048928771255
C_hybrid_capacity,text,20260927,2,-tANM6ETl_M$_$3,-tANM6ETl_M,Positive,Positive,0.3333333432674408,-0.044287226877323116
C_hybrid_capacity,text,20260927,3,-tPCytz4rww$_$10,-tPCytz4rww,Neutral,Positive,0.0,0.3937007184257788
C_hybrid_capacity,text,20260927,3,-tPCytz4rww$_$11,-tPCytz4rww,Neutral,Positive,0.0,0.4028630605496961
C_hybrid_capacity,text,20260927,3,-tPCytz4rww$_$12,-tPCytz4rww,Neutral,Positive,0.0,0.4985572399747313
C_hybrid_capacity,text,20260927,3,-tPCytz4rww$_$16,-tPCytz4rww,Neutral,Positive,0.0,0.3283709834737973
C_hybrid_capacity,text,20260927,3,-tPCytz4rww$_$18,-tPCytz4rww,Neutral,Positive,0.0,0.4710821300945969
C_hybrid_capacity,text,20260927,2,-uywlfIYOS8$_$4,-uywlfIYOS8,Positive,Positive,0.3333333432674408,0.7575665045231657
C_hybrid_capacity,text,20260927,1,-vxjVxOeScU$_$4,-vxjVxOeScU,Positive,Positive,1.0,0.5903585346943133
C_hybrid_capacity,text,20260927,3,-wMB_hJL-3o$_$7,-wMB_hJL-3o,Positive,Positive,0.3333333432674408,0.4031942554850104
C_hybrid_capacity,text,20260927,0,-wny0OAz3g8$_$0,-wny0OAz3g8,Positive,Neutral,0.3333333432674408,0.006389319504547408
C_hybrid_capacity,text,20260927,0,-wny0OAz3g8$_$1,-wny0OAz3g8,Positive,Positive,0.3333333432674408,0.14043495479093385
C_hybrid_capacity,text,20260927,0,-wny0OAz3g8$_$2,-wny0OAz3g8,Negative,Positive,-0.3333333432674408,0.17994704192038655
C_hybrid_capacity,text,20260927,0,-wny0OAz3g8$_$3,-wny0OAz3g8,Negative,Neutral,-1.3333333730697632,-0.11860581430047468
C_hybrid_capacity,text,20260927,0,-wny0OAz3g8$_$5,-wny0OAz3g8,Positive,Positive,1.0,0.07764246192622776
C_hybrid_capacity,text,20260927,0,-wny0OAz3g8$_$7,-wny0OAz3g8,Neutral,Positive,0.0,0.23567327137144295
C_hybrid_capacity,text,20260927,0,-wny0OAz3g8$_$9,-wny0OAz3g8,Positive,Positive,0.6666666865348816,0.606236833754274
C_hybrid_capacity,text,20260927,2,-yRb-Jum7EQ$_$1,-yRb-Jum7EQ,Neutral,Negative,0.0,-0.07670616117145346
C_hybrid_capacity,text,20260927,2,-yRb-Jum7EQ$_$5,-yRb-Jum7EQ,Negative,Negative,-0.6666666865348816,0.2235089367754094
C_hybrid_capacity,text,20260927,2,-yRb-Jum7EQ$_$6,-yRb-Jum7EQ,Neutral,Negative,0.0,-0.26508170867080116
C_hybrid_capacity,text,20260928,0,-3g5yACwYnA$_$13,-3g5yACwYnA,Positive,Positive,0.6666666865348816,-0.14032759283117824
C_hybrid_capacity,text,20260928,0,-3g5yACwYnA$_$2,-3g5yACwYnA,Neutral,Positive,0.0,0.4548362338304217
C_hybrid_capacity,text,20260928,0,-3g5yACwYnA$_$3,-3g5yACwYnA,Neutral,Positive,0.0,0.1006608617955812
C_hybrid_capacity,text,20260928,0,-3g5yACwYnA$_$9,-3g5yACwYnA,Positive,Positive,0.6666666865348816,0.4536728064533194
C_hybrid_capacity,text,20260928,0,-3nNcZdcdvU$_$5,-3nNcZdcdvU,Neutral,Negative,0.0,-0.4995896198305926
C_hybrid_capacity,text,20260928,4,-571d8cVauQ$_$0,-571d8cVauQ,Neutral,Neutral,0.0,0.1164245766769526
C_hybrid_capacity,text,20260928,4,-571d8cVauQ$_$5,-571d8cVauQ,Positive,Positive,0.3333333432674408,0.5949080637213615
C_hybrid_capacity,text,20260928,2,-6rXp3zJ3kc$_$8,-6rXp3zJ3kc,Negative,Positive,-1.0,0.5747536282329646
C_hybrid_capacity,text,20260928,1,-9y-fZ3swSY$_$0,-9y-fZ3swSY,Positive,Positive,1.0,0.40448105200796025
C_hybrid_capacity,text,20260928,1,-9y-fZ3swSY$_$4,-9y-fZ3swSY,Neutral,Positive,0.0,1.0441081001525112
C_hybrid_capacity,text,20260928,1,-9y-fZ3swSY$_$8,-9y-fZ3swSY,Positive,Positive,1.6666666269302368,0.1111745354969706
C_hybrid_capacity,text,20260928,1,-AUZQgSxyPQ$_$2,-AUZQgSxyPQ,Positive,Positive,0.6666666865348816,0.5606520647106681
C_hybrid_capacity,text,20260928,4,-HeZS2-Prhc$_$2,-HeZS2-Prhc,Positive,Positive,0.6666666865348816,0.14116094573571464
C_hybrid_capacity,text,20260928,4,-HwX2H8Z4hY$_$2,-HwX2H8Z4hY,Neutral,Neutral,0.0,0.5575494292802764
C_hybrid_capacity,text,20260928,4,-HwX2H8Z4hY$_$5,-HwX2H8Z4hY,Negative,Neutral,-1.0,0.2744734290266182
C_hybrid_capacity,text,20260928,4,-HwX2H8Z4hY$_$6,-HwX2H8Z4hY,Neutral,Positive,0.0,0.3366538229248789
C_hybrid_capacity,text,20260928,4,-HwX2H8Z4hY$_$9,-HwX2H8Z4hY,Negative,Negative,-0.3333333432674408,-0.07723436868893474
C_hybrid_capacity,text,20260928,3,-I_e4mIh0yE$_$1,-I_e4mIh0yE,Negative,Neutral,-0.6666666865348816,-0.033515022370873115
C_hybrid_capacity,text,20260928,3,-I_e4mIh0yE$_$3,-I_e4mIh0yE,Positive,Positive,0.6666666865348816,0.32115411390409815
C_hybrid_capacity,text,20260928,2,-MeTTeMJBNc$_$0,-MeTTeMJBNc,Positive,Positive,0.3333333432674408,0.3091664904130725
C_hybrid_capacity,text,20260928,2,-MeTTeMJBNc$_$13,-MeTTeMJBNc,Positive,Positive,0.3333333432674408,0.5398945157405326
C_hybrid_capacity,text,20260928,2,-MeTTeMJBNc$_$7,-MeTTeMJBNc,Positive,Positive,1.3333333730697632,0.5525713091409629
C_hybrid_capacity,text,20260928,4,-NFrJFQijFE$_$1,-NFrJFQijFE,Positive,Neutral,0.3333333432674408,-0.5243102451572201
C_hybrid_capacity,text,20260928,4,-NFrJFQijFE$_$2,-NFrJFQijFE,Neutral,Positive,0.0,0.4479573376838737
C_hybrid_capacity,text,20260928,1,-RfYyzHpjk4$_$11,-RfYyzHpjk4,Positive,Positive,2.0,0.9106857509350511
C_hybrid_capacity,text,20260928,1,-RfYyzHpjk4$_$2,-RfYyzHpjk4,Positive,Positive,0.3333333432674408,0.04404941309836902
C_hybrid_capacity,text,20260928,1,-RfYyzHpjk4$_$8,-RfYyzHpjk4,Positive,Positive,0.3333333432674408,0.2884023465352543
C_hybrid_capacity,text,20260928,0,-THoVjtIkeU$_$12,-THoVjtIkeU,Positive,Neutral,2.0,-0.15560110419444656
C_hybrid_capacity,text,20260928,0,-THoVjtIkeU$_$2,-THoVjtIkeU,Positive,Positive,1.3333333730697632,0.5184815687512797
C_hybrid_capacity,text,20260928,0,-THoVjtIkeU$_$6,-THoVjtIkeU,Positive,Positive,2.6666667461395264,0.48384977003033064
C_hybrid_capacity,text,20260928,1,-UUCSKoHeMA$_$0,-UUCSKoHeMA,Neutral,Positive,0.0,0.5552876609356863
C_hybrid_capacity,text,20260928,2,-UacrmKiTn4$_$10,-UacrmKiTn4,Negative,Positive,-0.6666666865348816,0.09828417009868934
C_hybrid_capacity,text,20260928,2,-UacrmKiTn4$_$4,-UacrmKiTn4,Negative,Neutral,-1.3333333730697632,0.27546354605543
C_hybrid_capacity,text,20260928,0,-UuX1xuaiiE$_$0,-UuX1xuaiiE,Positive,Positive,2.6666667461395264,0.7513261679008085
C_hybrid_capacity,text,20260928,0,-UuX1xuaiiE$_$1,-UuX1xuaiiE,Positive,Neutral,1.6666666269302368,0.06435190685306941
C_hybrid_capacity,text,20260928,0,-UuX1xuaiiE$_$3,-UuX1xuaiiE,Positive,Positive,0.3333333432674408,0.4556940742910378
C_hybrid_capacity,text,20260928,0,-UuX1xuaiiE$_$6,-UuX1xuaiiE,Negative,Neutral,-0.3333333432674408,0.1412582679231194
C_hybrid_capacity,text,20260928,3,-a55Q6RWvTA$_$3,-a55Q6RWvTA,Positive,Positive,0.6666666865348816,0.6295320796725705
C_hybrid_capacity,text,20260928,3,-aNfi7CP8vM$_$7,-aNfi7CP8vM,Neutral,Negative,0.0,0.1726461743481148
C_hybrid_capacity,text,20260928,1,-aqamKhZ1Ec$_$0,-aqamKhZ1Ec,Negative,Positive,-2.0,0.2933450092212103
C_hybrid_capacity,text,20260928,0,-dxfTGcXJoc$_$0,-dxfTGcXJoc,Positive,Positive,1.0,0.27644107840894283
C_hybrid_capacity,text,20260928,0,-dxfTGcXJoc$_$1,-dxfTGcXJoc,Positive,Positive,1.6666666269302368,0.45968250785236997
C_hybrid_capacity,text,20260928,0,-dxfTGcXJoc$_$2,-dxfTGcXJoc,Positive,Positive,0.6666666865348816,0.8032491174998906
C_hybrid_capacity,text,20260928,0,-dxfTGcXJoc$_$6,-dxfTGcXJoc,Positive,Positive,0.6666666865348816,0.47664887555706026
C_hybrid_capacity,text,20260928,3,-egA8-b7-3M$_$1,-egA8-b7-3M,Positive,Positive,0.6666666865348816,0.6405477389003356
C_hybrid_capacity,text,20260928,3,-egA8-b7-3M$_$13,-egA8-b7-3M,Positive,Positive,0.3333333432674408,0.5760301099629396
C_hybrid_capacity,text,20260928,3,-egA8-b7-3M$_$16,-egA8-b7-3M,Positive,Positive,0.6666666865348816,0.6788474582965851
C_hybrid_capacity,text,20260928,3,-egA8-b7-3M$_$17,-egA8-b7-3M,Positive,Positive,0.3333333432674408,0.7647178039582989
C_hybrid_capacity,text,20260928,3,-egA8-b7-3M$_$18,-egA8-b7-3M,Positive,Positive,1.0,0.9572878620775808
C_hybrid_capacity,text,20260928,3,-egA8-b7-3M$_$20,-egA8-b7-3M,Positive,Positive,0.3333333432674408,0.8749845116064233
C_hybrid_capacity,text,20260928,3,-egA8-b7-3M$_$26,-egA8-b7-3M,Positive,Positive,1.6666666269302368,1.0679862236520143
C_hybrid_capacity,text,20260928,3,-egA8-b7-3M$_$6,-egA8-b7-3M,Positive,Positive,0.6666666865348816,0.703304553821422
C_hybrid_capacity,text,20260928,3,-egA8-b7-3M$_$9,-egA8-b7-3M,Positive,Positive,0.3333333432674408,0.6989381399809019
C_hybrid_capacity,text,20260928,3,-hnBHBN8p5A$_$6,-hnBHBN8p5A,Positive,Positive,1.0,0.5494493152601753
C_hybrid_capacity,text,20260928,3,-hnBHBN8p5A$_$7,-hnBHBN8p5A,Positive,Positive,0.6666666865348816,0.05034062388840477
C_hybrid_capacity,text,20260928,4,-iRBcNs9oI8$_$3,-iRBcNs9oI8,Positive,Positive,0.6666666865348816,0.4350179561782798
C_hybrid_capacity,text,20260928,4,-iRBcNs9oI8$_$6,-iRBcNs9oI8,Positive,Positive,0.3333333432674408,0.24793288818503512
C_hybrid_capacity,text,20260928,4,-iRBcNs9oI8$_$7,-iRBcNs9oI8,Positive,Positive,0.6666666865348816,0.27465464328743944
C_hybrid_capacity,text,20260928,4,-iRBcNs9oI8$_$8,-iRBcNs9oI8,Positive,Positive,1.0,0.631315820216867
C_hybrid_capacity,text,20260928,4,-iRBcNs9oI8$_$9,-iRBcNs9oI8,Positive,Neutral,1.3333333730697632,0.12093305545453908
C_hybrid_capacity,text,20260928,4,-lzEya4AM_4$_$5,-lzEya4AM_4,Negative,Neutral,-0.6666666865348816,0.06394926109692456
C_hybrid_capacity,text,20260928,4,-lzEya4AM_4$_$6,-lzEya4AM_4,Negative,Negative,-0.3333333432674408,-0.37910295736962135
C_hybrid_capacity,text,20260928,3,-mJ2ud6oKI8$_$1,-mJ2ud6oKI8,Neutral,Positive,0.0,0.48256731090396643
C_hybrid_capacity,text,20260928,3,-mJ2ud6oKI8$_$2,-mJ2ud6oKI8,Neutral,Positive,0.0,0.28678168285481237
C_hybrid_capacity,text,20260928,3,-mJ2ud6oKI8$_$6,-mJ2ud6oKI8,Positive,Positive,0.3333333432674408,0.3262825960201948
C_hybrid_capacity,text,20260928,3,-mJ2ud6oKI8$_$8,-mJ2ud6oKI8,Negative,Positive,-0.3333333432674408,0.31453860569094233
C_hybrid_capacity,text,20260928,3,-mJ2ud6oKI8$_$9,-mJ2ud6oKI8,Neutral,Positive,0.0,0.3366530573582006
C_hybrid_capacity,text,20260928,0,-mqbVkbCndg$_$0,-mqbVkbCndg,Neutral,Positive,0.0,0.22841111509205506
C_hybrid_capacity,text,20260928,4,-qDkUB0GgYY$_$6,-qDkUB0GgYY,Positive,Positive,1.3333333730697632,1.4735388025570348
C_hybrid_capacity,text,20260928,0,-ri04Z7vwnc$_$0,-ri04Z7vwnc,Neutral,Negative,0.0,0.15788148378751743
C_hybrid_capacity,text,20260928,0,-ri04Z7vwnc$_$2,-ri04Z7vwnc,Negative,Positive,-0.3333333432674408,0.3676785769192258
C_hybrid_capacity,text,20260928,0,-ri04Z7vwnc$_$5,-ri04Z7vwnc,Positive,Positive,0.3333333432674408,0.7430324244814471
C_hybrid_capacity,text,20260928,1,-s9qJ7ATP7w$_$0,-s9qJ7ATP7w,Negative,Positive,-0.3333333432674408,0.0076454915245065536
C_hybrid_capacity,text,20260928,1,-s9qJ7ATP7w$_$1,-s9qJ7ATP7w,Positive,Positive,0.6666666865348816,0.8623471788256868
C_hybrid_capacity,text,20260928,1,-s9qJ7ATP7w$_$4,-s9qJ7ATP7w,Neutral,Positive,0.0,0.770144349256375
C_hybrid_capacity,text,20260928,1,-s9qJ7ATP7w$_$5,-s9qJ7ATP7w,Negative,Positive,-2.0,0.8927936622952262
C_hybrid_capacity,text,20260928,1,-s9qJ7ATP7w$_$6,-s9qJ7ATP7w,Neutral,Positive,0.0,0.18510226959253723
C_hybrid_capacity,text,20260928,1,-s9qJ7ATP7w$_$7,-s9qJ7ATP7w,Positive,Positive,1.0,0.1256236355103721
C_hybrid_capacity,text,20260928,1,-s9qJ7ATP7w$_$8,-s9qJ7ATP7w,Positive,Positive,1.3333333730697632,0.7492684818437466
C_hybrid_capacity,text,20260928,2,-t217m2on-s$_$2,-t217m2on-s,Positive,Positive,0.6666666865348816,0.5179651518440204
C_hybrid_capacity,text,20260928,2,-t217m2on-s$_$7,-t217m2on-s,Negative,Negative,-0.6666666865348816,-0.2187311010630026
C_hybrid_capacity,text,20260928,4,-tANM6ETl_M$_$3,-tANM6ETl_M,Positive,Positive,0.3333333432674408,-0.10599523541188266
C_hybrid_capacity,text,20260928,2,-tPCytz4rww$_$10,-tPCytz4rww,Neutral,Positive,0.0,0.5046786191549341
C_hybrid_capacity,text,20260928,2,-tPCytz4rww$_$11,-tPCytz4rww,Neutral,Positive,0.0,0.5373133380005827
C_hybrid_capacity,text,20260928,2,-tPCytz4rww$_$12,-tPCytz4rww,Neutral,Positive,0.0,0.8021065024421319
C_hybrid_capacity,text,20260928,2,-tPCytz4rww$_$16,-tPCytz4rww,Neutral,Positive,0.0,0.2749677584643423
C_hybrid_capacity,text,20260928,2,-tPCytz4rww$_$18,-tPCytz4rww,Neutral,Positive,0.0,0.5152789851029992
C_hybrid_capacity,text,20260928,2,-uywlfIYOS8$_$4,-uywlfIYOS8,Positive,Positive,0.3333333432674408,0.5861821735962744
C_hybrid_capacity,text,20260928,2,-vxjVxOeScU$_$4,-vxjVxOeScU,Positive,Positive,1.0,0.9103845908568591
C_hybrid_capacity,text,20260928,4,-wMB_hJL-3o$_$7,-wMB_hJL-3o,Positive,Positive,0.3333333432674408,0.6074760992074506
C_hybrid_capacity,text,20260928,3,-wny0OAz3g8$_$0,-wny0OAz3g8,Positive,Neutral,0.3333333432674408,-0.06772544175451345
C_hybrid_capacity,text,20260928,3,-wny0OAz3g8$_$1,-wny0OAz3g8,Positive,Neutral,0.3333333432674408,0.12616978816989793
C_hybrid_capacity,text,20260928,3,-wny0OAz3g8$_$2,-wny0OAz3g8,Negative,Negative,-0.3333333432674408,0.13819155969130603
C_hybrid_capacity,text,20260928,3,-wny0OAz3g8$_$3,-wny0OAz3g8,Negative,Neutral,-1.3333333730697632,-0.13799154022178006
C_hybrid_capacity,text,20260928,3,-wny0OAz3g8$_$5,-wny0OAz3g8,Positive,Positive,1.0,-0.024175650779009183
C_hybrid_capacity,text,20260928,3,-wny0OAz3g8$_$7,-wny0OAz3g8,Neutral,Positive,0.0,0.16176125225232757
C_hybrid_capacity,text,20260928,3,-wny0OAz3g8$_$9,-wny0OAz3g8,Positive,Positive,0.6666666865348816,0.6758519289572069
C_hybrid_capacity,text,20260928,1,-yRb-Jum7EQ$_$1,-yRb-Jum7EQ,Neutral,Negative,0.0,0.14139549129759343
C_hybrid_capacity,text,20260928,1,-yRb-Jum7EQ$_$5,-yRb-Jum7EQ,Negative,Negative,-0.6666666865348816,0.39417162486891816
C_hybrid_capacity,text,20260928,1,-yRb-Jum7EQ$_$6,-yRb-Jum7EQ,Neutral,Negative,0.0,0.16441989835731274
C_hybrid_capacity,audio,20260924,1,-3g5yACwYnA$_$13,-3g5yACwYnA,Positive,Neutral,0.6666666865348816,0.29389733252303857
C_hybrid_capacity,audio,20260924,1,-3g5yACwYnA$_$2,-3g5yACwYnA,Neutral,Neutral,0.0,0.2878084473656449
C_hybrid_capacity,audio,20260924,1,-3g5yACwYnA$_$3,-3g5yACwYnA,Neutral,Neutral,0.0,0.3439539405720045
C_hybrid_capacity,audio,20260924,1,-3g5yACwYnA$_$9,-3g5yACwYnA,Positive,Neutral,0.6666666865348816,0.04061054582116769
C_hybrid_capacity,audio,20260924,0,-3nNcZdcdvU$_$5,-3nNcZdcdvU,Neutral,Positive,0.0,0.59774857310853
C_hybrid_capacity,audio,20260924,3,-571d8cVauQ$_$0,-571d8cVauQ,Neutral,Positive,0.0,0.3298517351723822
C_hybrid_capacity,audio,20260924,3,-571d8cVauQ$_$5,-571d8cVauQ,Positive,Neutral,0.3333333432674408,0.30229425380394087
C_hybrid_capacity,audio,20260924,0,-6rXp3zJ3kc$_$8,-6rXp3zJ3kc,Negative,Neutral,-1.0,0.09862252053359874
C_hybrid_capacity,audio,20260924,0,-9y-fZ3swSY$_$0,-9y-fZ3swSY,Positive,Positive,1.0,0.9112146010528417
C_hybrid_capacity,audio,20260924,0,-9y-fZ3swSY$_$4,-9y-fZ3swSY,Neutral,Neutral,0.0,0.4514408005064183
C_hybrid_capacity,audio,20260924,0,-9y-fZ3swSY$_$8,-9y-fZ3swSY,Positive,Positive,1.6666666269302368,0.3276411915922192
C_hybrid_capacity,audio,20260924,0,-AUZQgSxyPQ$_$2,-AUZQgSxyPQ,Positive,Positive,0.6666666865348816,0.4009868377162662
C_hybrid_capacity,audio,20260924,4,-HeZS2-Prhc$_$2,-HeZS2-Prhc,Positive,Positive,0.6666666865348816,0.7516350293184384
C_hybrid_capacity,audio,20260924,4,-HwX2H8Z4hY$_$2,-HwX2H8Z4hY,Neutral,Negative,0.0,0.14210508117499188
C_hybrid_capacity,audio,20260924,4,-HwX2H8Z4hY$_$5,-HwX2H8Z4hY,Negative,Neutral,-1.0,0.39790050119210435
C_hybrid_capacity,audio,20260924,4,-HwX2H8Z4hY$_$6,-HwX2H8Z4hY,Neutral,Neutral,0.0,0.18664106250399298
C_hybrid_capacity,audio,20260924,4,-HwX2H8Z4hY$_$9,-HwX2H8Z4hY,Negative,Negative,-0.3333333432674408,0.08343435968487994
C_hybrid_capacity,audio,20260924,1,-I_e4mIh0yE$_$1,-I_e4mIh0yE,Negative,Negative,-0.6666666865348816,0.040663755200278484
C_hybrid_capacity,audio,20260924,1,-I_e4mIh0yE$_$3,-I_e4mIh0yE,Positive,Neutral,0.6666666865348816,0.19098666897942435
C_hybrid_capacity,audio,20260924,3,-MeTTeMJBNc$_$0,-MeTTeMJBNc,Positive,Negative,0.3333333432674408,0.475588610525178
C_hybrid_capacity,audio,20260924,3,-MeTTeMJBNc$_$13,-MeTTeMJBNc,Positive,Positive,0.3333333432674408,0.7504798949303382
C_hybrid_capacity,audio,20260924,3,-MeTTeMJBNc$_$7,-MeTTeMJBNc,Positive,Negative,1.3333333730697632,0.4772722393158789
C_hybrid_capacity,audio,20260924,3,-NFrJFQijFE$_$1,-NFrJFQijFE,Positive,Neutral,0.3333333432674408,0.21687876639098186
C_hybrid_capacity,audio,20260924,3,-NFrJFQijFE$_$2,-NFrJFQijFE,Neutral,Neutral,0.0,0.12890498974404196
C_hybrid_capacity,audio,20260924,2,-RfYyzHpjk4$_$11,-RfYyzHpjk4,Positive,Positive,2.0,0.4127291435821785
C_hybrid_capacity,audio,20260924,2,-RfYyzHpjk4$_$2,-RfYyzHpjk4,Positive,Positive,0.3333333432674408,0.4150887488363665
C_hybrid_capacity,audio,20260924,2,-RfYyzHpjk4$_$8,-RfYyzHpjk4,Positive,Positive,0.3333333432674408,0.5932721750140795
C_hybrid_capacity,audio,20260924,0,-THoVjtIkeU$_$12,-THoVjtIkeU,Positive,Neutral,2.0,0.15747176089861165
C_hybrid_capacity,audio,20260924,0,-THoVjtIkeU$_$2,-THoVjtIkeU,Positive,Positive,1.3333333730697632,0.4245703444120005
C_hybrid_capacity,audio,20260924,0,-THoVjtIkeU$_$6,-THoVjtIkeU,Positive,Neutral,2.6666667461395264,0.08754195616111599
C_hybrid_capacity,audio,20260924,4,-UUCSKoHeMA$_$0,-UUCSKoHeMA,Neutral,Positive,0.0,0.6916265751705455
C_hybrid_capacity,audio,20260924,0,-UacrmKiTn4$_$10,-UacrmKiTn4,Negative,Positive,-0.6666666865348816,0.3421559828537761
C_hybrid_capacity,audio,20260924,0,-UacrmKiTn4$_$4,-UacrmKiTn4,Negative,Neutral,-1.3333333730697632,0.2481344901479598
C_hybrid_capacity,audio,20260924,2,-UuX1xuaiiE$_$0,-UuX1xuaiiE,Positive,Neutral,2.6666667461395264,0.15736367807365587
C_hybrid_capacity,audio,20260924,2,-UuX1xuaiiE$_$1,-UuX1xuaiiE,Positive,Negative,1.6666666269302368,0.08642873444267246
C_hybrid_capacity,audio,20260924,2,-UuX1xuaiiE$_$3,-UuX1xuaiiE,Positive,Negative,0.3333333432674408,0.22851141931961938
C_hybrid_capacity,audio,20260924,2,-UuX1xuaiiE$_$6,-UuX1xuaiiE,Negative,Neutral,-0.3333333432674408,0.033185779302075225
C_hybrid_capacity,audio,20260924,4,-a55Q6RWvTA$_$3,-a55Q6RWvTA,Positive,Negative,0.6666666865348816,0.1740932003092645
C_hybrid_capacity,audio,20260924,0,-aNfi7CP8vM$_$7,-aNfi7CP8vM,Neutral,Positive,0.0,0.597338118175053
C_hybrid_capacity,audio,20260924,3,-aqamKhZ1Ec$_$0,-aqamKhZ1Ec,Negative,Negative,-2.0,0.4629517791049016
C_hybrid_capacity,audio,20260924,4,-dxfTGcXJoc$_$0,-dxfTGcXJoc,Positive,Neutral,1.0,0.20723564813278067
C_hybrid_capacity,audio,20260924,4,-dxfTGcXJoc$_$1,-dxfTGcXJoc,Positive,Neutral,1.6666666269302368,0.27318892727372146
C_hybrid_capacity,audio,20260924,4,-dxfTGcXJoc$_$2,-dxfTGcXJoc,Positive,Positive,0.6666666865348816,0.36713355245199814
C_hybrid_capacity,audio,20260924,4,-dxfTGcXJoc$_$6,-dxfTGcXJoc,Positive,Positive,0.6666666865348816,0.4700095190525517
C_hybrid_capacity,audio,20260924,4,-egA8-b7-3M$_$1,-egA8-b7-3M,Positive,Positive,0.6666666865348816,0.5943809564230766
C_hybrid_capacity,audio,20260924,4,-egA8-b7-3M$_$13,-egA8-b7-3M,Positive,Positive,0.3333333432674408,0.40271982640044895
C_hybrid_capacity,audio,20260924,4,-egA8-b7-3M$_$16,-egA8-b7-3M,Positive,Positive,0.6666666865348816,0.42884644886693757
C_hybrid_capacity,audio,20260924,4,-egA8-b7-3M$_$17,-egA8-b7-3M,Positive,Positive,0.3333333432674408,0.31170973337693
C_hybrid_capacity,audio,20260924,4,-egA8-b7-3M$_$18,-egA8-b7-3M,Positive,Positive,1.0,0.548188366258463
C_hybrid_capacity,audio,20260924,4,-egA8-b7-3M$_$20,-egA8-b7-3M,Positive,Positive,0.3333333432674408,0.43270709031172333
C_hybrid_capacity,audio,20260924,4,-egA8-b7-3M$_$26,-egA8-b7-3M,Positive,Positive,1.6666666269302368,0.5379930744602436
C_hybrid_capacity,audio,20260924,4,-egA8-b7-3M$_$6,-egA8-b7-3M,Positive,Positive,0.6666666865348816,0.5904112134728865
C_hybrid_capacity,audio,20260924,4,-egA8-b7-3M$_$9,-egA8-b7-3M,Positive,Positive,0.3333333432674408,0.6536991992243446
C_hybrid_capacity,audio,20260924,3,-hnBHBN8p5A$_$6,-hnBHBN8p5A,Positive,Positive,1.0,0.8266425916506932
C_hybrid_capacity,audio,20260924,3,-hnBHBN8p5A$_$7,-hnBHBN8p5A,Positive,Positive,0.6666666865348816,0.5668793179864597
C_hybrid_capacity,audio,20260924,1,-iRBcNs9oI8$_$3,-iRBcNs9oI8,Positive,Positive,0.6666666865348816,0.7535298100369621
C_hybrid_capacity,audio,20260924,1,-iRBcNs9oI8$_$6,-iRBcNs9oI8,Positive,Positive,0.3333333432674408,0.49020867163104437
C_hybrid_capacity,audio,20260924,1,-iRBcNs9oI8$_$7,-iRBcNs9oI8,Positive,Positive,0.6666666865348816,1.4112544372948976
C_hybrid_capacity,audio,20260924,1,-iRBcNs9oI8$_$8,-iRBcNs9oI8,Positive,Positive,1.0,0.7133042521748738
C_hybrid_capacity,audio,20260924,1,-iRBcNs9oI8$_$9,-iRBcNs9oI8,Positive,Positive,1.3333333730697632,0.3251942006645137
C_hybrid_capacity,audio,20260924,1,-lzEya4AM_4$_$5,-lzEya4AM_4,Negative,Positive,-0.6666666865348816,0.2440382128836489
C_hybrid_capacity,audio,20260924,1,-lzEya4AM_4$_$6,-lzEya4AM_4,Negative,Positive,-0.3333333432674408,0.3807209768959238
C_hybrid_capacity,audio,20260924,4,-mJ2ud6oKI8$_$1,-mJ2ud6oKI8,Neutral,Neutral,0.0,-3.864089348546064
C_hybrid_capacity,audio,20260924,4,-mJ2ud6oKI8$_$2,-mJ2ud6oKI8,Neutral,Neutral,0.0,-3.864089348546064
C_hybrid_capacity,audio,20260924,4,-mJ2ud6oKI8$_$6,-mJ2ud6oKI8,Positive,Positive,0.3333333432674408,-0.024187116640429496
C_hybrid_capacity,audio,20260924,4,-mJ2ud6oKI8$_$8,-mJ2ud6oKI8,Negative,Negative,-0.3333333432674408,0.19162956323375818
C_hybrid_capacity,audio,20260924,4,-mJ2ud6oKI8$_$9,-mJ2ud6oKI8,Neutral,Negative,0.0,0.14609613373430447
C_hybrid_capacity,audio,20260924,2,-mqbVkbCndg$_$0,-mqbVkbCndg,Neutral,Negative,0.0,0.2530203305375995
C_hybrid_capacity,audio,20260924,1,-qDkUB0GgYY$_$6,-qDkUB0GgYY,Positive,Positive,1.3333333730697632,0.32972834342055723
C_hybrid_capacity,audio,20260924,1,-ri04Z7vwnc$_$0,-ri04Z7vwnc,Neutral,Negative,0.0,-0.18142960353606097
C_hybrid_capacity,audio,20260924,1,-ri04Z7vwnc$_$2,-ri04Z7vwnc,Negative,Negative,-0.3333333432674408,0.2226753373919919
C_hybrid_capacity,audio,20260924,1,-ri04Z7vwnc$_$5,-ri04Z7vwnc,Positive,Positive,0.3333333432674408,0.5554953431995375
C_hybrid_capacity,audio,20260924,1,-s9qJ7ATP7w$_$0,-s9qJ7ATP7w,Negative,Neutral,-0.3333333432674408,0.1256174862600718
C_hybrid_capacity,audio,20260924,1,-s9qJ7ATP7w$_$1,-s9qJ7ATP7w,Positive,Positive,0.6666666865348816,0.21572108060068484
C_hybrid_capacity,audio,20260924,1,-s9qJ7ATP7w$_$4,-s9qJ7ATP7w,Neutral,Neutral,0.0,0.23584221046914638
C_hybrid_capacity,audio,20260924,1,-s9qJ7ATP7w$_$5,-s9qJ7ATP7w,Negative,Positive,-2.0,0.32627669366372025
C_hybrid_capacity,audio,20260924,1,-s9qJ7ATP7w$_$6,-s9qJ7ATP7w,Neutral,Neutral,0.0,0.1377007162799944
C_hybrid_capacity,audio,20260924,1,-s9qJ7ATP7w$_$7,-s9qJ7ATP7w,Positive,Neutral,1.0,0.2654331372224816
C_hybrid_capacity,audio,20260924,1,-s9qJ7ATP7w$_$8,-s9qJ7ATP7w,Positive,Positive,1.3333333730697632,0.37520821395965265
C_hybrid_capacity,audio,20260924,3,-t217m2on-s$_$2,-t217m2on-s,Positive,Neutral,0.6666666865348816,0.2892355924845702
C_hybrid_capacity,audio,20260924,3,-t217m2on-s$_$7,-t217m2on-s,Negative,Neutral,-0.6666666865348816,0.4067256326269211
C_hybrid_capacity,audio,20260924,0,-tANM6ETl_M$_$3,-tANM6ETl_M,Positive,Negative,0.3333333432674408,0.2173312249890569
C_hybrid_capacity,audio,20260924,4,-tPCytz4rww$_$10,-tPCytz4rww,Neutral,Positive,0.0,0.29341974330118537
C_hybrid_capacity,audio,20260924,4,-tPCytz4rww$_$11,-tPCytz4rww,Neutral,Neutral,0.0,0.2884059371633814
C_hybrid_capacity,audio,20260924,4,-tPCytz4rww$_$12,-tPCytz4rww,Neutral,Neutral,0.0,0.17278368105766637
C_hybrid_capacity,audio,20260924,4,-tPCytz4rww$_$16,-tPCytz4rww,Neutral,Neutral,0.0,0.13358339815193784
C_hybrid_capacity,audio,20260924,4,-tPCytz4rww$_$18,-tPCytz4rww,Neutral,Neutral,0.0,0.2335586519659504
C_hybrid_capacity,audio,20260924,0,-uywlfIYOS8$_$4,-uywlfIYOS8,Positive,Positive,0.3333333432674408,0.36484178376448384
C_hybrid_capacity,audio,20260924,3,-vxjVxOeScU$_$4,-vxjVxOeScU,Positive,Positive,1.0,0.5498054632904841
C_hybrid_capacity,audio,20260924,1,-wMB_hJL-3o$_$7,-wMB_hJL-3o,Positive,Neutral,0.3333333432674408,0.4640481792002244
C_hybrid_capacity,audio,20260924,2,-wny0OAz3g8$_$0,-wny0OAz3g8,Positive,Positive,0.3333333432674408,0.41190718458607795
C_hybrid_capacity,audio,20260924,2,-wny0OAz3g8$_$1,-wny0OAz3g8,Positive,Positive,0.3333333432674408,0.5236243811380484
C_hybrid_capacity,audio,20260924,2,-wny0OAz3g8$_$2,-wny0OAz3g8,Negative,Positive,-0.3333333432674408,0.5165855192398949
C_hybrid_capacity,audio,20260924,2,-wny0OAz3g8$_$3,-wny0OAz3g8,Negative,Positive,-1.3333333730697632,0.46733471457700126
C_hybrid_capacity,audio,20260924,2,-wny0OAz3g8$_$5,-wny0OAz3g8,Positive,Positive,1.0,0.7240784361679661
C_hybrid_capacity,audio,20260924,2,-wny0OAz3g8$_$7,-wny0OAz3g8,Neutral,Positive,0.0,0.6332637648868531
C_hybrid_capacity,audio,20260924,2,-wny0OAz3g8$_$9,-wny0OAz3g8,Positive,Positive,0.6666666865348816,0.7069060357579009
C_hybrid_capacity,audio,20260924,4,-yRb-Jum7EQ$_$1,-yRb-Jum7EQ,Neutral,Negative,0.0,-0.08205768914042433
C_hybrid_capacity,audio,20260924,4,-yRb-Jum7EQ$_$5,-yRb-Jum7EQ,Negative,Positive,-0.6666666865348816,0.12076991835838685
C_hybrid_capacity,audio,20260924,4,-yRb-Jum7EQ$_$6,-yRb-Jum7EQ,Neutral,Negative,0.0,-0.1758130076244474
C_hybrid_capacity,audio,20260925,4,-3g5yACwYnA$_$13,-3g5yACwYnA,Positive,Neutral,0.6666666865348816,0.24245112553878068
C_hybrid_capacity,audio,20260925,4,-3g5yACwYnA$_$2,-3g5yACwYnA,Neutral,Neutral,0.0,0.16600096886095475
C_hybrid_capacity,audio,20260925,4,-3g5yACwYnA$_$3,-3g5yACwYnA,Neutral,Neutral,0.0,0.22166047142768125
C_hybrid_capacity,audio,20260925,4,-3g5yACwYnA$_$9,-3g5yACwYnA,Positive,Neutral,0.6666666865348816,-0.04986241563427446
C_hybrid_capacity,audio,20260925,0,-3nNcZdcdvU$_$5,-3nNcZdcdvU,Neutral,Positive,0.0,0.649187669220163
C_hybrid_capacity,audio,20260925,3,-571d8cVauQ$_$0,-571d8cVauQ,Neutral,Neutral,0.0,0.38825222211818344
C_hybrid_capacity,audio,20260925,3,-571d8cVauQ$_$5,-571d8cVauQ,Positive,Neutral,0.3333333432674408,0.26407777981046915
C_hybrid_capacity,audio,20260925,1,-6rXp3zJ3kc$_$8,-6rXp3zJ3kc,Negative,Negative,-1.0,0.11148407594959325
C_hybrid_capacity,audio,20260925,4,-9y-fZ3swSY$_$0,-9y-fZ3swSY,Positive,Positive,1.0,1.2587557411384722
C_hybrid_capacity,audio,20260925,4,-9y-fZ3swSY$_$4,-9y-fZ3swSY,Neutral,Positive,0.0,0.452965453954915
C_hybrid_capacity,audio,20260925,4,-9y-fZ3swSY$_$8,-9y-fZ3swSY,Positive,Positive,1.6666666269302368,0.21883307790066509
C_hybrid_capacity,audio,20260925,3,-AUZQgSxyPQ$_$2,-AUZQgSxyPQ,Positive,Positive,0.6666666865348816,0.5043407124212653
C_hybrid_capacity,audio,20260925,1,-HeZS2-Prhc$_$2,-HeZS2-Prhc,Positive,Positive,0.6666666865348816,0.6878318750958891
C_hybrid_capacity,audio,20260925,3,-HwX2H8Z4hY$_$2,-HwX2H8Z4hY,Neutral,Positive,0.0,0.13705376319872564
C_hybrid_capacity,audio,20260925,3,-HwX2H8Z4hY$_$5,-HwX2H8Z4hY,Negative,Positive,-1.0,0.3314921775474777
C_hybrid_capacity,audio,20260925,3,-HwX2H8Z4hY$_$6,-HwX2H8Z4hY,Neutral,Neutral,0.0,0.14383828067909538
C_hybrid_capacity,audio,20260925,3,-HwX2H8Z4hY$_$9,-HwX2H8Z4hY,Negative,Neutral,-0.3333333432674408,0.043980565408847094
C_hybrid_capacity,audio,20260925,4,-I_e4mIh0yE$_$1,-I_e4mIh0yE,Negative,Negative,-0.6666666865348816,0.008930164665134854
C_hybrid_capacity,audio,20260925,4,-I_e4mIh0yE$_$3,-I_e4mIh0yE,Positive,Negative,0.6666666865348816,0.12503283993895997
C_hybrid_capacity,audio,20260925,0,-MeTTeMJBNc$_$0,-MeTTeMJBNc,Positive,Negative,0.3333333432674408,0.35845959973352076
C_hybrid_capacity,audio,20260925,0,-MeTTeMJBNc$_$13,-MeTTeMJBNc,Positive,Positive,0.3333333432674408,0.6887022413588932
C_hybrid_capacity,audio,20260925,0,-MeTTeMJBNc$_$7,-MeTTeMJBNc,Positive,Negative,1.3333333730697632,0.32450835053959926
C_hybrid_capacity,audio,20260925,4,-NFrJFQijFE$_$1,-NFrJFQijFE,Positive,Neutral,0.3333333432674408,0.2243865173072731
C_hybrid_capacity,audio,20260925,4,-NFrJFQijFE$_$2,-NFrJFQijFE,Neutral,Positive,0.0,0.14307928893252814
C_hybrid_capacity,audio,20260925,2,-RfYyzHpjk4$_$11,-RfYyzHpjk4,Positive,Neutral,2.0,0.523937195604327
C_hybrid_capacity,audio,20260925,2,-RfYyzHpjk4$_$2,-RfYyzHpjk4,Positive,Positive,0.3333333432674408,0.40756355947322337
C_hybrid_capacity,audio,20260925,2,-RfYyzHpjk4$_$8,-RfYyzHpjk4,Positive,Positive,0.3333333432674408,0.6790645255508174
C_hybrid_capacity,audio,20260925,2,-THoVjtIkeU$_$12,-THoVjtIkeU,Positive,Neutral,2.0,0.1970492605130621
C_hybrid_capacity,audio,20260925,2,-THoVjtIkeU$_$2,-THoVjtIkeU,Positive,Positive,1.3333333730697632,0.6745872985547268
C_hybrid_capacity,audio,20260925,2,-THoVjtIkeU$_$6,-THoVjtIkeU,Positive,Positive,2.6666667461395264,0.1526119770126518
C_hybrid_capacity,audio,20260925,4,-UUCSKoHeMA$_$0,-UUCSKoHeMA,Neutral,Positive,0.0,0.8917817504362611
C_hybrid_capacity,audio,20260925,2,-UacrmKiTn4$_$10,-UacrmKiTn4,Negative,Positive,-0.6666666865348816,0.3381006749323064
C_hybrid_capacity,audio,20260925,2,-UacrmKiTn4$_$4,-UacrmKiTn4,Negative,Neutral,-1.3333333730697632,0.2756230791766643
C_hybrid_capacity,audio,20260925,0,-UuX1xuaiiE$_$0,-UuX1xuaiiE,Positive,Neutral,2.6666667461395264,0.12048981108643106
C_hybrid_capacity,audio,20260925,0,-UuX1xuaiiE$_$1,-UuX1xuaiiE,Positive,Neutral,1.6666666269302368,0.07053328738067449
C_hybrid_capacity,audio,20260925,0,-UuX1xuaiiE$_$3,-UuX1xuaiiE,Positive,Positive,0.3333333432674408,0.2940593213932675
C_hybrid_capacity,audio,20260925,0,-UuX1xuaiiE$_$6,-UuX1xuaiiE,Negative,Neutral,-0.3333333432674408,0.08335514532077035
C_hybrid_capacity,audio,20260925,1,-a55Q6RWvTA$_$3,-a55Q6RWvTA,Positive,Neutral,0.6666666865348816,0.2591723576392997
C_hybrid_capacity,audio,20260925,1,-aNfi7CP8vM$_$7,-aNfi7CP8vM,Neutral,Positive,0.0,0.6867929680710245
C_hybrid_capacity,audio,20260925,2,-aqamKhZ1Ec$_$0,-aqamKhZ1Ec,Negative,Negative,-2.0,0.3247895689329054
C_hybrid_capacity,audio,20260925,3,-dxfTGcXJoc$_$0,-dxfTGcXJoc,Positive,Positive,1.0,0.2870905442920868
C_hybrid_capacity,audio,20260925,3,-dxfTGcXJoc$_$1,-dxfTGcXJoc,Positive,Neutral,1.6666666269302368,0.3043097512962997
C_hybrid_capacity,audio,20260925,3,-dxfTGcXJoc$_$2,-dxfTGcXJoc,Positive,Positive,0.6666666865348816,0.4188525079447538
C_hybrid_capacity,audio,20260925,3,-dxfTGcXJoc$_$6,-dxfTGcXJoc,Positive,Positive,0.6666666865348816,0.4793234346554909
C_hybrid_capacity,audio,20260925,2,-egA8-b7-3M$_$1,-egA8-b7-3M,Positive,Positive,0.6666666865348816,0.5588736277707274
C_hybrid_capacity,audio,20260925,2,-egA8-b7-3M$_$13,-egA8-b7-3M,Positive,Positive,0.3333333432674408,0.44222487563635254
C_hybrid_capacity,audio,20260925,2,-egA8-b7-3M$_$16,-egA8-b7-3M,Positive,Positive,0.6666666865348816,0.3677563378885749
C_hybrid_capacity,audio,20260925,2,-egA8-b7-3M$_$17,-egA8-b7-3M,Positive,Positive,0.3333333432674408,0.38875745317501664
C_hybrid_capacity,audio,20260925,2,-egA8-b7-3M$_$18,-egA8-b7-3M,Positive,Positive,1.0,0.5429430734696153
C_hybrid_capacity,audio,20260925,2,-egA8-b7-3M$_$20,-egA8-b7-3M,Positive,Positive,0.3333333432674408,0.47710460595290033
C_hybrid_capacity,audio,20260925,2,-egA8-b7-3M$_$26,-egA8-b7-3M,Positive,Positive,1.6666666269302368,0.5242146018375201
C_hybrid_capacity,audio,20260925,2,-egA8-b7-3M$_$6,-egA8-b7-3M,Positive,Positive,0.6666666865348816,0.606776097455554
C_hybrid_capacity,audio,20260925,2,-egA8-b7-3M$_$9,-egA8-b7-3M,Positive,Neutral,0.3333333432674408,0.5215273267876714
C_hybrid_capacity,audio,20260925,0,-hnBHBN8p5A$_$6,-hnBHBN8p5A,Positive,Positive,1.0,0.6900053022763083
C_hybrid_capacity,audio,20260925,0,-hnBHBN8p5A$_$7,-hnBHBN8p5A,Positive,Positive,0.6666666865348816,0.30070976236726016
C_hybrid_capacity,audio,20260925,4,-iRBcNs9oI8$_$3,-iRBcNs9oI8,Positive,Positive,0.6666666865348816,0.9450761975410287
C_hybrid_capacity,audio,20260925,4,-iRBcNs9oI8$_$6,-iRBcNs9oI8,Positive,Positive,0.3333333432674408,0.6984067307723085
C_hybrid_capacity,audio,20260925,4,-iRBcNs9oI8$_$7,-iRBcNs9oI8,Positive,Positive,0.6666666865348816,1.7031810254521556
C_hybrid_capacity,audio,20260925,4,-iRBcNs9oI8$_$8,-iRBcNs9oI8,Positive,Negative,1.0,0.928438946393517
C_hybrid_capacity,audio,20260925,4,-iRBcNs9oI8$_$9,-iRBcNs9oI8,Positive,Positive,1.3333333730697632,0.6670305702721478
C_hybrid_capacity,audio,20260925,0,-lzEya4AM_4$_$5,-lzEya4AM_4,Negative,Positive,-0.6666666865348816,0.1570023688032971
C_hybrid_capacity,audio,20260925,0,-lzEya4AM_4$_$6,-lzEya4AM_4,Negative,Positive,-0.3333333432674408,0.0854770149733769
C_hybrid_capacity,audio,20260925,0,-mJ2ud6oKI8$_$1,-mJ2ud6oKI8,Neutral,Neutral,0.0,1.2231447779121392
C_hybrid_capacity,audio,20260925,0,-mJ2ud6oKI8$_$2,-mJ2ud6oKI8,Neutral,Neutral,0.0,1.2231447779121392
C_hybrid_capacity,audio,20260925,0,-mJ2ud6oKI8$_$6,-mJ2ud6oKI8,Positive,Positive,0.3333333432674408,-0.023165987092347573
C_hybrid_capacity,audio,20260925,0,-mJ2ud6oKI8$_$8,-mJ2ud6oKI8,Negative,Negative,-0.3333333432674408,-0.004791361523807547
C_hybrid_capacity,audio,20260925,0,-mJ2ud6oKI8$_$9,-mJ2ud6oKI8,Neutral,Negative,0.0,-0.06450983739704264
C_hybrid_capacity,audio,20260925,3,-mqbVkbCndg$_$0,-mqbVkbCndg,Neutral,Negative,0.0,0.2442728920571401
C_hybrid_capacity,audio,20260925,1,-qDkUB0GgYY$_$6,-qDkUB0GgYY,Positive,Positive,1.3333333730697632,0.4048321149674771
C_hybrid_capacity,audio,20260925,1,-ri04Z7vwnc$_$0,-ri04Z7vwnc,Neutral,Negative,0.0,0.040800539811496006
C_hybrid_capacity,audio,20260925,1,-ri04Z7vwnc$_$2,-ri04Z7vwnc,Negative,Negative,-0.3333333432674408,0.2121562088645663
C_hybrid_capacity,audio,20260925,1,-ri04Z7vwnc$_$5,-ri04Z7vwnc,Positive,Negative,0.3333333432674408,0.43247232183590567
C_hybrid_capacity,audio,20260925,4,-s9qJ7ATP7w$_$0,-s9qJ7ATP7w,Negative,Neutral,-0.3333333432674408,0.2097361867099417
C_hybrid_capacity,audio,20260925,4,-s9qJ7ATP7w$_$1,-s9qJ7ATP7w,Positive,Positive,0.6666666865348816,0.06339962773676866
C_hybrid_capacity,audio,20260925,4,-s9qJ7ATP7w$_$4,-s9qJ7ATP7w,Neutral,Negative,0.0,0.1070240583450186
C_hybrid_capacity,audio,20260925,4,-s9qJ7ATP7w$_$5,-s9qJ7ATP7w,Negative,Positive,-2.0,0.20537380505346736
C_hybrid_capacity,audio,20260925,4,-s9qJ7ATP7w$_$6,-s9qJ7ATP7w,Neutral,Positive,0.0,0.13541344250126322
C_hybrid_capacity,audio,20260925,4,-s9qJ7ATP7w$_$7,-s9qJ7ATP7w,Positive,Neutral,1.0,0.240621973821285
C_hybrid_capacity,audio,20260925,4,-s9qJ7ATP7w$_$8,-s9qJ7ATP7w,Positive,Positive,1.3333333730697632,0.24188533177227084
C_hybrid_capacity,audio,20260925,3,-t217m2on-s$_$2,-t217m2on-s,Positive,Neutral,0.6666666865348816,0.3299677488943601
C_hybrid_capacity,audio,20260925,3,-t217m2on-s$_$7,-t217m2on-s,Negative,Neutral,-0.6666666865348816,0.31127316380610476
C_hybrid_capacity,audio,20260925,4,-tANM6ETl_M$_$3,-tANM6ETl_M,Positive,Negative,0.3333333432674408,0.2990117838680004
C_hybrid_capacity,audio,20260925,3,-tPCytz4rww$_$10,-tPCytz4rww,Neutral,Positive,0.0,0.32432873514193244
C_hybrid_capacity,audio,20260925,3,-tPCytz4rww$_$11,-tPCytz4rww,Neutral,Neutral,0.0,0.2987543306786673
C_hybrid_capacity,audio,20260925,3,-tPCytz4rww$_$12,-tPCytz4rww,Neutral,Neutral,0.0,0.19857556519696865
C_hybrid_capacity,audio,20260925,3,-tPCytz4rww$_$16,-tPCytz4rww,Neutral,Neutral,0.0,0.14209028323284217
C_hybrid_capacity,audio,20260925,3,-tPCytz4rww$_$18,-tPCytz4rww,Neutral,Neutral,0.0,0.2815881140733553
C_hybrid_capacity,audio,20260925,1,-uywlfIYOS8$_$4,-uywlfIYOS8,Positive,Positive,0.3333333432674408,0.33629932374994936
C_hybrid_capacity,audio,20260925,2,-vxjVxOeScU$_$4,-vxjVxOeScU,Positive,Positive,1.0,0.510281279913241
C_hybrid_capacity,audio,20260925,2,-wMB_hJL-3o$_$7,-wMB_hJL-3o,Positive,Negative,0.3333333432674408,0.2076556006546496
C_hybrid_capacity,audio,20260925,4,-wny0OAz3g8$_$0,-wny0OAz3g8,Positive,Positive,0.3333333432674408,0.3943095152259891
C_hybrid_capacity,audio,20260925,4,-wny0OAz3g8$_$1,-wny0OAz3g8,Positive,Positive,0.3333333432674408,1.0290595331519128
C_hybrid_capacity,audio,20260925,4,-wny0OAz3g8$_$2,-wny0OAz3g8,Negative,Positive,-0.3333333432674408,0.6032624789033725
C_hybrid_capacity,audio,20260925,4,-wny0OAz3g8$_$3,-wny0OAz3g8,Negative,Positive,-1.3333333730697632,0.5296245915839091
C_hybrid_capacity,audio,20260925,4,-wny0OAz3g8$_$5,-wny0OAz3g8,Positive,Positive,1.0,0.7758175167034707
C_hybrid_capacity,audio,20260925,4,-wny0OAz3g8$_$7,-wny0OAz3g8,Neutral,Positive,0.0,0.7968202759631449
C_hybrid_capacity,audio,20260925,4,-wny0OAz3g8$_$9,-wny0OAz3g8,Positive,Positive,0.6666666865348816,0.7470703074720619
C_hybrid_capacity,audio,20260925,2,-yRb-Jum7EQ$_$1,-yRb-Jum7EQ,Neutral,Negative,0.0,0.0314810815328771
C_hybrid_capacity,audio,20260925,2,-yRb-Jum7EQ$_$5,-yRb-Jum7EQ,Negative,Negative,-0.6666666865348816,0.1487771355993951
C_hybrid_capacity,audio,20260925,2,-yRb-Jum7EQ$_$6,-yRb-Jum7EQ,Neutral,Negative,0.0,0.03357321304176358
C_hybrid_capacity,audio,20260926,1,-3g5yACwYnA$_$13,-3g5yACwYnA,Positive,Negative,0.6666666865348816,0.4444108045210796
C_hybrid_capacity,audio,20260926,1,-3g5yACwYnA$_$2,-3g5yACwYnA,Neutral,Negative,0.0,0.41519356581158723
C_hybrid_capacity,audio,20260926,1,-3g5yACwYnA$_$3,-3g5yACwYnA,Neutral,Negative,0.0,0.44492056261794105
C_hybrid_capacity,audio,20260926,1,-3g5yACwYnA$_$9,-3g5yACwYnA,Positive,Negative,0.6666666865348816,0.10945538951615408
C_hybrid_capacity,audio,20260926,3,-3nNcZdcdvU$_$5,-3nNcZdcdvU,Neutral,Positive,0.0,0.6144790550357143
C_hybrid_capacity,audio,20260926,3,-571d8cVauQ$_$0,-571d8cVauQ,Neutral,Positive,0.0,0.40013831774722847
C_hybrid_capacity,audio,20260926,3,-571d8cVauQ$_$5,-571d8cVauQ,Positive,Positive,0.3333333432674408,0.2789998544342036
C_hybrid_capacity,audio,20260926,4,-6rXp3zJ3kc$_$8,-6rXp3zJ3kc,Negative,Neutral,-1.0,0.08151482297001206
C_hybrid_capacity,audio,20260926,0,-9y-fZ3swSY$_$0,-9y-fZ3swSY,Positive,Positive,1.0,0.6956328253422709
C_hybrid_capacity,audio,20260926,0,-9y-fZ3swSY$_$4,-9y-fZ3swSY,Neutral,Positive,0.0,0.3578330283111082
C_hybrid_capacity,audio,20260926,0,-9y-fZ3swSY$_$8,-9y-fZ3swSY,Positive,Positive,1.6666666269302368,0.29012315962093194
C_hybrid_capacity,audio,20260926,0,-AUZQgSxyPQ$_$2,-AUZQgSxyPQ,Positive,Positive,0.6666666865348816,0.4373800376412672
C_hybrid_capacity,audio,20260926,4,-HeZS2-Prhc$_$2,-HeZS2-Prhc,Positive,Positive,0.6666666865348816,0.7168763732300529
C_hybrid_capacity,audio,20260926,0,-HwX2H8Z4hY$_$2,-HwX2H8Z4hY,Neutral,Neutral,0.0,0.15359474976581888
C_hybrid_capacity,audio,20260926,0,-HwX2H8Z4hY$_$5,-HwX2H8Z4hY,Negative,Neutral,-1.0,0.27871039458366076
C_hybrid_capacity,audio,20260926,0,-HwX2H8Z4hY$_$6,-HwX2H8Z4hY,Neutral,Neutral,0.0,0.10249202212623779
C_hybrid_capacity,audio,20260926,0,-HwX2H8Z4hY$_$9,-HwX2H8Z4hY,Negative,Negative,-0.3333333432674408,0.07540186745607466
C_hybrid_capacity,audio,20260926,1,-I_e4mIh0yE$_$1,-I_e4mIh0yE,Negative,Negative,-0.6666666865348816,0.15223035884656344
C_hybrid_capacity,audio,20260926,1,-I_e4mIh0yE$_$3,-I_e4mIh0yE,Positive,Neutral,0.6666666865348816,0.3262040619620822
C_hybrid_capacity,audio,20260926,4,-MeTTeMJBNc$_$0,-MeTTeMJBNc,Positive,Positive,0.3333333432674408,0.5105876709862228
C_hybrid_capacity,audio,20260926,4,-MeTTeMJBNc$_$13,-MeTTeMJBNc,Positive,Positive,0.3333333432674408,0.7956202849051656
C_hybrid_capacity,audio,20260926,4,-MeTTeMJBNc$_$7,-MeTTeMJBNc,Positive,Negative,1.3333333730697632,0.4891774044471512
C_hybrid_capacity,audio,20260926,2,-NFrJFQijFE$_$1,-NFrJFQijFE,Positive,Neutral,0.3333333432674408,0.2723518686922675
C_hybrid_capacity,audio,20260926,2,-NFrJFQijFE$_$2,-NFrJFQijFE,Neutral,Neutral,0.0,0.23271217489101015
C_hybrid_capacity,audio,20260926,2,-RfYyzHpjk4$_$11,-RfYyzHpjk4,Positive,Neutral,2.0,0.47582238942095634
C_hybrid_capacity,audio,20260926,2,-RfYyzHpjk4$_$2,-RfYyzHpjk4,Positive,Positive,0.3333333432674408,0.20457550174829292
C_hybrid_capacity,audio,20260926,2,-RfYyzHpjk4$_$8,-RfYyzHpjk4,Positive,Positive,0.3333333432674408,0.7195808413342943
C_hybrid_capacity,audio,20260926,3,-THoVjtIkeU$_$12,-THoVjtIkeU,Positive,Neutral,2.0,0.11816723546798458
C_hybrid_capacity,audio,20260926,3,-THoVjtIkeU$_$2,-THoVjtIkeU,Positive,Positive,1.3333333730697632,0.38463225906341275
C_hybrid_capacity,audio,20260926,3,-THoVjtIkeU$_$6,-THoVjtIkeU,Positive,Neutral,2.6666667461395264,0.11165925453192604
C_hybrid_capacity,audio,20260926,2,-UUCSKoHeMA$_$0,-UUCSKoHeMA,Neutral,Positive,0.0,0.801942125449215
C_hybrid_capacity,audio,20260926,4,-UacrmKiTn4$_$10,-UacrmKiTn4,Negative,Positive,-0.6666666865348816,0.4105354306304891
C_hybrid_capacity,audio,20260926,4,-UacrmKiTn4$_$4,-UacrmKiTn4,Negative,Negative,-1.3333333730697632,0.33193735375122074
C_hybrid_capacity,audio,20260926,4,-UuX1xuaiiE$_$0,-UuX1xuaiiE,Positive,Neutral,2.6666667461395264,0.2468515657816126
C_hybrid_capacity,audio,20260926,4,-UuX1xuaiiE$_$1,-UuX1xuaiiE,Positive,Negative,1.6666666269302368,0.15948315178969416
C_hybrid_capacity,audio,20260926,4,-UuX1xuaiiE$_$3,-UuX1xuaiiE,Positive,Positive,0.3333333432674408,0.31871388965444886
C_hybrid_capacity,audio,20260926,4,-UuX1xuaiiE$_$6,-UuX1xuaiiE,Negative,Neutral,-0.3333333432674408,0.18209902599629607
C_hybrid_capacity,audio,20260926,0,-a55Q6RWvTA$_$3,-a55Q6RWvTA,Positive,Neutral,0.6666666865348816,0.1873328034831065
C_hybrid_capacity,audio,20260926,4,-aNfi7CP8vM$_$7,-aNfi7CP8vM,Neutral,Positive,0.0,0.5794296125937519
C_hybrid_capacity,audio,20260926,1,-aqamKhZ1Ec$_$0,-aqamKhZ1Ec,Negative,Negative,-2.0,0.45182490582546087
C_hybrid_capacity,audio,20260926,0,-dxfTGcXJoc$_$0,-dxfTGcXJoc,Positive,Neutral,1.0,0.2670537467048874
C_hybrid_capacity,audio,20260926,0,-dxfTGcXJoc$_$1,-dxfTGcXJoc,Positive,Neutral,1.6666666269302368,0.26616202662960015
C_hybrid_capacity,audio,20260926,0,-dxfTGcXJoc$_$2,-dxfTGcXJoc,Positive,Neutral,0.6666666865348816,0.3268145033769436
C_hybrid_capacity,audio,20260926,0,-dxfTGcXJoc$_$6,-dxfTGcXJoc,Positive,Neutral,0.6666666865348816,0.455622580427091
C_hybrid_capacity,audio,20260926,0,-egA8-b7-3M$_$1,-egA8-b7-3M,Positive,Positive,0.6666666865348816,0.4750897026954831
C_hybrid_capacity,audio,20260926,0,-egA8-b7-3M$_$13,-egA8-b7-3M,Positive,Positive,0.3333333432674408,0.36352172403745464
C_hybrid_capacity,audio,20260926,0,-egA8-b7-3M$_$16,-egA8-b7-3M,Positive,Positive,0.6666666865348816,0.3805613232057128
C_hybrid_capacity,audio,20260926,0,-egA8-b7-3M$_$17,-egA8-b7-3M,Positive,Positive,0.3333333432674408,0.2816152565120585
C_hybrid_capacity,audio,20260926,0,-egA8-b7-3M$_$18,-egA8-b7-3M,Positive,Positive,1.0,0.4262370643104455
C_hybrid_capacity,audio,20260926,0,-egA8-b7-3M$_$20,-egA8-b7-3M,Positive,Positive,0.3333333432674408,0.35130253487492835
C_hybrid_capacity,audio,20260926,0,-egA8-b7-3M$_$26,-egA8-b7-3M,Positive,Positive,1.6666666269302368,0.4282054189826173
C_hybrid_capacity,audio,20260926,0,-egA8-b7-3M$_$6,-egA8-b7-3M,Positive,Positive,0.6666666865348816,0.47131173952327204
C_hybrid_capacity,audio,20260926,0,-egA8-b7-3M$_$9,-egA8-b7-3M,Positive,Positive,0.3333333432674408,0.651661358727551
C_hybrid_capacity,audio,20260926,1,-hnBHBN8p5A$_$6,-hnBHBN8p5A,Positive,Positive,1.0,0.8750514858690273
C_hybrid_capacity,audio,20260926,1,-hnBHBN8p5A$_$7,-hnBHBN8p5A,Positive,Positive,0.6666666865348816,0.5995335584814511
C_hybrid_capacity,audio,20260926,2,-iRBcNs9oI8$_$3,-iRBcNs9oI8,Positive,Positive,0.6666666865348816,0.7233933390760388
C_hybrid_capacity,audio,20260926,2,-iRBcNs9oI8$_$6,-iRBcNs9oI8,Positive,Positive,0.3333333432674408,0.5326548616708224
C_hybrid_capacity,audio,20260926,2,-iRBcNs9oI8$_$7,-iRBcNs9oI8,Positive,Positive,0.6666666865348816,1.2535972185320197
C_hybrid_capacity,audio,20260926,2,-iRBcNs9oI8$_$8,-iRBcNs9oI8,Positive,Negative,1.0,0.6426172345430577
C_hybrid_capacity,audio,20260926,2,-iRBcNs9oI8$_$9,-iRBcNs9oI8,Positive,Positive,1.3333333730697632,0.4555485004286071
C_hybrid_capacity,audio,20260926,0,-lzEya4AM_4$_$5,-lzEya4AM_4,Negative,Positive,-0.6666666865348816,0.1449953661846035
C_hybrid_capacity,audio,20260926,0,-lzEya4AM_4$_$6,-lzEya4AM_4,Negative,Positive,-0.3333333432674408,0.1836539168909443
C_hybrid_capacity,audio,20260926,4,-mJ2ud6oKI8$_$1,-mJ2ud6oKI8,Neutral,Positive,0.0,-1.2006327805159955
C_hybrid_capacity,audio,20260926,4,-mJ2ud6oKI8$_$2,-mJ2ud6oKI8,Neutral,Positive,0.0,-1.2006327805159955
C_hybrid_capacity,audio,20260926,4,-mJ2ud6oKI8$_$6,-mJ2ud6oKI8,Positive,Negative,0.3333333432674408,-0.047822427953093716
C_hybrid_capacity,audio,20260926,4,-mJ2ud6oKI8$_$8,-mJ2ud6oKI8,Negative,Negative,-0.3333333432674408,0.143104096182137
C_hybrid_capacity,audio,20260926,4,-mJ2ud6oKI8$_$9,-mJ2ud6oKI8,Neutral,Negative,0.0,0.054122675992146596
C_hybrid_capacity,audio,20260926,1,-mqbVkbCndg$_$0,-mqbVkbCndg,Neutral,Negative,0.0,0.3546819944103626
C_hybrid_capacity,audio,20260926,2,-qDkUB0GgYY$_$6,-qDkUB0GgYY,Positive,Positive,1.3333333730697632,0.3841392415760693
C_hybrid_capacity,audio,20260926,1,-ri04Z7vwnc$_$0,-ri04Z7vwnc,Neutral,Negative,0.0,-0.11159331338261752
C_hybrid_capacity,audio,20260926,1,-ri04Z7vwnc$_$2,-ri04Z7vwnc,Negative,Negative,-0.3333333432674408,-0.054222887400216746
C_hybrid_capacity,audio,20260926,1,-ri04Z7vwnc$_$5,-ri04Z7vwnc,Positive,Negative,0.3333333432674408,0.29533196695339736
C_hybrid_capacity,audio,20260926,0,-s9qJ7ATP7w$_$0,-s9qJ7ATP7w,Negative,Negative,-0.3333333432674408,0.04590562251626634
C_hybrid_capacity,audio,20260926,0,-s9qJ7ATP7w$_$1,-s9qJ7ATP7w,Positive,Negative,0.6666666865348816,0.07186320398231075
C_hybrid_capacity,audio,20260926,0,-s9qJ7ATP7w$_$4,-s9qJ7ATP7w,Neutral,Neutral,0.0,0.0808123334674361
C_hybrid_capacity,audio,20260926,0,-s9qJ7ATP7w$_$5,-s9qJ7ATP7w,Negative,Negative,-2.0,0.11571543483402794
C_hybrid_capacity,audio,20260926,0,-s9qJ7ATP7w$_$6,-s9qJ7ATP7w,Neutral,Neutral,0.0,0.04479855115379522
C_hybrid_capacity,audio,20260926,0,-s9qJ7ATP7w$_$7,-s9qJ7ATP7w,Positive,Negative,1.0,0.24487880912133161
C_hybrid_capacity,audio,20260926,0,-s9qJ7ATP7w$_$8,-s9qJ7ATP7w,Positive,Negative,1.3333333730697632,0.1529046636106145
C_hybrid_capacity,audio,20260926,4,-t217m2on-s$_$2,-t217m2on-s,Positive,Positive,0.6666666865348816,0.48263609997659745
C_hybrid_capacity,audio,20260926,4,-t217m2on-s$_$7,-t217m2on-s,Negative,Positive,-0.6666666865348816,0.43737152402503493
C_hybrid_capacity,audio,20260926,1,-tANM6ETl_M$_$3,-tANM6ETl_M,Positive,Negative,0.3333333432674408,0.1848404435096679
C_hybrid_capacity,audio,20260926,1,-tPCytz4rww$_$10,-tPCytz4rww,Neutral,Negative,0.0,0.4188945672391912
C_hybrid_capacity,audio,20260926,1,-tPCytz4rww$_$11,-tPCytz4rww,Neutral,Negative,0.0,0.2939057107749722
C_hybrid_capacity,audio,20260926,1,-tPCytz4rww$_$12,-tPCytz4rww,Neutral,Neutral,0.0,0.3021424843742827
C_hybrid_capacity,audio,20260926,1,-tPCytz4rww$_$16,-tPCytz4rww,Neutral,Negative,0.0,0.21659242988058017
C_hybrid_capacity,audio,20260926,1,-tPCytz4rww$_$18,-tPCytz4rww,Neutral,Neutral,0.0,0.414150285168608
C_hybrid_capacity,audio,20260926,0,-uywlfIYOS8$_$4,-uywlfIYOS8,Positive,Positive,0.3333333432674408,0.2304572596220861
C_hybrid_capacity,audio,20260926,0,-vxjVxOeScU$_$4,-vxjVxOeScU,Positive,Positive,1.0,0.42968743425613964
C_hybrid_capacity,audio,20260926,4,-wMB_hJL-3o$_$7,-wMB_hJL-3o,Positive,Positive,0.3333333432674408,0.385442661004074
C_hybrid_capacity,audio,20260926,3,-wny0OAz3g8$_$0,-wny0OAz3g8,Positive,Positive,0.3333333432674408,0.41330264918610504
C_hybrid_capacity,audio,20260926,3,-wny0OAz3g8$_$1,-wny0OAz3g8,Positive,Positive,0.3333333432674408,0.6441236883933399
C_hybrid_capacity,audio,20260926,3,-wny0OAz3g8$_$2,-wny0OAz3g8,Negative,Positive,-0.3333333432674408,0.47433404840852794
C_hybrid_capacity,audio,20260926,3,-wny0OAz3g8$_$3,-wny0OAz3g8,Negative,Positive,-1.3333333730697632,0.31061472759457975
C_hybrid_capacity,audio,20260926,3,-wny0OAz3g8$_$5,-wny0OAz3g8,Positive,Positive,1.0,0.4510905656010799
C_hybrid_capacity,audio,20260926,3,-wny0OAz3g8$_$7,-wny0OAz3g8,Neutral,Positive,0.0,0.5944027711871591
C_hybrid_capacity,audio,20260926,3,-wny0OAz3g8$_$9,-wny0OAz3g8,Positive,Positive,0.6666666865348816,0.48527133457982435
C_hybrid_capacity,audio,20260926,4,-yRb-Jum7EQ$_$1,-yRb-Jum7EQ,Neutral,Positive,0.0,0.15466530775545165
C_hybrid_capacity,audio,20260926,4,-yRb-Jum7EQ$_$5,-yRb-Jum7EQ,Negative,Positive,-0.6666666865348816,0.24988923060376658
C_hybrid_capacity,audio,20260926,4,-yRb-Jum7EQ$_$6,-yRb-Jum7EQ,Neutral,Negative,0.0,0.05350319577490681
C_hybrid_capacity,audio,20260927,0,-3g5yACwYnA$_$13,-3g5yACwYnA,Positive,Negative,0.6666666865348816,0.11437293695781431
C_hybrid_capacity,audio,20260927,0,-3g5yACwYnA$_$2,-3g5yACwYnA,Neutral,Negative,0.0,0.19292273497019266
C_hybrid_capacity,audio,20260927,0,-3g5yACwYnA$_$3,-3g5yACwYnA,Neutral,Neutral,0.0,0.2014108304966135
C_hybrid_capacity,audio,20260927,0,-3g5yACwYnA$_$9,-3g5yACwYnA,Positive,Negative,0.6666666865348816,-0.06873971023908759
C_hybrid_capacity,audio,20260927,1,-3nNcZdcdvU$_$5,-3nNcZdcdvU,Neutral,Positive,0.0,0.6068797980421496
C_hybrid_capacity,audio,20260927,0,-571d8cVauQ$_$0,-571d8cVauQ,Neutral,Positive,0.0,0.2915256041149386
C_hybrid_capacity,audio,20260927,0,-571d8cVauQ$_$5,-571d8cVauQ,Positive,Positive,0.3333333432674408,0.19529707240671182
C_hybrid_capacity,audio,20260927,4,-6rXp3zJ3kc$_$8,-6rXp3zJ3kc,Negative,Neutral,-1.0,0.11023338070922972
C_hybrid_capacity,audio,20260927,1,-9y-fZ3swSY$_$0,-9y-fZ3swSY,Positive,Positive,1.0,0.7836825781552311
C_hybrid_capacity,audio,20260927,1,-9y-fZ3swSY$_$4,-9y-fZ3swSY,Neutral,Neutral,0.0,0.5873313381456644
C_hybrid_capacity,audio,20260927,1,-9y-fZ3swSY$_$8,-9y-fZ3swSY,Positive,Positive,1.6666666269302368,0.3542521975567189
C_hybrid_capacity,audio,20260927,3,-AUZQgSxyPQ$_$2,-AUZQgSxyPQ,Positive,Positive,0.6666666865348816,0.48484803978955693
C_hybrid_capacity,audio,20260927,4,-HeZS2-Prhc$_$2,-HeZS2-Prhc,Positive,Positive,0.6666666865348816,0.6037173190301115
C_hybrid_capacity,audio,20260927,0,-HwX2H8Z4hY$_$2,-HwX2H8Z4hY,Neutral,Positive,0.0,0.12196039070588632
C_hybrid_capacity,audio,20260927,0,-HwX2H8Z4hY$_$5,-HwX2H8Z4hY,Negative,Positive,-1.0,0.25739342607870336
C_hybrid_capacity,audio,20260927,0,-HwX2H8Z4hY$_$6,-HwX2H8Z4hY,Neutral,Positive,0.0,0.11054281628524026
C_hybrid_capacity,audio,20260927,0,-HwX2H8Z4hY$_$9,-HwX2H8Z4hY,Negative,Negative,-0.3333333432674408,0.10151317064949578
C_hybrid_capacity,audio,20260927,4,-I_e4mIh0yE$_$1,-I_e4mIh0yE,Negative,Negative,-0.6666666865348816,0.041141025392401775
C_hybrid_capacity,audio,20260927,4,-I_e4mIh0yE$_$3,-I_e4mIh0yE,Positive,Negative,0.6666666865348816,0.010683491009189305
C_hybrid_capacity,audio,20260927,3,-MeTTeMJBNc$_$0,-MeTTeMJBNc,Positive,Negative,0.3333333432674408,0.2701001719922656
C_hybrid_capacity,audio,20260927,3,-MeTTeMJBNc$_$13,-MeTTeMJBNc,Positive,Positive,0.3333333432674408,0.5946285991038545
C_hybrid_capacity,audio,20260927,3,-MeTTeMJBNc$_$7,-MeTTeMJBNc,Positive,Negative,1.3333333730697632,0.41919699053646564
C_hybrid_capacity,audio,20260927,4,-NFrJFQijFE$_$1,-NFrJFQijFE,Positive,Neutral,0.3333333432674408,0.4568508604916644
C_hybrid_capacity,audio,20260927,4,-NFrJFQijFE$_$2,-NFrJFQijFE,Neutral,Neutral,0.0,-0.0031572600381586935
C_hybrid_capacity,audio,20260927,3,-RfYyzHpjk4$_$11,-RfYyzHpjk4,Positive,Neutral,2.0,0.4148781223144308
C_hybrid_capacity,audio,20260927,3,-RfYyzHpjk4$_$2,-RfYyzHpjk4,Positive,Negative,0.3333333432674408,0.11321704880983813
C_hybrid_capacity,audio,20260927,3,-RfYyzHpjk4$_$8,-RfYyzHpjk4,Positive,Positive,0.3333333432674408,0.48433358942200144
C_hybrid_capacity,audio,20260927,4,-THoVjtIkeU$_$12,-THoVjtIkeU,Positive,Neutral,2.0,0.10112903022753286
C_hybrid_capacity,audio,20260927,4,-THoVjtIkeU$_$2,-THoVjtIkeU,Positive,Positive,1.3333333730697632,0.4485209909570098
C_hybrid_capacity,audio,20260927,4,-THoVjtIkeU$_$6,-THoVjtIkeU,Positive,Negative,2.6666667461395264,0.05829711100069751
C_hybrid_capacity,audio,20260927,3,-UUCSKoHeMA$_$0,-UUCSKoHeMA,Neutral,Positive,0.0,0.6947795367933698
C_hybrid_capacity,audio,20260927,4,-UacrmKiTn4$_$10,-UacrmKiTn4,Negative,Positive,-0.6666666865348816,0.41692883182665985
C_hybrid_capacity,audio,20260927,4,-UacrmKiTn4$_$4,-UacrmKiTn4,Negative,Neutral,-1.3333333730697632,0.290620709174228
C_hybrid_capacity,audio,20260927,1,-UuX1xuaiiE$_$0,-UuX1xuaiiE,Positive,Neutral,2.6666667461395264,0.19248536328213178
C_hybrid_capacity,audio,20260927,1,-UuX1xuaiiE$_$1,-UuX1xuaiiE,Positive,Neutral,1.6666666269302368,0.08997610865696384
C_hybrid_capacity,audio,20260927,1,-UuX1xuaiiE$_$3,-UuX1xuaiiE,Positive,Positive,0.3333333432674408,0.1400149117032165
C_hybrid_capacity,audio,20260927,1,-UuX1xuaiiE$_$6,-UuX1xuaiiE,Negative,Neutral,-0.3333333432674408,0.07263041366487089
C_hybrid_capacity,audio,20260927,1,-a55Q6RWvTA$_$3,-a55Q6RWvTA,Positive,Neutral,0.6666666865348816,0.17723140644919347
C_hybrid_capacity,audio,20260927,2,-aNfi7CP8vM$_$7,-aNfi7CP8vM,Neutral,Positive,0.0,0.6518100170295864
C_hybrid_capacity,audio,20260927,1,-aqamKhZ1Ec$_$0,-aqamKhZ1Ec,Negative,Negative,-2.0,0.35322437263046125
C_hybrid_capacity,audio,20260927,4,-dxfTGcXJoc$_$0,-dxfTGcXJoc,Positive,Positive,1.0,0.1928138268987937
C_hybrid_capacity,audio,20260927,4,-dxfTGcXJoc$_$1,-dxfTGcXJoc,Positive,Neutral,1.6666666269302368,0.3314469639194838
C_hybrid_capacity,audio,20260927,4,-dxfTGcXJoc$_$2,-dxfTGcXJoc,Positive,Positive,0.6666666865348816,0.23980646344226078
C_hybrid_capacity,audio,20260927,4,-dxfTGcXJoc$_$6,-dxfTGcXJoc,Positive,Positive,0.6666666865348816,0.3598174291372298
C_hybrid_capacity,audio,20260927,1,-egA8-b7-3M$_$1,-egA8-b7-3M,Positive,Positive,0.6666666865348816,0.8740461172419445
C_hybrid_capacity,audio,20260927,1,-egA8-b7-3M$_$13,-egA8-b7-3M,Positive,Positive,0.3333333432674408,0.46471880876635363
C_hybrid_capacity,audio,20260927,1,-egA8-b7-3M$_$16,-egA8-b7-3M,Positive,Positive,0.6666666865348816,0.651892731512816
C_hybrid_capacity,audio,20260927,1,-egA8-b7-3M$_$17,-egA8-b7-3M,Positive,Positive,0.3333333432674408,0.4933676627671483
C_hybrid_capacity,audio,20260927,1,-egA8-b7-3M$_$18,-egA8-b7-3M,Positive,Positive,1.0,0.6804674985176582
C_hybrid_capacity,audio,20260927,1,-egA8-b7-3M$_$20,-egA8-b7-3M,Positive,Positive,0.3333333432674408,0.49688808001837464
C_hybrid_capacity,audio,20260927,1,-egA8-b7-3M$_$26,-egA8-b7-3M,Positive,Positive,1.6666666269302368,0.5689778820257083
C_hybrid_capacity,audio,20260927,1,-egA8-b7-3M$_$6,-egA8-b7-3M,Positive,Positive,0.6666666865348816,0.5213464989333917
C_hybrid_capacity,audio,20260927,1,-egA8-b7-3M$_$9,-egA8-b7-3M,Positive,Positive,0.3333333432674408,0.7534086683594579
C_hybrid_capacity,audio,20260927,0,-hnBHBN8p5A$_$6,-hnBHBN8p5A,Positive,Positive,1.0,0.8249018891670338
C_hybrid_capacity,audio,20260927,0,-hnBHBN8p5A$_$7,-hnBHBN8p5A,Positive,Positive,0.6666666865348816,0.4564925762852037
C_hybrid_capacity,audio,20260927,3,-iRBcNs9oI8$_$3,-iRBcNs9oI8,Positive,Positive,0.6666666865348816,0.7704658384804012
C_hybrid_capacity,audio,20260927,3,-iRBcNs9oI8$_$6,-iRBcNs9oI8,Positive,Positive,0.3333333432674408,0.7142273517407474
C_hybrid_capacity,audio,20260927,3,-iRBcNs9oI8$_$7,-iRBcNs9oI8,Positive,Positive,0.6666666865348816,1.1491106954724941
C_hybrid_capacity,audio,20260927,3,-iRBcNs9oI8$_$8,-iRBcNs9oI8,Positive,Negative,1.0,0.5002579648366351
C_hybrid_capacity,audio,20260927,3,-iRBcNs9oI8$_$9,-iRBcNs9oI8,Positive,Positive,1.3333333730697632,0.5732066391958306
C_hybrid_capacity,audio,20260927,1,-lzEya4AM_4$_$5,-lzEya4AM_4,Negative,Positive,-0.6666666865348816,0.23515461704075163
C_hybrid_capacity,audio,20260927,1,-lzEya4AM_4$_$6,-lzEya4AM_4,Negative,Positive,-0.3333333432674408,0.17337880618613927
C_hybrid_capacity,audio,20260927,3,-mJ2ud6oKI8$_$1,-mJ2ud6oKI8,Neutral,Neutral,0.0,-2.9210594497574056
C_hybrid_capacity,audio,20260927,3,-mJ2ud6oKI8$_$2,-mJ2ud6oKI8,Neutral,Neutral,0.0,-2.9210594497574056
C_hybrid_capacity,audio,20260927,3,-mJ2ud6oKI8$_$6,-mJ2ud6oKI8,Positive,Positive,0.3333333432674408,-0.029490114095899134
C_hybrid_capacity,audio,20260927,3,-mJ2ud6oKI8$_$8,-mJ2ud6oKI8,Negative,Negative,-0.3333333432674408,0.08403883045675403
C_hybrid_capacity,audio,20260927,3,-mJ2ud6oKI8$_$9,-mJ2ud6oKI8,Neutral,Negative,0.0,0.04289247102446725
C_hybrid_capacity,audio,20260927,2,-mqbVkbCndg$_$0,-mqbVkbCndg,Neutral,Neutral,0.0,0.21754634741931558
C_hybrid_capacity,audio,20260927,0,-qDkUB0GgYY$_$6,-qDkUB0GgYY,Positive,Positive,1.3333333730697632,0.4509126308656068
C_hybrid_capacity,audio,20260927,2,-ri04Z7vwnc$_$0,-ri04Z7vwnc,Neutral,Negative,0.0,0.026670627291855986
C_hybrid_capacity,audio,20260927,2,-ri04Z7vwnc$_$2,-ri04Z7vwnc,Negative,Negative,-0.3333333432674408,0.14247245166682102
C_hybrid_capacity,audio,20260927,2,-ri04Z7vwnc$_$5,-ri04Z7vwnc,Positive,Negative,0.3333333432674408,0.42082104892492705
C_hybrid_capacity,audio,20260927,4,-s9qJ7ATP7w$_$0,-s9qJ7ATP7w,Negative,Negative,-0.3333333432674408,0.016800287241144962
C_hybrid_capacity,audio,20260927,4,-s9qJ7ATP7w$_$1,-s9qJ7ATP7w,Positive,Negative,0.6666666865348816,0.12902529036927798
C_hybrid_capacity,audio,20260927,4,-s9qJ7ATP7w$_$4,-s9qJ7ATP7w,Neutral,Negative,0.0,0.1649024734070792
C_hybrid_capacity,audio,20260927,4,-s9qJ7ATP7w$_$5,-s9qJ7ATP7w,Negative,Negative,-2.0,0.20231905213013818
C_hybrid_capacity,audio,20260927,4,-s9qJ7ATP7w$_$6,-s9qJ7ATP7w,Neutral,Neutral,0.0,0.10491716187925668
C_hybrid_capacity,audio,20260927,4,-s9qJ7ATP7w$_$7,-s9qJ7ATP7w,Positive,Neutral,1.0,0.17932801982609348
C_hybrid_capacity,audio,20260927,4,-s9qJ7ATP7w$_$8,-s9qJ7ATP7w,Positive,Neutral,1.3333333730697632,0.35039302207915807
C_hybrid_capacity,audio,20260927,4,-t217m2on-s$_$2,-t217m2on-s,Positive,Neutral,0.6666666865348816,0.2783861752393612
C_hybrid_capacity,audio,20260927,4,-t217m2on-s$_$7,-t217m2on-s,Negative,Neutral,-0.6666666865348816,0.19420675116592667
C_hybrid_capacity,audio,20260927,2,-tANM6ETl_M$_$3,-tANM6ETl_M,Positive,Negative,0.3333333432674408,0.2508295784482838
C_hybrid_capacity,audio,20260927,3,-tPCytz4rww$_$10,-tPCytz4rww,Neutral,Positive,0.0,0.3724303534946848
C_hybrid_capacity,audio,20260927,3,-tPCytz4rww$_$11,-tPCytz4rww,Neutral,Neutral,0.0,0.23649423889617568
C_hybrid_capacity,audio,20260927,3,-tPCytz4rww$_$12,-tPCytz4rww,Neutral,Neutral,0.0,0.23802563989779668
C_hybrid_capacity,audio,20260927,3,-tPCytz4rww$_$16,-tPCytz4rww,Neutral,Neutral,0.0,0.19663771811086292
C_hybrid_capacity,audio,20260927,3,-tPCytz4rww$_$18,-tPCytz4rww,Neutral,Neutral,0.0,0.3960655358771701
C_hybrid_capacity,audio,20260927,2,-uywlfIYOS8$_$4,-uywlfIYOS8,Positive,Positive,0.3333333432674408,0.33530415682212955
C_hybrid_capacity,audio,20260927,1,-vxjVxOeScU$_$4,-vxjVxOeScU,Positive,Positive,1.0,0.5315478813695558
C_hybrid_capacity,audio,20260927,3,-wMB_hJL-3o$_$7,-wMB_hJL-3o,Positive,Neutral,0.3333333432674408,0.11803934121762916
C_hybrid_capacity,audio,20260927,0,-wny0OAz3g8$_$0,-wny0OAz3g8,Positive,Positive,0.3333333432674408,0.40059691175452744
C_hybrid_capacity,audio,20260927,0,-wny0OAz3g8$_$1,-wny0OAz3g8,Positive,Positive,0.3333333432674408,0.7045647922485017
C_hybrid_capacity,audio,20260927,0,-wny0OAz3g8$_$2,-wny0OAz3g8,Negative,Positive,-0.3333333432674408,0.5807349049122075
C_hybrid_capacity,audio,20260927,0,-wny0OAz3g8$_$3,-wny0OAz3g8,Negative,Positive,-1.3333333730697632,0.4579288230867853
C_hybrid_capacity,audio,20260927,0,-wny0OAz3g8$_$5,-wny0OAz3g8,Positive,Positive,1.0,0.7589139223007852
C_hybrid_capacity,audio,20260927,0,-wny0OAz3g8$_$7,-wny0OAz3g8,Neutral,Positive,0.0,0.7353577151814428
C_hybrid_capacity,audio,20260927,0,-wny0OAz3g8$_$9,-wny0OAz3g8,Positive,Positive,0.6666666865348816,0.6198296956187443
C_hybrid_capacity,audio,20260927,2,-yRb-Jum7EQ$_$1,-yRb-Jum7EQ,Neutral,Negative,0.0,-0.03617919337043907
C_hybrid_capacity,audio,20260927,2,-yRb-Jum7EQ$_$5,-yRb-Jum7EQ,Negative,Negative,-0.6666666865348816,0.12968251736816264
C_hybrid_capacity,audio,20260927,2,-yRb-Jum7EQ$_$6,-yRb-Jum7EQ,Neutral,Negative,0.0,-0.12378876305385067
C_hybrid_capacity,audio,20260928,0,-3g5yACwYnA$_$13,-3g5yACwYnA,Positive,Neutral,0.6666666865348816,-0.06678430056427068
C_hybrid_capacity,audio,20260928,0,-3g5yACwYnA$_$2,-3g5yACwYnA,Neutral,Neutral,0.0,0.06656577639274094
C_hybrid_capacity,audio,20260928,0,-3g5yACwYnA$_$3,-3g5yACwYnA,Neutral,Neutral,0.0,-0.005053315046480378
C_hybrid_capacity,audio,20260928,0,-3g5yACwYnA$_$9,-3g5yACwYnA,Positive,Negative,0.6666666865348816,-0.33127328203041406
C_hybrid_capacity,audio,20260928,0,-3nNcZdcdvU$_$5,-3nNcZdcdvU,Neutral,Positive,0.0,0.42485272833046006
C_hybrid_capacity,audio,20260928,4,-571d8cVauQ$_$0,-571d8cVauQ,Neutral,Positive,0.0,0.3596264331023881
C_hybrid_capacity,audio,20260928,4,-571d8cVauQ$_$5,-571d8cVauQ,Positive,Positive,0.3333333432674408,0.23226224311902197
C_hybrid_capacity,audio,20260928,2,-6rXp3zJ3kc$_$8,-6rXp3zJ3kc,Negative,Negative,-1.0,0.189534376011252
C_hybrid_capacity,audio,20260928,1,-9y-fZ3swSY$_$0,-9y-fZ3swSY,Positive,Neutral,1.0,0.929759284953779
C_hybrid_capacity,audio,20260928,1,-9y-fZ3swSY$_$4,-9y-fZ3swSY,Neutral,Neutral,0.0,0.46069332519687495
C_hybrid_capacity,audio,20260928,1,-9y-fZ3swSY$_$8,-9y-fZ3swSY,Positive,Positive,1.6666666269302368,0.3501614052187528
C_hybrid_capacity,audio,20260928,1,-AUZQgSxyPQ$_$2,-AUZQgSxyPQ,Positive,Positive,0.6666666865348816,0.5236360405074496
C_hybrid_capacity,audio,20260928,4,-HeZS2-Prhc$_$2,-HeZS2-Prhc,Positive,Positive,0.6666666865348816,0.7010337147702145
C_hybrid_capacity,audio,20260928,4,-HwX2H8Z4hY$_$2,-HwX2H8Z4hY,Neutral,Negative,0.0,0.16059887196327538
C_hybrid_capacity,audio,20260928,4,-HwX2H8Z4hY$_$5,-HwX2H8Z4hY,Negative,Neutral,-1.0,0.3048698530285829
C_hybrid_capacity,audio,20260928,4,-HwX2H8Z4hY$_$6,-HwX2H8Z4hY,Neutral,Negative,0.0,0.08531484014486168
C_hybrid_capacity,audio,20260928,4,-HwX2H8Z4hY$_$9,-HwX2H8Z4hY,Negative,Negative,-0.3333333432674408,-0.0459858260852225
C_hybrid_capacity,audio,20260928,3,-I_e4mIh0yE$_$1,-I_e4mIh0yE,Negative,Negative,-0.6666666865348816,0.10239863808784158
C_hybrid_capacity,audio,20260928,3,-I_e4mIh0yE$_$3,-I_e4mIh0yE,Positive,Negative,0.6666666865348816,0.15935685727940269
C_hybrid_capacity,audio,20260928,2,-MeTTeMJBNc$_$0,-MeTTeMJBNc,Positive,Negative,0.3333333432674408,0.45124599975080804
C_hybrid_capacity,audio,20260928,2,-MeTTeMJBNc$_$13,-MeTTeMJBNc,Positive,Positive,0.3333333432674408,0.6379367743734915
C_hybrid_capacity,audio,20260928,2,-MeTTeMJBNc$_$7,-MeTTeMJBNc,Positive,Positive,1.3333333730697632,0.5112031793487728
C_hybrid_capacity,audio,20260928,4,-NFrJFQijFE$_$1,-NFrJFQijFE,Positive,Neutral,0.3333333432674408,0.35296556913477656
C_hybrid_capacity,audio,20260928,4,-NFrJFQijFE$_$2,-NFrJFQijFE,Neutral,Neutral,0.0,0.3287536110716064
C_hybrid_capacity,audio,20260928,1,-RfYyzHpjk4$_$11,-RfYyzHpjk4,Positive,Neutral,2.0,0.41157168914991044
C_hybrid_capacity,audio,20260928,1,-RfYyzHpjk4$_$2,-RfYyzHpjk4,Positive,Positive,0.3333333432674408,0.24862773219528156
C_hybrid_capacity,audio,20260928,1,-RfYyzHpjk4$_$8,-RfYyzHpjk4,Positive,Positive,0.3333333432674408,0.6655962027949163
C_hybrid_capacity,audio,20260928,0,-THoVjtIkeU$_$12,-THoVjtIkeU,Positive,Negative,2.0,0.06227497935279344
C_hybrid_capacity,audio,20260928,0,-THoVjtIkeU$_$2,-THoVjtIkeU,Positive,Neutral,1.3333333730697632,0.2709136663488222
C_hybrid_capacity,audio,20260928,0,-THoVjtIkeU$_$6,-THoVjtIkeU,Positive,Negative,2.6666667461395264,0.06267172095491769
C_hybrid_capacity,audio,20260928,1,-UUCSKoHeMA$_$0,-UUCSKoHeMA,Neutral,Neutral,0.0,0.6794018713413165
C_hybrid_capacity,audio,20260928,2,-UacrmKiTn4$_$10,-UacrmKiTn4,Negative,Neutral,-0.6666666865348816,0.427094167255265
C_hybrid_capacity,audio,20260928,2,-UacrmKiTn4$_$4,-UacrmKiTn4,Negative,Neutral,-1.3333333730697632,0.3239190725398747
C_hybrid_capacity,audio,20260928,0,-UuX1xuaiiE$_$0,-UuX1xuaiiE,Positive,Neutral,2.6666667461395264,0.14747404465335223
C_hybrid_capacity,audio,20260928,0,-UuX1xuaiiE$_$1,-UuX1xuaiiE,Positive,Neutral,1.6666666269302368,0.005403981446945094
C_hybrid_capacity,audio,20260928,0,-UuX1xuaiiE$_$3,-UuX1xuaiiE,Positive,Negative,0.3333333432674408,0.19517692467781658
C_hybrid_capacity,audio,20260928,0,-UuX1xuaiiE$_$6,-UuX1xuaiiE,Negative,Neutral,-0.3333333432674408,-0.01867439235660376
C_hybrid_capacity,audio,20260928,3,-a55Q6RWvTA$_$3,-a55Q6RWvTA,Positive,Neutral,0.6666666865348816,0.2346683144118262
C_hybrid_capacity,audio,20260928,3,-aNfi7CP8vM$_$7,-aNfi7CP8vM,Neutral,Positive,0.0,0.747705782773664
C_hybrid_capacity,audio,20260928,1,-aqamKhZ1Ec$_$0,-aqamKhZ1Ec,Negative,Negative,-2.0,0.5031159730670806
C_hybrid_capacity,audio,20260928,0,-dxfTGcXJoc$_$0,-dxfTGcXJoc,Positive,Negative,1.0,0.18063834159369033
C_hybrid_capacity,audio,20260928,0,-dxfTGcXJoc$_$1,-dxfTGcXJoc,Positive,Neutral,1.6666666269302368,0.20875064831565776
C_hybrid_capacity,audio,20260928,0,-dxfTGcXJoc$_$2,-dxfTGcXJoc,Positive,Positive,0.6666666865348816,0.31501525734983526
C_hybrid_capacity,audio,20260928,0,-dxfTGcXJoc$_$6,-dxfTGcXJoc,Positive,Neutral,0.6666666865348816,0.32734057248063375
C_hybrid_capacity,audio,20260928,3,-egA8-b7-3M$_$1,-egA8-b7-3M,Positive,Positive,0.6666666865348816,0.7610425131963572
C_hybrid_capacity,audio,20260928,3,-egA8-b7-3M$_$13,-egA8-b7-3M,Positive,Positive,0.3333333432674408,0.6754662678123327
C_hybrid_capacity,audio,20260928,3,-egA8-b7-3M$_$16,-egA8-b7-3M,Positive,Positive,0.6666666865348816,0.6146465909711001
C_hybrid_capacity,audio,20260928,3,-egA8-b7-3M$_$17,-egA8-b7-3M,Positive,Neutral,0.3333333432674408,0.5143597081742886
C_hybrid_capacity,audio,20260928,3,-egA8-b7-3M$_$18,-egA8-b7-3M,Positive,Positive,1.0,0.7328339681792422
C_hybrid_capacity,audio,20260928,3,-egA8-b7-3M$_$20,-egA8-b7-3M,Positive,Positive,0.3333333432674408,0.571983382743869
C_hybrid_capacity,audio,20260928,3,-egA8-b7-3M$_$26,-egA8-b7-3M,Positive,Positive,1.6666666269302368,0.7088932158521093
C_hybrid_capacity,audio,20260928,3,-egA8-b7-3M$_$6,-egA8-b7-3M,Positive,Positive,0.6666666865348816,0.7404508087938573
C_hybrid_capacity,audio,20260928,3,-egA8-b7-3M$_$9,-egA8-b7-3M,Positive,Positive,0.3333333432674408,0.8433138063428314
C_hybrid_capacity,audio,20260928,3,-hnBHBN8p5A$_$6,-hnBHBN8p5A,Positive,Positive,1.0,0.7727200934575
C_hybrid_capacity,audio,20260928,3,-hnBHBN8p5A$_$7,-hnBHBN8p5A,Positive,Positive,0.6666666865348816,0.5236737870381413
C_hybrid_capacity,audio,20260928,4,-iRBcNs9oI8$_$3,-iRBcNs9oI8,Positive,Positive,0.6666666865348816,0.7852352410788593
C_hybrid_capacity,audio,20260928,4,-iRBcNs9oI8$_$6,-iRBcNs9oI8,Positive,Positive,0.3333333432674408,0.6450317611308171
C_hybrid_capacity,audio,20260928,4,-iRBcNs9oI8$_$7,-iRBcNs9oI8,Positive,Positive,0.6666666865348816,1.1970891644223889
C_hybrid_capacity,audio,20260928,4,-iRBcNs9oI8$_$8,-iRBcNs9oI8,Positive,Positive,1.0,0.6304305087739586
C_hybrid_capacity,audio,20260928,4,-iRBcNs9oI8$_$9,-iRBcNs9oI8,Positive,Positive,1.3333333730697632,0.5110554148819476
C_hybrid_capacity,audio,20260928,4,-lzEya4AM_4$_$5,-lzEya4AM_4,Negative,Positive,-0.6666666865348816,0.20099059000449537
C_hybrid_capacity,audio,20260928,4,-lzEya4AM_4$_$6,-lzEya4AM_4,Negative,Positive,-0.3333333432674408,0.23692871402879254
C_hybrid_capacity,audio,20260928,3,-mJ2ud6oKI8$_$1,-mJ2ud6oKI8,Neutral,Neutral,0.0,-4.488478504733895
C_hybrid_capacity,audio,20260928,3,-mJ2ud6oKI8$_$2,-mJ2ud6oKI8,Neutral,Neutral,0.0,-4.488478504733895
C_hybrid_capacity,audio,20260928,3,-mJ2ud6oKI8$_$6,-mJ2ud6oKI8,Positive,Positive,0.3333333432674408,0.09148727107135107
C_hybrid_capacity,audio,20260928,3,-mJ2ud6oKI8$_$8,-mJ2ud6oKI8,Negative,Negative,-0.3333333432674408,0.17466423114868632
C_hybrid_capacity,audio,20260928,3,-mJ2ud6oKI8$_$9,-mJ2ud6oKI8,Neutral,Negative,0.0,0.05030630556600696
C_hybrid_capacity,audio,20260928,0,-mqbVkbCndg$_$0,-mqbVkbCndg,Neutral,Negative,0.0,-0.18058810702482261
C_hybrid_capacity,audio,20260928,4,-qDkUB0GgYY$_$6,-qDkUB0GgYY,Positive,Positive,1.3333333730697632,0.48753007013672933
C_hybrid_capacity,audio,20260928,0,-ri04Z7vwnc$_$0,-ri04Z7vwnc,Neutral,Neutral,0.0,3.121251831122995e-05
C_hybrid_capacity,audio,20260928,0,-ri04Z7vwnc$_$2,-ri04Z7vwnc,Negative,Negative,-0.3333333432674408,0.012649331922385126
C_hybrid_capacity,audio,20260928,0,-ri04Z7vwnc$_$5,-ri04Z7vwnc,Positive,Negative,0.3333333432674408,0.1420649157505974
C_hybrid_capacity,audio,20260928,1,-s9qJ7ATP7w$_$0,-s9qJ7ATP7w,Negative,Neutral,-0.3333333432674408,0.19285936364532427
C_hybrid_capacity,audio,20260928,1,-s9qJ7ATP7w$_$1,-s9qJ7ATP7w,Positive,Positive,0.6666666865348816,0.2570134386001828
C_hybrid_capacity,audio,20260928,1,-s9qJ7ATP7w$_$4,-s9qJ7ATP7w,Neutral,Negative,0.0,0.10913790078193719
C_hybrid_capacity,audio,20260928,1,-s9qJ7ATP7w$_$5,-s9qJ7ATP7w,Negative,Positive,-2.0,0.14056392568394896
C_hybrid_capacity,audio,20260928,1,-s9qJ7ATP7w$_$6,-s9qJ7ATP7w,Neutral,Neutral,0.0,0.15757431537599326
C_hybrid_capacity,audio,20260928,1,-s9qJ7ATP7w$_$7,-s9qJ7ATP7w,Positive,Positive,1.0,0.23825207152316238
C_hybrid_capacity,audio,20260928,1,-s9qJ7ATP7w$_$8,-s9qJ7ATP7w,Positive,Neutral,1.3333333730697632,0.21061994521930705
C_hybrid_capacity,audio,20260928,2,-t217m2on-s$_$2,-t217m2on-s,Positive,Neutral,0.6666666865348816,0.41210170432860616
C_hybrid_capacity,audio,20260928,2,-t217m2on-s$_$7,-t217m2on-s,Negative,Neutral,-0.6666666865348816,0.3292613705383578
C_hybrid_capacity,audio,20260928,4,-tANM6ETl_M$_$3,-tANM6ETl_M,Positive,Negative,0.3333333432674408,0.24716391695780635
C_hybrid_capacity,audio,20260928,2,-tPCytz4rww$_$10,-tPCytz4rww,Neutral,Positive,0.0,0.3821426207841571
C_hybrid_capacity,audio,20260928,2,-tPCytz4rww$_$11,-tPCytz4rww,Neutral,Neutral,0.0,0.3179575850458593
C_hybrid_capacity,audio,20260928,2,-tPCytz4rww$_$12,-tPCytz4rww,Neutral,Neutral,0.0,0.3032449280220215
C_hybrid_capacity,audio,20260928,2,-tPCytz4rww$_$16,-tPCytz4rww,Neutral,Neutral,0.0,0.2381493926946925
C_hybrid_capacity,audio,20260928,2,-tPCytz4rww$_$18,-tPCytz4rww,Neutral,Neutral,0.0,0.4644212215174665
C_hybrid_capacity,audio,20260928,2,-uywlfIYOS8$_$4,-uywlfIYOS8,Positive,Positive,0.3333333432674408,0.33016433911040305
C_hybrid_capacity,audio,20260928,2,-vxjVxOeScU$_$4,-vxjVxOeScU,Positive,Positive,1.0,0.5718206154267216
C_hybrid_capacity,audio,20260928,4,-wMB_hJL-3o$_$7,-wMB_hJL-3o,Positive,Negative,0.3333333432674408,0.469091692223806
C_hybrid_capacity,audio,20260928,3,-wny0OAz3g8$_$0,-wny0OAz3g8,Positive,Positive,0.3333333432674408,0.5357357365805762
C_hybrid_capacity,audio,20260928,3,-wny0OAz3g8$_$1,-wny0OAz3g8,Positive,Positive,0.3333333432674408,0.8193123683420023
C_hybrid_capacity,audio,20260928,3,-wny0OAz3g8$_$2,-wny0OAz3g8,Negative,Positive,-0.3333333432674408,0.6315404864023786
C_hybrid_capacity,audio,20260928,3,-wny0OAz3g8$_$3,-wny0OAz3g8,Negative,Positive,-1.3333333730697632,0.5941673198489974
C_hybrid_capacity,audio,20260928,3,-wny0OAz3g8$_$5,-wny0OAz3g8,Positive,Positive,1.0,0.7848292534579635
C_hybrid_capacity,audio,20260928,3,-wny0OAz3g8$_$7,-wny0OAz3g8,Neutral,Positive,0.0,0.7871350271481454
C_hybrid_capacity,audio,20260928,3,-wny0OAz3g8$_$9,-wny0OAz3g8,Positive,Positive,0.6666666865348816,0.6416790698108557
C_hybrid_capacity,audio,20260928,1,-yRb-Jum7EQ$_$1,-yRb-Jum7EQ,Neutral,Positive,0.0,0.20656652897700759
C_hybrid_capacity,audio,20260928,1,-yRb-Jum7EQ$_$5,-yRb-Jum7EQ,Negative,Positive,-0.6666666865348816,0.2886875583411418
C_hybrid_capacity,audio,20260928,1,-yRb-Jum7EQ$_$6,-yRb-Jum7EQ,Neutral,Positive,0.0,0.2565298114622786
C_hybrid_capacity,vision,20260924,1,-3g5yACwYnA$_$13,-3g5yACwYnA,Positive,Neutral,0.6666666865348816,-0.06661613477390282
C_hybrid_capacity,vision,20260924,1,-3g5yACwYnA$_$2,-3g5yACwYnA,Neutral,Neutral,0.0,-0.13675782778886003
C_hybrid_capacity,vision,20260924,1,-3g5yACwYnA$_$3,-3g5yACwYnA,Neutral,Neutral,0.0,-0.06508854580771217
C_hybrid_capacity,vision,20260924,1,-3g5yACwYnA$_$9,-3g5yACwYnA,Positive,Negative,0.6666666865348816,-0.03308380143282347
C_hybrid_capacity,vision,20260924,0,-3nNcZdcdvU$_$5,-3nNcZdcdvU,Neutral,Positive,0.0,0.5678083362716342
C_hybrid_capacity,vision,20260924,3,-571d8cVauQ$_$0,-571d8cVauQ,Neutral,Positive,0.0,0.34362111665182554
C_hybrid_capacity,vision,20260924,3,-571d8cVauQ$_$5,-571d8cVauQ,Positive,Positive,0.3333333432674408,0.40643473529231633
C_hybrid_capacity,vision,20260924,0,-6rXp3zJ3kc$_$8,-6rXp3zJ3kc,Negative,Neutral,-1.0,0.23237256862401587
C_hybrid_capacity,vision,20260924,0,-9y-fZ3swSY$_$0,-9y-fZ3swSY,Positive,Positive,1.0,0.5214425682944946
C_hybrid_capacity,vision,20260924,0,-9y-fZ3swSY$_$4,-9y-fZ3swSY,Neutral,Neutral,0.0,0.25088794592085717
C_hybrid_capacity,vision,20260924,0,-9y-fZ3swSY$_$8,-9y-fZ3swSY,Positive,Positive,1.6666666269302368,0.4133439997708632
C_hybrid_capacity,vision,20260924,0,-AUZQgSxyPQ$_$2,-AUZQgSxyPQ,Positive,Positive,0.6666666865348816,0.3410652614581938
C_hybrid_capacity,vision,20260924,4,-HeZS2-Prhc$_$2,-HeZS2-Prhc,Positive,Positive,0.6666666865348816,0.49524847713456904
C_hybrid_capacity,vision,20260924,4,-HwX2H8Z4hY$_$2,-HwX2H8Z4hY,Neutral,Neutral,0.0,0.058860225140546896
C_hybrid_capacity,vision,20260924,4,-HwX2H8Z4hY$_$5,-HwX2H8Z4hY,Negative,Negative,-1.0,0.2905132696547734
C_hybrid_capacity,vision,20260924,4,-HwX2H8Z4hY$_$6,-HwX2H8Z4hY,Neutral,Negative,0.0,0.23053347503683322
C_hybrid_capacity,vision,20260924,4,-HwX2H8Z4hY$_$9,-HwX2H8Z4hY,Negative,Neutral,-0.3333333432674408,0.06043350228209016
C_hybrid_capacity,vision,20260924,1,-I_e4mIh0yE$_$1,-I_e4mIh0yE,Negative,Neutral,-0.6666666865348816,0.4400001525527632
C_hybrid_capacity,vision,20260924,1,-I_e4mIh0yE$_$3,-I_e4mIh0yE,Positive,Negative,0.6666666865348816,0.4547531624275117
C_hybrid_capacity,vision,20260924,3,-MeTTeMJBNc$_$0,-MeTTeMJBNc,Positive,Positive,0.3333333432674408,0.3719711036558521
C_hybrid_capacity,vision,20260924,3,-MeTTeMJBNc$_$13,-MeTTeMJBNc,Positive,Positive,0.3333333432674408,0.47398587775715356
C_hybrid_capacity,vision,20260924,3,-MeTTeMJBNc$_$7,-MeTTeMJBNc,Positive,Positive,1.3333333730697632,0.3302210725989514
C_hybrid_capacity,vision,20260924,3,-NFrJFQijFE$_$1,-NFrJFQijFE,Positive,Neutral,0.3333333432674408,-0.07030179755110877
C_hybrid_capacity,vision,20260924,3,-NFrJFQijFE$_$2,-NFrJFQijFE,Neutral,Neutral,0.0,-0.07030179755110877
C_hybrid_capacity,vision,20260924,2,-RfYyzHpjk4$_$11,-RfYyzHpjk4,Positive,Neutral,2.0,0.3366310984990721
C_hybrid_capacity,vision,20260924,2,-RfYyzHpjk4$_$2,-RfYyzHpjk4,Positive,Neutral,0.3333333432674408,0.4091223212566818
C_hybrid_capacity,vision,20260924,2,-RfYyzHpjk4$_$8,-RfYyzHpjk4,Positive,Neutral,0.3333333432674408,0.27975629995736884
C_hybrid_capacity,vision,20260924,0,-THoVjtIkeU$_$12,-THoVjtIkeU,Positive,Positive,2.0,0.47232221881997416
C_hybrid_capacity,vision,20260924,0,-THoVjtIkeU$_$2,-THoVjtIkeU,Positive,Positive,1.3333333730697632,0.5134757741211028
C_hybrid_capacity,vision,20260924,0,-THoVjtIkeU$_$6,-THoVjtIkeU,Positive,Positive,2.6666667461395264,0.4844811408001267
C_hybrid_capacity,vision,20260924,4,-UUCSKoHeMA$_$0,-UUCSKoHeMA,Neutral,Negative,0.0,0.31401943111071284
C_hybrid_capacity,vision,20260924,0,-UacrmKiTn4$_$10,-UacrmKiTn4,Negative,Negative,-0.6666666865348816,0.34844616199862133
C_hybrid_capacity,vision,20260924,0,-UacrmKiTn4$_$4,-UacrmKiTn4,Negative,Positive,-1.3333333730697632,0.35857876847174236
C_hybrid_capacity,vision,20260924,2,-UuX1xuaiiE$_$0,-UuX1xuaiiE,Positive,Negative,2.6666667461395264,0.4542035388355258
C_hybrid_capacity,vision,20260924,2,-UuX1xuaiiE$_$1,-UuX1xuaiiE,Positive,Negative,1.6666666269302368,0.36226572113828465
C_hybrid_capacity,vision,20260924,2,-UuX1xuaiiE$_$3,-UuX1xuaiiE,Positive,Positive,0.3333333432674408,0.31341877796978496
C_hybrid_capacity,vision,20260924,2,-UuX1xuaiiE$_$6,-UuX1xuaiiE,Negative,Positive,-0.3333333432674408,0.4585871306764904
C_hybrid_capacity,vision,20260924,4,-a55Q6RWvTA$_$3,-a55Q6RWvTA,Positive,Neutral,0.6666666865348816,0.20455830786264334
C_hybrid_capacity,vision,20260924,0,-aNfi7CP8vM$_$7,-aNfi7CP8vM,Neutral,Positive,0.0,0.3413783338701146
C_hybrid_capacity,vision,20260924,3,-aqamKhZ1Ec$_$0,-aqamKhZ1Ec,Negative,Negative,-2.0,0.3710064681917889
C_hybrid_capacity,vision,20260924,4,-dxfTGcXJoc$_$0,-dxfTGcXJoc,Positive,Positive,1.0,0.39117102434221596
C_hybrid_capacity,vision,20260924,4,-dxfTGcXJoc$_$1,-dxfTGcXJoc,Positive,Positive,1.6666666269302368,0.3826287895069251
C_hybrid_capacity,vision,20260924,4,-dxfTGcXJoc$_$2,-dxfTGcXJoc,Positive,Positive,0.6666666865348816,0.47624134095013443
C_hybrid_capacity,vision,20260924,4,-dxfTGcXJoc$_$6,-dxfTGcXJoc,Positive,Positive,0.6666666865348816,0.4053692964901304
C_hybrid_capacity,vision,20260924,4,-egA8-b7-3M$_$1,-egA8-b7-3M,Positive,Positive,0.6666666865348816,0.36736968316463864
C_hybrid_capacity,vision,20260924,4,-egA8-b7-3M$_$13,-egA8-b7-3M,Positive,Positive,0.3333333432674408,0.334773036371281
C_hybrid_capacity,vision,20260924,4,-egA8-b7-3M$_$16,-egA8-b7-3M,Positive,Positive,0.6666666865348816,0.29711049585177085
C_hybrid_capacity,vision,20260924,4,-egA8-b7-3M$_$17,-egA8-b7-3M,Positive,Positive,0.3333333432674408,0.3227290985352639
C_hybrid_capacity,vision,20260924,4,-egA8-b7-3M$_$18,-egA8-b7-3M,Positive,Positive,1.0,0.33040817906336695
C_hybrid_capacity,vision,20260924,4,-egA8-b7-3M$_$20,-egA8-b7-3M,Positive,Positive,0.3333333432674408,0.315162467977672
C_hybrid_capacity,vision,20260924,4,-egA8-b7-3M$_$26,-egA8-b7-3M,Positive,Positive,1.6666666269302368,0.33323661023792894
C_hybrid_capacity,vision,20260924,4,-egA8-b7-3M$_$6,-egA8-b7-3M,Positive,Positive,0.6666666865348816,0.29973519709121366
C_hybrid_capacity,vision,20260924,4,-egA8-b7-3M$_$9,-egA8-b7-3M,Positive,Positive,0.3333333432674408,0.3146972141542768
C_hybrid_capacity,vision,20260924,3,-hnBHBN8p5A$_$6,-hnBHBN8p5A,Positive,Negative,1.0,0.27367080237824376
C_hybrid_capacity,vision,20260924,3,-hnBHBN8p5A$_$7,-hnBHBN8p5A,Positive,Negative,0.6666666865348816,0.41918257659510727
C_hybrid_capacity,vision,20260924,1,-iRBcNs9oI8$_$3,-iRBcNs9oI8,Positive,Positive,0.6666666865348816,0.5251240130732598
C_hybrid_capacity,vision,20260924,1,-iRBcNs9oI8$_$6,-iRBcNs9oI8,Positive,Neutral,0.3333333432674408,0.1454103803614413
C_hybrid_capacity,vision,20260924,1,-iRBcNs9oI8$_$7,-iRBcNs9oI8,Positive,Positive,0.6666666865348816,0.8161608317655394
C_hybrid_capacity,vision,20260924,1,-iRBcNs9oI8$_$8,-iRBcNs9oI8,Positive,Positive,1.0,0.7491175674065566
C_hybrid_capacity,vision,20260924,1,-iRBcNs9oI8$_$9,-iRBcNs9oI8,Positive,Negative,1.3333333730697632,-0.24912784253273013
C_hybrid_capacity,vision,20260924,1,-lzEya4AM_4$_$5,-lzEya4AM_4,Negative,Neutral,-0.6666666865348816,0.06953130735161789
C_hybrid_capacity,vision,20260924,1,-lzEya4AM_4$_$6,-lzEya4AM_4,Negative,Neutral,-0.3333333432674408,0.2087064083237466
C_hybrid_capacity,vision,20260924,4,-mJ2ud6oKI8$_$1,-mJ2ud6oKI8,Neutral,Neutral,0.0,0.06043350228209016
C_hybrid_capacity,vision,20260924,4,-mJ2ud6oKI8$_$2,-mJ2ud6oKI8,Neutral,Neutral,0.0,0.06043350228209016
C_hybrid_capacity,vision,20260924,4,-mJ2ud6oKI8$_$6,-mJ2ud6oKI8,Positive,Positive,0.3333333432674408,0.4003358226355726
C_hybrid_capacity,vision,20260924,4,-mJ2ud6oKI8$_$8,-mJ2ud6oKI8,Negative,Neutral,-0.3333333432674408,0.24019713174155768
C_hybrid_capacity,vision,20260924,4,-mJ2ud6oKI8$_$9,-mJ2ud6oKI8,Neutral,Negative,0.0,0.36300621988426923
C_hybrid_capacity,vision,20260924,2,-mqbVkbCndg$_$0,-mqbVkbCndg,Neutral,Negative,0.0,0.362907751478516
C_hybrid_capacity,vision,20260924,1,-qDkUB0GgYY$_$6,-qDkUB0GgYY,Positive,Positive,1.3333333730697632,0.8769327019233237
C_hybrid_capacity,vision,20260924,1,-ri04Z7vwnc$_$0,-ri04Z7vwnc,Neutral,Neutral,0.0,0.012080099360719743
C_hybrid_capacity,vision,20260924,1,-ri04Z7vwnc$_$2,-ri04Z7vwnc,Negative,Positive,-0.3333333432674408,1.7671770466130137
C_hybrid_capacity,vision,20260924,1,-ri04Z7vwnc$_$5,-ri04Z7vwnc,Positive,Negative,0.3333333432674408,-0.26456330539179174
C_hybrid_capacity,vision,20260924,1,-s9qJ7ATP7w$_$0,-s9qJ7ATP7w,Negative,Negative,-0.3333333432674408,-0.869604764079117
C_hybrid_capacity,vision,20260924,1,-s9qJ7ATP7w$_$1,-s9qJ7ATP7w,Positive,Negative,0.6666666865348816,-0.7207030108341254
C_hybrid_capacity,vision,20260924,1,-s9qJ7ATP7w$_$4,-s9qJ7ATP7w,Neutral,Negative,0.0,-0.5826594877303277
C_hybrid_capacity,vision,20260924,1,-s9qJ7ATP7w$_$5,-s9qJ7ATP7w,Negative,Negative,-2.0,-0.3383217167998065
C_hybrid_capacity,vision,20260924,1,-s9qJ7ATP7w$_$6,-s9qJ7ATP7w,Neutral,Negative,0.0,-0.5061996470958633
C_hybrid_capacity,vision,20260924,1,-s9qJ7ATP7w$_$7,-s9qJ7ATP7w,Positive,Negative,1.0,0.5392280482248589
C_hybrid_capacity,vision,20260924,1,-s9qJ7ATP7w$_$8,-s9qJ7ATP7w,Positive,Negative,1.3333333730697632,-0.06406004995527614
C_hybrid_capacity,vision,20260924,3,-t217m2on-s$_$2,-t217m2on-s,Positive,Positive,0.6666666865348816,0.3623665985737349
C_hybrid_capacity,vision,20260924,3,-t217m2on-s$_$7,-t217m2on-s,Negative,Positive,-0.6666666865348816,0.4114030542868283
C_hybrid_capacity,vision,20260924,0,-tANM6ETl_M$_$3,-tANM6ETl_M,Positive,Negative,0.3333333432674408,0.22490577188689886
C_hybrid_capacity,vision,20260924,4,-tPCytz4rww$_$10,-tPCytz4rww,Neutral,Neutral,0.0,0.24773683925925644
C_hybrid_capacity,vision,20260924,4,-tPCytz4rww$_$11,-tPCytz4rww,Neutral,Neutral,0.0,0.22779490981793948
C_hybrid_capacity,vision,20260924,4,-tPCytz4rww$_$12,-tPCytz4rww,Neutral,Neutral,0.0,0.2537197232417327
C_hybrid_capacity,vision,20260924,4,-tPCytz4rww$_$16,-tPCytz4rww,Neutral,Neutral,0.0,0.2700391757922318
C_hybrid_capacity,vision,20260924,4,-tPCytz4rww$_$18,-tPCytz4rww,Neutral,Neutral,0.0,0.2451599153509147
C_hybrid_capacity,vision,20260924,0,-uywlfIYOS8$_$4,-uywlfIYOS8,Positive,Positive,0.3333333432674408,0.5487102856642891
C_hybrid_capacity,vision,20260924,3,-vxjVxOeScU$_$4,-vxjVxOeScU,Positive,Positive,1.0,0.47698414699720415
C_hybrid_capacity,vision,20260924,1,-wMB_hJL-3o$_$7,-wMB_hJL-3o,Positive,Positive,0.3333333432674408,0.3375842570105121
C_hybrid_capacity,vision,20260924,2,-wny0OAz3g8$_$0,-wny0OAz3g8,Positive,Negative,0.3333333432674408,0.3729212445839075
C_hybrid_capacity,vision,20260924,2,-wny0OAz3g8$_$1,-wny0OAz3g8,Positive,Negative,0.3333333432674408,0.36189189733032107
C_hybrid_capacity,vision,20260924,2,-wny0OAz3g8$_$2,-wny0OAz3g8,Negative,Negative,-0.3333333432674408,0.4046780552247264
C_hybrid_capacity,vision,20260924,2,-wny0OAz3g8$_$3,-wny0OAz3g8,Negative,Negative,-1.3333333730697632,0.3730135500260229
C_hybrid_capacity,vision,20260924,2,-wny0OAz3g8$_$5,-wny0OAz3g8,Positive,Neutral,1.0,0.36333783562796307
C_hybrid_capacity,vision,20260924,2,-wny0OAz3g8$_$7,-wny0OAz3g8,Neutral,Negative,0.0,0.36358725308706963
C_hybrid_capacity,vision,20260924,2,-wny0OAz3g8$_$9,-wny0OAz3g8,Positive,Negative,0.6666666865348816,0.39390058535659306
C_hybrid_capacity,vision,20260924,4,-yRb-Jum7EQ$_$1,-yRb-Jum7EQ,Neutral,Positive,0.0,0.3144064508652699
C_hybrid_capacity,vision,20260924,4,-yRb-Jum7EQ$_$5,-yRb-Jum7EQ,Negative,Neutral,-0.6666666865348816,0.28888183203790874
C_hybrid_capacity,vision,20260924,4,-yRb-Jum7EQ$_$6,-yRb-Jum7EQ,Neutral,Neutral,0.0,0.322184701040388
C_hybrid_capacity,vision,20260925,4,-3g5yACwYnA$_$13,-3g5yACwYnA,Positive,Negative,0.6666666865348816,0.17067793629513778
C_hybrid_capacity,vision,20260925,4,-3g5yACwYnA$_$2,-3g5yACwYnA,Neutral,Neutral,0.0,0.20251612718497236
C_hybrid_capacity,vision,20260925,4,-3g5yACwYnA$_$3,-3g5yACwYnA,Neutral,Neutral,0.0,0.23162473378043485
C_hybrid_capacity,vision,20260925,4,-3g5yACwYnA$_$9,-3g5yACwYnA,Positive,Negative,0.6666666865348816,0.18914971561279403
C_hybrid_capacity,vision,20260925,0,-3nNcZdcdvU$_$5,-3nNcZdcdvU,Neutral,Positive,0.0,0.5896898950424116
C_hybrid_capacity,vision,20260925,3,-571d8cVauQ$_$0,-571d8cVauQ,Neutral,Positive,0.0,0.3907222419492668
C_hybrid_capacity,vision,20260925,3,-571d8cVauQ$_$5,-571d8cVauQ,Positive,Positive,0.3333333432674408,0.44980161661908563
C_hybrid_capacity,vision,20260925,1,-6rXp3zJ3kc$_$8,-6rXp3zJ3kc,Negative,Negative,-1.0,-0.06593071922071331
C_hybrid_capacity,vision,20260925,4,-9y-fZ3swSY$_$0,-9y-fZ3swSY,Positive,Positive,1.0,0.6382296459860493
C_hybrid_capacity,vision,20260925,4,-9y-fZ3swSY$_$4,-9y-fZ3swSY,Neutral,Neutral,0.0,0.3128272786412085
C_hybrid_capacity,vision,20260925,4,-9y-fZ3swSY$_$8,-9y-fZ3swSY,Positive,Positive,1.6666666269302368,0.38670025989538054
C_hybrid_capacity,vision,20260925,3,-AUZQgSxyPQ$_$2,-AUZQgSxyPQ,Positive,Positive,0.6666666865348816,0.38050440134444186
C_hybrid_capacity,vision,20260925,1,-HeZS2-Prhc$_$2,-HeZS2-Prhc,Positive,Positive,0.6666666865348816,0.8375560797252855
C_hybrid_capacity,vision,20260925,3,-HwX2H8Z4hY$_$2,-HwX2H8Z4hY,Neutral,Neutral,0.0,0.27441388469795985
C_hybrid_capacity,vision,20260925,3,-HwX2H8Z4hY$_$5,-HwX2H8Z4hY,Negative,Positive,-1.0,0.515672152636639
C_hybrid_capacity,vision,20260925,3,-HwX2H8Z4hY$_$6,-HwX2H8Z4hY,Neutral,Negative,0.0,0.43459695942659005
C_hybrid_capacity,vision,20260925,3,-HwX2H8Z4hY$_$9,-HwX2H8Z4hY,Negative,Neutral,-0.3333333432674408,0.025112058347795674
C_hybrid_capacity,vision,20260925,4,-I_e4mIh0yE$_$1,-I_e4mIh0yE,Negative,Negative,-0.6666666865348816,0.30624695397289703
C_hybrid_capacity,vision,20260925,4,-I_e4mIh0yE$_$3,-I_e4mIh0yE,Positive,Negative,0.6666666865348816,0.33013274193341724
C_hybrid_capacity,vision,20260925,0,-MeTTeMJBNc$_$0,-MeTTeMJBNc,Positive,Positive,0.3333333432674408,0.37030029124484576
C_hybrid_capacity,vision,20260925,0,-MeTTeMJBNc$_$13,-MeTTeMJBNc,Positive,Negative,0.3333333432674408,0.3861230658434164
C_hybrid_capacity,vision,20260925,0,-MeTTeMJBNc$_$7,-MeTTeMJBNc,Positive,Negative,1.3333333730697632,0.31638688869477877
C_hybrid_capacity,vision,20260925,4,-NFrJFQijFE$_$1,-NFrJFQijFE,Positive,Neutral,0.3333333432674408,-0.08689777209486044
C_hybrid_capacity,vision,20260925,4,-NFrJFQijFE$_$2,-NFrJFQijFE,Neutral,Neutral,0.0,-0.08689777209486044
C_hybrid_capacity,vision,20260925,2,-RfYyzHpjk4$_$11,-RfYyzHpjk4,Positive,Neutral,2.0,0.2312537444271497
C_hybrid_capacity,vision,20260925,2,-RfYyzHpjk4$_$2,-RfYyzHpjk4,Positive,Neutral,0.3333333432674408,0.39407092750765643
C_hybrid_capacity,vision,20260925,2,-RfYyzHpjk4$_$8,-RfYyzHpjk4,Positive,Neutral,0.3333333432674408,0.09084858785001171
C_hybrid_capacity,vision,20260925,2,-THoVjtIkeU$_$12,-THoVjtIkeU,Positive,Positive,2.0,0.4612519920401282
C_hybrid_capacity,vision,20260925,2,-THoVjtIkeU$_$2,-THoVjtIkeU,Positive,Positive,1.3333333730697632,0.41164877948855527
C_hybrid_capacity,vision,20260925,2,-THoVjtIkeU$_$6,-THoVjtIkeU,Positive,Positive,2.6666667461395264,0.43663904577596946
C_hybrid_capacity,vision,20260925,4,-UUCSKoHeMA$_$0,-UUCSKoHeMA,Neutral,Positive,0.0,0.41685684458314937
C_hybrid_capacity,vision,20260925,2,-UacrmKiTn4$_$10,-UacrmKiTn4,Negative,Negative,-0.6666666865348816,0.31386914277631034
C_hybrid_capacity,vision,20260925,2,-UacrmKiTn4$_$4,-UacrmKiTn4,Negative,Positive,-1.3333333730697632,0.32814616537424923
C_hybrid_capacity,vision,20260925,0,-UuX1xuaiiE$_$0,-UuX1xuaiiE,Positive,Negative,2.6666667461395264,0.42177103850999564
C_hybrid_capacity,vision,20260925,0,-UuX1xuaiiE$_$1,-UuX1xuaiiE,Positive,Negative,1.6666666269302368,0.2424723766186076
C_hybrid_capacity,vision,20260925,0,-UuX1xuaiiE$_$3,-UuX1xuaiiE,Positive,Negative,0.3333333432674408,0.3255423827544001
C_hybrid_capacity,vision,20260925,0,-UuX1xuaiiE$_$6,-UuX1xuaiiE,Negative,Positive,-0.3333333432674408,0.4372069499781064
C_hybrid_capacity,vision,20260925,1,-a55Q6RWvTA$_$3,-a55Q6RWvTA,Positive,Neutral,0.6666666865348816,-0.14709404083228533
C_hybrid_capacity,vision,20260925,1,-aNfi7CP8vM$_$7,-aNfi7CP8vM,Neutral,Positive,0.0,0.4861411705707881
C_hybrid_capacity,vision,20260925,2,-aqamKhZ1Ec$_$0,-aqamKhZ1Ec,Negative,Negative,-2.0,0.327176988882215
C_hybrid_capacity,vision,20260925,3,-dxfTGcXJoc$_$0,-dxfTGcXJoc,Positive,Positive,1.0,0.4257370408239604
C_hybrid_capacity,vision,20260925,3,-dxfTGcXJoc$_$1,-dxfTGcXJoc,Positive,Positive,1.6666666269302368,0.4252877129338568
C_hybrid_capacity,vision,20260925,3,-dxfTGcXJoc$_$2,-dxfTGcXJoc,Positive,Positive,0.6666666865348816,0.540559477190383
C_hybrid_capacity,vision,20260925,3,-dxfTGcXJoc$_$6,-dxfTGcXJoc,Positive,Positive,0.6666666865348816,0.4666491049955267
C_hybrid_capacity,vision,20260925,2,-egA8-b7-3M$_$1,-egA8-b7-3M,Positive,Neutral,0.6666666865348816,0.2536456530336404
C_hybrid_capacity,vision,20260925,2,-egA8-b7-3M$_$13,-egA8-b7-3M,Positive,Neutral,0.3333333432674408,0.18291010523517798
C_hybrid_capacity,vision,20260925,2,-egA8-b7-3M$_$16,-egA8-b7-3M,Positive,Neutral,0.6666666865348816,0.23578816637615
C_hybrid_capacity,vision,20260925,2,-egA8-b7-3M$_$17,-egA8-b7-3M,Positive,Neutral,0.3333333432674408,0.26342948884077017
C_hybrid_capacity,vision,20260925,2,-egA8-b7-3M$_$18,-egA8-b7-3M,Positive,Neutral,1.0,0.27143250573700817
C_hybrid_capacity,vision,20260925,2,-egA8-b7-3M$_$20,-egA8-b7-3M,Positive,Neutral,0.3333333432674408,0.22589517509111265
C_hybrid_capacity,vision,20260925,2,-egA8-b7-3M$_$26,-egA8-b7-3M,Positive,Neutral,1.6666666269302368,0.2703601421195733
C_hybrid_capacity,vision,20260925,2,-egA8-b7-3M$_$6,-egA8-b7-3M,Positive,Neutral,0.6666666865348816,0.22410526894900637
C_hybrid_capacity,vision,20260925,2,-egA8-b7-3M$_$9,-egA8-b7-3M,Positive,Neutral,0.3333333432674408,0.2713149047071154
C_hybrid_capacity,vision,20260925,0,-hnBHBN8p5A$_$6,-hnBHBN8p5A,Positive,Negative,1.0,0.2608446287342649
C_hybrid_capacity,vision,20260925,0,-hnBHBN8p5A$_$7,-hnBHBN8p5A,Positive,Negative,0.6666666865348816,0.30441448903443513
C_hybrid_capacity,vision,20260925,4,-iRBcNs9oI8$_$3,-iRBcNs9oI8,Positive,Positive,0.6666666865348816,0.39769492684814006
C_hybrid_capacity,vision,20260925,4,-iRBcNs9oI8$_$6,-iRBcNs9oI8,Positive,Neutral,0.3333333432674408,0.18528488563525564
C_hybrid_capacity,vision,20260925,4,-iRBcNs9oI8$_$7,-iRBcNs9oI8,Positive,Positive,0.6666666865348816,0.5467190455970795
C_hybrid_capacity,vision,20260925,4,-iRBcNs9oI8$_$8,-iRBcNs9oI8,Positive,Positive,1.0,0.5050632303245752
C_hybrid_capacity,vision,20260925,4,-iRBcNs9oI8$_$9,-iRBcNs9oI8,Positive,Negative,1.3333333730697632,0.10825774100011992
C_hybrid_capacity,vision,20260925,0,-lzEya4AM_4$_$5,-lzEya4AM_4,Negative,Neutral,-0.6666666865348816,0.27841450805548984
C_hybrid_capacity,vision,20260925,0,-lzEya4AM_4$_$6,-lzEya4AM_4,Negative,Positive,-0.3333333432674408,0.33028568002954706
C_hybrid_capacity,vision,20260925,0,-mJ2ud6oKI8$_$1,-mJ2ud6oKI8,Neutral,Neutral,0.0,-0.06326339004988268
C_hybrid_capacity,vision,20260925,0,-mJ2ud6oKI8$_$2,-mJ2ud6oKI8,Neutral,Neutral,0.0,-0.06326339004988268
C_hybrid_capacity,vision,20260925,0,-mJ2ud6oKI8$_$6,-mJ2ud6oKI8,Positive,Positive,0.3333333432674408,0.40950207413250955
C_hybrid_capacity,vision,20260925,0,-mJ2ud6oKI8$_$8,-mJ2ud6oKI8,Negative,Neutral,-0.3333333432674408,0.2790711109366841
C_hybrid_capacity,vision,20260925,0,-mJ2ud6oKI8$_$9,-mJ2ud6oKI8,Neutral,Negative,0.0,0.3376941942069101
C_hybrid_capacity,vision,20260925,3,-mqbVkbCndg$_$0,-mqbVkbCndg,Neutral,Negative,0.0,0.4028197178216162
C_hybrid_capacity,vision,20260925,1,-qDkUB0GgYY$_$6,-qDkUB0GgYY,Positive,Positive,1.3333333730697632,0.9295486815091377
C_hybrid_capacity,vision,20260925,1,-ri04Z7vwnc$_$0,-ri04Z7vwnc,Neutral,Neutral,0.0,-0.008085404903449611
C_hybrid_capacity,vision,20260925,1,-ri04Z7vwnc$_$2,-ri04Z7vwnc,Negative,Positive,-0.3333333432674408,1.6805011568866952
C_hybrid_capacity,vision,20260925,1,-ri04Z7vwnc$_$5,-ri04Z7vwnc,Positive,Negative,0.3333333432674408,-0.1124239718360005
C_hybrid_capacity,vision,20260925,4,-s9qJ7ATP7w$_$0,-s9qJ7ATP7w,Negative,Positive,-0.3333333432674408,0.5095801721830081
C_hybrid_capacity,vision,20260925,4,-s9qJ7ATP7w$_$1,-s9qJ7ATP7w,Positive,Negative,0.6666666865348816,0.08346237573360477
C_hybrid_capacity,vision,20260925,4,-s9qJ7ATP7w$_$4,-s9qJ7ATP7w,Neutral,Positive,0.0,0.41300184128672696
C_hybrid_capacity,vision,20260925,4,-s9qJ7ATP7w$_$5,-s9qJ7ATP7w,Negative,Negative,-2.0,0.30323804378340036
C_hybrid_capacity,vision,20260925,4,-s9qJ7ATP7w$_$6,-s9qJ7ATP7w,Neutral,Negative,0.0,0.28511560626292115
C_hybrid_capacity,vision,20260925,4,-s9qJ7ATP7w$_$7,-s9qJ7ATP7w,Positive,Positive,1.0,0.8292861115362844
C_hybrid_capacity,vision,20260925,4,-s9qJ7ATP7w$_$8,-s9qJ7ATP7w,Positive,Negative,1.3333333730697632,0.29686326235820004
C_hybrid_capacity,vision,20260925,3,-t217m2on-s$_$2,-t217m2on-s,Positive,Neutral,0.6666666865348816,0.30304207731314464
C_hybrid_capacity,vision,20260925,3,-t217m2on-s$_$7,-t217m2on-s,Negative,Negative,-0.6666666865348816,0.39948429770086624
C_hybrid_capacity,vision,20260925,4,-tANM6ETl_M$_$3,-tANM6ETl_M,Positive,Negative,0.3333333432674408,0.20820019404219972
C_hybrid_capacity,vision,20260925,3,-tPCytz4rww$_$10,-tPCytz4rww,Neutral,Positive,0.0,0.28719123949159236
C_hybrid_capacity,vision,20260925,3,-tPCytz4rww$_$11,-tPCytz4rww,Neutral,Neutral,0.0,0.22341602659334894
C_hybrid_capacity,vision,20260925,3,-tPCytz4rww$_$12,-tPCytz4rww,Neutral,Positive,0.0,0.2840350386805542
C_hybrid_capacity,vision,20260925,3,-tPCytz4rww$_$16,-tPCytz4rww,Neutral,Positive,0.0,0.30642483856957947
C_hybrid_capacity,vision,20260925,3,-tPCytz4rww$_$18,-tPCytz4rww,Neutral,Positive,0.0,0.25714412527913705
C_hybrid_capacity,vision,20260925,1,-uywlfIYOS8$_$4,-uywlfIYOS8,Positive,Positive,0.3333333432674408,0.8762623488292
C_hybrid_capacity,vision,20260925,2,-vxjVxOeScU$_$4,-vxjVxOeScU,Positive,Positive,1.0,0.35694068097101483
C_hybrid_capacity,vision,20260925,2,-wMB_hJL-3o$_$7,-wMB_hJL-3o,Positive,Neutral,0.3333333432674408,0.2288141473693057
C_hybrid_capacity,vision,20260925,4,-wny0OAz3g8$_$0,-wny0OAz3g8,Positive,Negative,0.3333333432674408,0.26864506946272154
C_hybrid_capacity,vision,20260925,4,-wny0OAz3g8$_$1,-wny0OAz3g8,Positive,Negative,0.3333333432674408,0.3124202957267671
C_hybrid_capacity,vision,20260925,4,-wny0OAz3g8$_$2,-wny0OAz3g8,Negative,Positive,-0.3333333432674408,0.4732770321722814
C_hybrid_capacity,vision,20260925,4,-wny0OAz3g8$_$3,-wny0OAz3g8,Negative,Positive,-1.3333333730697632,0.44061374062754266
C_hybrid_capacity,vision,20260925,4,-wny0OAz3g8$_$5,-wny0OAz3g8,Positive,Positive,1.0,0.45004845743987026
C_hybrid_capacity,vision,20260925,4,-wny0OAz3g8$_$7,-wny0OAz3g8,Neutral,Positive,0.0,0.37247252807853554
C_hybrid_capacity,vision,20260925,4,-wny0OAz3g8$_$9,-wny0OAz3g8,Positive,Positive,0.6666666865348816,0.40033537183197376
C_hybrid_capacity,vision,20260925,2,-yRb-Jum7EQ$_$1,-yRb-Jum7EQ,Neutral,Neutral,0.0,0.3097043230552605
C_hybrid_capacity,vision,20260925,2,-yRb-Jum7EQ$_$5,-yRb-Jum7EQ,Negative,Neutral,-0.6666666865348816,0.29617472318524773
C_hybrid_capacity,vision,20260925,2,-yRb-Jum7EQ$_$6,-yRb-Jum7EQ,Neutral,Neutral,0.0,0.23584443456874893
C_hybrid_capacity,vision,20260926,1,-3g5yACwYnA$_$13,-3g5yACwYnA,Positive,Negative,0.6666666865348816,0.33320715587968663
C_hybrid_capacity,vision,20260926,1,-3g5yACwYnA$_$2,-3g5yACwYnA,Neutral,Negative,0.0,0.2861556180480742
C_hybrid_capacity,vision,20260926,1,-3g5yACwYnA$_$3,-3g5yACwYnA,Neutral,Neutral,0.0,0.3079526242438057
C_hybrid_capacity,vision,20260926,1,-3g5yACwYnA$_$9,-3g5yACwYnA,Positive,Negative,0.6666666865348816,0.34380140894790123
C_hybrid_capacity,vision,20260926,3,-3nNcZdcdvU$_$5,-3nNcZdcdvU,Neutral,Positive,0.0,0.6195099627770747
C_hybrid_capacity,vision,20260926,3,-571d8cVauQ$_$0,-571d8cVauQ,Neutral,Positive,0.0,0.337382215057162
C_hybrid_capacity,vision,20260926,3,-571d8cVauQ$_$5,-571d8cVauQ,Positive,Positive,0.3333333432674408,0.4119960958509293
C_hybrid_capacity,vision,20260926,4,-6rXp3zJ3kc$_$8,-6rXp3zJ3kc,Negative,Neutral,-1.0,0.3075450948441989
C_hybrid_capacity,vision,20260926,0,-9y-fZ3swSY$_$0,-9y-fZ3swSY,Positive,Positive,1.0,0.5058404569353493
C_hybrid_capacity,vision,20260926,0,-9y-fZ3swSY$_$4,-9y-fZ3swSY,Neutral,Neutral,0.0,0.1644458175979421
C_hybrid_capacity,vision,20260926,0,-9y-fZ3swSY$_$8,-9y-fZ3swSY,Positive,Neutral,1.6666666269302368,0.3155134196709628
C_hybrid_capacity,vision,20260926,0,-AUZQgSxyPQ$_$2,-AUZQgSxyPQ,Positive,Positive,0.6666666865348816,0.265061003906292
C_hybrid_capacity,vision,20260926,4,-HeZS2-Prhc$_$2,-HeZS2-Prhc,Positive,Positive,0.6666666865348816,0.5110516884575595
C_hybrid_capacity,vision,20260926,0,-HwX2H8Z4hY$_$2,-HwX2H8Z4hY,Neutral,Neutral,0.0,-0.0023495743403866842
C_hybrid_capacity,vision,20260926,0,-HwX2H8Z4hY$_$5,-HwX2H8Z4hY,Negative,Positive,-1.0,0.44911134074856685
C_hybrid_capacity,vision,20260926,0,-HwX2H8Z4hY$_$6,-HwX2H8Z4hY,Neutral,Negative,0.0,0.31815376051330674
C_hybrid_capacity,vision,20260926,0,-HwX2H8Z4hY$_$9,-HwX2H8Z4hY,Negative,Neutral,-0.3333333432674408,0.02527837380972703
C_hybrid_capacity,vision,20260926,1,-I_e4mIh0yE$_$1,-I_e4mIh0yE,Negative,Negative,-0.6666666865348816,0.47164334055364754
C_hybrid_capacity,vision,20260926,1,-I_e4mIh0yE$_$3,-I_e4mIh0yE,Positive,Negative,0.6666666865348816,0.48916230754100154
C_hybrid_capacity,vision,20260926,4,-MeTTeMJBNc$_$0,-MeTTeMJBNc,Positive,Positive,0.3333333432674408,0.4812152133683821
C_hybrid_capacity,vision,20260926,4,-MeTTeMJBNc$_$13,-MeTTeMJBNc,Positive,Positive,0.3333333432674408,0.5182823927225962
C_hybrid_capacity,vision,20260926,4,-MeTTeMJBNc$_$7,-MeTTeMJBNc,Positive,Positive,1.3333333730697632,0.4168650598889795
C_hybrid_capacity,vision,20260926,2,-NFrJFQijFE$_$1,-NFrJFQijFE,Positive,Neutral,0.3333333432674408,-0.09901978348227736
C_hybrid_capacity,vision,20260926,2,-NFrJFQijFE$_$2,-NFrJFQijFE,Neutral,Neutral,0.0,-0.09901978348227736
C_hybrid_capacity,vision,20260926,2,-RfYyzHpjk4$_$11,-RfYyzHpjk4,Positive,Neutral,2.0,0.28565532703575075
C_hybrid_capacity,vision,20260926,2,-RfYyzHpjk4$_$2,-RfYyzHpjk4,Positive,Positive,0.3333333432674408,0.48846391665415545
C_hybrid_capacity,vision,20260926,2,-RfYyzHpjk4$_$8,-RfYyzHpjk4,Positive,Neutral,0.3333333432674408,0.2565441593231522
C_hybrid_capacity,vision,20260926,3,-THoVjtIkeU$_$12,-THoVjtIkeU,Positive,Positive,2.0,0.47059254151924745
C_hybrid_capacity,vision,20260926,3,-THoVjtIkeU$_$2,-THoVjtIkeU,Positive,Positive,1.3333333730697632,0.4894047242945273
C_hybrid_capacity,vision,20260926,3,-THoVjtIkeU$_$6,-THoVjtIkeU,Positive,Positive,2.6666667461395264,0.4795649011458619
C_hybrid_capacity,vision,20260926,2,-UUCSKoHeMA$_$0,-UUCSKoHeMA,Neutral,Positive,0.0,0.30377368462613785
C_hybrid_capacity,vision,20260926,4,-UacrmKiTn4$_$10,-UacrmKiTn4,Negative,Negative,-0.6666666865348816,0.4138168270930969
C_hybrid_capacity,vision,20260926,4,-UacrmKiTn4$_$4,-UacrmKiTn4,Negative,Positive,-1.3333333730697632,0.5221843522783153
C_hybrid_capacity,vision,20260926,4,-UuX1xuaiiE$_$0,-UuX1xuaiiE,Positive,Negative,2.6666667461395264,0.5097421099481946
C_hybrid_capacity,vision,20260926,4,-UuX1xuaiiE$_$1,-UuX1xuaiiE,Positive,Negative,1.6666666269302368,0.3881221952087992
C_hybrid_capacity,vision,20260926,4,-UuX1xuaiiE$_$3,-UuX1xuaiiE,Positive,Positive,0.3333333432674408,0.45715432403247236
C_hybrid_capacity,vision,20260926,4,-UuX1xuaiiE$_$6,-UuX1xuaiiE,Negative,Positive,-0.3333333432674408,0.5854867630011908
C_hybrid_capacity,vision,20260926,0,-a55Q6RWvTA$_$3,-a55Q6RWvTA,Positive,Neutral,0.6666666865348816,0.16022241616636912
C_hybrid_capacity,vision,20260926,4,-aNfi7CP8vM$_$7,-aNfi7CP8vM,Neutral,Positive,0.0,0.5242787836504212
C_hybrid_capacity,vision,20260926,1,-aqamKhZ1Ec$_$0,-aqamKhZ1Ec,Negative,Negative,-2.0,0.37980226106549037
C_hybrid_capacity,vision,20260926,0,-dxfTGcXJoc$_$0,-dxfTGcXJoc,Positive,Neutral,1.0,0.30175427650459863
C_hybrid_capacity,vision,20260926,0,-dxfTGcXJoc$_$1,-dxfTGcXJoc,Positive,Neutral,1.6666666269302368,0.2910621009920928
C_hybrid_capacity,vision,20260926,0,-dxfTGcXJoc$_$2,-dxfTGcXJoc,Positive,Positive,0.6666666865348816,0.3990128613857403
C_hybrid_capacity,vision,20260926,0,-dxfTGcXJoc$_$6,-dxfTGcXJoc,Positive,Positive,0.6666666865348816,0.33731959672726247
C_hybrid_capacity,vision,20260926,0,-egA8-b7-3M$_$1,-egA8-b7-3M,Positive,Neutral,0.6666666865348816,0.30964719237003513
C_hybrid_capacity,vision,20260926,0,-egA8-b7-3M$_$13,-egA8-b7-3M,Positive,Neutral,0.3333333432674408,0.32805717815041513
C_hybrid_capacity,vision,20260926,0,-egA8-b7-3M$_$16,-egA8-b7-3M,Positive,Neutral,0.6666666865348816,0.22501445263815786
C_hybrid_capacity,vision,20260926,0,-egA8-b7-3M$_$17,-egA8-b7-3M,Positive,Neutral,0.3333333432674408,0.283525652365896
C_hybrid_capacity,vision,20260926,0,-egA8-b7-3M$_$18,-egA8-b7-3M,Positive,Neutral,1.0,0.27673792186450147
C_hybrid_capacity,vision,20260926,0,-egA8-b7-3M$_$20,-egA8-b7-3M,Positive,Neutral,0.3333333432674408,0.2839629339862816
C_hybrid_capacity,vision,20260926,0,-egA8-b7-3M$_$26,-egA8-b7-3M,Positive,Neutral,1.6666666269302368,0.29924521710594504
C_hybrid_capacity,vision,20260926,0,-egA8-b7-3M$_$6,-egA8-b7-3M,Positive,Neutral,0.6666666865348816,0.21244536522354374
C_hybrid_capacity,vision,20260926,0,-egA8-b7-3M$_$9,-egA8-b7-3M,Positive,Neutral,0.3333333432674408,0.2207995523561192
C_hybrid_capacity,vision,20260926,1,-hnBHBN8p5A$_$6,-hnBHBN8p5A,Positive,Neutral,1.0,0.3706106139639038
C_hybrid_capacity,vision,20260926,1,-hnBHBN8p5A$_$7,-hnBHBN8p5A,Positive,Neutral,0.6666666865348816,0.5164797470613895
C_hybrid_capacity,vision,20260926,2,-iRBcNs9oI8$_$3,-iRBcNs9oI8,Positive,Positive,0.6666666865348816,0.3397965600627701
C_hybrid_capacity,vision,20260926,2,-iRBcNs9oI8$_$6,-iRBcNs9oI8,Positive,Positive,0.3333333432674408,0.21256025125174371
C_hybrid_capacity,vision,20260926,2,-iRBcNs9oI8$_$7,-iRBcNs9oI8,Positive,Positive,0.6666666865348816,0.5918673106183818
C_hybrid_capacity,vision,20260926,2,-iRBcNs9oI8$_$8,-iRBcNs9oI8,Positive,Positive,1.0,0.4485432763636067
C_hybrid_capacity,vision,20260926,2,-iRBcNs9oI8$_$9,-iRBcNs9oI8,Positive,Negative,1.3333333730697632,0.11073374622315368
C_hybrid_capacity,vision,20260926,0,-lzEya4AM_4$_$5,-lzEya4AM_4,Negative,Negative,-0.6666666865348816,0.21459716501950188
C_hybrid_capacity,vision,20260926,0,-lzEya4AM_4$_$6,-lzEya4AM_4,Negative,Neutral,-0.3333333432674408,0.26791799384354403
C_hybrid_capacity,vision,20260926,4,-mJ2ud6oKI8$_$1,-mJ2ud6oKI8,Neutral,Neutral,0.0,0.009791417902744737
C_hybrid_capacity,vision,20260926,4,-mJ2ud6oKI8$_$2,-mJ2ud6oKI8,Neutral,Neutral,0.0,0.009791417902744737
C_hybrid_capacity,vision,20260926,4,-mJ2ud6oKI8$_$6,-mJ2ud6oKI8,Positive,Positive,0.3333333432674408,0.537166404300649
C_hybrid_capacity,vision,20260926,4,-mJ2ud6oKI8$_$8,-mJ2ud6oKI8,Negative,Positive,-0.3333333432674408,0.40732200073828423
C_hybrid_capacity,vision,20260926,4,-mJ2ud6oKI8$_$9,-mJ2ud6oKI8,Neutral,Positive,0.0,0.42096237036557016
C_hybrid_capacity,vision,20260926,1,-mqbVkbCndg$_$0,-mqbVkbCndg,Neutral,Negative,0.0,0.4135981656509605
C_hybrid_capacity,vision,20260926,2,-qDkUB0GgYY$_$6,-qDkUB0GgYY,Positive,Positive,1.3333333730697632,0.39514159822791295
C_hybrid_capacity,vision,20260926,1,-ri04Z7vwnc$_$0,-ri04Z7vwnc,Neutral,Neutral,0.0,0.055455690624907406
C_hybrid_capacity,vision,20260926,1,-ri04Z7vwnc$_$2,-ri04Z7vwnc,Negative,Positive,-0.3333333432674408,0.7577387027437957
C_hybrid_capacity,vision,20260926,1,-ri04Z7vwnc$_$5,-ri04Z7vwnc,Positive,Negative,0.3333333432674408,0.26431683370956205
C_hybrid_capacity,vision,20260926,0,-s9qJ7ATP7w$_$0,-s9qJ7ATP7w,Negative,Positive,-0.3333333432674408,0.5119180833215522
C_hybrid_capacity,vision,20260926,0,-s9qJ7ATP7w$_$1,-s9qJ7ATP7w,Positive,Positive,0.6666666865348816,0.18896402349581487
C_hybrid_capacity,vision,20260926,0,-s9qJ7ATP7w$_$4,-s9qJ7ATP7w,Neutral,Positive,0.0,0.5259491458301171
C_hybrid_capacity,vision,20260926,0,-s9qJ7ATP7w$_$5,-s9qJ7ATP7w,Negative,Positive,-2.0,0.3322202388629311
C_hybrid_capacity,vision,20260926,0,-s9qJ7ATP7w$_$6,-s9qJ7ATP7w,Neutral,Positive,0.0,0.42965989237316315
C_hybrid_capacity,vision,20260926,0,-s9qJ7ATP7w$_$7,-s9qJ7ATP7w,Positive,Negative,1.0,0.8470721797132219
C_hybrid_capacity,vision,20260926,0,-s9qJ7ATP7w$_$8,-s9qJ7ATP7w,Positive,Positive,1.3333333730697632,0.2782853923788349
C_hybrid_capacity,vision,20260926,4,-t217m2on-s$_$2,-t217m2on-s,Positive,Positive,0.6666666865348816,0.4527424572514438
C_hybrid_capacity,vision,20260926,4,-t217m2on-s$_$7,-t217m2on-s,Negative,Negative,-0.6666666865348816,0.4487256043947564
C_hybrid_capacity,vision,20260926,1,-tANM6ETl_M$_$3,-tANM6ETl_M,Positive,Negative,0.3333333432674408,0.2932472688897109
C_hybrid_capacity,vision,20260926,1,-tPCytz4rww$_$10,-tPCytz4rww,Neutral,Positive,0.0,0.32689980896758736
C_hybrid_capacity,vision,20260926,1,-tPCytz4rww$_$11,-tPCytz4rww,Neutral,Neutral,0.0,0.28730435565986084
C_hybrid_capacity,vision,20260926,1,-tPCytz4rww$_$12,-tPCytz4rww,Neutral,Negative,0.0,0.3125419414670718
C_hybrid_capacity,vision,20260926,1,-tPCytz4rww$_$16,-tPCytz4rww,Neutral,Positive,0.0,0.33299702543474996
C_hybrid_capacity,vision,20260926,1,-tPCytz4rww$_$18,-tPCytz4rww,Neutral,Negative,0.0,0.3041731900785292
C_hybrid_capacity,vision,20260926,0,-uywlfIYOS8$_$4,-uywlfIYOS8,Positive,Positive,0.3333333432674408,0.49042912630981284
C_hybrid_capacity,vision,20260926,0,-vxjVxOeScU$_$4,-vxjVxOeScU,Positive,Negative,1.0,0.3727848518349996
C_hybrid_capacity,vision,20260926,4,-wMB_hJL-3o$_$7,-wMB_hJL-3o,Positive,Positive,0.3333333432674408,0.43035467183144466
C_hybrid_capacity,vision,20260926,3,-wny0OAz3g8$_$0,-wny0OAz3g8,Positive,Negative,0.3333333432674408,0.32534604677638357
C_hybrid_capacity,vision,20260926,3,-wny0OAz3g8$_$1,-wny0OAz3g8,Positive,Negative,0.3333333432674408,0.35224892600761415
C_hybrid_capacity,vision,20260926,3,-wny0OAz3g8$_$2,-wny0OAz3g8,Negative,Positive,-0.3333333432674408,0.44722140190747417
C_hybrid_capacity,vision,20260926,3,-wny0OAz3g8$_$3,-wny0OAz3g8,Negative,Positive,-1.3333333730697632,0.40334955222275615
C_hybrid_capacity,vision,20260926,3,-wny0OAz3g8$_$5,-wny0OAz3g8,Positive,Positive,1.0,0.3836123806518099
C_hybrid_capacity,vision,20260926,3,-wny0OAz3g8$_$7,-wny0OAz3g8,Neutral,Positive,0.0,0.37837091289150293
C_hybrid_capacity,vision,20260926,3,-wny0OAz3g8$_$9,-wny0OAz3g8,Positive,Positive,0.6666666865348816,0.422010147440254
C_hybrid_capacity,vision,20260926,4,-yRb-Jum7EQ$_$1,-yRb-Jum7EQ,Neutral,Positive,0.0,0.31332562064211034
C_hybrid_capacity,vision,20260926,4,-yRb-Jum7EQ$_$5,-yRb-Jum7EQ,Negative,Neutral,-0.6666666865348816,0.3557899741034212
C_hybrid_capacity,vision,20260926,4,-yRb-Jum7EQ$_$6,-yRb-Jum7EQ,Neutral,Neutral,0.0,0.36218047783019647
C_hybrid_capacity,vision,20260927,0,-3g5yACwYnA$_$13,-3g5yACwYnA,Positive,Negative,0.6666666865348816,0.24451100364508196
C_hybrid_capacity,vision,20260927,0,-3g5yACwYnA$_$2,-3g5yACwYnA,Neutral,Neutral,0.0,0.204437118479775
C_hybrid_capacity,vision,20260927,0,-3g5yACwYnA$_$3,-3g5yACwYnA,Neutral,Neutral,0.0,0.22061097673533525
C_hybrid_capacity,vision,20260927,0,-3g5yACwYnA$_$9,-3g5yACwYnA,Positive,Negative,0.6666666865348816,0.27666725678710646
C_hybrid_capacity,vision,20260927,1,-3nNcZdcdvU$_$5,-3nNcZdcdvU,Neutral,Positive,0.0,0.4949094900229453
C_hybrid_capacity,vision,20260927,0,-571d8cVauQ$_$0,-571d8cVauQ,Neutral,Neutral,0.0,0.38821606392773655
C_hybrid_capacity,vision,20260927,0,-571d8cVauQ$_$5,-571d8cVauQ,Positive,Positive,0.3333333432674408,0.4699955473320727
C_hybrid_capacity,vision,20260927,4,-6rXp3zJ3kc$_$8,-6rXp3zJ3kc,Negative,Neutral,-1.0,0.29083363892990055
C_hybrid_capacity,vision,20260927,1,-9y-fZ3swSY$_$0,-9y-fZ3swSY,Positive,Positive,1.0,0.3834145082509044
C_hybrid_capacity,vision,20260927,1,-9y-fZ3swSY$_$4,-9y-fZ3swSY,Neutral,Neutral,0.0,0.31796665797125523
C_hybrid_capacity,vision,20260927,1,-9y-fZ3swSY$_$8,-9y-fZ3swSY,Positive,Positive,1.6666666269302368,0.4025226886653416
C_hybrid_capacity,vision,20260927,3,-AUZQgSxyPQ$_$2,-AUZQgSxyPQ,Positive,Positive,0.6666666865348816,0.29724324100473815
C_hybrid_capacity,vision,20260927,4,-HeZS2-Prhc$_$2,-HeZS2-Prhc,Positive,Negative,0.6666666865348816,0.49738174094234844
C_hybrid_capacity,vision,20260927,0,-HwX2H8Z4hY$_$2,-HwX2H8Z4hY,Neutral,Neutral,0.0,0.26436092538776035
C_hybrid_capacity,vision,20260927,0,-HwX2H8Z4hY$_$5,-HwX2H8Z4hY,Negative,Positive,-1.0,0.5358013497231561
C_hybrid_capacity,vision,20260927,0,-HwX2H8Z4hY$_$6,-HwX2H8Z4hY,Neutral,Negative,0.0,0.5337549776910888
C_hybrid_capacity,vision,20260927,0,-HwX2H8Z4hY$_$9,-HwX2H8Z4hY,Negative,Neutral,-0.3333333432674408,-0.026851298106632837
C_hybrid_capacity,vision,20260927,4,-I_e4mIh0yE$_$1,-I_e4mIh0yE,Negative,Positive,-0.6666666865348816,0.3385936105611817
C_hybrid_capacity,vision,20260927,4,-I_e4mIh0yE$_$3,-I_e4mIh0yE,Positive,Negative,0.6666666865348816,0.36775467447585736
C_hybrid_capacity,vision,20260927,3,-MeTTeMJBNc$_$0,-MeTTeMJBNc,Positive,Positive,0.3333333432674408,0.3240728963071767
C_hybrid_capacity,vision,20260927,3,-MeTTeMJBNc$_$13,-MeTTeMJBNc,Positive,Positive,0.3333333432674408,0.4129753393413498
C_hybrid_capacity,vision,20260927,3,-MeTTeMJBNc$_$7,-MeTTeMJBNc,Positive,Positive,1.3333333730697632,0.2744529759563924
C_hybrid_capacity,vision,20260927,4,-NFrJFQijFE$_$1,-NFrJFQijFE,Positive,Neutral,0.3333333432674408,0.002929360261060887
C_hybrid_capacity,vision,20260927,4,-NFrJFQijFE$_$2,-NFrJFQijFE,Neutral,Neutral,0.0,0.002929360261060887
C_hybrid_capacity,vision,20260927,3,-RfYyzHpjk4$_$11,-RfYyzHpjk4,Positive,Neutral,2.0,0.3431462297346368
C_hybrid_capacity,vision,20260927,3,-RfYyzHpjk4$_$2,-RfYyzHpjk4,Positive,Positive,0.3333333432674408,0.4947301597957471
C_hybrid_capacity,vision,20260927,3,-RfYyzHpjk4$_$8,-RfYyzHpjk4,Positive,Neutral,0.3333333432674408,0.35084422557452083
C_hybrid_capacity,vision,20260927,4,-THoVjtIkeU$_$12,-THoVjtIkeU,Positive,Positive,2.0,0.4695081730492017
C_hybrid_capacity,vision,20260927,4,-THoVjtIkeU$_$2,-THoVjtIkeU,Positive,Positive,1.3333333730697632,0.49269536390187674
C_hybrid_capacity,vision,20260927,4,-THoVjtIkeU$_$6,-THoVjtIkeU,Positive,Positive,2.6666667461395264,0.477627639459556
C_hybrid_capacity,vision,20260927,3,-UUCSKoHeMA$_$0,-UUCSKoHeMA,Neutral,Positive,0.0,0.33026597306923444
C_hybrid_capacity,vision,20260927,4,-UacrmKiTn4$_$10,-UacrmKiTn4,Negative,Positive,-0.6666666865348816,0.3886932271006099
C_hybrid_capacity,vision,20260927,4,-UacrmKiTn4$_$4,-UacrmKiTn4,Negative,Positive,-1.3333333730697632,0.3570257555945773
C_hybrid_capacity,vision,20260927,1,-UuX1xuaiiE$_$0,-UuX1xuaiiE,Positive,Positive,2.6666667461395264,0.4260579339863434
C_hybrid_capacity,vision,20260927,1,-UuX1xuaiiE$_$1,-UuX1xuaiiE,Positive,Negative,1.6666666269302368,0.26611030310194417
C_hybrid_capacity,vision,20260927,1,-UuX1xuaiiE$_$3,-UuX1xuaiiE,Positive,Positive,0.3333333432674408,0.32833604407101896
C_hybrid_capacity,vision,20260927,1,-UuX1xuaiiE$_$6,-UuX1xuaiiE,Negative,Positive,-0.3333333432674408,0.3870782781515576
C_hybrid_capacity,vision,20260927,1,-a55Q6RWvTA$_$3,-a55Q6RWvTA,Positive,Neutral,0.6666666865348816,0.173651950057623
C_hybrid_capacity,vision,20260927,2,-aNfi7CP8vM$_$7,-aNfi7CP8vM,Neutral,Positive,0.0,0.4054252009748292
C_hybrid_capacity,vision,20260927,1,-aqamKhZ1Ec$_$0,-aqamKhZ1Ec,Negative,Negative,-2.0,0.2953843788800281
C_hybrid_capacity,vision,20260927,4,-dxfTGcXJoc$_$0,-dxfTGcXJoc,Positive,Positive,1.0,0.3418160434152653
C_hybrid_capacity,vision,20260927,4,-dxfTGcXJoc$_$1,-dxfTGcXJoc,Positive,Positive,1.6666666269302368,0.3685140664091679
C_hybrid_capacity,vision,20260927,4,-dxfTGcXJoc$_$2,-dxfTGcXJoc,Positive,Positive,0.6666666865348816,0.45317194386047194
C_hybrid_capacity,vision,20260927,4,-dxfTGcXJoc$_$6,-dxfTGcXJoc,Positive,Positive,0.6666666865348816,0.40936367080528124
C_hybrid_capacity,vision,20260927,1,-egA8-b7-3M$_$1,-egA8-b7-3M,Positive,Positive,0.6666666865348816,0.3229857823213543
C_hybrid_capacity,vision,20260927,1,-egA8-b7-3M$_$13,-egA8-b7-3M,Positive,Neutral,0.3333333432674408,0.33140324434149426
C_hybrid_capacity,vision,20260927,1,-egA8-b7-3M$_$16,-egA8-b7-3M,Positive,Neutral,0.6666666865348816,0.33797590490118323
C_hybrid_capacity,vision,20260927,1,-egA8-b7-3M$_$17,-egA8-b7-3M,Positive,Neutral,0.3333333432674408,0.28573579206256555
C_hybrid_capacity,vision,20260927,1,-egA8-b7-3M$_$18,-egA8-b7-3M,Positive,Neutral,1.0,0.3279716255977149
C_hybrid_capacity,vision,20260927,1,-egA8-b7-3M$_$20,-egA8-b7-3M,Positive,Neutral,0.3333333432674408,0.31710248976358685
C_hybrid_capacity,vision,20260927,1,-egA8-b7-3M$_$26,-egA8-b7-3M,Positive,Neutral,1.6666666269302368,0.3384757823483223
C_hybrid_capacity,vision,20260927,1,-egA8-b7-3M$_$6,-egA8-b7-3M,Positive,Neutral,0.6666666865348816,0.3176652658916593
C_hybrid_capacity,vision,20260927,1,-egA8-b7-3M$_$9,-egA8-b7-3M,Positive,Neutral,0.3333333432674408,0.3496914884602767
C_hybrid_capacity,vision,20260927,0,-hnBHBN8p5A$_$6,-hnBHBN8p5A,Positive,Negative,1.0,0.3301506483834139
C_hybrid_capacity,vision,20260927,0,-hnBHBN8p5A$_$7,-hnBHBN8p5A,Positive,Negative,0.6666666865348816,0.537036625860599
C_hybrid_capacity,vision,20260927,3,-iRBcNs9oI8$_$3,-iRBcNs9oI8,Positive,Positive,0.6666666865348816,0.36459180795100127
C_hybrid_capacity,vision,20260927,3,-iRBcNs9oI8$_$6,-iRBcNs9oI8,Positive,Positive,0.3333333432674408,0.2304128200818648
C_hybrid_capacity,vision,20260927,3,-iRBcNs9oI8$_$7,-iRBcNs9oI8,Positive,Positive,0.6666666865348816,0.5715889921286177
C_hybrid_capacity,vision,20260927,3,-iRBcNs9oI8$_$8,-iRBcNs9oI8,Positive,Positive,1.0,0.4592605584606987
C_hybrid_capacity,vision,20260927,3,-iRBcNs9oI8$_$9,-iRBcNs9oI8,Positive,Negative,1.3333333730697632,0.1427617535828374
C_hybrid_capacity,vision,20260927,1,-lzEya4AM_4$_$5,-lzEya4AM_4,Negative,Neutral,-0.6666666865348816,0.26992429742599483
C_hybrid_capacity,vision,20260927,1,-lzEya4AM_4$_$6,-lzEya4AM_4,Negative,Neutral,-0.3333333432674408,0.2872462465009672
C_hybrid_capacity,vision,20260927,3,-mJ2ud6oKI8$_$1,-mJ2ud6oKI8,Neutral,Neutral,0.0,-0.011570052958872312
C_hybrid_capacity,vision,20260927,3,-mJ2ud6oKI8$_$2,-mJ2ud6oKI8,Neutral,Neutral,0.0,-0.011570052958872312
C_hybrid_capacity,vision,20260927,3,-mJ2ud6oKI8$_$6,-mJ2ud6oKI8,Positive,Positive,0.3333333432674408,0.35378628266931417
C_hybrid_capacity,vision,20260927,3,-mJ2ud6oKI8$_$8,-mJ2ud6oKI8,Negative,Neutral,-0.3333333432674408,0.1968354414212511
C_hybrid_capacity,vision,20260927,3,-mJ2ud6oKI8$_$9,-mJ2ud6oKI8,Neutral,Positive,0.0,0.349466760285631
C_hybrid_capacity,vision,20260927,2,-mqbVkbCndg$_$0,-mqbVkbCndg,Neutral,Negative,0.0,0.3591930700059704
C_hybrid_capacity,vision,20260927,0,-qDkUB0GgYY$_$6,-qDkUB0GgYY,Positive,Positive,1.3333333730697632,0.4867318053263219
C_hybrid_capacity,vision,20260927,2,-ri04Z7vwnc$_$0,-ri04Z7vwnc,Neutral,Neutral,0.0,0.02738544746340621
C_hybrid_capacity,vision,20260927,2,-ri04Z7vwnc$_$2,-ri04Z7vwnc,Negative,Positive,-0.3333333432674408,0.8953904602270947
C_hybrid_capacity,vision,20260927,2,-ri04Z7vwnc$_$5,-ri04Z7vwnc,Positive,Negative,0.3333333432674408,0.21645987227021632
C_hybrid_capacity,vision,20260927,4,-s9qJ7ATP7w$_$0,-s9qJ7ATP7w,Negative,Positive,-0.3333333432674408,0.41227751232154736
C_hybrid_capacity,vision,20260927,4,-s9qJ7ATP7w$_$1,-s9qJ7ATP7w,Positive,Negative,0.6666666865348816,0.22665220872491398
C_hybrid_capacity,vision,20260927,4,-s9qJ7ATP7w$_$4,-s9qJ7ATP7w,Neutral,Negative,0.0,0.46829966293717296
C_hybrid_capacity,vision,20260927,4,-s9qJ7ATP7w$_$5,-s9qJ7ATP7w,Negative,Negative,-2.0,0.35552502703267586
C_hybrid_capacity,vision,20260927,4,-s9qJ7ATP7w$_$6,-s9qJ7ATP7w,Neutral,Negative,0.0,0.33960691605861537
C_hybrid_capacity,vision,20260927,4,-s9qJ7ATP7w$_$7,-s9qJ7ATP7w,Positive,Negative,1.0,0.6062961457416742
C_hybrid_capacity,vision,20260927,4,-s9qJ7ATP7w$_$8,-s9qJ7ATP7w,Positive,Neutral,1.3333333730697632,0.31817665671212303
C_hybrid_capacity,vision,20260927,4,-t217m2on-s$_$2,-t217m2on-s,Positive,Positive,0.6666666865348816,0.3077424204097413
C_hybrid_capacity,vision,20260927,4,-t217m2on-s$_$7,-t217m2on-s,Negative,Negative,-0.6666666865348816,0.3761078497120607
C_hybrid_capacity,vision,20260927,2,-tANM6ETl_M$_$3,-tANM6ETl_M,Positive,Negative,0.3333333432674408,0.22391401404420797
C_hybrid_capacity,vision,20260927,3,-tPCytz4rww$_$10,-tPCytz4rww,Neutral,Neutral,0.0,0.23602072437971844
C_hybrid_capacity,vision,20260927,3,-tPCytz4rww$_$11,-tPCytz4rww,Neutral,Neutral,0.0,0.2316250463660558
C_hybrid_capacity,vision,20260927,3,-tPCytz4rww$_$12,-tPCytz4rww,Neutral,Neutral,0.0,0.23927168994154807
C_hybrid_capacity,vision,20260927,3,-tPCytz4rww$_$16,-tPCytz4rww,Neutral,Neutral,0.0,0.24530625880995122
C_hybrid_capacity,vision,20260927,3,-tPCytz4rww$_$18,-tPCytz4rww,Neutral,Neutral,0.0,0.24354308102360975
C_hybrid_capacity,vision,20260927,2,-uywlfIYOS8$_$4,-uywlfIYOS8,Positive,Positive,0.3333333432674408,0.7199690175624602
C_hybrid_capacity,vision,20260927,1,-vxjVxOeScU$_$4,-vxjVxOeScU,Positive,Positive,1.0,0.3971745419849908
C_hybrid_capacity,vision,20260927,3,-wMB_hJL-3o$_$7,-wMB_hJL-3o,Positive,Positive,0.3333333432674408,0.3704072451929187
C_hybrid_capacity,vision,20260927,0,-wny0OAz3g8$_$0,-wny0OAz3g8,Positive,Negative,0.3333333432674408,0.37058050237249673
C_hybrid_capacity,vision,20260927,0,-wny0OAz3g8$_$1,-wny0OAz3g8,Positive,Negative,0.3333333432674408,0.43053480151605583
C_hybrid_capacity,vision,20260927,0,-wny0OAz3g8$_$2,-wny0OAz3g8,Negative,Positive,-0.3333333432674408,0.5374112372567139
C_hybrid_capacity,vision,20260927,0,-wny0OAz3g8$_$3,-wny0OAz3g8,Negative,Negative,-1.3333333730697632,0.4591593641796656
C_hybrid_capacity,vision,20260927,0,-wny0OAz3g8$_$5,-wny0OAz3g8,Positive,Positive,1.0,0.4411212518354434
C_hybrid_capacity,vision,20260927,0,-wny0OAz3g8$_$7,-wny0OAz3g8,Neutral,Negative,0.0,0.4447864582215646
C_hybrid_capacity,vision,20260927,0,-wny0OAz3g8$_$9,-wny0OAz3g8,Positive,Negative,0.6666666865348816,0.500202315460647
C_hybrid_capacity,vision,20260927,2,-yRb-Jum7EQ$_$1,-yRb-Jum7EQ,Neutral,Neutral,0.0,0.3631534168420565
C_hybrid_capacity,vision,20260927,2,-yRb-Jum7EQ$_$5,-yRb-Jum7EQ,Negative,Neutral,-0.6666666865348816,0.3543060757932733
C_hybrid_capacity,vision,20260927,2,-yRb-Jum7EQ$_$6,-yRb-Jum7EQ,Neutral,Neutral,0.0,0.3782029589525315
C_hybrid_capacity,vision,20260928,0,-3g5yACwYnA$_$13,-3g5yACwYnA,Positive,Negative,0.6666666865348816,0.17355447605024305
C_hybrid_capacity,vision,20260928,0,-3g5yACwYnA$_$2,-3g5yACwYnA,Neutral,Neutral,0.0,0.16670304825051235
C_hybrid_capacity,vision,20260928,0,-3g5yACwYnA$_$3,-3g5yACwYnA,Neutral,Neutral,0.0,0.1765676177609572
C_hybrid_capacity,vision,20260928,0,-3g5yACwYnA$_$9,-3g5yACwYnA,Positive,Negative,0.6666666865348816,0.17135429584321618
C_hybrid_capacity,vision,20260928,0,-3nNcZdcdvU$_$5,-3nNcZdcdvU,Neutral,Positive,0.0,0.4879585982128494
C_hybrid_capacity,vision,20260928,4,-571d8cVauQ$_$0,-571d8cVauQ,Neutral,Neutral,0.0,0.36952982500362064
C_hybrid_capacity,vision,20260928,4,-571d8cVauQ$_$5,-571d8cVauQ,Positive,Positive,0.3333333432674408,0.47236502065811875
C_hybrid_capacity,vision,20260928,2,-6rXp3zJ3kc$_$8,-6rXp3zJ3kc,Negative,Negative,-1.0,0.29897406144023553
C_hybrid_capacity,vision,20260928,1,-9y-fZ3swSY$_$0,-9y-fZ3swSY,Positive,Positive,1.0,0.8564888629171881
C_hybrid_capacity,vision,20260928,1,-9y-fZ3swSY$_$4,-9y-fZ3swSY,Neutral,Neutral,0.0,0.11491630148627358
C_hybrid_capacity,vision,20260928,1,-9y-fZ3swSY$_$8,-9y-fZ3swSY,Positive,Positive,1.6666666269302368,0.48932856211823833
C_hybrid_capacity,vision,20260928,1,-AUZQgSxyPQ$_$2,-AUZQgSxyPQ,Positive,Positive,0.6666666865348816,0.356534360129188
C_hybrid_capacity,vision,20260928,4,-HeZS2-Prhc$_$2,-HeZS2-Prhc,Positive,Positive,0.6666666865348816,0.44633436752765443
C_hybrid_capacity,vision,20260928,4,-HwX2H8Z4hY$_$2,-HwX2H8Z4hY,Neutral,Neutral,0.0,0.3005827483411131
C_hybrid_capacity,vision,20260928,4,-HwX2H8Z4hY$_$5,-HwX2H8Z4hY,Negative,Positive,-1.0,0.5445572392335231
C_hybrid_capacity,vision,20260928,4,-HwX2H8Z4hY$_$6,-HwX2H8Z4hY,Neutral,Positive,0.0,0.5505515100843553
C_hybrid_capacity,vision,20260928,4,-HwX2H8Z4hY$_$9,-HwX2H8Z4hY,Negative,Neutral,-0.3333333432674408,-0.07918579889408522
C_hybrid_capacity,vision,20260928,3,-I_e4mIh0yE$_$1,-I_e4mIh0yE,Negative,Positive,-0.6666666865348816,0.42501883871312507
C_hybrid_capacity,vision,20260928,3,-I_e4mIh0yE$_$3,-I_e4mIh0yE,Positive,Negative,0.6666666865348816,0.43598346346413974
C_hybrid_capacity,vision,20260928,2,-MeTTeMJBNc$_$0,-MeTTeMJBNc,Positive,Positive,0.3333333432674408,0.4484535607059814
C_hybrid_capacity,vision,20260928,2,-MeTTeMJBNc$_$13,-MeTTeMJBNc,Positive,Positive,0.3333333432674408,0.5430294759985117
C_hybrid_capacity,vision,20260928,2,-MeTTeMJBNc$_$7,-MeTTeMJBNc,Positive,Negative,1.3333333730697632,0.38837414495575245
C_hybrid_capacity,vision,20260928,4,-NFrJFQijFE$_$1,-NFrJFQijFE,Positive,Neutral,0.3333333432674408,-0.07918579889408522
C_hybrid_capacity,vision,20260928,4,-NFrJFQijFE$_$2,-NFrJFQijFE,Neutral,Neutral,0.0,-0.07918579889408522
C_hybrid_capacity,vision,20260928,1,-RfYyzHpjk4$_$11,-RfYyzHpjk4,Positive,Neutral,2.0,0.38099421143101103
C_hybrid_capacity,vision,20260928,1,-RfYyzHpjk4$_$2,-RfYyzHpjk4,Positive,Positive,0.3333333432674408,0.7814848482867371
C_hybrid_capacity,vision,20260928,1,-RfYyzHpjk4$_$8,-RfYyzHpjk4,Positive,Neutral,0.3333333432674408,0.16785617362751423
C_hybrid_capacity,vision,20260928,0,-THoVjtIkeU$_$12,-THoVjtIkeU,Positive,Positive,2.0,0.33017113469340975
C_hybrid_capacity,vision,20260928,0,-THoVjtIkeU$_$2,-THoVjtIkeU,Positive,Positive,1.3333333730697632,0.371642366026565
C_hybrid_capacity,vision,20260928,0,-THoVjtIkeU$_$6,-THoVjtIkeU,Positive,Positive,2.6666667461395264,0.3557517801999697
C_hybrid_capacity,vision,20260928,1,-UUCSKoHeMA$_$0,-UUCSKoHeMA,Neutral,Positive,0.0,0.35045087948577114
C_hybrid_capacity,vision,20260928,2,-UacrmKiTn4$_$10,-UacrmKiTn4,Negative,Negative,-0.6666666865348816,0.45509936409472357
C_hybrid_capacity,vision,20260928,2,-UacrmKiTn4$_$4,-UacrmKiTn4,Negative,Positive,-1.3333333730697632,0.4837423858180886
C_hybrid_capacity,vision,20260928,0,-UuX1xuaiiE$_$0,-UuX1xuaiiE,Positive,Positive,2.6666667461395264,0.28391376824280457
C_hybrid_capacity,vision,20260928,0,-UuX1xuaiiE$_$1,-UuX1xuaiiE,Positive,Negative,1.6666666269302368,0.0667310052610455
C_hybrid_capacity,vision,20260928,0,-UuX1xuaiiE$_$3,-UuX1xuaiiE,Positive,Negative,0.3333333432674408,0.1938986617334976
C_hybrid_capacity,vision,20260928,0,-UuX1xuaiiE$_$6,-UuX1xuaiiE,Negative,Positive,-0.3333333432674408,0.2899338627930443
C_hybrid_capacity,vision,20260928,3,-a55Q6RWvTA$_$3,-a55Q6RWvTA,Positive,Neutral,0.6666666865348816,0.21048735064902102
C_hybrid_capacity,vision,20260928,3,-aNfi7CP8vM$_$7,-aNfi7CP8vM,Neutral,Positive,0.0,0.39758283669321237
C_hybrid_capacity,vision,20260928,1,-aqamKhZ1Ec$_$0,-aqamKhZ1Ec,Negative,Negative,-2.0,0.503346047263317
C_hybrid_capacity,vision,20260928,0,-dxfTGcXJoc$_$0,-dxfTGcXJoc,Positive,Positive,1.0,0.3593228479129934
C_hybrid_capacity,vision,20260928,0,-dxfTGcXJoc$_$1,-dxfTGcXJoc,Positive,Positive,1.6666666269302368,0.3501439617400445
C_hybrid_capacity,vision,20260928,0,-dxfTGcXJoc$_$2,-dxfTGcXJoc,Positive,Positive,0.6666666865348816,0.38712818225600276
C_hybrid_capacity,vision,20260928,0,-dxfTGcXJoc$_$6,-dxfTGcXJoc,Positive,Positive,0.6666666865348816,0.35488183870021006
C_hybrid_capacity,vision,20260928,3,-egA8-b7-3M$_$1,-egA8-b7-3M,Positive,Neutral,0.6666666865348816,0.35757571545065087
C_hybrid_capacity,vision,20260928,3,-egA8-b7-3M$_$13,-egA8-b7-3M,Positive,Neutral,0.3333333432674408,0.31472764151839994
C_hybrid_capacity,vision,20260928,3,-egA8-b7-3M$_$16,-egA8-b7-3M,Positive,Neutral,0.6666666865348816,0.29175358981450406
C_hybrid_capacity,vision,20260928,3,-egA8-b7-3M$_$17,-egA8-b7-3M,Positive,Neutral,0.3333333432674408,0.31479568599031116
C_hybrid_capacity,vision,20260928,3,-egA8-b7-3M$_$18,-egA8-b7-3M,Positive,Neutral,1.0,0.3202943253136405
C_hybrid_capacity,vision,20260928,3,-egA8-b7-3M$_$20,-egA8-b7-3M,Positive,Neutral,0.3333333432674408,0.2982389557790013
C_hybrid_capacity,vision,20260928,3,-egA8-b7-3M$_$26,-egA8-b7-3M,Positive,Neutral,1.6666666269302368,0.3211169453160087
C_hybrid_capacity,vision,20260928,3,-egA8-b7-3M$_$6,-egA8-b7-3M,Positive,Neutral,0.6666666865348816,0.29337188886010257
C_hybrid_capacity,vision,20260928,3,-egA8-b7-3M$_$9,-egA8-b7-3M,Positive,Neutral,0.3333333432674408,0.32092861102063647
C_hybrid_capacity,vision,20260928,3,-hnBHBN8p5A$_$6,-hnBHBN8p5A,Positive,Negative,1.0,0.26723544545972083
C_hybrid_capacity,vision,20260928,3,-hnBHBN8p5A$_$7,-hnBHBN8p5A,Positive,Negative,0.6666666865348816,0.43071015766830334
C_hybrid_capacity,vision,20260928,4,-iRBcNs9oI8$_$3,-iRBcNs9oI8,Positive,Positive,0.6666666865348816,0.40191964544296677
C_hybrid_capacity,vision,20260928,4,-iRBcNs9oI8$_$6,-iRBcNs9oI8,Positive,Positive,0.3333333432674408,0.30882785439263366
C_hybrid_capacity,vision,20260928,4,-iRBcNs9oI8$_$7,-iRBcNs9oI8,Positive,Positive,0.6666666865348816,0.6454866716145518
C_hybrid_capacity,vision,20260928,4,-iRBcNs9oI8$_$8,-iRBcNs9oI8,Positive,Negative,1.0,0.45702690618092673
C_hybrid_capacity,vision,20260928,4,-iRBcNs9oI8$_$9,-iRBcNs9oI8,Positive,Negative,1.3333333730697632,0.13478385070422771
C_hybrid_capacity,vision,20260928,4,-lzEya4AM_4$_$5,-lzEya4AM_4,Negative,Negative,-0.6666666865348816,0.29251143619616116
C_hybrid_capacity,vision,20260928,4,-lzEya4AM_4$_$6,-lzEya4AM_4,Negative,Positive,-0.3333333432674408,0.3339105689331956
C_hybrid_capacity,vision,20260928,3,-mJ2ud6oKI8$_$1,-mJ2ud6oKI8,Neutral,Neutral,0.0,-0.042218761467546884
C_hybrid_capacity,vision,20260928,3,-mJ2ud6oKI8$_$2,-mJ2ud6oKI8,Neutral,Neutral,0.0,-0.042218761467546884
C_hybrid_capacity,vision,20260928,3,-mJ2ud6oKI8$_$6,-mJ2ud6oKI8,Positive,Positive,0.3333333432674408,0.4222427225772457
C_hybrid_capacity,vision,20260928,3,-mJ2ud6oKI8$_$8,-mJ2ud6oKI8,Negative,Positive,-0.3333333432674408,0.2688649997931781
C_hybrid_capacity,vision,20260928,3,-mJ2ud6oKI8$_$9,-mJ2ud6oKI8,Neutral,Positive,0.0,0.3916819449958941
C_hybrid_capacity,vision,20260928,0,-mqbVkbCndg$_$0,-mqbVkbCndg,Neutral,Negative,0.0,0.2264834335076862
C_hybrid_capacity,vision,20260928,4,-qDkUB0GgYY$_$6,-qDkUB0GgYY,Positive,Positive,1.3333333730697632,0.44816533887726817
C_hybrid_capacity,vision,20260928,0,-ri04Z7vwnc$_$0,-ri04Z7vwnc,Neutral,Neutral,0.0,0.0009377728374077854
C_hybrid_capacity,vision,20260928,0,-ri04Z7vwnc$_$2,-ri04Z7vwnc,Negative,Positive,-0.3333333432674408,0.5716117093845783
C_hybrid_capacity,vision,20260928,0,-ri04Z7vwnc$_$5,-ri04Z7vwnc,Positive,Negative,0.3333333432674408,0.09984254798781692
C_hybrid_capacity,vision,20260928,1,-s9qJ7ATP7w$_$0,-s9qJ7ATP7w,Negative,Positive,-0.3333333432674408,0.6064480225375972
C_hybrid_capacity,vision,20260928,1,-s9qJ7ATP7w$_$1,-s9qJ7ATP7w,Positive,Negative,0.6666666865348816,-0.055475766586468744
C_hybrid_capacity,vision,20260928,1,-s9qJ7ATP7w$_$4,-s9qJ7ATP7w,Neutral,Positive,0.0,0.676399059689879
C_hybrid_capacity,vision,20260928,1,-s9qJ7ATP7w$_$5,-s9qJ7ATP7w,Negative,Positive,-2.0,0.4654469085280059
C_hybrid_capacity,vision,20260928,1,-s9qJ7ATP7w$_$6,-s9qJ7ATP7w,Neutral,Negative,0.0,0.24636752171508539
C_hybrid_capacity,vision,20260928,1,-s9qJ7ATP7w$_$7,-s9qJ7ATP7w,Positive,Negative,1.0,1.3768740217712936
C_hybrid_capacity,vision,20260928,1,-s9qJ7ATP7w$_$8,-s9qJ7ATP7w,Positive,Negative,1.3333333730697632,0.33076396548955955
C_hybrid_capacity,vision,20260928,2,-t217m2on-s$_$2,-t217m2on-s,Positive,Positive,0.6666666865348816,0.37719325499641765
C_hybrid_capacity,vision,20260928,2,-t217m2on-s$_$7,-t217m2on-s,Negative,Negative,-0.6666666865348816,0.43192754353332297
C_hybrid_capacity,vision,20260928,4,-tANM6ETl_M$_$3,-tANM6ETl_M,Positive,Negative,0.3333333432674408,0.18947974527442676
C_hybrid_capacity,vision,20260928,2,-tPCytz4rww$_$10,-tPCytz4rww,Neutral,Positive,0.0,0.3286980956655412
C_hybrid_capacity,vision,20260928,2,-tPCytz4rww$_$11,-tPCytz4rww,Neutral,Neutral,0.0,0.2747443966328885
C_hybrid_capacity,vision,20260928,2,-tPCytz4rww$_$12,-tPCytz4rww,Neutral,Positive,0.0,0.33477316126289774
C_hybrid_capacity,vision,20260928,2,-tPCytz4rww$_$16,-tPCytz4rww,Neutral,Positive,0.0,0.35916684366556834
C_hybrid_capacity,vision,20260928,2,-tPCytz4rww$_$18,-tPCytz4rww,Neutral,Neutral,0.0,0.31369690028718467
C_hybrid_capacity,vision,20260928,2,-uywlfIYOS8$_$4,-uywlfIYOS8,Positive,Positive,0.3333333432674408,0.6943949091005458
C_hybrid_capacity,vision,20260928,2,-vxjVxOeScU$_$4,-vxjVxOeScU,Positive,Positive,1.0,0.4979367706269133
C_hybrid_capacity,vision,20260928,4,-wMB_hJL-3o$_$7,-wMB_hJL-3o,Positive,Neutral,0.3333333432674408,0.3290866377595468
C_hybrid_capacity,vision,20260928,3,-wny0OAz3g8$_$0,-wny0OAz3g8,Positive,Negative,0.3333333432674408,0.37885900897053576
C_hybrid_capacity,vision,20260928,3,-wny0OAz3g8$_$1,-wny0OAz3g8,Positive,Positive,0.3333333432674408,0.42291233141636203
C_hybrid_capacity,vision,20260928,3,-wny0OAz3g8$_$2,-wny0OAz3g8,Negative,Positive,-0.3333333432674408,0.4937557379536037
C_hybrid_capacity,vision,20260928,3,-wny0OAz3g8$_$3,-wny0OAz3g8,Negative,Positive,-1.3333333730697632,0.43374177503278494
C_hybrid_capacity,vision,20260928,3,-wny0OAz3g8$_$5,-wny0OAz3g8,Positive,Positive,1.0,0.39500829772465074
C_hybrid_capacity,vision,20260928,3,-wny0OAz3g8$_$7,-wny0OAz3g8,Neutral,Positive,0.0,0.42796616983894603
C_hybrid_capacity,vision,20260928,3,-wny0OAz3g8$_$9,-wny0OAz3g8,Positive,Positive,0.6666666865348816,0.45396479693608327
C_hybrid_capacity,vision,20260928,1,-yRb-Jum7EQ$_$1,-yRb-Jum7EQ,Neutral,Positive,0.0,0.47932568885455634
C_hybrid_capacity,vision,20260928,1,-yRb-Jum7EQ$_$5,-yRb-Jum7EQ,Negative,Neutral,-0.6666666865348816,0.45474831674837646
C_hybrid_capacity,vision,20260928,1,-yRb-Jum7EQ$_$6,-yRb-Jum7EQ,Neutral,Positive,0.0,0.5420342915025343
C_hybrid_capacity,fused,20260924,1,-3g5yACwYnA$_$13,-3g5yACwYnA,Positive,Positive,0.6666666865348816,0.07512363013104573
C_hybrid_capacity,fused,20260924,1,-3g5yACwYnA$_$2,-3g5yACwYnA,Neutral,Positive,0.0,0.30007423245022424
C_hybrid_capacity,fused,20260924,1,-3g5yACwYnA$_$3,-3g5yACwYnA,Neutral,Positive,0.0,-0.012271964157684334
C_hybrid_capacity,fused,20260924,1,-3g5yACwYnA$_$9,-3g5yACwYnA,Positive,Positive,0.6666666865348816,0.7954400128583369
C_hybrid_capacity,fused,20260924,0,-3nNcZdcdvU$_$5,-3nNcZdcdvU,Neutral,Negative,0.0,-0.4730091617695633
C_hybrid_capacity,fused,20260924,3,-571d8cVauQ$_$0,-571d8cVauQ,Neutral,Neutral,0.0,0.17879670648209892
C_hybrid_capacity,fused,20260924,3,-571d8cVauQ$_$5,-571d8cVauQ,Positive,Positive,0.3333333432674408,0.5972156843161018
C_hybrid_capacity,fused,20260924,0,-6rXp3zJ3kc$_$8,-6rXp3zJ3kc,Negative,Positive,-1.0,0.20803134596982764
C_hybrid_capacity,fused,20260924,0,-9y-fZ3swSY$_$0,-9y-fZ3swSY,Positive,Positive,1.0,0.4167526215432852
C_hybrid_capacity,fused,20260924,0,-9y-fZ3swSY$_$4,-9y-fZ3swSY,Neutral,Positive,0.0,0.001934117649254996
C_hybrid_capacity,fused,20260924,0,-9y-fZ3swSY$_$8,-9y-fZ3swSY,Positive,Positive,1.6666666269302368,0.12216849019437115
C_hybrid_capacity,fused,20260924,0,-AUZQgSxyPQ$_$2,-AUZQgSxyPQ,Positive,Neutral,0.6666666865348816,0.5957950092854328
C_hybrid_capacity,fused,20260924,4,-HeZS2-Prhc$_$2,-HeZS2-Prhc,Positive,Positive,0.6666666865348816,0.19572674264236634
C_hybrid_capacity,fused,20260924,4,-HwX2H8Z4hY$_$2,-HwX2H8Z4hY,Neutral,Positive,0.0,0.5318717618374911
C_hybrid_capacity,fused,20260924,4,-HwX2H8Z4hY$_$5,-HwX2H8Z4hY,Negative,Neutral,-1.0,0.4888466130799635
C_hybrid_capacity,fused,20260924,4,-HwX2H8Z4hY$_$6,-HwX2H8Z4hY,Neutral,Positive,0.0,0.4662926759508193
C_hybrid_capacity,fused,20260924,4,-HwX2H8Z4hY$_$9,-HwX2H8Z4hY,Negative,Negative,-0.3333333432674408,-0.003876798613017929
C_hybrid_capacity,fused,20260924,1,-I_e4mIh0yE$_$1,-I_e4mIh0yE,Negative,Neutral,-0.6666666865348816,-0.3358935849484463
C_hybrid_capacity,fused,20260924,1,-I_e4mIh0yE$_$3,-I_e4mIh0yE,Positive,Neutral,0.6666666865348816,0.26735756460369975
C_hybrid_capacity,fused,20260924,3,-MeTTeMJBNc$_$0,-MeTTeMJBNc,Positive,Positive,0.3333333432674408,0.35820106442871247
C_hybrid_capacity,fused,20260924,3,-MeTTeMJBNc$_$13,-MeTTeMJBNc,Positive,Positive,0.3333333432674408,0.5649470889890621
C_hybrid_capacity,fused,20260924,3,-MeTTeMJBNc$_$7,-MeTTeMJBNc,Positive,Positive,1.3333333730697632,0.5586541291006752
C_hybrid_capacity,fused,20260924,3,-NFrJFQijFE$_$1,-NFrJFQijFE,Positive,Neutral,0.3333333432674408,-0.6468406848857129
C_hybrid_capacity,fused,20260924,3,-NFrJFQijFE$_$2,-NFrJFQijFE,Neutral,Neutral,0.0,0.25508243907395695
C_hybrid_capacity,fused,20260924,2,-RfYyzHpjk4$_$11,-RfYyzHpjk4,Positive,Positive,2.0,0.5890102820912706
C_hybrid_capacity,fused,20260924,2,-RfYyzHpjk4$_$2,-RfYyzHpjk4,Positive,Positive,0.3333333432674408,0.20819352714627715
C_hybrid_capacity,fused,20260924,2,-RfYyzHpjk4$_$8,-RfYyzHpjk4,Positive,Positive,0.3333333432674408,0.35341127999697736
C_hybrid_capacity,fused,20260924,0,-THoVjtIkeU$_$12,-THoVjtIkeU,Positive,Positive,2.0,0.20476424214867595
C_hybrid_capacity,fused,20260924,0,-THoVjtIkeU$_$2,-THoVjtIkeU,Positive,Positive,1.3333333730697632,0.5920503467892555
C_hybrid_capacity,fused,20260924,0,-THoVjtIkeU$_$6,-THoVjtIkeU,Positive,Positive,2.6666667461395264,0.7508337877786354
C_hybrid_capacity,fused,20260924,4,-UUCSKoHeMA$_$0,-UUCSKoHeMA,Neutral,Positive,0.0,0.41187549588631805
C_hybrid_capacity,fused,20260924,0,-UacrmKiTn4$_$10,-UacrmKiTn4,Negative,Negative,-0.6666666865348816,-0.018401080901249756
C_hybrid_capacity,fused,20260924,0,-UacrmKiTn4$_$4,-UacrmKiTn4,Negative,Positive,-1.3333333730697632,0.1366606678567302
C_hybrid_capacity,fused,20260924,2,-UuX1xuaiiE$_$0,-UuX1xuaiiE,Positive,Positive,2.6666667461395264,0.922786281230547
C_hybrid_capacity,fused,20260924,2,-UuX1xuaiiE$_$1,-UuX1xuaiiE,Positive,Positive,1.6666666269302368,0.5723607156407045
C_hybrid_capacity,fused,20260924,2,-UuX1xuaiiE$_$3,-UuX1xuaiiE,Positive,Positive,0.3333333432674408,0.19258925571985086
C_hybrid_capacity,fused,20260924,2,-UuX1xuaiiE$_$6,-UuX1xuaiiE,Negative,Neutral,-0.3333333432674408,-0.030430205976070823
C_hybrid_capacity,fused,20260924,4,-a55Q6RWvTA$_$3,-a55Q6RWvTA,Positive,Positive,0.6666666865348816,0.4754511483746103
C_hybrid_capacity,fused,20260924,0,-aNfi7CP8vM$_$7,-aNfi7CP8vM,Neutral,Positive,0.0,0.39436448527111273
C_hybrid_capacity,fused,20260924,3,-aqamKhZ1Ec$_$0,-aqamKhZ1Ec,Negative,Neutral,-2.0,-0.0076304378649104665
C_hybrid_capacity,fused,20260924,4,-dxfTGcXJoc$_$0,-dxfTGcXJoc,Positive,Positive,1.0,0.310825967349156
C_hybrid_capacity,fused,20260924,4,-dxfTGcXJoc$_$1,-dxfTGcXJoc,Positive,Positive,1.6666666269302368,0.5884360637479139
C_hybrid_capacity,fused,20260924,4,-dxfTGcXJoc$_$2,-dxfTGcXJoc,Positive,Positive,0.6666666865348816,0.8852437216045169
C_hybrid_capacity,fused,20260924,4,-dxfTGcXJoc$_$6,-dxfTGcXJoc,Positive,Positive,0.6666666865348816,0.7952016379816343
C_hybrid_capacity,fused,20260924,4,-egA8-b7-3M$_$1,-egA8-b7-3M,Positive,Positive,0.6666666865348816,0.7196231549002396
C_hybrid_capacity,fused,20260924,4,-egA8-b7-3M$_$13,-egA8-b7-3M,Positive,Positive,0.3333333432674408,0.613305751256511
C_hybrid_capacity,fused,20260924,4,-egA8-b7-3M$_$16,-egA8-b7-3M,Positive,Positive,0.6666666865348816,1.0079467511734306
C_hybrid_capacity,fused,20260924,4,-egA8-b7-3M$_$17,-egA8-b7-3M,Positive,Positive,0.3333333432674408,1.0072920573963708
C_hybrid_capacity,fused,20260924,4,-egA8-b7-3M$_$18,-egA8-b7-3M,Positive,Positive,1.0,1.050763069307692
C_hybrid_capacity,fused,20260924,4,-egA8-b7-3M$_$20,-egA8-b7-3M,Positive,Positive,0.3333333432674408,1.036334394148312
C_hybrid_capacity,fused,20260924,4,-egA8-b7-3M$_$26,-egA8-b7-3M,Positive,Positive,1.6666666269302368,1.3200207835686322
C_hybrid_capacity,fused,20260924,4,-egA8-b7-3M$_$6,-egA8-b7-3M,Positive,Positive,0.6666666865348816,0.9721518819820703
C_hybrid_capacity,fused,20260924,4,-egA8-b7-3M$_$9,-egA8-b7-3M,Positive,Positive,0.3333333432674408,0.7242524469384692
C_hybrid_capacity,fused,20260924,3,-hnBHBN8p5A$_$6,-hnBHBN8p5A,Positive,Positive,1.0,0.7521453716539422
C_hybrid_capacity,fused,20260924,3,-hnBHBN8p5A$_$7,-hnBHBN8p5A,Positive,Neutral,0.6666666865348816,0.12974803680826621
C_hybrid_capacity,fused,20260924,1,-iRBcNs9oI8$_$3,-iRBcNs9oI8,Positive,Neutral,0.6666666865348816,0.1793853233682553
C_hybrid_capacity,fused,20260924,1,-iRBcNs9oI8$_$6,-iRBcNs9oI8,Positive,Neutral,0.3333333432674408,0.1365576059628136
C_hybrid_capacity,fused,20260924,1,-iRBcNs9oI8$_$7,-iRBcNs9oI8,Positive,Positive,0.6666666865348816,0.5360850002800613
C_hybrid_capacity,fused,20260924,1,-iRBcNs9oI8$_$8,-iRBcNs9oI8,Positive,Positive,1.0,0.81742733902459
C_hybrid_capacity,fused,20260924,1,-iRBcNs9oI8$_$9,-iRBcNs9oI8,Positive,Neutral,1.3333333730697632,0.2734988077097338
C_hybrid_capacity,fused,20260924,1,-lzEya4AM_4$_$5,-lzEya4AM_4,Negative,Neutral,-0.6666666865348816,0.20343408263311766
C_hybrid_capacity,fused,20260924,1,-lzEya4AM_4$_$6,-lzEya4AM_4,Negative,Negative,-0.3333333432674408,-0.4170288219103114
C_hybrid_capacity,fused,20260924,4,-mJ2ud6oKI8$_$1,-mJ2ud6oKI8,Neutral,Neutral,0.0,0.18017210460338476
C_hybrid_capacity,fused,20260924,4,-mJ2ud6oKI8$_$2,-mJ2ud6oKI8,Neutral,Neutral,0.0,0.19610405551522367
C_hybrid_capacity,fused,20260924,4,-mJ2ud6oKI8$_$6,-mJ2ud6oKI8,Positive,Positive,0.3333333432674408,0.35644709281689196
C_hybrid_capacity,fused,20260924,4,-mJ2ud6oKI8$_$8,-mJ2ud6oKI8,Negative,Positive,-0.3333333432674408,0.3832026100103866
C_hybrid_capacity,fused,20260924,4,-mJ2ud6oKI8$_$9,-mJ2ud6oKI8,Neutral,Positive,0.0,0.35703002905015346
C_hybrid_capacity,fused,20260924,2,-mqbVkbCndg$_$0,-mqbVkbCndg,Neutral,Positive,0.0,0.4573147730622868
C_hybrid_capacity,fused,20260924,1,-qDkUB0GgYY$_$6,-qDkUB0GgYY,Positive,Positive,1.3333333730697632,1.4096283851421911
C_hybrid_capacity,fused,20260924,1,-ri04Z7vwnc$_$0,-ri04Z7vwnc,Neutral,Neutral,0.0,-0.12209048676395845
C_hybrid_capacity,fused,20260924,1,-ri04Z7vwnc$_$2,-ri04Z7vwnc,Negative,Positive,-0.3333333432674408,0.23421985016386376
C_hybrid_capacity,fused,20260924,1,-ri04Z7vwnc$_$5,-ri04Z7vwnc,Positive,Positive,0.3333333432674408,0.6200578571550186
C_hybrid_capacity,fused,20260924,1,-s9qJ7ATP7w$_$0,-s9qJ7ATP7w,Negative,Positive,-0.3333333432674408,0.01431761613421556
C_hybrid_capacity,fused,20260924,1,-s9qJ7ATP7w$_$1,-s9qJ7ATP7w,Positive,Positive,0.6666666865348816,0.5417619181006916
C_hybrid_capacity,fused,20260924,1,-s9qJ7ATP7w$_$4,-s9qJ7ATP7w,Neutral,Positive,0.0,0.9049502364689745
C_hybrid_capacity,fused,20260924,1,-s9qJ7ATP7w$_$5,-s9qJ7ATP7w,Negative,Positive,-2.0,0.6999336114140587
C_hybrid_capacity,fused,20260924,1,-s9qJ7ATP7w$_$6,-s9qJ7ATP7w,Neutral,Positive,0.0,0.09694000052402685
C_hybrid_capacity,fused,20260924,1,-s9qJ7ATP7w$_$7,-s9qJ7ATP7w,Positive,Negative,1.0,0.10805947882454048
C_hybrid_capacity,fused,20260924,1,-s9qJ7ATP7w$_$8,-s9qJ7ATP7w,Positive,Positive,1.3333333730697632,0.7075509520839522
C_hybrid_capacity,fused,20260924,3,-t217m2on-s$_$2,-t217m2on-s,Positive,Positive,0.6666666865348816,0.4255187988106911
C_hybrid_capacity,fused,20260924,3,-t217m2on-s$_$7,-t217m2on-s,Negative,Negative,-0.6666666865348816,-0.16928750544794796
C_hybrid_capacity,fused,20260924,0,-tANM6ETl_M$_$3,-tANM6ETl_M,Positive,Positive,0.3333333432674408,0.04901070897884968
C_hybrid_capacity,fused,20260924,4,-tPCytz4rww$_$10,-tPCytz4rww,Neutral,Positive,0.0,0.48451943971783046
C_hybrid_capacity,fused,20260924,4,-tPCytz4rww$_$11,-tPCytz4rww,Neutral,Positive,0.0,0.4050732814284153
C_hybrid_capacity,fused,20260924,4,-tPCytz4rww$_$12,-tPCytz4rww,Neutral,Positive,0.0,0.35371781349202497
C_hybrid_capacity,fused,20260924,4,-tPCytz4rww$_$16,-tPCytz4rww,Neutral,Positive,0.0,0.38074989496080996
C_hybrid_capacity,fused,20260924,4,-tPCytz4rww$_$18,-tPCytz4rww,Neutral,Positive,0.0,0.6035342597301436
C_hybrid_capacity,fused,20260924,0,-uywlfIYOS8$_$4,-uywlfIYOS8,Positive,Positive,0.3333333432674408,0.4633052091023663
C_hybrid_capacity,fused,20260924,3,-vxjVxOeScU$_$4,-vxjVxOeScU,Positive,Positive,1.0,0.8826714516405074
C_hybrid_capacity,fused,20260924,1,-wMB_hJL-3o$_$7,-wMB_hJL-3o,Positive,Positive,0.3333333432674408,0.7988052264016587
C_hybrid_capacity,fused,20260924,2,-wny0OAz3g8$_$0,-wny0OAz3g8,Positive,Neutral,0.3333333432674408,-0.22014713568237304
C_hybrid_capacity,fused,20260924,2,-wny0OAz3g8$_$1,-wny0OAz3g8,Positive,Positive,0.3333333432674408,0.04583457147832026
C_hybrid_capacity,fused,20260924,2,-wny0OAz3g8$_$2,-wny0OAz3g8,Negative,Positive,-0.3333333432674408,0.027589701415999146
C_hybrid_capacity,fused,20260924,2,-wny0OAz3g8$_$3,-wny0OAz3g8,Negative,Neutral,-1.3333333730697632,-0.132422757547547
C_hybrid_capacity,fused,20260924,2,-wny0OAz3g8$_$5,-wny0OAz3g8,Positive,Positive,1.0,0.1955397442123637
C_hybrid_capacity,fused,20260924,2,-wny0OAz3g8$_$7,-wny0OAz3g8,Neutral,Positive,0.0,0.24708400546795772
C_hybrid_capacity,fused,20260924,2,-wny0OAz3g8$_$9,-wny0OAz3g8,Positive,Positive,0.6666666865348816,0.7646940008145339
C_hybrid_capacity,fused,20260924,4,-yRb-Jum7EQ$_$1,-yRb-Jum7EQ,Neutral,Negative,0.0,-0.19898111911885863
C_hybrid_capacity,fused,20260924,4,-yRb-Jum7EQ$_$5,-yRb-Jum7EQ,Negative,Negative,-0.6666666865348816,0.21641602360632445
C_hybrid_capacity,fused,20260924,4,-yRb-Jum7EQ$_$6,-yRb-Jum7EQ,Neutral,Negative,0.0,-0.2932220242573149
C_hybrid_capacity,fused,20260925,4,-3g5yACwYnA$_$13,-3g5yACwYnA,Positive,Positive,0.6666666865348816,0.12738286506439825
C_hybrid_capacity,fused,20260925,4,-3g5yACwYnA$_$2,-3g5yACwYnA,Neutral,Positive,0.0,0.0732326645422996
C_hybrid_capacity,fused,20260925,4,-3g5yACwYnA$_$3,-3g5yACwYnA,Neutral,Positive,0.0,-0.07373836051761601
C_hybrid_capacity,fused,20260925,4,-3g5yACwYnA$_$9,-3g5yACwYnA,Positive,Positive,0.6666666865348816,0.8524184153749599
C_hybrid_capacity,fused,20260925,0,-3nNcZdcdvU$_$5,-3nNcZdcdvU,Neutral,Negative,0.0,-0.6353076355376417
C_hybrid_capacity,fused,20260925,3,-571d8cVauQ$_$0,-571d8cVauQ,Neutral,Neutral,0.0,0.26821210074467594
C_hybrid_capacity,fused,20260925,3,-571d8cVauQ$_$5,-571d8cVauQ,Positive,Positive,0.3333333432674408,0.6584739084741149
C_hybrid_capacity,fused,20260925,1,-6rXp3zJ3kc$_$8,-6rXp3zJ3kc,Negative,Positive,-1.0,0.3709508730818991
C_hybrid_capacity,fused,20260925,4,-9y-fZ3swSY$_$0,-9y-fZ3swSY,Positive,Positive,1.0,0.5981440778001247
C_hybrid_capacity,fused,20260925,4,-9y-fZ3swSY$_$4,-9y-fZ3swSY,Neutral,Neutral,0.0,0.584187013430236
C_hybrid_capacity,fused,20260925,4,-9y-fZ3swSY$_$8,-9y-fZ3swSY,Positive,Positive,1.6666666269302368,0.005551418576692946
C_hybrid_capacity,fused,20260925,3,-AUZQgSxyPQ$_$2,-AUZQgSxyPQ,Positive,Neutral,0.6666666865348816,0.7671857171944056
C_hybrid_capacity,fused,20260925,1,-HeZS2-Prhc$_$2,-HeZS2-Prhc,Positive,Positive,0.6666666865348816,0.3424297925901165
C_hybrid_capacity,fused,20260925,3,-HwX2H8Z4hY$_$2,-HwX2H8Z4hY,Neutral,Positive,0.0,0.6836217319284507
C_hybrid_capacity,fused,20260925,3,-HwX2H8Z4hY$_$5,-HwX2H8Z4hY,Negative,Neutral,-1.0,0.44635948083634314
C_hybrid_capacity,fused,20260925,3,-HwX2H8Z4hY$_$6,-HwX2H8Z4hY,Neutral,Positive,0.0,0.43699070854296784
C_hybrid_capacity,fused,20260925,3,-HwX2H8Z4hY$_$9,-HwX2H8Z4hY,Negative,Negative,-0.3333333432674408,-0.1292093040288636
C_hybrid_capacity,fused,20260925,4,-I_e4mIh0yE$_$1,-I_e4mIh0yE,Negative,Neutral,-0.6666666865348816,-0.3587271465436693
C_hybrid_capacity,fused,20260925,4,-I_e4mIh0yE$_$3,-I_e4mIh0yE,Positive,Positive,0.6666666865348816,0.31277166304838416
C_hybrid_capacity,fused,20260925,0,-MeTTeMJBNc$_$0,-MeTTeMJBNc,Positive,Positive,0.3333333432674408,0.3762146396398581
C_hybrid_capacity,fused,20260925,0,-MeTTeMJBNc$_$13,-MeTTeMJBNc,Positive,Positive,0.3333333432674408,0.711528670017785
C_hybrid_capacity,fused,20260925,0,-MeTTeMJBNc$_$7,-MeTTeMJBNc,Positive,Positive,1.3333333730697632,0.4729853340273485
C_hybrid_capacity,fused,20260925,4,-NFrJFQijFE$_$1,-NFrJFQijFE,Positive,Neutral,0.3333333432674408,-0.1749878774679708
C_hybrid_capacity,fused,20260925,4,-NFrJFQijFE$_$2,-NFrJFQijFE,Neutral,Positive,0.0,0.1891784178292842
C_hybrid_capacity,fused,20260925,2,-RfYyzHpjk4$_$11,-RfYyzHpjk4,Positive,Positive,2.0,0.5371173862571059
C_hybrid_capacity,fused,20260925,2,-RfYyzHpjk4$_$2,-RfYyzHpjk4,Positive,Positive,0.3333333432674408,0.08586511348697723
C_hybrid_capacity,fused,20260925,2,-RfYyzHpjk4$_$8,-RfYyzHpjk4,Positive,Positive,0.3333333432674408,0.21346730347159149
C_hybrid_capacity,fused,20260925,2,-THoVjtIkeU$_$12,-THoVjtIkeU,Positive,Positive,2.0,-0.08442598715994415
C_hybrid_capacity,fused,20260925,2,-THoVjtIkeU$_$2,-THoVjtIkeU,Positive,Positive,1.3333333730697632,0.41161938567879597
C_hybrid_capacity,fused,20260925,2,-THoVjtIkeU$_$6,-THoVjtIkeU,Positive,Positive,2.6666667461395264,0.5138422981151676
C_hybrid_capacity,fused,20260925,4,-UUCSKoHeMA$_$0,-UUCSKoHeMA,Neutral,Positive,0.0,0.5008120806886011
C_hybrid_capacity,fused,20260925,2,-UacrmKiTn4$_$10,-UacrmKiTn4,Negative,Negative,-0.6666666865348816,-0.16203955656445562
C_hybrid_capacity,fused,20260925,2,-UacrmKiTn4$_$4,-UacrmKiTn4,Negative,Neutral,-1.3333333730697632,-0.06752328856948914
C_hybrid_capacity,fused,20260925,0,-UuX1xuaiiE$_$0,-UuX1xuaiiE,Positive,Positive,2.6666667461395264,1.0037816555094694
C_hybrid_capacity,fused,20260925,0,-UuX1xuaiiE$_$1,-UuX1xuaiiE,Positive,Neutral,1.6666666269302368,0.3758832194259653
C_hybrid_capacity,fused,20260925,0,-UuX1xuaiiE$_$3,-UuX1xuaiiE,Positive,Positive,0.3333333432674408,0.28205569861047897
C_hybrid_capacity,fused,20260925,0,-UuX1xuaiiE$_$6,-UuX1xuaiiE,Negative,Neutral,-0.3333333432674408,-4.759153506667113e-05
C_hybrid_capacity,fused,20260925,1,-a55Q6RWvTA$_$3,-a55Q6RWvTA,Positive,Positive,0.6666666865348816,0.5425533459181844
C_hybrid_capacity,fused,20260925,1,-aNfi7CP8vM$_$7,-aNfi7CP8vM,Neutral,Positive,0.0,0.3284116767724068
C_hybrid_capacity,fused,20260925,2,-aqamKhZ1Ec$_$0,-aqamKhZ1Ec,Negative,Positive,-2.0,0.05771778481202566
C_hybrid_capacity,fused,20260925,3,-dxfTGcXJoc$_$0,-dxfTGcXJoc,Positive,Positive,1.0,0.5280190349826239
C_hybrid_capacity,fused,20260925,3,-dxfTGcXJoc$_$1,-dxfTGcXJoc,Positive,Positive,1.6666666269302368,0.7183994435890297
C_hybrid_capacity,fused,20260925,3,-dxfTGcXJoc$_$2,-dxfTGcXJoc,Positive,Positive,0.6666666865348816,0.982883713243673
C_hybrid_capacity,fused,20260925,3,-dxfTGcXJoc$_$6,-dxfTGcXJoc,Positive,Positive,0.6666666865348816,0.8968815099025815
C_hybrid_capacity,fused,20260925,2,-egA8-b7-3M$_$1,-egA8-b7-3M,Positive,Positive,0.6666666865348816,0.6610740711458245
C_hybrid_capacity,fused,20260925,2,-egA8-b7-3M$_$13,-egA8-b7-3M,Positive,Positive,0.3333333432674408,0.507271244606229
C_hybrid_capacity,fused,20260925,2,-egA8-b7-3M$_$16,-egA8-b7-3M,Positive,Positive,0.6666666865348816,0.5517921572993447
C_hybrid_capacity,fused,20260925,2,-egA8-b7-3M$_$17,-egA8-b7-3M,Positive,Positive,0.3333333432674408,0.40103865223551677
C_hybrid_capacity,fused,20260925,2,-egA8-b7-3M$_$18,-egA8-b7-3M,Positive,Positive,1.0,0.6368582909036429
C_hybrid_capacity,fused,20260925,2,-egA8-b7-3M$_$20,-egA8-b7-3M,Positive,Positive,0.3333333432674408,0.5953900307245059
C_hybrid_capacity,fused,20260925,2,-egA8-b7-3M$_$26,-egA8-b7-3M,Positive,Positive,1.6666666269302368,1.0009587479772588
C_hybrid_capacity,fused,20260925,2,-egA8-b7-3M$_$6,-egA8-b7-3M,Positive,Positive,0.6666666865348816,0.7917583479056485
C_hybrid_capacity,fused,20260925,2,-egA8-b7-3M$_$9,-egA8-b7-3M,Positive,Positive,0.3333333432674408,0.6143519349600821
C_hybrid_capacity,fused,20260925,0,-hnBHBN8p5A$_$6,-hnBHBN8p5A,Positive,Positive,1.0,0.8429765393753528
C_hybrid_capacity,fused,20260925,0,-hnBHBN8p5A$_$7,-hnBHBN8p5A,Positive,Positive,0.6666666865348816,0.13954738309462278
C_hybrid_capacity,fused,20260925,4,-iRBcNs9oI8$_$3,-iRBcNs9oI8,Positive,Positive,0.6666666865348816,0.29656617828807996
C_hybrid_capacity,fused,20260925,4,-iRBcNs9oI8$_$6,-iRBcNs9oI8,Positive,Neutral,0.3333333432674408,0.1260178921778954
C_hybrid_capacity,fused,20260925,4,-iRBcNs9oI8$_$7,-iRBcNs9oI8,Positive,Positive,0.6666666865348816,0.3541647290798954
C_hybrid_capacity,fused,20260925,4,-iRBcNs9oI8$_$8,-iRBcNs9oI8,Positive,Positive,1.0,0.7435387886169733
C_hybrid_capacity,fused,20260925,4,-iRBcNs9oI8$_$9,-iRBcNs9oI8,Positive,Neutral,1.3333333730697632,-0.054994790253357184
C_hybrid_capacity,fused,20260925,0,-lzEya4AM_4$_$5,-lzEya4AM_4,Negative,Neutral,-0.6666666865348816,0.06255763014424742
C_hybrid_capacity,fused,20260925,0,-lzEya4AM_4$_$6,-lzEya4AM_4,Negative,Negative,-0.3333333432674408,-0.45916592574840054
C_hybrid_capacity,fused,20260925,0,-mJ2ud6oKI8$_$1,-mJ2ud6oKI8,Neutral,Neutral,0.0,0.5300207255946578
C_hybrid_capacity,fused,20260925,0,-mJ2ud6oKI8$_$2,-mJ2ud6oKI8,Neutral,Neutral,0.0,0.4339818376163102
C_hybrid_capacity,fused,20260925,0,-mJ2ud6oKI8$_$6,-mJ2ud6oKI8,Positive,Neutral,0.3333333432674408,0.20793645865730706
C_hybrid_capacity,fused,20260925,0,-mJ2ud6oKI8$_$8,-mJ2ud6oKI8,Negative,Positive,-0.3333333432674408,0.12567919548262607
C_hybrid_capacity,fused,20260925,0,-mJ2ud6oKI8$_$9,-mJ2ud6oKI8,Neutral,Positive,0.0,0.40472600205689124
C_hybrid_capacity,fused,20260925,3,-mqbVkbCndg$_$0,-mqbVkbCndg,Neutral,Positive,0.0,0.6779986111559415
C_hybrid_capacity,fused,20260925,1,-qDkUB0GgYY$_$6,-qDkUB0GgYY,Positive,Positive,1.3333333730697632,1.2903176097431461
C_hybrid_capacity,fused,20260925,1,-ri04Z7vwnc$_$0,-ri04Z7vwnc,Neutral,Positive,0.0,-0.20154968264602485
C_hybrid_capacity,fused,20260925,1,-ri04Z7vwnc$_$2,-ri04Z7vwnc,Negative,Positive,-0.3333333432674408,0.49884379555779435
C_hybrid_capacity,fused,20260925,1,-ri04Z7vwnc$_$5,-ri04Z7vwnc,Positive,Positive,0.3333333432674408,0.7942181628857028
C_hybrid_capacity,fused,20260925,4,-s9qJ7ATP7w$_$0,-s9qJ7ATP7w,Negative,Positive,-0.3333333432674408,0.1110761404271646
C_hybrid_capacity,fused,20260925,4,-s9qJ7ATP7w$_$1,-s9qJ7ATP7w,Positive,Positive,0.6666666865348816,0.41637655479863167
C_hybrid_capacity,fused,20260925,4,-s9qJ7ATP7w$_$4,-s9qJ7ATP7w,Neutral,Positive,0.0,0.6512406112661682
C_hybrid_capacity,fused,20260925,4,-s9qJ7ATP7w$_$5,-s9qJ7ATP7w,Negative,Positive,-2.0,0.6595728343830084
C_hybrid_capacity,fused,20260925,4,-s9qJ7ATP7w$_$6,-s9qJ7ATP7w,Neutral,Positive,0.0,0.0270140087618152
C_hybrid_capacity,fused,20260925,4,-s9qJ7ATP7w$_$7,-s9qJ7ATP7w,Positive,Positive,1.0,0.24983312236440347
C_hybrid_capacity,fused,20260925,4,-s9qJ7ATP7w$_$8,-s9qJ7ATP7w,Positive,Positive,1.3333333730697632,0.6862541351920546
C_hybrid_capacity,fused,20260925,3,-t217m2on-s$_$2,-t217m2on-s,Positive,Positive,0.6666666865348816,0.3412460984507194
C_hybrid_capacity,fused,20260925,3,-t217m2on-s$_$7,-t217m2on-s,Negative,Negative,-0.6666666865348816,-0.2443810405443509
C_hybrid_capacity,fused,20260925,4,-tANM6ETl_M$_$3,-tANM6ETl_M,Positive,Positive,0.3333333432674408,-0.08405468634942254
C_hybrid_capacity,fused,20260925,3,-tPCytz4rww$_$10,-tPCytz4rww,Neutral,Positive,0.0,0.5342087881126159
C_hybrid_capacity,fused,20260925,3,-tPCytz4rww$_$11,-tPCytz4rww,Neutral,Neutral,0.0,0.29679284317629073
C_hybrid_capacity,fused,20260925,3,-tPCytz4rww$_$12,-tPCytz4rww,Neutral,Positive,0.0,0.549759777370789
C_hybrid_capacity,fused,20260925,3,-tPCytz4rww$_$16,-tPCytz4rww,Neutral,Positive,0.0,0.42187360997388257
C_hybrid_capacity,fused,20260925,3,-tPCytz4rww$_$18,-tPCytz4rww,Neutral,Positive,0.0,0.6083889398316298
C_hybrid_capacity,fused,20260925,1,-uywlfIYOS8$_$4,-uywlfIYOS8,Positive,Positive,0.3333333432674408,0.6726801098780558
C_hybrid_capacity,fused,20260925,2,-vxjVxOeScU$_$4,-vxjVxOeScU,Positive,Positive,1.0,0.792824762590447
C_hybrid_capacity,fused,20260925,2,-wMB_hJL-3o$_$7,-wMB_hJL-3o,Positive,Negative,0.3333333432674408,-0.018968004447039444
C_hybrid_capacity,fused,20260925,4,-wny0OAz3g8$_$0,-wny0OAz3g8,Positive,Negative,0.3333333432674408,-0.2678088082698113
C_hybrid_capacity,fused,20260925,4,-wny0OAz3g8$_$1,-wny0OAz3g8,Positive,Positive,0.3333333432674408,0.23060198153764233
C_hybrid_capacity,fused,20260925,4,-wny0OAz3g8$_$2,-wny0OAz3g8,Negative,Positive,-0.3333333432674408,0.07441493748086786
C_hybrid_capacity,fused,20260925,4,-wny0OAz3g8$_$3,-wny0OAz3g8,Negative,Negative,-1.3333333730697632,-0.23355194333986157
C_hybrid_capacity,fused,20260925,4,-wny0OAz3g8$_$5,-wny0OAz3g8,Positive,Positive,1.0,0.058190301930433286
C_hybrid_capacity,fused,20260925,4,-wny0OAz3g8$_$7,-wny0OAz3g8,Neutral,Positive,0.0,-0.030398745399197402
C_hybrid_capacity,fused,20260925,4,-wny0OAz3g8$_$9,-wny0OAz3g8,Positive,Positive,0.6666666865348816,0.5417316945347818
C_hybrid_capacity,fused,20260925,2,-yRb-Jum7EQ$_$1,-yRb-Jum7EQ,Neutral,Negative,0.0,-0.213109767224752
C_hybrid_capacity,fused,20260925,2,-yRb-Jum7EQ$_$5,-yRb-Jum7EQ,Negative,Negative,-0.6666666865348816,0.11843033822381926
C_hybrid_capacity,fused,20260925,2,-yRb-Jum7EQ$_$6,-yRb-Jum7EQ,Neutral,Negative,0.0,-0.5098501373808555
C_hybrid_capacity,fused,20260926,1,-3g5yACwYnA$_$13,-3g5yACwYnA,Positive,Positive,0.6666666865348816,-0.11284297086637074
C_hybrid_capacity,fused,20260926,1,-3g5yACwYnA$_$2,-3g5yACwYnA,Neutral,Positive,0.0,0.5133844636701953
C_hybrid_capacity,fused,20260926,1,-3g5yACwYnA$_$3,-3g5yACwYnA,Neutral,Positive,0.0,0.2668218621964482
C_hybrid_capacity,fused,20260926,1,-3g5yACwYnA$_$9,-3g5yACwYnA,Positive,Positive,0.6666666865348816,0.8791105042555641
C_hybrid_capacity,fused,20260926,3,-3nNcZdcdvU$_$5,-3nNcZdcdvU,Neutral,Negative,0.0,-0.41324531494084193
C_hybrid_capacity,fused,20260926,3,-571d8cVauQ$_$0,-571d8cVauQ,Neutral,Neutral,0.0,0.27331031561036284
C_hybrid_capacity,fused,20260926,3,-571d8cVauQ$_$5,-571d8cVauQ,Positive,Positive,0.3333333432674408,0.7315011731067589
C_hybrid_capacity,fused,20260926,4,-6rXp3zJ3kc$_$8,-6rXp3zJ3kc,Negative,Positive,-1.0,0.50786442159602
C_hybrid_capacity,fused,20260926,0,-9y-fZ3swSY$_$0,-9y-fZ3swSY,Positive,Positive,1.0,0.44091377095547823
C_hybrid_capacity,fused,20260926,0,-9y-fZ3swSY$_$4,-9y-fZ3swSY,Neutral,Positive,0.0,1.0236574929896278
C_hybrid_capacity,fused,20260926,0,-9y-fZ3swSY$_$8,-9y-fZ3swSY,Positive,Neutral,1.6666666269302368,0.08301205654445065
C_hybrid_capacity,fused,20260926,0,-AUZQgSxyPQ$_$2,-AUZQgSxyPQ,Positive,Neutral,0.6666666865348816,0.46200829710987223
C_hybrid_capacity,fused,20260926,4,-HeZS2-Prhc$_$2,-HeZS2-Prhc,Positive,Positive,0.6666666865348816,0.19727423136190014
C_hybrid_capacity,fused,20260926,0,-HwX2H8Z4hY$_$2,-HwX2H8Z4hY,Neutral,Positive,0.0,0.33806175248317427
C_hybrid_capacity,fused,20260926,0,-HwX2H8Z4hY$_$5,-HwX2H8Z4hY,Negative,Neutral,-1.0,0.20430032567575468
C_hybrid_capacity,fused,20260926,0,-HwX2H8Z4hY$_$6,-HwX2H8Z4hY,Neutral,Positive,0.0,0.3587680337611135
C_hybrid_capacity,fused,20260926,0,-HwX2H8Z4hY$_$9,-HwX2H8Z4hY,Negative,Negative,-0.3333333432674408,-0.40166046106291303
C_hybrid_capacity,fused,20260926,1,-I_e4mIh0yE$_$1,-I_e4mIh0yE,Negative,Negative,-0.6666666865348816,-0.2535490712070939
C_hybrid_capacity,fused,20260926,1,-I_e4mIh0yE$_$3,-I_e4mIh0yE,Positive,Positive,0.6666666865348816,0.2540388984144978
C_hybrid_capacity,fused,20260926,4,-MeTTeMJBNc$_$0,-MeTTeMJBNc,Positive,Positive,0.3333333432674408,0.3908642572459805
C_hybrid_capacity,fused,20260926,4,-MeTTeMJBNc$_$13,-MeTTeMJBNc,Positive,Positive,0.3333333432674408,0.6028884170791864
C_hybrid_capacity,fused,20260926,4,-MeTTeMJBNc$_$7,-MeTTeMJBNc,Positive,Positive,1.3333333730697632,0.6800549652288161
C_hybrid_capacity,fused,20260926,2,-NFrJFQijFE$_$1,-NFrJFQijFE,Positive,Neutral,0.3333333432674408,-0.6343142117651106
C_hybrid_capacity,fused,20260926,2,-NFrJFQijFE$_$2,-NFrJFQijFE,Neutral,Positive,0.0,0.21096174986853994
C_hybrid_capacity,fused,20260926,2,-RfYyzHpjk4$_$11,-RfYyzHpjk4,Positive,Positive,2.0,0.7003359220005969
C_hybrid_capacity,fused,20260926,2,-RfYyzHpjk4$_$2,-RfYyzHpjk4,Positive,Positive,0.3333333432674408,0.12590534934068806
C_hybrid_capacity,fused,20260926,2,-RfYyzHpjk4$_$8,-RfYyzHpjk4,Positive,Positive,0.3333333432674408,0.31143047852587585
C_hybrid_capacity,fused,20260926,3,-THoVjtIkeU$_$12,-THoVjtIkeU,Positive,Positive,2.0,-0.055292993647291955
C_hybrid_capacity,fused,20260926,3,-THoVjtIkeU$_$2,-THoVjtIkeU,Positive,Positive,1.3333333730697632,0.4208862481100627
C_hybrid_capacity,fused,20260926,3,-THoVjtIkeU$_$6,-THoVjtIkeU,Positive,Positive,2.6666667461395264,0.554333214375101
C_hybrid_capacity,fused,20260926,2,-UUCSKoHeMA$_$0,-UUCSKoHeMA,Neutral,Positive,0.0,0.48616367941524763
C_hybrid_capacity,fused,20260926,4,-UacrmKiTn4$_$10,-UacrmKiTn4,Negative,Negative,-0.6666666865348816,0.0764656824146398
C_hybrid_capacity,fused,20260926,4,-UacrmKiTn4$_$4,-UacrmKiTn4,Negative,Positive,-1.3333333730697632,0.4093468915111661
C_hybrid_capacity,fused,20260926,4,-UuX1xuaiiE$_$0,-UuX1xuaiiE,Positive,Positive,2.6666667461395264,0.8620928867594588
C_hybrid_capacity,fused,20260926,4,-UuX1xuaiiE$_$1,-UuX1xuaiiE,Positive,Neutral,1.6666666269302368,0.38805837304070473
C_hybrid_capacity,fused,20260926,4,-UuX1xuaiiE$_$3,-UuX1xuaiiE,Positive,Positive,0.3333333432674408,0.5026347081242676
C_hybrid_capacity,fused,20260926,4,-UuX1xuaiiE$_$6,-UuX1xuaiiE,Negative,Positive,-0.3333333432674408,-0.04532774148307145
C_hybrid_capacity,fused,20260926,0,-a55Q6RWvTA$_$3,-a55Q6RWvTA,Positive,Positive,0.6666666865348816,0.2480619512420161
C_hybrid_capacity,fused,20260926,4,-aNfi7CP8vM$_$7,-aNfi7CP8vM,Neutral,Positive,0.0,0.39744048798933485
C_hybrid_capacity,fused,20260926,1,-aqamKhZ1Ec$_$0,-aqamKhZ1Ec,Negative,Neutral,-2.0,-0.08753819973846183
C_hybrid_capacity,fused,20260926,0,-dxfTGcXJoc$_$0,-dxfTGcXJoc,Positive,Neutral,1.0,0.3415427012027853
C_hybrid_capacity,fused,20260926,0,-dxfTGcXJoc$_$1,-dxfTGcXJoc,Positive,Positive,1.6666666269302368,0.6462157972213305
C_hybrid_capacity,fused,20260926,0,-dxfTGcXJoc$_$2,-dxfTGcXJoc,Positive,Positive,0.6666666865348816,0.9212228957376614
C_hybrid_capacity,fused,20260926,0,-dxfTGcXJoc$_$6,-dxfTGcXJoc,Positive,Positive,0.6666666865348816,0.8401847851622639
C_hybrid_capacity,fused,20260926,0,-egA8-b7-3M$_$1,-egA8-b7-3M,Positive,Positive,0.6666666865348816,0.25339365252327095
C_hybrid_capacity,fused,20260926,0,-egA8-b7-3M$_$13,-egA8-b7-3M,Positive,Positive,0.3333333432674408,0.22073386748240179
C_hybrid_capacity,fused,20260926,0,-egA8-b7-3M$_$16,-egA8-b7-3M,Positive,Positive,0.6666666865348816,0.7912833716527968
C_hybrid_capacity,fused,20260926,0,-egA8-b7-3M$_$17,-egA8-b7-3M,Positive,Positive,0.3333333432674408,1.1267585546999288
C_hybrid_capacity,fused,20260926,0,-egA8-b7-3M$_$18,-egA8-b7-3M,Positive,Positive,1.0,0.8065602078781025
C_hybrid_capacity,fused,20260926,0,-egA8-b7-3M$_$20,-egA8-b7-3M,Positive,Positive,0.3333333432674408,0.7777999140546717
C_hybrid_capacity,fused,20260926,0,-egA8-b7-3M$_$26,-egA8-b7-3M,Positive,Positive,1.6666666269302368,1.1637724350399605
C_hybrid_capacity,fused,20260926,0,-egA8-b7-3M$_$6,-egA8-b7-3M,Positive,Positive,0.6666666865348816,0.8328959887583209
C_hybrid_capacity,fused,20260926,0,-egA8-b7-3M$_$9,-egA8-b7-3M,Positive,Positive,0.3333333432674408,0.5338596879843298
C_hybrid_capacity,fused,20260926,1,-hnBHBN8p5A$_$6,-hnBHBN8p5A,Positive,Positive,1.0,0.8251569344043121
C_hybrid_capacity,fused,20260926,1,-hnBHBN8p5A$_$7,-hnBHBN8p5A,Positive,Positive,0.6666666865348816,0.258894637374952
C_hybrid_capacity,fused,20260926,2,-iRBcNs9oI8$_$3,-iRBcNs9oI8,Positive,Neutral,0.6666666865348816,0.37821816252127793
C_hybrid_capacity,fused,20260926,2,-iRBcNs9oI8$_$6,-iRBcNs9oI8,Positive,Neutral,0.3333333432674408,0.40888176060649717
C_hybrid_capacity,fused,20260926,2,-iRBcNs9oI8$_$7,-iRBcNs9oI8,Positive,Positive,0.6666666865348816,0.5458738794027225
C_hybrid_capacity,fused,20260926,2,-iRBcNs9oI8$_$8,-iRBcNs9oI8,Positive,Positive,1.0,0.7293482715078055
C_hybrid_capacity,fused,20260926,2,-iRBcNs9oI8$_$9,-iRBcNs9oI8,Positive,Neutral,1.3333333730697632,0.12350002191359957
C_hybrid_capacity,fused,20260926,0,-lzEya4AM_4$_$5,-lzEya4AM_4,Negative,Neutral,-0.6666666865348816,-0.06154533892041869
C_hybrid_capacity,fused,20260926,0,-lzEya4AM_4$_$6,-lzEya4AM_4,Negative,Negative,-0.3333333432674408,-0.46769406578965117
C_hybrid_capacity,fused,20260926,4,-mJ2ud6oKI8$_$1,-mJ2ud6oKI8,Neutral,Neutral,0.0,0.8570612742642241
C_hybrid_capacity,fused,20260926,4,-mJ2ud6oKI8$_$2,-mJ2ud6oKI8,Neutral,Neutral,0.0,0.8424536891722743
C_hybrid_capacity,fused,20260926,4,-mJ2ud6oKI8$_$6,-mJ2ud6oKI8,Positive,Positive,0.3333333432674408,0.22525154016812132
C_hybrid_capacity,fused,20260926,4,-mJ2ud6oKI8$_$8,-mJ2ud6oKI8,Negative,Positive,-0.3333333432674408,0.344521914613769
C_hybrid_capacity,fused,20260926,4,-mJ2ud6oKI8$_$9,-mJ2ud6oKI8,Neutral,Positive,0.0,0.6045604784058249
C_hybrid_capacity,fused,20260926,1,-mqbVkbCndg$_$0,-mqbVkbCndg,Neutral,Positive,0.0,0.7010155686062733
C_hybrid_capacity,fused,20260926,2,-qDkUB0GgYY$_$6,-qDkUB0GgYY,Positive,Positive,1.3333333730697632,1.4423863400066577
C_hybrid_capacity,fused,20260926,1,-ri04Z7vwnc$_$0,-ri04Z7vwnc,Neutral,Negative,0.0,-0.26605806575068525
C_hybrid_capacity,fused,20260926,1,-ri04Z7vwnc$_$2,-ri04Z7vwnc,Negative,Positive,-0.3333333432674408,0.1892160683963148
C_hybrid_capacity,fused,20260926,1,-ri04Z7vwnc$_$5,-ri04Z7vwnc,Positive,Positive,0.3333333432674408,0.6411291220172365
C_hybrid_capacity,fused,20260926,0,-s9qJ7ATP7w$_$0,-s9qJ7ATP7w,Negative,Positive,-0.3333333432674408,0.21274676313904234
C_hybrid_capacity,fused,20260926,0,-s9qJ7ATP7w$_$1,-s9qJ7ATP7w,Positive,Positive,0.6666666865348816,1.0657014278188943
C_hybrid_capacity,fused,20260926,0,-s9qJ7ATP7w$_$4,-s9qJ7ATP7w,Neutral,Positive,0.0,0.7385166910518123
C_hybrid_capacity,fused,20260926,0,-s9qJ7ATP7w$_$5,-s9qJ7ATP7w,Negative,Positive,-2.0,0.789600188139844
C_hybrid_capacity,fused,20260926,0,-s9qJ7ATP7w$_$6,-s9qJ7ATP7w,Neutral,Positive,0.0,0.2465926591831233
C_hybrid_capacity,fused,20260926,0,-s9qJ7ATP7w$_$7,-s9qJ7ATP7w,Positive,Negative,1.0,-0.06771179633368163
C_hybrid_capacity,fused,20260926,0,-s9qJ7ATP7w$_$8,-s9qJ7ATP7w,Positive,Positive,1.3333333730697632,0.6303132503448889
C_hybrid_capacity,fused,20260926,4,-t217m2on-s$_$2,-t217m2on-s,Positive,Positive,0.6666666865348816,0.7410560593693831
C_hybrid_capacity,fused,20260926,4,-t217m2on-s$_$7,-t217m2on-s,Negative,Negative,-0.6666666865348816,-0.08832725030971411
C_hybrid_capacity,fused,20260926,1,-tANM6ETl_M$_$3,-tANM6ETl_M,Positive,Negative,0.3333333432674408,-0.2336873716754394
C_hybrid_capacity,fused,20260926,1,-tPCytz4rww$_$10,-tPCytz4rww,Neutral,Positive,0.0,0.3515682581121778
C_hybrid_capacity,fused,20260926,1,-tPCytz4rww$_$11,-tPCytz4rww,Neutral,Positive,0.0,0.31235927151237197
C_hybrid_capacity,fused,20260926,1,-tPCytz4rww$_$12,-tPCytz4rww,Neutral,Positive,0.0,0.6390320570638247
C_hybrid_capacity,fused,20260926,1,-tPCytz4rww$_$16,-tPCytz4rww,Neutral,Positive,0.0,0.2753286058921568
C_hybrid_capacity,fused,20260926,1,-tPCytz4rww$_$18,-tPCytz4rww,Neutral,Positive,0.0,0.4676518428697503
C_hybrid_capacity,fused,20260926,0,-uywlfIYOS8$_$4,-uywlfIYOS8,Positive,Positive,0.3333333432674408,0.7957133332803948
C_hybrid_capacity,fused,20260926,0,-vxjVxOeScU$_$4,-vxjVxOeScU,Positive,Positive,1.0,0.9760556389936883
C_hybrid_capacity,fused,20260926,4,-wMB_hJL-3o$_$7,-wMB_hJL-3o,Positive,Positive,0.3333333432674408,0.6367431615699819
C_hybrid_capacity,fused,20260926,3,-wny0OAz3g8$_$0,-wny0OAz3g8,Positive,Negative,0.3333333432674408,-0.22767653856915926
C_hybrid_capacity,fused,20260926,3,-wny0OAz3g8$_$1,-wny0OAz3g8,Positive,Negative,0.3333333432674408,0.0014890753722320849
C_hybrid_capacity,fused,20260926,3,-wny0OAz3g8$_$2,-wny0OAz3g8,Negative,Negative,-0.3333333432674408,-0.13419157650481278
C_hybrid_capacity,fused,20260926,3,-wny0OAz3g8$_$3,-wny0OAz3g8,Negative,Negative,-1.3333333730697632,-0.23992469730208454
C_hybrid_capacity,fused,20260926,3,-wny0OAz3g8$_$5,-wny0OAz3g8,Positive,Negative,1.0,-0.21781497959390017
C_hybrid_capacity,fused,20260926,3,-wny0OAz3g8$_$7,-wny0OAz3g8,Neutral,Negative,0.0,-0.10462687915472363
C_hybrid_capacity,fused,20260926,3,-wny0OAz3g8$_$9,-wny0OAz3g8,Positive,Positive,0.6666666865348816,0.32755047956726935
C_hybrid_capacity,fused,20260926,4,-yRb-Jum7EQ$_$1,-yRb-Jum7EQ,Neutral,Negative,0.0,-0.1095698569500731
C_hybrid_capacity,fused,20260926,4,-yRb-Jum7EQ$_$5,-yRb-Jum7EQ,Negative,Negative,-0.6666666865348816,0.3237535717058211
C_hybrid_capacity,fused,20260926,4,-yRb-Jum7EQ$_$6,-yRb-Jum7EQ,Neutral,Negative,0.0,-0.17282245071188945
C_hybrid_capacity,fused,20260927,0,-3g5yACwYnA$_$13,-3g5yACwYnA,Positive,Positive,0.6666666865348816,-0.19077504204646817
C_hybrid_capacity,fused,20260927,0,-3g5yACwYnA$_$2,-3g5yACwYnA,Neutral,Positive,0.0,0.23185768470411172
C_hybrid_capacity,fused,20260927,0,-3g5yACwYnA$_$3,-3g5yACwYnA,Neutral,Positive,0.0,0.15303408848613412
C_hybrid_capacity,fused,20260927,0,-3g5yACwYnA$_$9,-3g5yACwYnA,Positive,Positive,0.6666666865348816,0.8344285574539532
C_hybrid_capacity,fused,20260927,1,-3nNcZdcdvU$_$5,-3nNcZdcdvU,Neutral,Negative,0.0,-0.29973021062426675
C_hybrid_capacity,fused,20260927,0,-571d8cVauQ$_$0,-571d8cVauQ,Neutral,Neutral,0.0,0.27313327772156415
C_hybrid_capacity,fused,20260927,0,-571d8cVauQ$_$5,-571d8cVauQ,Positive,Positive,0.3333333432674408,0.7003251467286168
C_hybrid_capacity,fused,20260927,4,-6rXp3zJ3kc$_$8,-6rXp3zJ3kc,Negative,Positive,-1.0,0.1919416005742269
C_hybrid_capacity,fused,20260927,1,-9y-fZ3swSY$_$0,-9y-fZ3swSY,Positive,Positive,1.0,0.37952104213651333
C_hybrid_capacity,fused,20260927,1,-9y-fZ3swSY$_$4,-9y-fZ3swSY,Neutral,Neutral,0.0,0.37384913455110436
C_hybrid_capacity,fused,20260927,1,-9y-fZ3swSY$_$8,-9y-fZ3swSY,Positive,Neutral,1.6666666269302368,0.08967449253197796
C_hybrid_capacity,fused,20260927,3,-AUZQgSxyPQ$_$2,-AUZQgSxyPQ,Positive,Positive,0.6666666865348816,0.717990453646264
C_hybrid_capacity,fused,20260927,4,-HeZS2-Prhc$_$2,-HeZS2-Prhc,Positive,Positive,0.6666666865348816,0.5616211456396029
C_hybrid_capacity,fused,20260927,0,-HwX2H8Z4hY$_$2,-HwX2H8Z4hY,Neutral,Neutral,0.0,0.6065215605612839
C_hybrid_capacity,fused,20260927,0,-HwX2H8Z4hY$_$5,-HwX2H8Z4hY,Negative,Neutral,-1.0,0.35251282356036695
C_hybrid_capacity,fused,20260927,0,-HwX2H8Z4hY$_$6,-HwX2H8Z4hY,Neutral,Neutral,0.0,0.1423038062211911
C_hybrid_capacity,fused,20260927,0,-HwX2H8Z4hY$_$9,-HwX2H8Z4hY,Negative,Negative,-0.3333333432674408,-0.17248606235710712
C_hybrid_capacity,fused,20260927,4,-I_e4mIh0yE$_$1,-I_e4mIh0yE,Negative,Neutral,-0.6666666865348816,-0.3241629536942012
C_hybrid_capacity,fused,20260927,4,-I_e4mIh0yE$_$3,-I_e4mIh0yE,Positive,Neutral,0.6666666865348816,0.2564949848837548
C_hybrid_capacity,fused,20260927,3,-MeTTeMJBNc$_$0,-MeTTeMJBNc,Positive,Positive,0.3333333432674408,0.41425790676872754
C_hybrid_capacity,fused,20260927,3,-MeTTeMJBNc$_$13,-MeTTeMJBNc,Positive,Positive,0.3333333432674408,0.6338115091085045
C_hybrid_capacity,fused,20260927,3,-MeTTeMJBNc$_$7,-MeTTeMJBNc,Positive,Positive,1.3333333730697632,0.5708277618317363
C_hybrid_capacity,fused,20260927,4,-NFrJFQijFE$_$1,-NFrJFQijFE,Positive,Neutral,0.3333333432674408,-0.08504820645784106
C_hybrid_capacity,fused,20260927,4,-NFrJFQijFE$_$2,-NFrJFQijFE,Neutral,Positive,0.0,0.2642814840883536
C_hybrid_capacity,fused,20260927,3,-RfYyzHpjk4$_$11,-RfYyzHpjk4,Positive,Positive,2.0,0.6702331277496543
C_hybrid_capacity,fused,20260927,3,-RfYyzHpjk4$_$2,-RfYyzHpjk4,Positive,Positive,0.3333333432674408,0.19079007904721548
C_hybrid_capacity,fused,20260927,3,-RfYyzHpjk4$_$8,-RfYyzHpjk4,Positive,Positive,0.3333333432674408,0.36250492713234045
C_hybrid_capacity,fused,20260927,4,-THoVjtIkeU$_$12,-THoVjtIkeU,Positive,Positive,2.0,0.38520783868122493
C_hybrid_capacity,fused,20260927,4,-THoVjtIkeU$_$2,-THoVjtIkeU,Positive,Positive,1.3333333730697632,0.6450112570212865
C_hybrid_capacity,fused,20260927,4,-THoVjtIkeU$_$6,-THoVjtIkeU,Positive,Positive,2.6666667461395264,0.7136566577686145
C_hybrid_capacity,fused,20260927,3,-UUCSKoHeMA$_$0,-UUCSKoHeMA,Neutral,Positive,0.0,0.5420444221993426
C_hybrid_capacity,fused,20260927,4,-UacrmKiTn4$_$10,-UacrmKiTn4,Negative,Neutral,-0.6666666865348816,0.07181977929994032
C_hybrid_capacity,fused,20260927,4,-UacrmKiTn4$_$4,-UacrmKiTn4,Negative,Neutral,-1.3333333730697632,0.21760229010960236
C_hybrid_capacity,fused,20260927,1,-UuX1xuaiiE$_$0,-UuX1xuaiiE,Positive,Positive,2.6666667461395264,1.01793395177768
C_hybrid_capacity,fused,20260927,1,-UuX1xuaiiE$_$1,-UuX1xuaiiE,Positive,Neutral,1.6666666269302368,0.43940437955028844
C_hybrid_capacity,fused,20260927,1,-UuX1xuaiiE$_$3,-UuX1xuaiiE,Positive,Positive,0.3333333432674408,0.3094121151361492
C_hybrid_capacity,fused,20260927,1,-UuX1xuaiiE$_$6,-UuX1xuaiiE,Negative,Neutral,-0.3333333432674408,0.14042381631543913
C_hybrid_capacity,fused,20260927,1,-a55Q6RWvTA$_$3,-a55Q6RWvTA,Positive,Positive,0.6666666865348816,0.46466133028618084
C_hybrid_capacity,fused,20260927,2,-aNfi7CP8vM$_$7,-aNfi7CP8vM,Neutral,Positive,0.0,0.3186576066313609
C_hybrid_capacity,fused,20260927,1,-aqamKhZ1Ec$_$0,-aqamKhZ1Ec,Negative,Neutral,-2.0,0.0325174566234383
C_hybrid_capacity,fused,20260927,4,-dxfTGcXJoc$_$0,-dxfTGcXJoc,Positive,Positive,1.0,0.39169043148887034
C_hybrid_capacity,fused,20260927,4,-dxfTGcXJoc$_$1,-dxfTGcXJoc,Positive,Positive,1.6666666269302368,0.537756074671401
C_hybrid_capacity,fused,20260927,4,-dxfTGcXJoc$_$2,-dxfTGcXJoc,Positive,Positive,0.6666666865348816,0.8161041785140566
C_hybrid_capacity,fused,20260927,4,-dxfTGcXJoc$_$6,-dxfTGcXJoc,Positive,Positive,0.6666666865348816,0.5147298454781776
C_hybrid_capacity,fused,20260927,1,-egA8-b7-3M$_$1,-egA8-b7-3M,Positive,Positive,0.6666666865348816,0.7491609449412607
C_hybrid_capacity,fused,20260927,1,-egA8-b7-3M$_$13,-egA8-b7-3M,Positive,Positive,0.3333333432674408,0.2882619267539554
C_hybrid_capacity,fused,20260927,1,-egA8-b7-3M$_$16,-egA8-b7-3M,Positive,Positive,0.6666666865348816,0.635976211938935
C_hybrid_capacity,fused,20260927,1,-egA8-b7-3M$_$17,-egA8-b7-3M,Positive,Positive,0.3333333432674408,0.6036388824745349
C_hybrid_capacity,fused,20260927,1,-egA8-b7-3M$_$18,-egA8-b7-3M,Positive,Positive,1.0,0.8424635734800917
C_hybrid_capacity,fused,20260927,1,-egA8-b7-3M$_$20,-egA8-b7-3M,Positive,Positive,0.3333333432674408,0.6299341994505874
C_hybrid_capacity,fused,20260927,1,-egA8-b7-3M$_$26,-egA8-b7-3M,Positive,Positive,1.6666666269302368,1.03740487244366
C_hybrid_capacity,fused,20260927,1,-egA8-b7-3M$_$6,-egA8-b7-3M,Positive,Positive,0.6666666865348816,0.7229169893958886
C_hybrid_capacity,fused,20260927,1,-egA8-b7-3M$_$9,-egA8-b7-3M,Positive,Positive,0.3333333432674408,0.7990182549496091
C_hybrid_capacity,fused,20260927,0,-hnBHBN8p5A$_$6,-hnBHBN8p5A,Positive,Positive,1.0,0.6618183300846465
C_hybrid_capacity,fused,20260927,0,-hnBHBN8p5A$_$7,-hnBHBN8p5A,Positive,Neutral,0.6666666865348816,0.20624875080801525
C_hybrid_capacity,fused,20260927,3,-iRBcNs9oI8$_$3,-iRBcNs9oI8,Positive,Neutral,0.6666666865348816,0.5019061677986937
C_hybrid_capacity,fused,20260927,3,-iRBcNs9oI8$_$6,-iRBcNs9oI8,Positive,Neutral,0.3333333432674408,0.5449585386631328
C_hybrid_capacity,fused,20260927,3,-iRBcNs9oI8$_$7,-iRBcNs9oI8,Positive,Positive,0.6666666865348816,0.688873061748064
C_hybrid_capacity,fused,20260927,3,-iRBcNs9oI8$_$8,-iRBcNs9oI8,Positive,Positive,1.0,0.7710830828082167
C_hybrid_capacity,fused,20260927,3,-iRBcNs9oI8$_$9,-iRBcNs9oI8,Positive,Positive,1.3333333730697632,0.4602605920941123
C_hybrid_capacity,fused,20260927,1,-lzEya4AM_4$_$5,-lzEya4AM_4,Negative,Neutral,-0.6666666865348816,0.017091000222470787
C_hybrid_capacity,fused,20260927,1,-lzEya4AM_4$_$6,-lzEya4AM_4,Negative,Negative,-0.3333333432674408,-0.40131500552961585
C_hybrid_capacity,fused,20260927,3,-mJ2ud6oKI8$_$1,-mJ2ud6oKI8,Neutral,Neutral,0.0,0.5931501375824513
C_hybrid_capacity,fused,20260927,3,-mJ2ud6oKI8$_$2,-mJ2ud6oKI8,Neutral,Neutral,0.0,0.2953475318806427
C_hybrid_capacity,fused,20260927,3,-mJ2ud6oKI8$_$6,-mJ2ud6oKI8,Positive,Positive,0.3333333432674408,0.14268204074007154
C_hybrid_capacity,fused,20260927,3,-mJ2ud6oKI8$_$8,-mJ2ud6oKI8,Negative,Positive,-0.3333333432674408,0.18582064157262226
C_hybrid_capacity,fused,20260927,3,-mJ2ud6oKI8$_$9,-mJ2ud6oKI8,Neutral,Positive,0.0,0.31798615092903093
C_hybrid_capacity,fused,20260927,2,-mqbVkbCndg$_$0,-mqbVkbCndg,Neutral,Positive,0.0,0.6529313661214059
C_hybrid_capacity,fused,20260927,0,-qDkUB0GgYY$_$6,-qDkUB0GgYY,Positive,Positive,1.3333333730697632,1.4221844547851241
C_hybrid_capacity,fused,20260927,2,-ri04Z7vwnc$_$0,-ri04Z7vwnc,Neutral,Positive,0.0,-0.31571811083281787
C_hybrid_capacity,fused,20260927,2,-ri04Z7vwnc$_$2,-ri04Z7vwnc,Negative,Positive,-0.3333333432674408,0.37238752209255904
C_hybrid_capacity,fused,20260927,2,-ri04Z7vwnc$_$5,-ri04Z7vwnc,Positive,Positive,0.3333333432674408,0.711204142188929
C_hybrid_capacity,fused,20260927,4,-s9qJ7ATP7w$_$0,-s9qJ7ATP7w,Negative,Positive,-0.3333333432674408,0.28389056724615874
C_hybrid_capacity,fused,20260927,4,-s9qJ7ATP7w$_$1,-s9qJ7ATP7w,Positive,Positive,0.6666666865348816,0.5965835830456702
C_hybrid_capacity,fused,20260927,4,-s9qJ7ATP7w$_$4,-s9qJ7ATP7w,Neutral,Positive,0.0,0.8868896399616366
C_hybrid_capacity,fused,20260927,4,-s9qJ7ATP7w$_$5,-s9qJ7ATP7w,Negative,Positive,-2.0,0.3960123068527795
C_hybrid_capacity,fused,20260927,4,-s9qJ7ATP7w$_$6,-s9qJ7ATP7w,Neutral,Positive,0.0,0.32622061373367994
C_hybrid_capacity,fused,20260927,4,-s9qJ7ATP7w$_$7,-s9qJ7ATP7w,Positive,Positive,1.0,0.09981741042359943
C_hybrid_capacity,fused,20260927,4,-s9qJ7ATP7w$_$8,-s9qJ7ATP7w,Positive,Positive,1.3333333730697632,0.44041789774073614
C_hybrid_capacity,fused,20260927,4,-t217m2on-s$_$2,-t217m2on-s,Positive,Positive,0.6666666865348816,0.20853494045871734
C_hybrid_capacity,fused,20260927,4,-t217m2on-s$_$7,-t217m2on-s,Negative,Negative,-0.6666666865348816,-0.33468309760910536
C_hybrid_capacity,fused,20260927,2,-tANM6ETl_M$_$3,-tANM6ETl_M,Positive,Positive,0.3333333432674408,-0.11020202170575177
C_hybrid_capacity,fused,20260927,3,-tPCytz4rww$_$10,-tPCytz4rww,Neutral,Positive,0.0,0.33794558970427313
C_hybrid_capacity,fused,20260927,3,-tPCytz4rww$_$11,-tPCytz4rww,Neutral,Positive,0.0,0.36004375810530304
C_hybrid_capacity,fused,20260927,3,-tPCytz4rww$_$12,-tPCytz4rww,Neutral,Neutral,0.0,0.44323559742353413
C_hybrid_capacity,fused,20260927,3,-tPCytz4rww$_$16,-tPCytz4rww,Neutral,Positive,0.0,0.31595683558722115
C_hybrid_capacity,fused,20260927,3,-tPCytz4rww$_$18,-tPCytz4rww,Neutral,Positive,0.0,0.4660981022411946
C_hybrid_capacity,fused,20260927,2,-uywlfIYOS8$_$4,-uywlfIYOS8,Positive,Positive,0.3333333432674408,0.768164621512677
C_hybrid_capacity,fused,20260927,1,-vxjVxOeScU$_$4,-vxjVxOeScU,Positive,Positive,1.0,0.6300178548762245
C_hybrid_capacity,fused,20260927,3,-wMB_hJL-3o$_$7,-wMB_hJL-3o,Positive,Positive,0.3333333432674408,0.4076496568115068
C_hybrid_capacity,fused,20260927,0,-wny0OAz3g8$_$0,-wny0OAz3g8,Positive,Neutral,0.3333333432674408,0.03386643354633029
C_hybrid_capacity,fused,20260927,0,-wny0OAz3g8$_$1,-wny0OAz3g8,Positive,Positive,0.3333333432674408,0.19994545038647898
C_hybrid_capacity,fused,20260927,0,-wny0OAz3g8$_$2,-wny0OAz3g8,Negative,Positive,-0.3333333432674408,0.28092244418519924
C_hybrid_capacity,fused,20260927,0,-wny0OAz3g8$_$3,-wny0OAz3g8,Negative,Neutral,-1.3333333730697632,-0.049164089561498425
C_hybrid_capacity,fused,20260927,0,-wny0OAz3g8$_$5,-wny0OAz3g8,Positive,Positive,1.0,0.15344080980519018
C_hybrid_capacity,fused,20260927,0,-wny0OAz3g8$_$7,-wny0OAz3g8,Neutral,Positive,0.0,0.2842710960602914
C_hybrid_capacity,fused,20260927,0,-wny0OAz3g8$_$9,-wny0OAz3g8,Positive,Positive,0.6666666865348816,0.6735426876631968
C_hybrid_capacity,fused,20260927,2,-yRb-Jum7EQ$_$1,-yRb-Jum7EQ,Neutral,Negative,0.0,-0.10050024577822175
C_hybrid_capacity,fused,20260927,2,-yRb-Jum7EQ$_$5,-yRb-Jum7EQ,Negative,Negative,-0.6666666865348816,0.17721351164478255
C_hybrid_capacity,fused,20260927,2,-yRb-Jum7EQ$_$6,-yRb-Jum7EQ,Neutral,Negative,0.0,-0.3143839495231153
C_hybrid_capacity,fused,20260928,0,-3g5yACwYnA$_$13,-3g5yACwYnA,Positive,Positive,0.6666666865348816,-0.18627299894183943
C_hybrid_capacity,fused,20260928,0,-3g5yACwYnA$_$2,-3g5yACwYnA,Neutral,Positive,0.0,0.3654907496486596
C_hybrid_capacity,fused,20260928,0,-3g5yACwYnA$_$3,-3g5yACwYnA,Neutral,Positive,0.0,0.07774836717047368
C_hybrid_capacity,fused,20260928,0,-3g5yACwYnA$_$9,-3g5yACwYnA,Positive,Positive,0.6666666865348816,0.36908681276544175
C_hybrid_capacity,fused,20260928,0,-3nNcZdcdvU$_$5,-3nNcZdcdvU,Neutral,Negative,0.0,-0.41871886136424885
C_hybrid_capacity,fused,20260928,4,-571d8cVauQ$_$0,-571d8cVauQ,Neutral,Neutral,0.0,0.08547966333827633
C_hybrid_capacity,fused,20260928,4,-571d8cVauQ$_$5,-571d8cVauQ,Positive,Positive,0.3333333432674408,0.5755924818979038
C_hybrid_capacity,fused,20260928,2,-6rXp3zJ3kc$_$8,-6rXp3zJ3kc,Negative,Positive,-1.0,0.5204560318277976
C_hybrid_capacity,fused,20260928,1,-9y-fZ3swSY$_$0,-9y-fZ3swSY,Positive,Positive,1.0,0.5782394797551969
C_hybrid_capacity,fused,20260928,1,-9y-fZ3swSY$_$4,-9y-fZ3swSY,Neutral,Positive,0.0,1.1858725053299837
C_hybrid_capacity,fused,20260928,1,-9y-fZ3swSY$_$8,-9y-fZ3swSY,Positive,Positive,1.6666666269302368,-0.01633402117248628
C_hybrid_capacity,fused,20260928,1,-AUZQgSxyPQ$_$2,-AUZQgSxyPQ,Positive,Positive,0.6666666865348816,0.6112428535916825
C_hybrid_capacity,fused,20260928,4,-HeZS2-Prhc$_$2,-HeZS2-Prhc,Positive,Positive,0.6666666865348816,0.22862220977318054
C_hybrid_capacity,fused,20260928,4,-HwX2H8Z4hY$_$2,-HwX2H8Z4hY,Neutral,Neutral,0.0,0.4496539293682144
C_hybrid_capacity,fused,20260928,4,-HwX2H8Z4hY$_$5,-HwX2H8Z4hY,Negative,Neutral,-1.0,0.3003200376677087
C_hybrid_capacity,fused,20260928,4,-HwX2H8Z4hY$_$6,-HwX2H8Z4hY,Neutral,Positive,0.0,0.3631113407500449
C_hybrid_capacity,fused,20260928,4,-HwX2H8Z4hY$_$9,-HwX2H8Z4hY,Negative,Negative,-0.3333333432674408,-0.23388840046634535
C_hybrid_capacity,fused,20260928,3,-I_e4mIh0yE$_$1,-I_e4mIh0yE,Negative,Neutral,-0.6666666865348816,-0.10324079107778311
C_hybrid_capacity,fused,20260928,3,-I_e4mIh0yE$_$3,-I_e4mIh0yE,Positive,Positive,0.6666666865348816,0.2844435856476186
C_hybrid_capacity,fused,20260928,2,-MeTTeMJBNc$_$0,-MeTTeMJBNc,Positive,Positive,0.3333333432674408,0.32878521368005803
C_hybrid_capacity,fused,20260928,2,-MeTTeMJBNc$_$13,-MeTTeMJBNc,Positive,Positive,0.3333333432674408,0.6229263118275837
C_hybrid_capacity,fused,20260928,2,-MeTTeMJBNc$_$7,-MeTTeMJBNc,Positive,Positive,1.3333333730697632,0.583857607819186
C_hybrid_capacity,fused,20260928,4,-NFrJFQijFE$_$1,-NFrJFQijFE,Positive,Neutral,0.3333333432674408,-0.6921240829321267
C_hybrid_capacity,fused,20260928,4,-NFrJFQijFE$_$2,-NFrJFQijFE,Neutral,Neutral,0.0,0.3713044121062836
C_hybrid_capacity,fused,20260928,1,-RfYyzHpjk4$_$11,-RfYyzHpjk4,Positive,Positive,2.0,0.9251418227255174
C_hybrid_capacity,fused,20260928,1,-RfYyzHpjk4$_$2,-RfYyzHpjk4,Positive,Positive,0.3333333432674408,0.05764996221478691
C_hybrid_capacity,fused,20260928,1,-RfYyzHpjk4$_$8,-RfYyzHpjk4,Positive,Positive,0.3333333432674408,0.39800249516248115
C_hybrid_capacity,fused,20260928,0,-THoVjtIkeU$_$12,-THoVjtIkeU,Positive,Neutral,2.0,-0.09072645416264483
C_hybrid_capacity,fused,20260928,0,-THoVjtIkeU$_$2,-THoVjtIkeU,Positive,Positive,1.3333333730697632,0.49052931847942416
C_hybrid_capacity,fused,20260928,0,-THoVjtIkeU$_$6,-THoVjtIkeU,Positive,Positive,2.6666667461395264,0.46579700533471624
C_hybrid_capacity,fused,20260928,1,-UUCSKoHeMA$_$0,-UUCSKoHeMA,Neutral,Positive,0.0,0.5708377436428709
C_hybrid_capacity,fused,20260928,2,-UacrmKiTn4$_$10,-UacrmKiTn4,Negative,Positive,-0.6666666865348816,0.1402115060952091
C_hybrid_capacity,fused,20260928,2,-UacrmKiTn4$_$4,-UacrmKiTn4,Negative,Neutral,-1.3333333730697632,0.32058204443714267
C_hybrid_capacity,fused,20260928,0,-UuX1xuaiiE$_$0,-UuX1xuaiiE,Positive,Positive,2.6666667461395264,0.7126165242567147
C_hybrid_capacity,fused,20260928,0,-UuX1xuaiiE$_$1,-UuX1xuaiiE,Positive,Neutral,1.6666666269302368,0.08799391918327043
C_hybrid_capacity,fused,20260928,0,-UuX1xuaiiE$_$3,-UuX1xuaiiE,Positive,Positive,0.3333333432674408,0.36078547153494844
C_hybrid_capacity,fused,20260928,0,-UuX1xuaiiE$_$6,-UuX1xuaiiE,Negative,Neutral,-0.3333333432674408,0.0514072504466212
C_hybrid_capacity,fused,20260928,3,-a55Q6RWvTA$_$3,-a55Q6RWvTA,Positive,Positive,0.6666666865348816,0.5519234764375581
C_hybrid_capacity,fused,20260928,3,-aNfi7CP8vM$_$7,-aNfi7CP8vM,Neutral,Negative,0.0,0.21654047031390944
C_hybrid_capacity,fused,20260928,1,-aqamKhZ1Ec$_$0,-aqamKhZ1Ec,Negative,Positive,-2.0,0.2887854621114948
C_hybrid_capacity,fused,20260928,0,-dxfTGcXJoc$_$0,-dxfTGcXJoc,Positive,Positive,1.0,0.253136360766665
C_hybrid_capacity,fused,20260928,0,-dxfTGcXJoc$_$1,-dxfTGcXJoc,Positive,Positive,1.6666666269302368,0.3997252692052043
C_hybrid_capacity,fused,20260928,0,-dxfTGcXJoc$_$2,-dxfTGcXJoc,Positive,Positive,0.6666666865348816,0.7374733355146501
C_hybrid_capacity,fused,20260928,0,-dxfTGcXJoc$_$6,-dxfTGcXJoc,Positive,Positive,0.6666666865348816,0.4284013638705241
C_hybrid_capacity,fused,20260928,3,-egA8-b7-3M$_$1,-egA8-b7-3M,Positive,Positive,0.6666666865348816,0.7310441385900982
C_hybrid_capacity,fused,20260928,3,-egA8-b7-3M$_$13,-egA8-b7-3M,Positive,Positive,0.3333333432674408,0.6337797053240981
C_hybrid_capacity,fused,20260928,3,-egA8-b7-3M$_$16,-egA8-b7-3M,Positive,Positive,0.6666666865348816,0.7454525439435787
C_hybrid_capacity,fused,20260928,3,-egA8-b7-3M$_$17,-egA8-b7-3M,Positive,Positive,0.3333333432674408,0.7980804534371015
C_hybrid_capacity,fused,20260928,3,-egA8-b7-3M$_$18,-egA8-b7-3M,Positive,Positive,1.0,1.011881453377586
C_hybrid_capacity,fused,20260928,3,-egA8-b7-3M$_$20,-egA8-b7-3M,Positive,Positive,0.3333333432674408,0.8644109213808674
C_hybrid_capacity,fused,20260928,3,-egA8-b7-3M$_$26,-egA8-b7-3M,Positive,Positive,1.6666666269302368,1.096965451127269
C_hybrid_capacity,fused,20260928,3,-egA8-b7-3M$_$6,-egA8-b7-3M,Positive,Positive,0.6666666865348816,0.7790783111024968
C_hybrid_capacity,fused,20260928,3,-egA8-b7-3M$_$9,-egA8-b7-3M,Positive,Positive,0.3333333432674408,0.7873987064974933
C_hybrid_capacity,fused,20260928,3,-hnBHBN8p5A$_$6,-hnBHBN8p5A,Positive,Positive,1.0,0.5963524889592706
C_hybrid_capacity,fused,20260928,3,-hnBHBN8p5A$_$7,-hnBHBN8p5A,Positive,Positive,0.6666666865348816,0.07840387393883197
C_hybrid_capacity,fused,20260928,4,-iRBcNs9oI8$_$3,-iRBcNs9oI8,Positive,Positive,0.6666666865348816,0.45715142195660347
C_hybrid_capacity,fused,20260928,4,-iRBcNs9oI8$_$6,-iRBcNs9oI8,Positive,Positive,0.3333333432674408,0.26354335336852647
C_hybrid_capacity,fused,20260928,4,-iRBcNs9oI8$_$7,-iRBcNs9oI8,Positive,Positive,0.6666666865348816,0.524479431130825
C_hybrid_capacity,fused,20260928,4,-iRBcNs9oI8$_$8,-iRBcNs9oI8,Positive,Positive,1.0,0.7525219310976565
C_hybrid_capacity,fused,20260928,4,-iRBcNs9oI8$_$9,-iRBcNs9oI8,Positive,Neutral,1.3333333730697632,0.15236473887984053
C_hybrid_capacity,fused,20260928,4,-lzEya4AM_4$_$5,-lzEya4AM_4,Negative,Neutral,-0.6666666865348816,0.09253401437131914
C_hybrid_capacity,fused,20260928,4,-lzEya4AM_4$_$6,-lzEya4AM_4,Negative,Negative,-0.3333333432674408,-0.40617448433909004
C_hybrid_capacity,fused,20260928,3,-mJ2ud6oKI8$_$1,-mJ2ud6oKI8,Neutral,Neutral,0.0,0.16702015258455002
C_hybrid_capacity,fused,20260928,3,-mJ2ud6oKI8$_$2,-mJ2ud6oKI8,Neutral,Neutral,0.0,-0.012224683228563127
C_hybrid_capacity,fused,20260928,3,-mJ2ud6oKI8$_$6,-mJ2ud6oKI8,Positive,Positive,0.3333333432674408,0.26749223668555155
C_hybrid_capacity,fused,20260928,3,-mJ2ud6oKI8$_$8,-mJ2ud6oKI8,Negative,Positive,-0.3333333432674408,0.2600630219455687
C_hybrid_capacity,fused,20260928,3,-mJ2ud6oKI8$_$9,-mJ2ud6oKI8,Neutral,Positive,0.0,0.2660633692295663
C_hybrid_capacity,fused,20260928,0,-mqbVkbCndg$_$0,-mqbVkbCndg,Neutral,Positive,0.0,0.1851748227229994
C_hybrid_capacity,fused,20260928,4,-qDkUB0GgYY$_$6,-qDkUB0GgYY,Positive,Positive,1.3333333730697632,1.4408128384281311
C_hybrid_capacity,fused,20260928,0,-ri04Z7vwnc$_$0,-ri04Z7vwnc,Neutral,Negative,0.0,0.07633207864013283
C_hybrid_capacity,fused,20260928,0,-ri04Z7vwnc$_$2,-ri04Z7vwnc,Negative,Positive,-0.3333333432674408,0.37957720617024016
C_hybrid_capacity,fused,20260928,0,-ri04Z7vwnc$_$5,-ri04Z7vwnc,Positive,Positive,0.3333333432674408,0.7340412830215972
C_hybrid_capacity,fused,20260928,1,-s9qJ7ATP7w$_$0,-s9qJ7ATP7w,Negative,Positive,-0.3333333432674408,0.10431970508469901
C_hybrid_capacity,fused,20260928,1,-s9qJ7ATP7w$_$1,-s9qJ7ATP7w,Positive,Positive,0.6666666865348816,0.8727705136176475
C_hybrid_capacity,fused,20260928,1,-s9qJ7ATP7w$_$4,-s9qJ7ATP7w,Neutral,Positive,0.0,0.7769547288867213
C_hybrid_capacity,fused,20260928,1,-s9qJ7ATP7w$_$5,-s9qJ7ATP7w,Negative,Positive,-2.0,0.9365985054908552
C_hybrid_capacity,fused,20260928,1,-s9qJ7ATP7w$_$6,-s9qJ7ATP7w,Neutral,Positive,0.0,0.23892523561357415
C_hybrid_capacity,fused,20260928,1,-s9qJ7ATP7w$_$7,-s9qJ7ATP7w,Positive,Negative,1.0,0.25477731762326494
C_hybrid_capacity,fused,20260928,1,-s9qJ7ATP7w$_$8,-s9qJ7ATP7w,Positive,Positive,1.3333333730697632,0.7145651319414192
C_hybrid_capacity,fused,20260928,2,-t217m2on-s$_$2,-t217m2on-s,Positive,Positive,0.6666666865348816,0.5461828184517974
C_hybrid_capacity,fused,20260928,2,-t217m2on-s$_$7,-t217m2on-s,Negative,Negative,-0.6666666865348816,-0.16872813433117478
C_hybrid_capacity,fused,20260928,4,-tANM6ETl_M$_$3,-tANM6ETl_M,Positive,Positive,0.3333333432674408,-0.1357705270086057
C_hybrid_capacity,fused,20260928,2,-tPCytz4rww$_$10,-tPCytz4rww,Neutral,Positive,0.0,0.455372523087479
C_hybrid_capacity,fused,20260928,2,-tPCytz4rww$_$11,-tPCytz4rww,Neutral,Positive,0.0,0.5242143372888437
C_hybrid_capacity,fused,20260928,2,-tPCytz4rww$_$12,-tPCytz4rww,Neutral,Positive,0.0,0.7297190874756643
C_hybrid_capacity,fused,20260928,2,-tPCytz4rww$_$16,-tPCytz4rww,Neutral,Positive,0.0,0.2771138834309414
C_hybrid_capacity,fused,20260928,2,-tPCytz4rww$_$18,-tPCytz4rww,Neutral,Positive,0.0,0.5201635516492613
C_hybrid_capacity,fused,20260928,2,-uywlfIYOS8$_$4,-uywlfIYOS8,Positive,Positive,0.3333333432674408,0.6150360536010625
C_hybrid_capacity,fused,20260928,2,-vxjVxOeScU$_$4,-vxjVxOeScU,Positive,Positive,1.0,0.9326673233240075
C_hybrid_capacity,fused,20260928,4,-wMB_hJL-3o$_$7,-wMB_hJL-3o,Positive,Positive,0.3333333432674408,0.6279542355627158
C_hybrid_capacity,fused,20260928,3,-wny0OAz3g8$_$0,-wny0OAz3g8,Positive,Neutral,0.3333333432674408,-0.017466568788254477
C_hybrid_capacity,fused,20260928,3,-wny0OAz3g8$_$1,-wny0OAz3g8,Positive,Neutral,0.3333333432674408,0.21513846940248071
C_hybrid_capacity,fused,20260928,3,-wny0OAz3g8$_$2,-wny0OAz3g8,Negative,Negative,-0.3333333432674408,0.22933006226381614
C_hybrid_capacity,fused,20260928,3,-wny0OAz3g8$_$3,-wny0OAz3g8,Negative,Neutral,-1.3333333730697632,-0.045821785052770125
C_hybrid_capacity,fused,20260928,3,-wny0OAz3g8$_$5,-wny0OAz3g8,Positive,Positive,1.0,0.06115408904452868
C_hybrid_capacity,fused,20260928,3,-wny0OAz3g8$_$7,-wny0OAz3g8,Neutral,Positive,0.0,0.22390740500028306
C_hybrid_capacity,fused,20260928,3,-wny0OAz3g8$_$9,-wny0OAz3g8,Positive,Positive,0.6666666865348816,0.7215785392128911
C_hybrid_capacity,fused,20260928,1,-yRb-Jum7EQ$_$1,-yRb-Jum7EQ,Neutral,Negative,0.0,0.14353102603605705
C_hybrid_capacity,fused,20260928,1,-yRb-Jum7EQ$_$5,-yRb-Jum7EQ,Negative,Negative,-0.6666666865348816,0.39579166617218625
C_hybrid_capacity,fused,20260928,1,-yRb-Jum7EQ$_$6,-yRb-Jum7EQ,Neutral,Negative,0.0,0.1645068513008317
